-- OPA --

-- USERS --
INSERT INTO users (id, address, created_at, created_by_company, deliver_los) VALUES (564, , 'manager@opa.al', true, NULL, 'opa Manager', '$2a$10$CG2pAzSgv1tPmmSW0A9IIuWKK5uhQ2iosNMp0bjgBDwYfSKPUQfCG', '+355 69 000 00564', 'https://d3u269mlo8clta.cloudfront.net/user-profile-image/564.png', false, 1, CURRENT_TIMESTAMP, 'APPROVED');
INSERT INTO users_roles (user_id, role_id) VALUES (564, 3);
INSERT INTO users (id, address, created_at, created_by_company, deliver_los) VALUES (565, 'arena@opa.al', true, NULL, 'opa BranchManager', '$2a$10$CG2pAzSgv1tPmmSW0A9IIuWKK5uhQ2iosNMp0bjgBDwYfSKPUQfCG', '+355 69 000 00566', 'https://d3u269mlo8clta.cloudfront.net/user-profile-image/565.png', false, 1, CURRENT_TIMESTAMP, 'APPROVED');
INSERT INTO users_roles (user_id, role_id) VALUES (565, 4);
INSERT INTO users (id, address, created_at, created_by_company, deliver_los) VALUES (566, 'bllok@opa.al', true, NULL, 'opa BranchManager', '$2a$10$CG2pAzSgv1tPmmSW0A9IIuWKK5uhQ2iosNMp0bjgBDwYfSKPUQfCG', '+355 69 000 00567', 'https://d3u269mlo8clta.cloudfront.net/user-profile-image/566.png', false, 1, CURRENT_TIMESTAMP, 'APPROVED');
INSERT INTO users_roles (user_id, role_id) VALUES (566, 4);
INSERT INTO users (id, address, created_at, created_by_company, deliver_los) VALUES (567, 'qender@opa.al', true, NULL, 'opa BranchManager', '$2a$10$CG2pAzSgv1tPmmSW0A9IIuWKK5uhQ2iosNMp0bjgBDwYfSKPUQfCG', '+355 69 000 00568', 'https://d3u269mlo8clta.cloudfront.net/user-profile-image/567.png', false, 1, CURRENT_TIMESTAMP, 'APPROVED');
INSERT INTO users_roles (user_id, role_id) VALUES (567, 4);
INSERT INTO users (id, address, created_at, created_by_company, deliver_los) VALUES (568, 'teg@opa.al', true, NULL, 'opa BranchManager', '$2a$10$CG2pAzSgv1tPmmSW0A9IIuWKK5uhQ2iosNMp0bjgBDwYfSKPUQfCG', '+355 69 000 00569', 'https://d3u269mlo8clta.cloudfront.net/user-profile-image/568.png', false, 1, CURRENT_TIMESTAMP, 'APPROVED');
INSERT INTO users_roles (user_id, role_id) VALUES (568, 4);
SELECT * FROM
-- RESTAURANT --
INSERT INTO restaurant (id, name, cover_image_url, profile_image_url, is_deleted, is_promoted, phone_number, created_at, user_id, description) VALUES (18, 'opa', 'https://d3u269mlo8clta.cloudfront.net/opa/cover.png', 'https://d3u269mlo8clta.cloudfront.net/opa/profile.png', false, true, '+355 69 111 6666', CURRENT_TIMESTAMP, 564, 'opa description') ON CONFLICT DO NOTHING;
INSERT INTO restaurant_has_categories (restaurant_id, category_id) VALUES (18, 4);

-- RESTAURANT LOCATIONS & HOURS & PAYMENTS --
INSERT INTO restaurant_locations (id, address, location, phone_number, is_active, restaurant_id, delivery_radius_in_km, is_closed, min_order_amount, avg_prep_time_in_minutes, created_at, average_rating, review_count, deleted, daily_order_count, manager_id) VALUES (41, 'Tirana', ST_GeomFromText('POINT(19.818 41.32)', 4326), '+355 69 000 41', true, 18, 5.0, false, 500, 20, CURRENT_TIMESTAMP, 0, 0, false, 0, 565) ON CONFLICT DO NOTHING;
INSERT INTO opening_hours (restaurant_branch_id, close_time, day_of_week, open_time) VALUES (41, '23:00:00', 'MONDAY', '09:00:00');
INSERT INTO opening_hours (restaurant_branch_id, close_time, day_of_week, open_time) VALUES (41, '23:00:00', 'TUESDAY', '09:00:00');
INSERT INTO opening_hours (restaurant_branch_id, close_time, day_of_week, open_time) VALUES (41, '23:00:00', 'WEDNESDAY', '09:00:00');
INSERT INTO opening_hours (restaurant_branch_id, close_time, day_of_week, open_time) VALUES (41, '23:00:00', 'THURSDAY', '09:00:00');
INSERT INTO opening_hours (restaurant_branch_id, close_time, day_of_week, open_time) VALUES (41, '23:00:00', 'FRIDAY', '09:00:00');
INSERT INTO opening_hours (restaurant_branch_id, close_time, day_of_week, open_time) VALUES (41, '23:00:00', 'SATURDAY', '09:00:00');
INSERT INTO opening_hours (restaurant_branch_id, close_time, day_of_week, open_time) VALUES (41, '23:00:00', 'SUNDAY', '09:00:00');
INSERT INTO restaurant_branch_payment_methods (restaurant_branch_id, "payment_   method_id") VALUES (41, 1);
INSERT INTO restaurant_branch_payment_methods (restaurant_branch_id, "payment_   method_id") VALUES (41, 3);
INSERT INTO restaurant_locations (id, address, location, phone_number, is_active, restaurant_id, delivery_radius_in_km, is_closed, min_order_amount, avg_prep_time_in_minutes, created_at, average_rating, review_count, deleted, daily_order_count, manager_id) VALUES (42, 'Tirana', ST_GeomFromText('POINT(19.818 41.32)', 4326), '+355 69 000 42', true, 18, 5.0, false, 500, 20, CURRENT_TIMESTAMP, 0, 0, false, 0, 566) ON CONFLICT DO NOTHING;
INSERT INTO opening_hours (restaurant_branch_id, close_time, day_of_week, open_time) VALUES (42, '23:00:00', 'MONDAY', '09:00:00');
INSERT INTO opening_hours (restaurant_branch_id, close_time, day_of_week, open_time) VALUES (42, '23:00:00', 'TUESDAY', '09:00:00');
INSERT INTO opening_hours (restaurant_branch_id, close_time, day_of_week, open_time) VALUES (42, '23:00:00', 'WEDNESDAY', '09:00:00');
INSERT INTO opening_hours (restaurant_branch_id, close_time, day_of_week, open_time) VALUES (42, '23:00:00', 'THURSDAY', '09:00:00');
INSERT INTO opening_hours (restaurant_branch_id, close_time, day_of_week, open_time) VALUES (42, '23:00:00', 'FRIDAY', '09:00:00');
INSERT INTO opening_hours (restaurant_branch_id, close_time, day_of_week, open_time) VALUES (42, '23:00:00', 'SATURDAY', '09:00:00');
INSERT INTO opening_hours (restaurant_branch_id, close_time, day_of_week, open_time) VALUES (42, '23:00:00', 'SUNDAY', '09:00:00');
INSERT INTO restaurant_branch_payment_methods (restaurant_branch_id, "payment_   method_id") VALUES (42, 1);
INSERT INTO restaurant_branch_payment_methods (restaurant_branch_id, "payment_   method_id") VALUES (42, 3);
INSERT INTO restaurant_locations (id, address, location, phone_number, is_active, restaurant_id, delivery_radius_in_km, is_closed, min_order_amount, avg_prep_time_in_minutes, created_at, average_rating, review_count, deleted, daily_order_count, manager_id) VALUES (43, 'Tirana', ST_GeomFromText('POINT(19.818 41.32)', 4326), '+355 69 000 43', true, 18, 5.0, false, 500, 20, CURRENT_TIMESTAMP, 0, 0, false, 0, 567) ON CONFLICT DO NOTHING;
INSERT INTO opening_hours (restaurant_branch_id, close_time, day_of_week, open_time) VALUES (43, '23:00:00', 'MONDAY', '09:00:00');
INSERT INTO opening_hours (restaurant_branch_id, close_time, day_of_week, open_time) VALUES (43, '23:00:00', 'TUESDAY', '09:00:00');
INSERT INTO opening_hours (restaurant_branch_id, close_time, day_of_week, open_time) VALUES (43, '23:00:00', 'WEDNESDAY', '09:00:00');
INSERT INTO opening_hours (restaurant_branch_id, close_time, day_of_week, open_time) VALUES (43, '23:00:00', 'THURSDAY', '09:00:00');
INSERT INTO opening_hours (restaurant_branch_id, close_time, day_of_week, open_time) VALUES (43, '23:00:00', 'FRIDAY', '09:00:00');
INSERT INTO opening_hours (restaurant_branch_id, close_time, day_of_week, open_time) VALUES (43, '23:00:00', 'SATURDAY', '09:00:00');
INSERT INTO opening_hours (restaurant_branch_id, close_time, day_of_week, open_time) VALUES (43, '23:00:00', 'SUNDAY', '09:00:00');
INSERT INTO restaurant_branch_payment_methods (restaurant_branch_id, "payment_   method_id") VALUES (43, 1);
INSERT INTO restaurant_branch_payment_methods (restaurant_branch_id, "payment_   method_id") VALUES (43, 3);
INSERT INTO restaurant_locations (id, address, location, phone_number, is_active, restaurant_id, delivery_radius_in_km, is_closed, min_order_amount, avg_prep_time_in_minutes, created_at, average_rating, review_count, deleted, daily_order_count, manager_id) VALUES (44, 'Tirana', ST_GeomFromText('POINT(19.818 41.32)', 4326), '+355 69 000 44', true, 18, 5.0, false, 500, 20, CURRENT_TIMESTAMP, 0, 0, false, 0, 568) ON CONFLICT DO NOTHING;
INSERT INTO opening_hours (restaurant_branch_id, close_time, day_of_week, open_time) VALUES (44, '23:00:00', 'MONDAY', '09:00:00');
INSERT INTO opening_hours (restaurant_branch_id, close_time, day_of_week, open_time) VALUES (44, '23:00:00', 'TUESDAY', '09:00:00');
INSERT INTO opening_hours (restaurant_branch_id, close_time, day_of_week, open_time) VALUES (44, '23:00:00', 'WEDNESDAY', '09:00:00');
INSERT INTO opening_hours (restaurant_branch_id, close_time, day_of_week, open_time) VALUES (44, '23:00:00', 'THURSDAY', '09:00:00');
INSERT INTO opening_hours (restaurant_branch_id, close_time, day_of_week, open_time) VALUES (44, '23:00:00', 'FRIDAY', '09:00:00');
INSERT INTO opening_hours (restaurant_branch_id, close_time, day_of_week, open_time) VALUES (44, '23:00:00', 'SATURDAY', '09:00:00');
INSERT INTO opening_hours (restaurant_branch_id, close_time, day_of_week, open_time) VALUES (44, '23:00:00', 'SUNDAY', '09:00:00');
INSERT INTO restaurant_branch_payment_methods (restaurant_branch_id, "payment_   method_id") VALUES (44, 1);
INSERT INTO restaurant_branch_payment_methods (restaurant_branch_id, "payment_   method_id") VALUES (44, 3);
SELECT restaurant_branch_id,
       day_of_week,
       open_time,
       close_time,
       COUNT(*)
FROM opening_hours
WHERE restaurant_branch_id BETWEEN 41 AND 44
GROUP BY restaurant_branch_id,
         day_of_week,
         open_time,
         close_time
HAVING COUNT(*) > 1;
DELETE FROM opening_hours
WHERE ctid IN (
    SELECT ctid
    FROM (
             SELECT ctid,
                    ROW_NUMBER() OVER (
                        PARTITION BY restaurant_branch_id,
                            day_of_week,
                            open_time,
                            close_time
                        ORDER BY ctid
                        ) AS rn
             FROM opening_hours
         ) t
    WHERE rn > 1
);
-- CATEGORIES --
INSERT INTO categories (id, name, deleted, restaurant_id) VALUES (204, 'Limited Time Products ', false, 18) ON CONFLICT DO NOTHING;
INSERT INTO categories (id, name, deleted, restaurant_id) VALUES (205, 'Offers 🔖', false, 18) ON CONFLICT DO NOTHING;
INSERT INTO categories (id, name, deleted, restaurant_id) VALUES (206, 'OPA x Red Bull Combos', false, 18) ON CONFLICT DO NOTHING;
INSERT INTO categories (id, name, deleted, restaurant_id) VALUES (207, 'Combo', false, 18) ON CONFLICT DO NOTHING;
INSERT INTO categories (id, name, deleted, restaurant_id) VALUES (208, 'New Products 🆕', false, 18) ON CONFLICT DO NOTHING;
INSERT INTO categories (id, name, deleted, restaurant_id) VALUES (209, 'Spartan Bowls', false, 18) ON CONFLICT DO NOTHING;
INSERT INTO categories (id, name, deleted, restaurant_id) VALUES (210, 'OPA Boxes', false, 18) ON CONFLICT DO NOTHING;
INSERT INTO categories (id, name, deleted, restaurant_id) VALUES (211, 'Signature Pitas & Burgers', false, 18) ON CONFLICT DO NOTHING;
INSERT INTO categories (id, name, deleted, restaurant_id) VALUES (212, 'Sides & Fries', false, 18) ON CONFLICT DO NOTHING;
INSERT INTO categories (id, name, deleted, restaurant_id) VALUES (213, 'The Classic Pitas', false, 18) ON CONFLICT DO NOTHING;
INSERT INTO categories (id, name, deleted, restaurant_id) VALUES (214, 'Ending on a Sweet Note', false, 18) ON CONFLICT DO NOTHING;
INSERT INTO categories (id, name, deleted, restaurant_id) VALUES (215, 'Salads', false, 18) ON CONFLICT DO NOTHING;
INSERT INTO categories (id, name, deleted, restaurant_id) VALUES (216, 'From the Grill', false, 18) ON CONFLICT DO NOTHING;
INSERT INTO categories (id, name, deleted, restaurant_id) VALUES (217, 'Kids Menu', false, 18) ON CONFLICT DO NOTHING;
INSERT INTO categories (id, name, deleted, restaurant_id) VALUES (218, 'Wraps', false, 18) ON CONFLICT DO NOTHING;
INSERT INTO categories (id, name, deleted, restaurant_id) VALUES (219, 'Soft Drinks', false, 18) ON CONFLICT DO NOTHING;
INSERT INTO categories (id, name, deleted, restaurant_id) VALUES (220, 'Topping & Dips', false, 18) ON CONFLICT DO NOTHING;
INSERT INTO categories (id, name, deleted, restaurant_id) VALUES (221, 'Beers', false, 18) ON CONFLICT DO NOTHING;
INSERT INTO categories (id, name, deleted, restaurant_id) VALUES (222, 'Juices', false, 18) ON CONFLICT DO NOTHING;
INSERT INTO categories (id, name, deleted, restaurant_id) VALUES (223, 'Cold Coffees', false, 18) ON CONFLICT DO NOTHING;

-- OPTION GROUPS & VARIANTS --
INSERT INTO option_group (id, name, is_deleted, max_selection, min_selection, restaurant_id) VALUES (974, 'Zgjidh madhësinë', false, 1, 0, 18) ON CONFLICT DO NOTHING;
INSERT INTO option_variant (id, name, recommended_price, is_deleted, group_id) VALUES (5751, 'Chicken Gyros DEL', 0, false, 974) ON CONFLICT DO NOTHING;
INSERT INTO option_variant (id, name, recommended_price, is_deleted, group_id) VALUES (5752, 'Chicken Gyros Big DEL', 110, false, 974) ON CONFLICT DO NOTHING;
INSERT INTO option_group (id, name, is_deleted, max_selection, min_selection, restaurant_id) VALUES (975, 'Crispy Chicken Burger', false, 1, 0, 18) ON CONFLICT DO NOTHING;
INSERT INTO option_variant (id, name, recommended_price, is_deleted, group_id) VALUES (5753, 'Crispy Chicken Burger', 0, false, 975) ON CONFLICT DO NOTHING;
INSERT INTO option_group (id, name, is_deleted, max_selection, min_selection, restaurant_id) VALUES (976, 'Chicken Gyros', false, 1, 0, 18) ON CONFLICT DO NOTHING;
INSERT INTO option_variant (id, name, recommended_price, is_deleted, group_id) VALUES (5754, 'Chicken Gyros', 0, false, 976) ON CONFLICT DO NOTHING;
INSERT INTO option_group (id, name, is_deleted, max_selection, min_selection, restaurant_id) VALUES (977, 'Zgjidh madhësinë', false, 1, 0, 18) ON CONFLICT DO NOTHING;
INSERT INTO option_variant (id, name, recommended_price, is_deleted, group_id) VALUES (5755, 'Schnitzel Pita', 0, false, 977) ON CONFLICT DO NOTHING;
INSERT INTO option_variant (id, name, recommended_price, is_deleted, group_id) VALUES (5756, 'Schnitzel Pita Big', 140, false, 977) ON CONFLICT DO NOTHING;
INSERT INTO option_group (id, name, is_deleted, max_selection, min_selection, restaurant_id) VALUES (978, 'Schnitzel Pita', false, 1, 0, 18) ON CONFLICT DO NOTHING;
INSERT INTO option_variant (id, name, recommended_price, is_deleted, group_id) VALUES (5757, 'Schnitzel Pita', 0, false, 978) ON CONFLICT DO NOTHING;
INSERT INTO option_group (id, name, is_deleted, max_selection, min_selection, restaurant_id) VALUES (979, 'Crispy Chicken Burger', false, 1, 0, 18) ON CONFLICT DO NOTHING;
INSERT INTO option_variant (id, name, recommended_price, is_deleted, group_id) VALUES (5758, 'Crispy Chicken Burger', 0, false, 979) ON CONFLICT DO NOTHING;
INSERT INTO option_group (id, name, is_deleted, max_selection, min_selection, restaurant_id) VALUES (980, 'Medium Fries', false, 1, 0, 18) ON CONFLICT DO NOTHING;
INSERT INTO option_variant (id, name, recommended_price, is_deleted, group_id) VALUES (5759, 'Medium Fries', 0, false, 980) ON CONFLICT DO NOTHING;
INSERT INTO option_group (id, name, is_deleted, max_selection, min_selection, restaurant_id) VALUES (981, 'Shto Sides ', false, 1, 0, 18) ON CONFLICT DO NOTHING;
INSERT INTO option_variant (id, name, recommended_price, is_deleted, group_id) VALUES (5760, 'BBQ Chicken Wings (6 cope)', 400, false, 981) ON CONFLICT DO NOTHING;
INSERT INTO option_group (id, name, is_deleted, max_selection, min_selection, restaurant_id) VALUES (982, 'Shto pite', false, 1, 0, 18) ON CONFLICT DO NOTHING;
INSERT INTO option_variant (id, name, recommended_price, is_deleted, group_id) VALUES (5761, 'Pita Extra', 40, false, 982) ON CONFLICT DO NOTHING;
INSERT INTO option_group (id, name, is_deleted, max_selection, min_selection, restaurant_id) VALUES (983, 'Shto pijet', false, 1, 0, 18) ON CONFLICT DO NOTHING;
INSERT INTO option_variant (id, name, recommended_price, is_deleted, group_id) VALUES (5762, 'Selita 0.5L Natyral', 120, false, 983) ON CONFLICT DO NOTHING;
INSERT INTO option_variant (id, name, recommended_price, is_deleted, group_id) VALUES (5763, 'Selita 0.5l Gaz ', 120, false, 983) ON CONFLICT DO NOTHING;
INSERT INTO option_variant (id, name, recommended_price, is_deleted, group_id) VALUES (5764, 'Ayran ', 170, false, 983) ON CONFLICT DO NOTHING;
INSERT INTO option_variant (id, name, recommended_price, is_deleted, group_id) VALUES (5765, 'Coca Cola 0.33 Normale ', 180, false, 983) ON CONFLICT DO NOTHING;
INSERT INTO option_variant (id, name, recommended_price, is_deleted, group_id) VALUES (5766, 'Coca Cola 0.33 Zero', 180, false, 983) ON CONFLICT DO NOTHING;
INSERT INTO option_variant (id, name, recommended_price, is_deleted, group_id) VALUES (5767, 'Fanta Ekzotik 0.33', 180, false, 983) ON CONFLICT DO NOTHING;
INSERT INTO option_variant (id, name, recommended_price, is_deleted, group_id) VALUES (5768, 'Fanta Orange 0.33 ', 180, false, 983) ON CONFLICT DO NOTHING;
INSERT INTO option_variant (id, name, recommended_price, is_deleted, group_id) VALUES (5769, 'Fanta Zero Lemon 0.33 ', 180, false, 983) ON CONFLICT DO NOTHING;
INSERT INTO option_variant (id, name, recommended_price, is_deleted, group_id) VALUES (5770, 'Lipton Ice Tea Lemon 0.33 DEL', 180, false, 983) ON CONFLICT DO NOTHING;
INSERT INTO option_variant (id, name, recommended_price, is_deleted, group_id) VALUES (5771, 'Lipton Ice Tea Peach 0.33 DEL', 180, false, 983) ON CONFLICT DO NOTHING;
INSERT INTO option_variant (id, name, recommended_price, is_deleted, group_id) VALUES (5772, 'Schweppes Indian Tonic 0.33L', 180, false, 983) ON CONFLICT DO NOTHING;
INSERT INTO option_variant (id, name, recommended_price, is_deleted, group_id) VALUES (5773, 'Peja 0.33L ', 300, false, 983) ON CONFLICT DO NOTHING;
INSERT INTO option_variant (id, name, recommended_price, is_deleted, group_id) VALUES (5774, 'Heineken 0.33 ', 350, false, 983) ON CONFLICT DO NOTHING;
INSERT INTO option_variant (id, name, recommended_price, is_deleted, group_id) VALUES (5775, 'Korça 0.33L ', 350, false, 983) ON CONFLICT DO NOTHING;
INSERT INTO option_group (id, name, is_deleted, max_selection, min_selection, restaurant_id) VALUES (984, 'Shto salcë', false, 1, 0, 18) ON CONFLICT DO NOTHING;
INSERT INTO option_variant (id, name, recommended_price, is_deleted, group_id) VALUES (5776, 'Tzatziki Sauce', 50, false, 984) ON CONFLICT DO NOTHING;
INSERT INTO option_variant (id, name, recommended_price, is_deleted, group_id) VALUES (5777, 'OPA Mayo', 50, false, 984) ON CONFLICT DO NOTHING;
INSERT INTO option_variant (id, name, recommended_price, is_deleted, group_id) VALUES (5778, 'Chili Garlic Mayo', 50, false, 984) ON CONFLICT DO NOTHING;
INSERT INTO option_variant (id, name, recommended_price, is_deleted, group_id) VALUES (5779, 'Hummus Small', 50, false, 984) ON CONFLICT DO NOTHING;
INSERT INTO option_variant (id, name, recommended_price, is_deleted, group_id) VALUES (5780, 'Ketchup Bustine', 20, false, 984) ON CONFLICT DO NOTHING;
INSERT INTO option_variant (id, name, recommended_price, is_deleted, group_id) VALUES (5781, 'Mustarde - bustine', 20, false, 984) ON CONFLICT DO NOTHING;
INSERT INTO option_variant (id, name, recommended_price, is_deleted, group_id) VALUES (5782, 'Mayonnaise Bustine', 20, false, 984) ON CONFLICT DO NOTHING;
INSERT INTO option_variant (id, name, recommended_price, is_deleted, group_id) VALUES (5783, 'Siraca - small', 60, false, 984) ON CONFLICT DO NOTHING;
INSERT INTO option_variant (id, name, recommended_price, is_deleted, group_id) VALUES (5784, 'Tirokafteri - small', 70, false, 984) ON CONFLICT DO NOTHING;
INSERT INTO option_variant (id, name, recommended_price, is_deleted, group_id) VALUES (5785, 'Truffle Mayo', 50, false, 984) ON CONFLICT DO NOTHING;
INSERT INTO option_variant (id, name, recommended_price, is_deleted, group_id) VALUES (5786, 'Cheddar Sauce ', 50, false, 984) ON CONFLICT DO NOTHING;
INSERT INTO option_variant (id, name, recommended_price, is_deleted, group_id) VALUES (5787, 'Homemade Pickled Cucumber', 50, false, 984) ON CONFLICT DO NOTHING;
INSERT INTO option_variant (id, name, recommended_price, is_deleted, group_id) VALUES (5788, 'Greekamole', 50, false, 984) ON CONFLICT DO NOTHING;
INSERT INTO option_variant (id, name, recommended_price, is_deleted, group_id) VALUES (5789, 'Sweet chilli & tarragon sauce', 50, false, 984) ON CONFLICT DO NOTHING;
INSERT INTO option_group (id, name, is_deleted, max_selection, min_selection, restaurant_id) VALUES (985, 'Shto Sides ', false, 1, 0, 18) ON CONFLICT DO NOTHING;
INSERT INTO option_variant (id, name, recommended_price, is_deleted, group_id) VALUES (5790, 'BBQ Chicken Wings (6 cope)', 400, false, 985) ON CONFLICT DO NOTHING;
INSERT INTO option_variant (id, name, recommended_price, is_deleted, group_id) VALUES (5791, 'BBQ Chicken Wings (10 cope)', 720, false, 985) ON CONFLICT DO NOTHING;
INSERT INTO option_variant (id, name, recommended_price, is_deleted, group_id) VALUES (5792, '2 pieces Kackavall Chips', 150, false, 985) ON CONFLICT DO NOTHING;
INSERT INTO option_variant (id, name, recommended_price, is_deleted, group_id) VALUES (5793, 'Fried Zucchini Balls ', 280, false, 985) ON CONFLICT DO NOTHING;
INSERT INTO option_variant (id, name, recommended_price, is_deleted, group_id) VALUES (5794, 'Kashkaval Chips', 490, false, 985) ON CONFLICT DO NOTHING;
INSERT INTO option_variant (id, name, recommended_price, is_deleted, group_id) VALUES (5795, 'Moussaka Croquettes', 300, false, 985) ON CONFLICT DO NOTHING;
INSERT INTO option_variant (id, name, recommended_price, is_deleted, group_id) VALUES (5796, 'Halloumi chips', 490, false, 985) ON CONFLICT DO NOTHING;
INSERT INTO option_variant (id, name, recommended_price, is_deleted, group_id) VALUES (5797, 'Greek Fries', 350, false, 985) ON CONFLICT DO NOTHING;
INSERT INTO option_variant (id, name, recommended_price, is_deleted, group_id) VALUES (5798, 'Bacon Fries', 500, false, 985) ON CONFLICT DO NOTHING;
INSERT INTO option_variant (id, name, recommended_price, is_deleted, group_id) VALUES (5799, 'Cheddar Fries ', 350, false, 985) ON CONFLICT DO NOTHING;
INSERT INTO option_group (id, name, is_deleted, max_selection, min_selection, restaurant_id) VALUES (986, 'Pork Skepasti', false, 1, 0, 18) ON CONFLICT DO NOTHING;
INSERT INTO option_variant (id, name, recommended_price, is_deleted, group_id) VALUES (5800, 'Pork Skepasti', 0, false, 986) ON CONFLICT DO NOTHING;
INSERT INTO option_group (id, name, is_deleted, max_selection, min_selection, restaurant_id) VALUES (987, 'Medium Fries', false, 1, 0, 18) ON CONFLICT DO NOTHING;
INSERT INTO option_variant (id, name, recommended_price, is_deleted, group_id) VALUES (5801, 'Medium Fries', 0, false, 987) ON CONFLICT DO NOTHING;
INSERT INTO option_group (id, name, is_deleted, max_selection, min_selection, restaurant_id) VALUES (988, 'Shto Sides ', false, 1, 0, 18) ON CONFLICT DO NOTHING;
INSERT INTO option_variant (id, name, recommended_price, is_deleted, group_id) VALUES (5802, 'BBQ Chicken Wings (6 cope)', 400, false, 988) ON CONFLICT DO NOTHING;
INSERT INTO option_variant (id, name, recommended_price, is_deleted, group_id) VALUES (5803, 'BBQ Chicken Wings (10 cope)', 720, false, 988) ON CONFLICT DO NOTHING;
INSERT INTO option_variant (id, name, recommended_price, is_deleted, group_id) VALUES (5804, '2 pieces Kackavall Chips', 150, false, 988) ON CONFLICT DO NOTHING;
INSERT INTO option_variant (id, name, recommended_price, is_deleted, group_id) VALUES (5805, 'Fried Zucchini Balls ', 280, false, 988) ON CONFLICT DO NOTHING;
INSERT INTO option_variant (id, name, recommended_price, is_deleted, group_id) VALUES (5806, 'Kashkaval Chips', 490, false, 988) ON CONFLICT DO NOTHING;
INSERT INTO option_variant (id, name, recommended_price, is_deleted, group_id) VALUES (5807, 'Moussaka Croquettes', 300, false, 988) ON CONFLICT DO NOTHING;
INSERT INTO option_variant (id, name, recommended_price, is_deleted, group_id) VALUES (5808, 'Halloumi chips', 490, false, 988) ON CONFLICT DO NOTHING;
INSERT INTO option_variant (id, name, recommended_price, is_deleted, group_id) VALUES (5809, 'Greek Fries', 350, false, 988) ON CONFLICT DO NOTHING;
INSERT INTO option_variant (id, name, recommended_price, is_deleted, group_id) VALUES (5810, 'Bacon Fries', 500, false, 988) ON CONFLICT DO NOTHING;
INSERT INTO option_variant (id, name, recommended_price, is_deleted, group_id) VALUES (5811, 'Cheddar Fries ', 350, false, 988) ON CONFLICT DO NOTHING;
INSERT INTO option_group (id, name, is_deleted, max_selection, min_selection, restaurant_id) VALUES (989, 'Shto Sides ', false, 1, 0, 18) ON CONFLICT DO NOTHING;
INSERT INTO option_variant (id, name, recommended_price, is_deleted, group_id) VALUES (5812, 'BBQ Chicken Wings (6 cope)', 400, false, 989) ON CONFLICT DO NOTHING;
INSERT INTO option_variant (id, name, recommended_price, is_deleted, group_id) VALUES (5813, 'BBQ Chicken Wings (8 cope)', 570, false, 989) ON CONFLICT DO NOTHING;
INSERT INTO option_variant (id, name, recommended_price, is_deleted, group_id) VALUES (5814, 'BBQ Chicken Wings (10 cope)', 720, false, 989) ON CONFLICT DO NOTHING;
INSERT INTO option_variant (id, name, recommended_price, is_deleted, group_id) VALUES (5815, '2 pieces Kackavall Chips', 150, false, 989) ON CONFLICT DO NOTHING;
INSERT INTO option_variant (id, name, recommended_price, is_deleted, group_id) VALUES (5816, 'Fried Zucchini Balls ', 280, false, 989) ON CONFLICT DO NOTHING;
INSERT INTO option_variant (id, name, recommended_price, is_deleted, group_id) VALUES (5817, 'Kashkaval Chips', 490, false, 989) ON CONFLICT DO NOTHING;
INSERT INTO option_variant (id, name, recommended_price, is_deleted, group_id) VALUES (5818, 'Moussaka Croquettes', 300, false, 989) ON CONFLICT DO NOTHING;
INSERT INTO option_variant (id, name, recommended_price, is_deleted, group_id) VALUES (5819, 'Halloumi chips', 490, false, 989) ON CONFLICT DO NOTHING;
INSERT INTO option_variant (id, name, recommended_price, is_deleted, group_id) VALUES (5820, 'Greek Fries', 350, false, 989) ON CONFLICT DO NOTHING;
INSERT INTO option_variant (id, name, recommended_price, is_deleted, group_id) VALUES (5821, 'Bacon Fries', 500, false, 989) ON CONFLICT DO NOTHING;
INSERT INTO option_variant (id, name, recommended_price, is_deleted, group_id) VALUES (5822, 'Cheddar Fries ', 350, false, 989) ON CONFLICT DO NOTHING;
INSERT INTO option_group (id, name, is_deleted, max_selection, min_selection, restaurant_id) VALUES (990, 'BBQ Chicken Wings (10 cope)', false, 1, 0, 18) ON CONFLICT DO NOTHING;
INSERT INTO option_variant (id, name, recommended_price, is_deleted, group_id) VALUES (5823, 'BBQ Chicken Wings (10 cope)', 0, false, 990) ON CONFLICT DO NOTHING;
INSERT INTO option_group (id, name, is_deleted, max_selection, min_selection, restaurant_id) VALUES (991, 'Crispy Chicken Burger', false, 1, 0, 18) ON CONFLICT DO NOTHING;
INSERT INTO option_variant (id, name, recommended_price, is_deleted, group_id) VALUES (5824, 'Crispy Chicken Burger', 0, false, 991) ON CONFLICT DO NOTHING;
INSERT INTO option_group (id, name, is_deleted, max_selection, min_selection, restaurant_id) VALUES (992, 'Chicken Skepasti (Bacon Sos or Sos)', false, 1, 0, 18) ON CONFLICT DO NOTHING;
INSERT INTO option_variant (id, name, recommended_price, is_deleted, group_id) VALUES (5825, 'Chicken Skepasti (Bacon Sos)', 0, false, 992) ON CONFLICT DO NOTHING;
INSERT INTO option_variant (id, name, recommended_price, is_deleted, group_id) VALUES (5826, 'Chicken Skepasti (Sos)', 0, false, 992) ON CONFLICT DO NOTHING;
INSERT INTO option_group (id, name, is_deleted, max_selection, min_selection, restaurant_id) VALUES (993, 'BBQ Chicken Wings (8 cope)', false, 1, 0, 18) ON CONFLICT DO NOTHING;
INSERT INTO option_variant (id, name, recommended_price, is_deleted, group_id) VALUES (5827, 'BBQ Chicken Wings (8 cope)', 0, false, 993) ON CONFLICT DO NOTHING;
INSERT INTO option_group (id, name, is_deleted, max_selection, min_selection, restaurant_id) VALUES (994, 'Zgjidh madhësinë', false, 1, 0, 18) ON CONFLICT DO NOTHING;
INSERT INTO option_variant (id, name, recommended_price, is_deleted, group_id) VALUES (5828, 'Pork Skepasti DEL', 0, false, 994) ON CONFLICT DO NOTHING;
INSERT INTO option_variant (id, name, recommended_price, is_deleted, group_id) VALUES (5829, 'Pork Skepasti Big ', 170, false, 994) ON CONFLICT DO NOTHING;
INSERT INTO option_group (id, name, is_deleted, max_selection, min_selection, restaurant_id) VALUES (995, 'Shto (Extra)', false, 1, 0, 18) ON CONFLICT DO NOTHING;
INSERT INTO option_variant (id, name, recommended_price, is_deleted, group_id) VALUES (5830, 'Add Cheddar Cheese', 100, false, 995) ON CONFLICT DO NOTHING;
INSERT INTO option_group (id, name, is_deleted, max_selection, min_selection, restaurant_id) VALUES (996, 'Minced Beef Skepasti Big', false, 1, 0, 18) ON CONFLICT DO NOTHING;
INSERT INTO option_variant (id, name, recommended_price, is_deleted, group_id) VALUES (5831, 'Minced Beef Skepasti Big', 0, false, 996) ON CONFLICT DO NOTHING;
INSERT INTO option_group (id, name, is_deleted, max_selection, min_selection, restaurant_id) VALUES (997, 'Shto Sides ', false, 1, 0, 18) ON CONFLICT DO NOTHING;
INSERT INTO option_variant (id, name, recommended_price, is_deleted, group_id) VALUES (5832, 'BBQ Chicken Wings (8 cope)', 570, false, 997) ON CONFLICT DO NOTHING;
INSERT INTO option_variant (id, name, recommended_price, is_deleted, group_id) VALUES (5833, 'BBQ Chicken Wings (10 cope)', 720, false, 997) ON CONFLICT DO NOTHING;
INSERT INTO option_variant (id, name, recommended_price, is_deleted, group_id) VALUES (5834, '2 pieces Kackavall Chips', 150, false, 997) ON CONFLICT DO NOTHING;
INSERT INTO option_variant (id, name, recommended_price, is_deleted, group_id) VALUES (5835, 'Fried Zucchini Balls ', 280, false, 997) ON CONFLICT DO NOTHING;
INSERT INTO option_variant (id, name, recommended_price, is_deleted, group_id) VALUES (5836, 'Kashkaval Chips', 490, false, 997) ON CONFLICT DO NOTHING;
INSERT INTO option_variant (id, name, recommended_price, is_deleted, group_id) VALUES (5837, 'Moussaka Croquettes', 300, false, 997) ON CONFLICT DO NOTHING;
INSERT INTO option_variant (id, name, recommended_price, is_deleted, group_id) VALUES (5838, 'Halloumi chips', 490, false, 997) ON CONFLICT DO NOTHING;
INSERT INTO option_variant (id, name, recommended_price, is_deleted, group_id) VALUES (5839, 'Greek Fries', 350, false, 997) ON CONFLICT DO NOTHING;
INSERT INTO option_variant (id, name, recommended_price, is_deleted, group_id) VALUES (5840, 'Bacon Fries', 500, false, 997) ON CONFLICT DO NOTHING;
INSERT INTO option_variant (id, name, recommended_price, is_deleted, group_id) VALUES (5841, 'Cheddar Fries ', 350, false, 997) ON CONFLICT DO NOTHING;
INSERT INTO option_group (id, name, is_deleted, max_selection, min_selection, restaurant_id) VALUES (998, 'Shto (Extra)', false, 1, 0, 18) ON CONFLICT DO NOTHING;
INSERT INTO option_variant (id, name, recommended_price, is_deleted, group_id) VALUES (5842, 'Add Crispy Bacon', 150, false, 998) ON CONFLICT DO NOTHING;
INSERT INTO option_variant (id, name, recommended_price, is_deleted, group_id) VALUES (5843, 'Add Jalapenos', 50, false, 998) ON CONFLICT DO NOTHING;
INSERT INTO option_variant (id, name, recommended_price, is_deleted, group_id) VALUES (5844, 'Add Cheddar Cheese', 100, false, 998) ON CONFLICT DO NOTHING;
INSERT INTO option_group (id, name, is_deleted, max_selection, min_selection, restaurant_id) VALUES (999, 'Pork Skepasti Big', false, 1, 0, 18) ON CONFLICT DO NOTHING;
INSERT INTO option_variant (id, name, recommended_price, is_deleted, group_id) VALUES (5845, 'Pork Skepasti Big ', 0, false, 999) ON CONFLICT DO NOTHING;
INSERT INTO option_group (id, name, is_deleted, max_selection, min_selection, restaurant_id) VALUES (1000, 'Shto Sides ', false, 1, 0, 18) ON CONFLICT DO NOTHING;
INSERT INTO option_variant (id, name, recommended_price, is_deleted, group_id) VALUES (5846, 'BBQ Chicken Wings (6 cope)', 400, false, 1000) ON CONFLICT DO NOTHING;
INSERT INTO option_variant (id, name, recommended_price, is_deleted, group_id) VALUES (5847, 'BBQ Chicken Wings (8 cope)', 570, false, 1000) ON CONFLICT DO NOTHING;
INSERT INTO option_variant (id, name, recommended_price, is_deleted, group_id) VALUES (5848, '2 pieces Kackavall Chips', 150, false, 1000) ON CONFLICT DO NOTHING;
INSERT INTO option_variant (id, name, recommended_price, is_deleted, group_id) VALUES (5849, 'Fried Zucchini Balls ', 280, false, 1000) ON CONFLICT DO NOTHING;
INSERT INTO option_variant (id, name, recommended_price, is_deleted, group_id) VALUES (5850, 'Kashkaval Chips', 490, false, 1000) ON CONFLICT DO NOTHING;
INSERT INTO option_variant (id, name, recommended_price, is_deleted, group_id) VALUES (5851, 'Moussaka Croquettes', 300, false, 1000) ON CONFLICT DO NOTHING;
INSERT INTO option_variant (id, name, recommended_price, is_deleted, group_id) VALUES (5852, 'Halloumi chips', 490, false, 1000) ON CONFLICT DO NOTHING;
INSERT INTO option_variant (id, name, recommended_price, is_deleted, group_id) VALUES (5853, 'Greek Fries', 350, false, 1000) ON CONFLICT DO NOTHING;
INSERT INTO option_variant (id, name, recommended_price, is_deleted, group_id) VALUES (5854, 'Bacon Fries', 500, false, 1000) ON CONFLICT DO NOTHING;
INSERT INTO option_variant (id, name, recommended_price, is_deleted, group_id) VALUES (5855, 'Cheddar Fries ', 350, false, 1000) ON CONFLICT DO NOTHING;
INSERT INTO option_group (id, name, is_deleted, max_selection, min_selection, restaurant_id) VALUES (1001, 'Zgjidh madhësinë', false, 1, 0, 18) ON CONFLICT DO NOTHING;
INSERT INTO option_variant (id, name, recommended_price, is_deleted, group_id) VALUES (5856, 'Chicken Skepasti DEL (Sos)', 0, false, 1001) ON CONFLICT DO NOTHING;
INSERT INTO option_variant (id, name, recommended_price, is_deleted, group_id) VALUES (5857, 'Chicken Skepasti Big (Sos)', 170, false, 1001) ON CONFLICT DO NOTHING;
INSERT INTO option_group (id, name, is_deleted, max_selection, min_selection, restaurant_id) VALUES (1002, 'Chicken Skepasti Big', false, 1, 0, 18) ON CONFLICT DO NOTHING;
INSERT INTO option_variant (id, name, recommended_price, is_deleted, group_id) VALUES (5858, 'Chicken Skepasti Big(Bacon Sauce)', 0, false, 1002) ON CONFLICT DO NOTHING;
INSERT INTO option_variant (id, name, recommended_price, is_deleted, group_id) VALUES (5859, 'Chicken Skepasti Big (Sos)', 0, false, 1002) ON CONFLICT DO NOTHING;
INSERT INTO option_group (id, name, is_deleted, max_selection, min_selection, restaurant_id) VALUES (1003, 'Minced Beef Skepasti', false, 1, 0, 18) ON CONFLICT DO NOTHING;
INSERT INTO option_variant (id, name, recommended_price, is_deleted, group_id) VALUES (5860, 'Minced Beef Skepasti', 0, false, 1003) ON CONFLICT DO NOTHING;
INSERT INTO option_group (id, name, is_deleted, max_selection, min_selection, restaurant_id) VALUES (1004, 'Shto Sides ', false, 1, 0, 18) ON CONFLICT DO NOTHING;
INSERT INTO option_variant (id, name, recommended_price, is_deleted, group_id) VALUES (5861, 'BBQ Chicken Wings (8 cope)', 570, false, 1004) ON CONFLICT DO NOTHING;
INSERT INTO option_variant (id, name, recommended_price, is_deleted, group_id) VALUES (5862, 'BBQ Chicken Wings (10 cope)', 720, false, 1004) ON CONFLICT DO NOTHING;
INSERT INTO option_variant (id, name, recommended_price, is_deleted, group_id) VALUES (5863, '2 pieces Kackavall Chips', 150, false, 1004) ON CONFLICT DO NOTHING;
INSERT INTO option_variant (id, name, recommended_price, is_deleted, group_id) VALUES (5864, 'Fried Zucchini Balls ', 280, false, 1004) ON CONFLICT DO NOTHING;
INSERT INTO option_variant (id, name, recommended_price, is_deleted, group_id) VALUES (5865, 'Kashkaval Chips', 490, false, 1004) ON CONFLICT DO NOTHING;
INSERT INTO option_variant (id, name, recommended_price, is_deleted, group_id) VALUES (5866, 'Moussaka Croquettes', 300, false, 1004) ON CONFLICT DO NOTHING;
INSERT INTO option_variant (id, name, recommended_price, is_deleted, group_id) VALUES (5867, 'Halloumi chips', 490, false, 1004) ON CONFLICT DO NOTHING;
INSERT INTO option_variant (id, name, recommended_price, is_deleted, group_id) VALUES (5868, 'Greek Fries', 350, false, 1004) ON CONFLICT DO NOTHING;
INSERT INTO option_variant (id, name, recommended_price, is_deleted, group_id) VALUES (5869, 'Bacon Fries', 500, false, 1004) ON CONFLICT DO NOTHING;
INSERT INTO option_variant (id, name, recommended_price, is_deleted, group_id) VALUES (5870, 'Cheddar Fries ', 350, false, 1004) ON CONFLICT DO NOTHING;
INSERT INTO option_group (id, name, is_deleted, max_selection, min_selection, restaurant_id) VALUES (1005, 'Shto (Extra)', false, 1, 0, 18) ON CONFLICT DO NOTHING;
INSERT INTO option_variant (id, name, recommended_price, is_deleted, group_id) VALUES (5871, 'Add Crispy Bacon', 150, false, 1005) ON CONFLICT DO NOTHING;
INSERT INTO option_variant (id, name, recommended_price, is_deleted, group_id) VALUES (5872, 'Add Jalapenos', 50, false, 1005) ON CONFLICT DO NOTHING;
INSERT INTO option_variant (id, name, recommended_price, is_deleted, group_id) VALUES (5873, 'Add Cheddar Cheese', 100, false, 1005) ON CONFLICT DO NOTHING;
INSERT INTO option_group (id, name, is_deleted, max_selection, min_selection, restaurant_id) VALUES (1006, 'Zgjidh madhësinë', false, 1, 0, 18) ON CONFLICT DO NOTHING;
INSERT INTO option_variant (id, name, recommended_price, is_deleted, group_id) VALUES (5874, 'OPA Smash Burger', 0, false, 1006) ON CONFLICT DO NOTHING;
INSERT INTO option_variant (id, name, recommended_price, is_deleted, group_id) VALUES (5875, 'Double OPA Smash Burger', 230, false, 1006) ON CONFLICT DO NOTHING;
INSERT INTO option_group (id, name, is_deleted, max_selection, min_selection, restaurant_id) VALUES (1007, 'Preferenca e mishit', false, 1, 0, 18) ON CONFLICT DO NOTHING;
INSERT INTO option_variant (id, name, recommended_price, is_deleted, group_id) VALUES (5876, 'Junior Chicken Tortilla Combo', 0, false, 1007) ON CONFLICT DO NOTHING;
INSERT INTO option_variant (id, name, recommended_price, is_deleted, group_id) VALUES (5877, 'Junior Pork Tortilla Combo', 0, false, 1007) ON CONFLICT DO NOTHING;
INSERT INTO option_group (id, name, is_deleted, max_selection, min_selection, restaurant_id) VALUES (1008, 'BBQ Chicken Wings (6 cope) ', false, 1, 0, 18) ON CONFLICT DO NOTHING;
INSERT INTO option_variant (id, name, recommended_price, is_deleted, group_id) VALUES (5878, 'BBQ Chicken Wings (6 cope)', 0, false, 1008) ON CONFLICT DO NOTHING;
INSERT INTO option_group (id, name, is_deleted, max_selection, min_selection, restaurant_id) VALUES (1009, 'Zgjidh madhësinë', false, 1, 0, 18) ON CONFLICT DO NOTHING;
INSERT INTO option_variant (id, name, recommended_price, is_deleted, group_id) VALUES (5879, 'Chicken Skepasti DEL', 0, false, 1009) ON CONFLICT DO NOTHING;
INSERT INTO option_variant (id, name, recommended_price, is_deleted, group_id) VALUES (5880, 'Chicken Skepasti Big(Bacon Sauce)', 170, false, 1009) ON CONFLICT DO NOTHING;
INSERT INTO option_group (id, name, is_deleted, max_selection, min_selection, restaurant_id) VALUES (1010, 'Shto Sides ', false, 1, 0, 18) ON CONFLICT DO NOTHING;
INSERT INTO option_variant (id, name, recommended_price, is_deleted, group_id) VALUES (5881, 'BBQ Chicken Wings (6 cope)', 400, false, 1010) ON CONFLICT DO NOTHING;
INSERT INTO option_variant (id, name, recommended_price, is_deleted, group_id) VALUES (5882, 'BBQ Chicken Wings (8 cope)', 570, false, 1010) ON CONFLICT DO NOTHING;
INSERT INTO option_variant (id, name, recommended_price, is_deleted, group_id) VALUES (5883, 'BBQ Chicken Wings (10 cope)', 720, false, 1010) ON CONFLICT DO NOTHING;
INSERT INTO option_variant (id, name, recommended_price, is_deleted, group_id) VALUES (5884, '2 pieces Kackavall Chips', 150, false, 1010) ON CONFLICT DO NOTHING;
INSERT INTO option_variant (id, name, recommended_price, is_deleted, group_id) VALUES (5885, 'Fried Zucchini Balls ', 280, false, 1010) ON CONFLICT DO NOTHING;
INSERT INTO option_variant (id, name, recommended_price, is_deleted, group_id) VALUES (5886, 'Kashkaval Chips', 490, false, 1010) ON CONFLICT DO NOTHING;
INSERT INTO option_variant (id, name, recommended_price, is_deleted, group_id) VALUES (5887, 'Moussaka Croquettes', 300, false, 1010) ON CONFLICT DO NOTHING;
INSERT INTO option_variant (id, name, recommended_price, is_deleted, group_id) VALUES (5888, 'Halloumi chips', 490, false, 1010) ON CONFLICT DO NOTHING;
INSERT INTO option_variant (id, name, recommended_price, is_deleted, group_id) VALUES (5889, 'Greek Fries', 350, false, 1010) ON CONFLICT DO NOTHING;
INSERT INTO option_variant (id, name, recommended_price, is_deleted, group_id) VALUES (5890, 'Bacon Fries', 500, false, 1010) ON CONFLICT DO NOTHING;
INSERT INTO option_variant (id, name, recommended_price, is_deleted, group_id) VALUES (5891, 'Cheddar Fries ', 350, false, 1010) ON CONFLICT DO NOTHING;
INSERT INTO option_group (id, name, is_deleted, max_selection, min_selection, restaurant_id) VALUES (1011, 'Coca Cola Draft 0.25l or 0.33l', false, 1, 0, 18) ON CONFLICT DO NOTHING;
INSERT INTO option_variant (id, name, recommended_price, is_deleted, group_id) VALUES (5892, 'Selita Uje natyral 0.5l', 0, false, 1011) ON CONFLICT DO NOTHING;
INSERT INTO option_variant (id, name, recommended_price, is_deleted, group_id) VALUES (5893, 'Coca Cola 0.33l', 0, false, 1011) ON CONFLICT DO NOTHING;
INSERT INTO option_variant (id, name, recommended_price, is_deleted, group_id) VALUES (5894, 'Coca Cola Zero 0.33L', 0, false, 1011) ON CONFLICT DO NOTHING;
INSERT INTO option_group (id, name, is_deleted, max_selection, min_selection, restaurant_id) VALUES (1012, 'Shto Sides ', false, 1, 0, 18) ON CONFLICT DO NOTHING;
INSERT INTO option_variant (id, name, recommended_price, is_deleted, group_id) VALUES (5895, 'BBQ Chicken Wings (6 cope)', 400, false, 1012) ON CONFLICT DO NOTHING;
INSERT INTO option_variant (id, name, recommended_price, is_deleted, group_id) VALUES (5896, 'BBQ Chicken Wings (8 cope)', 570, false, 1012) ON CONFLICT DO NOTHING;
INSERT INTO option_variant (id, name, recommended_price, is_deleted, group_id) VALUES (5897, '2 pieces Kackavall Chips', 150, false, 1012) ON CONFLICT DO NOTHING;
INSERT INTO option_variant (id, name, recommended_price, is_deleted, group_id) VALUES (5898, 'Fried Zucchini Balls ', 280, false, 1012) ON CONFLICT DO NOTHING;
INSERT INTO option_variant (id, name, recommended_price, is_deleted, group_id) VALUES (5899, 'Kashkaval Chips', 490, false, 1012) ON CONFLICT DO NOTHING;
INSERT INTO option_variant (id, name, recommended_price, is_deleted, group_id) VALUES (5900, 'Moussaka Croquettes', 300, false, 1012) ON CONFLICT DO NOTHING;
INSERT INTO option_variant (id, name, recommended_price, is_deleted, group_id) VALUES (5901, 'Halloumi chips', 490, false, 1012) ON CONFLICT DO NOTHING;
INSERT INTO option_variant (id, name, recommended_price, is_deleted, group_id) VALUES (5902, 'Greek Fries', 350, false, 1012) ON CONFLICT DO NOTHING;
INSERT INTO option_variant (id, name, recommended_price, is_deleted, group_id) VALUES (5903, 'Bacon Fries', 500, false, 1012) ON CONFLICT DO NOTHING;
INSERT INTO option_variant (id, name, recommended_price, is_deleted, group_id) VALUES (5904, 'Cheddar Fries ', 350, false, 1012) ON CONFLICT DO NOTHING;
INSERT INTO option_group (id, name, is_deleted, max_selection, min_selection, restaurant_id) VALUES (1013, 'Coca Cola Draft 0.25l or 0.33l', false, 1, 0, 18) ON CONFLICT DO NOTHING;
INSERT INTO option_variant (id, name, recommended_price, is_deleted, group_id) VALUES (5905, 'Selita Uje natyral 0.5l', 0, false, 1013) ON CONFLICT DO NOTHING;
INSERT INTO option_variant (id, name, recommended_price, is_deleted, group_id) VALUES (5906, 'Coca Cola 0.33l', 0, false, 1013) ON CONFLICT DO NOTHING;
INSERT INTO option_variant (id, name, recommended_price, is_deleted, group_id) VALUES (5907, 'Coca Cola Zero 0.33L', 0, false, 1013) ON CONFLICT DO NOTHING;
INSERT INTO option_group (id, name, is_deleted, max_selection, min_selection, restaurant_id) VALUES (1014, 'Preferenca e mishit', false, 1, 0, 18) ON CONFLICT DO NOTHING;
INSERT INTO option_variant (id, name, recommended_price, is_deleted, group_id) VALUES (5908, 'Junior Chicken Gyros Combo', 0, false, 1014) ON CONFLICT DO NOTHING;
INSERT INTO option_variant (id, name, recommended_price, is_deleted, group_id) VALUES (5909, 'Junior Pork Gyros Combo', 0, false, 1014) ON CONFLICT DO NOTHING;
INSERT INTO option_group (id, name, is_deleted, max_selection, min_selection, restaurant_id) VALUES (1015, 'Zgjidh madhësinë', false, 1, 0, 18) ON CONFLICT DO NOTHING;
INSERT INTO option_variant (id, name, recommended_price, is_deleted, group_id) VALUES (5910, 'Minced Beef Skepasti', 0, false, 1015) ON CONFLICT DO NOTHING;
INSERT INTO option_variant (id, name, recommended_price, is_deleted, group_id) VALUES (5911, 'Minced Beef Skepasti Big', 200, false, 1015) ON CONFLICT DO NOTHING;
INSERT INTO option_group (id, name, is_deleted, max_selection, min_selection, restaurant_id) VALUES (1016, 'Red Bull Infusion Berry Mix/Mango', false, 1, 0, 18) ON CONFLICT DO NOTHING;
INSERT INTO option_variant (id, name, recommended_price, is_deleted, group_id) VALUES (5912, 'Red Bull Infusion Berry Mix ', 0, false, 1016) ON CONFLICT DO NOTHING;
INSERT INTO option_variant (id, name, recommended_price, is_deleted, group_id) VALUES (5913, 'Red Bull Infusion Mango', 0, false, 1016) ON CONFLICT DO NOTHING;
INSERT INTO option_group (id, name, is_deleted, max_selection, min_selection, restaurant_id) VALUES (1017, 'Chicken Gyros', false, 1, 0, 18) ON CONFLICT DO NOTHING;
INSERT INTO option_variant (id, name, recommended_price, is_deleted, group_id) VALUES (5914, 'Chicken Gyros', 0, false, 1017) ON CONFLICT DO NOTHING;
INSERT INTO option_group (id, name, is_deleted, max_selection, min_selection, restaurant_id) VALUES (1018, 'Chicken Doner ', false, 1, 0, 18) ON CONFLICT DO NOTHING;
INSERT INTO option_variant (id, name, recommended_price, is_deleted, group_id) VALUES (5915, 'Chicken Doner ', 0, false, 1018) ON CONFLICT DO NOTHING;
INSERT INTO option_group (id, name, is_deleted, max_selection, min_selection, restaurant_id) VALUES (1019, 'Small Fries ', false, 1, 0, 18) ON CONFLICT DO NOTHING;
INSERT INTO option_variant (id, name, recommended_price, is_deleted, group_id) VALUES (5916, 'Small Fries ', 0, false, 1019) ON CONFLICT DO NOTHING;
INSERT INTO option_group (id, name, is_deleted, max_selection, min_selection, restaurant_id) VALUES (1020, 'Drinks', false, 1, 0, 18) ON CONFLICT DO NOTHING;
INSERT INTO option_variant (id, name, recommended_price, is_deleted, group_id) VALUES (5917, 'Coca Cola 0.33l', 0, false, 1020) ON CONFLICT DO NOTHING;
INSERT INTO option_variant (id, name, recommended_price, is_deleted, group_id) VALUES (5918, 'Selita Uje natyral 0.5l', 0, false, 1020) ON CONFLICT DO NOTHING;
INSERT INTO option_variant (id, name, recommended_price, is_deleted, group_id) VALUES (5919, 'Selita Uje me gaz 0.5l', 0, false, 1020) ON CONFLICT DO NOTHING;
INSERT INTO option_variant (id, name, recommended_price, is_deleted, group_id) VALUES (5920, 'Coca Cola Zero 0.33L', 0, false, 1020) ON CONFLICT DO NOTHING;
INSERT INTO option_variant (id, name, recommended_price, is_deleted, group_id) VALUES (5921, 'Fanta Lemon 0.33L', 0, false, 1020) ON CONFLICT DO NOTHING;
INSERT INTO option_variant (id, name, recommended_price, is_deleted, group_id) VALUES (5922, 'Fanta Orange 0.33L', 0, false, 1020) ON CONFLICT DO NOTHING;
INSERT INTO option_variant (id, name, recommended_price, is_deleted, group_id) VALUES (5923, 'Fanta Exotic 0.33L', 0, false, 1020) ON CONFLICT DO NOTHING;
INSERT INTO option_variant (id, name, recommended_price, is_deleted, group_id) VALUES (5924, 'Fanta Zero Lemon 0.33L', 0, false, 1020) ON CONFLICT DO NOTHING;
INSERT INTO option_variant (id, name, recommended_price, is_deleted, group_id) VALUES (5925, 'Lemon Soda 0.33', 0, false, 1020) ON CONFLICT DO NOTHING;
INSERT INTO option_variant (id, name, recommended_price, is_deleted, group_id) VALUES (5926, 'Orange Soda 0.33', 0, false, 1020) ON CONFLICT DO NOTHING;
INSERT INTO option_variant (id, name, recommended_price, is_deleted, group_id) VALUES (5927, 'Sprite 0.33l', 0, false, 1020) ON CONFLICT DO NOTHING;
INSERT INTO option_variant (id, name, recommended_price, is_deleted, group_id) VALUES (5928, 'Ayran/Dhalle', 0, false, 1020) ON CONFLICT DO NOTHING;
INSERT INTO option_variant (id, name, recommended_price, is_deleted, group_id) VALUES (5929, 'Lipton Ice Tea Lemon 0.33', 0, false, 1020) ON CONFLICT DO NOTHING;
INSERT INTO option_variant (id, name, recommended_price, is_deleted, group_id) VALUES (5930, 'Lipton Ice Tea Peach 0.33', 0, false, 1020) ON CONFLICT DO NOTHING;
INSERT INTO option_group (id, name, is_deleted, max_selection, min_selection, restaurant_id) VALUES (1021, 'Shto Sides ', false, 1, 0, 18) ON CONFLICT DO NOTHING;
INSERT INTO option_variant (id, name, recommended_price, is_deleted, group_id) VALUES (5931, 'BBQ Chicken Wings (6 cope)', 400, false, 1021) ON CONFLICT DO NOTHING;
INSERT INTO option_variant (id, name, recommended_price, is_deleted, group_id) VALUES (5932, 'BBQ Chicken Wings (10 cope)', 720, false, 1021) ON CONFLICT DO NOTHING;
INSERT INTO option_variant (id, name, recommended_price, is_deleted, group_id) VALUES (5933, '2 pieces Kackavall Chips', 150, false, 1021) ON CONFLICT DO NOTHING;
INSERT INTO option_variant (id, name, recommended_price, is_deleted, group_id) VALUES (5934, '2 pieces Halloumi Chips', 150, false, 1021) ON CONFLICT DO NOTHING;
INSERT INTO option_variant (id, name, recommended_price, is_deleted, group_id) VALUES (5935, 'Fried Zucchini Balls ', 280, false, 1021) ON CONFLICT DO NOTHING;
INSERT INTO option_variant (id, name, recommended_price, is_deleted, group_id) VALUES (5936, 'Kashkaval Chips', 490, false, 1021) ON CONFLICT DO NOTHING;
INSERT INTO option_variant (id, name, recommended_price, is_deleted, group_id) VALUES (5937, 'Moussaka Croquettes', 300, false, 1021) ON CONFLICT DO NOTHING;
INSERT INTO option_variant (id, name, recommended_price, is_deleted, group_id) VALUES (5938, 'Halloumi chips', 490, false, 1021) ON CONFLICT DO NOTHING;
INSERT INTO option_variant (id, name, recommended_price, is_deleted, group_id) VALUES (5939, 'Greek Fries', 350, false, 1021) ON CONFLICT DO NOTHING;
INSERT INTO option_variant (id, name, recommended_price, is_deleted, group_id) VALUES (5940, 'Bacon Fries', 500, false, 1021) ON CONFLICT DO NOTHING;
INSERT INTO option_variant (id, name, recommended_price, is_deleted, group_id) VALUES (5941, 'Cheddar Fries ', 350, false, 1021) ON CONFLICT DO NOTHING;
INSERT INTO option_group (id, name, is_deleted, max_selection, min_selection, restaurant_id) VALUES (1022, 'Shto Sides ', false, 1, 0, 18) ON CONFLICT DO NOTHING;
INSERT INTO option_variant (id, name, recommended_price, is_deleted, group_id) VALUES (5942, 'BBQ Chicken Wings (6 cope)', 400, false, 1022) ON CONFLICT DO NOTHING;
INSERT INTO option_variant (id, name, recommended_price, is_deleted, group_id) VALUES (5943, 'BBQ Chicken Wings (8 cope)', 570, false, 1022) ON CONFLICT DO NOTHING;
INSERT INTO option_variant (id, name, recommended_price, is_deleted, group_id) VALUES (5944, 'BBQ Chicken Wings (10 cope)', 720, false, 1022) ON CONFLICT DO NOTHING;
INSERT INTO option_variant (id, name, recommended_price, is_deleted, group_id) VALUES (5945, '2 pieces Kackavall Chips', 150, false, 1022) ON CONFLICT DO NOTHING;
INSERT INTO option_variant (id, name, recommended_price, is_deleted, group_id) VALUES (5946, '2 pieces Halloumi Chips', 150, false, 1022) ON CONFLICT DO NOTHING;
INSERT INTO option_variant (id, name, recommended_price, is_deleted, group_id) VALUES (5947, 'Fried Zucchini Balls ', 280, false, 1022) ON CONFLICT DO NOTHING;
INSERT INTO option_variant (id, name, recommended_price, is_deleted, group_id) VALUES (5948, 'Kashkaval Chips', 490, false, 1022) ON CONFLICT DO NOTHING;
INSERT INTO option_variant (id, name, recommended_price, is_deleted, group_id) VALUES (5949, 'Moussaka Croquettes', 300, false, 1022) ON CONFLICT DO NOTHING;
INSERT INTO option_variant (id, name, recommended_price, is_deleted, group_id) VALUES (5950, 'Halloumi chips', 490, false, 1022) ON CONFLICT DO NOTHING;
INSERT INTO option_variant (id, name, recommended_price, is_deleted, group_id) VALUES (5951, 'Greek Fries', 350, false, 1022) ON CONFLICT DO NOTHING;
INSERT INTO option_variant (id, name, recommended_price, is_deleted, group_id) VALUES (5952, 'Bacon Fries', 500, false, 1022) ON CONFLICT DO NOTHING;
INSERT INTO option_variant (id, name, recommended_price, is_deleted, group_id) VALUES (5953, 'Cheddar Fries ', 350, false, 1022) ON CONFLICT DO NOTHING;
INSERT INTO option_group (id, name, is_deleted, max_selection, min_selection, restaurant_id) VALUES (1023, 'Shto Sides ', false, 1, 0, 18) ON CONFLICT DO NOTHING;
INSERT INTO option_variant (id, name, recommended_price, is_deleted, group_id) VALUES (5954, 'BBQ Chicken Wings (6 cope)', 400, false, 1023) ON CONFLICT DO NOTHING;
INSERT INTO option_variant (id, name, recommended_price, is_deleted, group_id) VALUES (5955, 'BBQ Chicken Wings (8 cope)', 570, false, 1023) ON CONFLICT DO NOTHING;
INSERT INTO option_variant (id, name, recommended_price, is_deleted, group_id) VALUES (5956, 'BBQ Chicken Wings (10 cope)', 720, false, 1023) ON CONFLICT DO NOTHING;
INSERT INTO option_variant (id, name, recommended_price, is_deleted, group_id) VALUES (5957, '2 pieces Kackavall Chips', 150, false, 1023) ON CONFLICT DO NOTHING;
INSERT INTO option_variant (id, name, recommended_price, is_deleted, group_id) VALUES (5958, '2 pieces Halloumi Chips', 150, false, 1023) ON CONFLICT DO NOTHING;
INSERT INTO option_variant (id, name, recommended_price, is_deleted, group_id) VALUES (5959, 'Fried Zucchini Balls ', 280, false, 1023) ON CONFLICT DO NOTHING;
INSERT INTO option_variant (id, name, recommended_price, is_deleted, group_id) VALUES (5960, 'Kashkaval Chips', 490, false, 1023) ON CONFLICT DO NOTHING;
INSERT INTO option_variant (id, name, recommended_price, is_deleted, group_id) VALUES (5961, 'Moussaka Croquettes', 300, false, 1023) ON CONFLICT DO NOTHING;
INSERT INTO option_variant (id, name, recommended_price, is_deleted, group_id) VALUES (5962, 'Halloumi chips', 490, false, 1023) ON CONFLICT DO NOTHING;
INSERT INTO option_variant (id, name, recommended_price, is_deleted, group_id) VALUES (5963, 'Greek Fries', 350, false, 1023) ON CONFLICT DO NOTHING;
INSERT INTO option_variant (id, name, recommended_price, is_deleted, group_id) VALUES (5964, 'Bacon Fries', 500, false, 1023) ON CONFLICT DO NOTHING;
INSERT INTO option_variant (id, name, recommended_price, is_deleted, group_id) VALUES (5965, 'Cheddar Fries ', 350, false, 1023) ON CONFLICT DO NOTHING;
INSERT INTO option_group (id, name, is_deleted, max_selection, min_selection, restaurant_id) VALUES (1024, 'Shto Sides ', false, 1, 0, 18) ON CONFLICT DO NOTHING;
INSERT INTO option_variant (id, name, recommended_price, is_deleted, group_id) VALUES (5966, 'BBQ Chicken Wings (6 cope)', 400, false, 1024) ON CONFLICT DO NOTHING;
INSERT INTO option_variant (id, name, recommended_price, is_deleted, group_id) VALUES (5967, 'BBQ Chicken Wings (8 cope)', 570, false, 1024) ON CONFLICT DO NOTHING;
INSERT INTO option_variant (id, name, recommended_price, is_deleted, group_id) VALUES (5968, 'BBQ Chicken Wings (10 cope)', 720, false, 1024) ON CONFLICT DO NOTHING;
INSERT INTO option_variant (id, name, recommended_price, is_deleted, group_id) VALUES (5969, '2 pieces Kackavall Chips', 150, false, 1024) ON CONFLICT DO NOTHING;
INSERT INTO option_variant (id, name, recommended_price, is_deleted, group_id) VALUES (5970, '2 pieces Halloumi Chips', 150, false, 1024) ON CONFLICT DO NOTHING;
INSERT INTO option_variant (id, name, recommended_price, is_deleted, group_id) VALUES (5971, 'Fried Zucchini Balls ', 280, false, 1024) ON CONFLICT DO NOTHING;
INSERT INTO option_variant (id, name, recommended_price, is_deleted, group_id) VALUES (5972, 'Kashkaval Chips', 490, false, 1024) ON CONFLICT DO NOTHING;
INSERT INTO option_variant (id, name, recommended_price, is_deleted, group_id) VALUES (5973, 'Moussaka Croquettes', 300, false, 1024) ON CONFLICT DO NOTHING;
INSERT INTO option_variant (id, name, recommended_price, is_deleted, group_id) VALUES (5974, 'Halloumi chips', 490, false, 1024) ON CONFLICT DO NOTHING;
INSERT INTO option_variant (id, name, recommended_price, is_deleted, group_id) VALUES (5975, 'Greek Fries', 350, false, 1024) ON CONFLICT DO NOTHING;
INSERT INTO option_variant (id, name, recommended_price, is_deleted, group_id) VALUES (5976, 'Bacon Fries', 500, false, 1024) ON CONFLICT DO NOTHING;
INSERT INTO option_variant (id, name, recommended_price, is_deleted, group_id) VALUES (5977, 'Cheddar Fries ', 350, false, 1024) ON CONFLICT DO NOTHING;
INSERT INTO option_group (id, name, is_deleted, max_selection, min_selection, restaurant_id) VALUES (1025, 'Shto Sides ', false, 1, 0, 18) ON CONFLICT DO NOTHING;
INSERT INTO option_variant (id, name, recommended_price, is_deleted, group_id) VALUES (5978, 'BBQ Chicken Wings (6 cope)', 400, false, 1025) ON CONFLICT DO NOTHING;
INSERT INTO option_variant (id, name, recommended_price, is_deleted, group_id) VALUES (5979, 'BBQ Chicken Wings (8 cope)', 570, false, 1025) ON CONFLICT DO NOTHING;
INSERT INTO option_variant (id, name, recommended_price, is_deleted, group_id) VALUES (5980, '2 pieces Kackavall Chips', 150, false, 1025) ON CONFLICT DO NOTHING;
INSERT INTO option_variant (id, name, recommended_price, is_deleted, group_id) VALUES (5981, '2 pieces Halloumi Chips', 150, false, 1025) ON CONFLICT DO NOTHING;
INSERT INTO option_variant (id, name, recommended_price, is_deleted, group_id) VALUES (5982, 'Fried Zucchini Balls ', 280, false, 1025) ON CONFLICT DO NOTHING;
INSERT INTO option_variant (id, name, recommended_price, is_deleted, group_id) VALUES (5983, 'Kashkaval Chips', 490, false, 1025) ON CONFLICT DO NOTHING;
INSERT INTO option_variant (id, name, recommended_price, is_deleted, group_id) VALUES (5984, 'Moussaka Croquettes', 300, false, 1025) ON CONFLICT DO NOTHING;
INSERT INTO option_variant (id, name, recommended_price, is_deleted, group_id) VALUES (5985, 'Halloumi chips', 490, false, 1025) ON CONFLICT DO NOTHING;
INSERT INTO option_variant (id, name, recommended_price, is_deleted, group_id) VALUES (5986, 'Greek Fries', 350, false, 1025) ON CONFLICT DO NOTHING;
INSERT INTO option_variant (id, name, recommended_price, is_deleted, group_id) VALUES (5987, 'Bacon Fries', 500, false, 1025) ON CONFLICT DO NOTHING;
INSERT INTO option_variant (id, name, recommended_price, is_deleted, group_id) VALUES (5988, 'Cheddar Fries ', 350, false, 1025) ON CONFLICT DO NOTHING;
INSERT INTO option_group (id, name, is_deleted, max_selection, min_selection, restaurant_id) VALUES (1026, 'Shto Sides ', false, 1, 0, 18) ON CONFLICT DO NOTHING;
INSERT INTO option_variant (id, name, recommended_price, is_deleted, group_id) VALUES (5989, 'BBQ Chicken Wings (8 cope)', 570, false, 1026) ON CONFLICT DO NOTHING;
INSERT INTO option_variant (id, name, recommended_price, is_deleted, group_id) VALUES (5990, 'BBQ Chicken Wings (10 cope)', 720, false, 1026) ON CONFLICT DO NOTHING;
INSERT INTO option_variant (id, name, recommended_price, is_deleted, group_id) VALUES (5991, '2 pieces Kackavall Chips', 150, false, 1026) ON CONFLICT DO NOTHING;
INSERT INTO option_variant (id, name, recommended_price, is_deleted, group_id) VALUES (5992, '2 pieces Halloumi Chips', 150, false, 1026) ON CONFLICT DO NOTHING;
INSERT INTO option_variant (id, name, recommended_price, is_deleted, group_id) VALUES (5993, 'Fried Zucchini Balls ', 280, false, 1026) ON CONFLICT DO NOTHING;
INSERT INTO option_variant (id, name, recommended_price, is_deleted, group_id) VALUES (5994, 'Kashkaval Chips', 490, false, 1026) ON CONFLICT DO NOTHING;
INSERT INTO option_variant (id, name, recommended_price, is_deleted, group_id) VALUES (5995, 'Moussaka Croquettes', 300, false, 1026) ON CONFLICT DO NOTHING;
INSERT INTO option_variant (id, name, recommended_price, is_deleted, group_id) VALUES (5996, 'Halloumi chips', 490, false, 1026) ON CONFLICT DO NOTHING;
INSERT INTO option_variant (id, name, recommended_price, is_deleted, group_id) VALUES (5997, 'Greek Fries', 350, false, 1026) ON CONFLICT DO NOTHING;
INSERT INTO option_variant (id, name, recommended_price, is_deleted, group_id) VALUES (5998, 'Bacon Fries', 500, false, 1026) ON CONFLICT DO NOTHING;
INSERT INTO option_variant (id, name, recommended_price, is_deleted, group_id) VALUES (5999, 'Cheddar Fries ', 350, false, 1026) ON CONFLICT DO NOTHING;
INSERT INTO option_group (id, name, is_deleted, max_selection, min_selection, restaurant_id) VALUES (1027, 'Zgjidh proteinën', false, 1, 0, 18) ON CONFLICT DO NOTHING;
INSERT INTO option_variant (id, name, recommended_price, is_deleted, group_id) VALUES (6000, 'Gjiro e Hapur Pule ', 0, false, 1027) ON CONFLICT DO NOTHING;
INSERT INTO option_group (id, name, is_deleted, max_selection, min_selection, restaurant_id) VALUES (1028, 'Chicken Gyros', false, 1, 0, 18) ON CONFLICT DO NOTHING;
INSERT INTO option_variant (id, name, recommended_price, is_deleted, group_id) VALUES (6001, 'Chicken Gyros', 0, false, 1028) ON CONFLICT DO NOTHING;
INSERT INTO option_group (id, name, is_deleted, max_selection, min_selection, restaurant_id) VALUES (1029, 'Zgjidh Piten Lunch', false, 1, 0, 18) ON CONFLICT DO NOTHING;
INSERT INTO option_variant (id, name, recommended_price, is_deleted, group_id) VALUES (6002, 'Chicken Gyros', 0, false, 1029) ON CONFLICT DO NOTHING;
INSERT INTO option_variant (id, name, recommended_price, is_deleted, group_id) VALUES (6003, 'Pork Gyros', 0, false, 1029) ON CONFLICT DO NOTHING;
INSERT INTO option_variant (id, name, recommended_price, is_deleted, group_id) VALUES (6004, 'Schnitzel Pita', 0, false, 1029) ON CONFLICT DO NOTHING;
INSERT INTO option_variant (id, name, recommended_price, is_deleted, group_id) VALUES (6005, 'Falafel Pita Yougurt', 0, false, 1029) ON CONFLICT DO NOTHING;
INSERT INTO option_variant (id, name, recommended_price, is_deleted, group_id) VALUES (6006, 'Falafel Pita Hummus', 0, false, 1029) ON CONFLICT DO NOTHING;
INSERT INTO option_group (id, name, is_deleted, max_selection, min_selection, restaurant_id) VALUES (1030, 'Shto përbërës', false, 1, 0, 18) ON CONFLICT DO NOTHING;
INSERT INTO option_variant (id, name, recommended_price, is_deleted, group_id) VALUES (6007, 'ADD FALAFEL', 100, false, 1030) ON CONFLICT DO NOTHING;
INSERT INTO option_group (id, name, is_deleted, max_selection, min_selection, restaurant_id) VALUES (1031, 'OPA Smash Burger', false, 1, 0, 18) ON CONFLICT DO NOTHING;
INSERT INTO option_variant (id, name, recommended_price, is_deleted, group_id) VALUES (6008, 'OPA Smash Burger', 0, false, 1031) ON CONFLICT DO NOTHING;
INSERT INTO option_group (id, name, is_deleted, max_selection, min_selection, restaurant_id) VALUES (1032, '2 pieces Kackavall Chips', false, 1, 0, 18) ON CONFLICT DO NOTHING;
INSERT INTO option_variant (id, name, recommended_price, is_deleted, group_id) VALUES (6009, '2 pieces Kackavall Chips', 0, false, 1032) ON CONFLICT DO NOTHING;
INSERT INTO option_group (id, name, is_deleted, max_selection, min_selection, restaurant_id) VALUES (1033, 'Small Fries ', false, 1, 0, 18) ON CONFLICT DO NOTHING;
INSERT INTO option_variant (id, name, recommended_price, is_deleted, group_id) VALUES (6010, 'Small Fries ', 0, false, 1033) ON CONFLICT DO NOTHING;
INSERT INTO option_group (id, name, is_deleted, max_selection, min_selection, restaurant_id) VALUES (1034, 'Shto salcë', false, 1, 0, 18) ON CONFLICT DO NOTHING;
INSERT INTO option_variant (id, name, recommended_price, is_deleted, group_id) VALUES (6011, 'Ketchup Bustine', 20, false, 1034) ON CONFLICT DO NOTHING;
INSERT INTO option_variant (id, name, recommended_price, is_deleted, group_id) VALUES (6012, 'Mustarde - bustine', 20, false, 1034) ON CONFLICT DO NOTHING;
INSERT INTO option_variant (id, name, recommended_price, is_deleted, group_id) VALUES (6013, 'OPA Mayo', 50, false, 1034) ON CONFLICT DO NOTHING;
INSERT INTO option_variant (id, name, recommended_price, is_deleted, group_id) VALUES (6014, 'Mayonnaise Bustine', 20, false, 1034) ON CONFLICT DO NOTHING;
INSERT INTO option_variant (id, name, recommended_price, is_deleted, group_id) VALUES (6015, 'Siraca - small', 60, false, 1034) ON CONFLICT DO NOTHING;
INSERT INTO option_variant (id, name, recommended_price, is_deleted, group_id) VALUES (6016, 'Tirokafteri - small', 70, false, 1034) ON CONFLICT DO NOTHING;
INSERT INTO option_variant (id, name, recommended_price, is_deleted, group_id) VALUES (6017, 'Truffle Mayo', 50, false, 1034) ON CONFLICT DO NOTHING;
INSERT INTO option_variant (id, name, recommended_price, is_deleted, group_id) VALUES (6018, 'Cheddar Sauce ', 50, false, 1034) ON CONFLICT DO NOTHING;
INSERT INTO option_variant (id, name, recommended_price, is_deleted, group_id) VALUES (6019, 'Chili Garlic Mayo', 50, false, 1034) ON CONFLICT DO NOTHING;
INSERT INTO option_variant (id, name, recommended_price, is_deleted, group_id) VALUES (6020, 'Homemade Pickled Cucumber', 50, false, 1034) ON CONFLICT DO NOTHING;
INSERT INTO option_variant (id, name, recommended_price, is_deleted, group_id) VALUES (6021, 'Hummus Small', 50, false, 1034) ON CONFLICT DO NOTHING;
INSERT INTO option_variant (id, name, recommended_price, is_deleted, group_id) VALUES (6022, 'Greekamole', 50, false, 1034) ON CONFLICT DO NOTHING;
INSERT INTO option_variant (id, name, recommended_price, is_deleted, group_id) VALUES (6023, 'Sweet chilli & tarragon sauce', 50, false, 1034) ON CONFLICT DO NOTHING;
INSERT INTO option_group (id, name, is_deleted, max_selection, min_selection, restaurant_id) VALUES (1035, 'Shto salcë', false, 1, 0, 18) ON CONFLICT DO NOTHING;
INSERT INTO option_variant (id, name, recommended_price, is_deleted, group_id) VALUES (6024, 'Ketchup Bustine', 20, false, 1035) ON CONFLICT DO NOTHING;
INSERT INTO option_variant (id, name, recommended_price, is_deleted, group_id) VALUES (6025, 'Mustarde - bustine', 20, false, 1035) ON CONFLICT DO NOTHING;
INSERT INTO option_variant (id, name, recommended_price, is_deleted, group_id) VALUES (6026, 'OPA Mayo', 50, false, 1035) ON CONFLICT DO NOTHING;
INSERT INTO option_variant (id, name, recommended_price, is_deleted, group_id) VALUES (6027, 'Mayonnaise Bustine', 20, false, 1035) ON CONFLICT DO NOTHING;
INSERT INTO option_variant (id, name, recommended_price, is_deleted, group_id) VALUES (6028, 'Siraca - small', 60, false, 1035) ON CONFLICT DO NOTHING;
INSERT INTO option_variant (id, name, recommended_price, is_deleted, group_id) VALUES (6029, 'Tirokafteri - small', 70, false, 1035) ON CONFLICT DO NOTHING;
INSERT INTO option_variant (id, name, recommended_price, is_deleted, group_id) VALUES (6030, 'Truffle Mayo', 50, false, 1035) ON CONFLICT DO NOTHING;
INSERT INTO option_variant (id, name, recommended_price, is_deleted, group_id) VALUES (6031, 'Cheddar Sauce ', 50, false, 1035) ON CONFLICT DO NOTHING;
INSERT INTO option_variant (id, name, recommended_price, is_deleted, group_id) VALUES (6032, 'Chili Garlic Mayo', 50, false, 1035) ON CONFLICT DO NOTHING;
INSERT INTO option_variant (id, name, recommended_price, is_deleted, group_id) VALUES (6033, 'Homemade Pickled Cucumber', 50, false, 1035) ON CONFLICT DO NOTHING;
INSERT INTO option_variant (id, name, recommended_price, is_deleted, group_id) VALUES (6034, 'Hummus Small', 50, false, 1035) ON CONFLICT DO NOTHING;
INSERT INTO option_variant (id, name, recommended_price, is_deleted, group_id) VALUES (6035, 'Greekamole', 50, false, 1035) ON CONFLICT DO NOTHING;
INSERT INTO option_variant (id, name, recommended_price, is_deleted, group_id) VALUES (6036, 'Sweet chilli & tarragon sauce', 50, false, 1035) ON CONFLICT DO NOTHING;
INSERT INTO option_group (id, name, is_deleted, max_selection, min_selection, restaurant_id) VALUES (1036, 'Zgjidh madhësinë', false, 1, 0, 18) ON CONFLICT DO NOTHING;
INSERT INTO option_variant (id, name, recommended_price, is_deleted, group_id) VALUES (6037, 'Chicken Gyros DEL', 0, false, 1036) ON CONFLICT DO NOTHING;
INSERT INTO option_variant (id, name, recommended_price, is_deleted, group_id) VALUES (6038, 'Chicken Gyros Big DEL', 110, false, 1036) ON CONFLICT DO NOTHING;
INSERT INTO option_group (id, name, is_deleted, max_selection, min_selection, restaurant_id) VALUES (1037, 'Zgjidh Pijen Lunch', false, 1, 0, 18) ON CONFLICT DO NOTHING;
INSERT INTO option_variant (id, name, recommended_price, is_deleted, group_id) VALUES (6039, 'Selita Uje natyral 0.5l', 0, false, 1037) ON CONFLICT DO NOTHING;
INSERT INTO option_variant (id, name, recommended_price, is_deleted, group_id) VALUES (6040, 'Coca Cola 0.33l', 0, false, 1037) ON CONFLICT DO NOTHING;
INSERT INTO option_variant (id, name, recommended_price, is_deleted, group_id) VALUES (6041, 'Coca Cola Zero 0.33L', 0, false, 1037) ON CONFLICT DO NOTHING;
INSERT INTO option_group (id, name, is_deleted, max_selection, min_selection, restaurant_id) VALUES (1038, 'Chicken Gyros', false, 1, 0, 18) ON CONFLICT DO NOTHING;
INSERT INTO option_variant (id, name, recommended_price, is_deleted, group_id) VALUES (6042, 'Chicken Gyros', 0, false, 1038) ON CONFLICT DO NOTHING;
INSERT INTO option_group (id, name, is_deleted, max_selection, min_selection, restaurant_id) VALUES (1039, 'Zgjidh Sallaten Lunch', false, 1, 0, 18) ON CONFLICT DO NOTHING;
INSERT INTO option_variant (id, name, recommended_price, is_deleted, group_id) VALUES (6043, 'MD Greek Salad', 0, false, 1039) ON CONFLICT DO NOTHING;
INSERT INTO option_variant (id, name, recommended_price, is_deleted, group_id) VALUES (6044, 'MD Greek Ceasar Salad', 0, false, 1039) ON CONFLICT DO NOTHING;
INSERT INTO option_variant (id, name, recommended_price, is_deleted, group_id) VALUES (6045, 'MD Avocado Salad', 0, false, 1039) ON CONFLICT DO NOTHING;
INSERT INTO option_group (id, name, is_deleted, max_selection, min_selection, restaurant_id) VALUES (1040, 'Small Fries ', false, 1, 0, 18) ON CONFLICT DO NOTHING;
INSERT INTO option_variant (id, name, recommended_price, is_deleted, group_id) VALUES (6046, 'Small Fries ', 0, false, 1040) ON CONFLICT DO NOTHING;
INSERT INTO option_group (id, name, is_deleted, max_selection, min_selection, restaurant_id) VALUES (1041, 'Sauces', false, 1, 0, 18) ON CONFLICT DO NOTHING;
INSERT INTO option_variant (id, name, recommended_price, is_deleted, group_id) VALUES (6047, 'Ketchup Bustine', 0, false, 1041) ON CONFLICT DO NOTHING;
INSERT INTO option_variant (id, name, recommended_price, is_deleted, group_id) VALUES (6048, 'Mustarde - bustine', 0, false, 1041) ON CONFLICT DO NOTHING;
INSERT INTO option_group (id, name, is_deleted, max_selection, min_selection, restaurant_id) VALUES (1042, 'Zgjidh Protein Lunch', false, 1, 0, 18) ON CONFLICT DO NOTHING;
INSERT INTO option_variant (id, name, recommended_price, is_deleted, group_id) VALUES (6049, 'Pork Skewers 1 cope ', 0, false, 1042) ON CONFLICT DO NOTHING;
INSERT INTO option_variant (id, name, recommended_price, is_deleted, group_id) VALUES (6050, 'Chicken Skewers 1 cope ', 0, false, 1042) ON CONFLICT DO NOTHING;
INSERT INTO option_group (id, name, is_deleted, max_selection, min_selection, restaurant_id) VALUES (1043, 'Schnitzel Pita', false, 1, 0, 18) ON CONFLICT DO NOTHING;
INSERT INTO option_variant (id, name, recommended_price, is_deleted, group_id) VALUES (6051, 'Schnitzel Pita', 0, false, 1043) ON CONFLICT DO NOTHING;
INSERT INTO option_group (id, name, is_deleted, max_selection, min_selection, restaurant_id) VALUES (1044, 'Pite Tradicionale ', false, 1, 0, 18) ON CONFLICT DO NOTHING;
INSERT INTO option_variant (id, name, recommended_price, is_deleted, group_id) VALUES (6052, 'Traditional Pita', 0, false, 1044) ON CONFLICT DO NOTHING;
INSERT INTO option_group (id, name, is_deleted, max_selection, min_selection, restaurant_id) VALUES (1045, 'Zgjidh Piten Lunch', false, 1, 0, 18) ON CONFLICT DO NOTHING;
INSERT INTO option_variant (id, name, recommended_price, is_deleted, group_id) VALUES (6053, 'Chicken Gyros', 0, false, 1045) ON CONFLICT DO NOTHING;
INSERT INTO option_variant (id, name, recommended_price, is_deleted, group_id) VALUES (6054, 'Pork Gyros', 0, false, 1045) ON CONFLICT DO NOTHING;
INSERT INTO option_variant (id, name, recommended_price, is_deleted, group_id) VALUES (6055, 'Schnitzel Pita', 0, false, 1045) ON CONFLICT DO NOTHING;
INSERT INTO option_variant (id, name, recommended_price, is_deleted, group_id) VALUES (6056, 'Falafel Pita Yougurt', 0, false, 1045) ON CONFLICT DO NOTHING;
INSERT INTO option_variant (id, name, recommended_price, is_deleted, group_id) VALUES (6057, 'Falafel Pita Hummus', 0, false, 1045) ON CONFLICT DO NOTHING;
INSERT INTO option_variant (id, name, recommended_price, is_deleted, group_id) VALUES (6058, 'Truffle Chicken Gyros ', 0, false, 1045) ON CONFLICT DO NOTHING;
INSERT INTO option_group (id, name, is_deleted, max_selection, min_selection, restaurant_id) VALUES (1046, 'Zgjidh madhësinë', false, 1, 0, 18) ON CONFLICT DO NOTHING;
INSERT INTO option_variant (id, name, recommended_price, is_deleted, group_id) VALUES (6059, 'Schnitzel Pita', 0, false, 1046) ON CONFLICT DO NOTHING;
INSERT INTO option_variant (id, name, recommended_price, is_deleted, group_id) VALUES (6060, 'Schnitzel Pita Big', 140, false, 1046) ON CONFLICT DO NOTHING;
INSERT INTO option_group (id, name, is_deleted, max_selection, min_selection, restaurant_id) VALUES (1047, 'OPA Smash Burger', false, 1, 0, 18) ON CONFLICT DO NOTHING;
INSERT INTO option_variant (id, name, recommended_price, is_deleted, group_id) VALUES (6061, 'OPA Smash Burger', 0, false, 1047) ON CONFLICT DO NOTHING;
INSERT INTO option_group (id, name, is_deleted, max_selection, min_selection, restaurant_id) VALUES (1048, 'Zgjidh bazën', false, 1, 0, 18) ON CONFLICT DO NOTHING;
INSERT INTO option_variant (id, name, recommended_price, is_deleted, group_id) VALUES (6062, 'Chicken Gyros Bowl(Rice) DEL', 0, false, 1048) ON CONFLICT DO NOTHING;
INSERT INTO option_variant (id, name, recommended_price, is_deleted, group_id) VALUES (6063, 'Chicken Gyros Bowl(Fries) DEL', 0, false, 1048) ON CONFLICT DO NOTHING;
INSERT INTO option_group (id, name, is_deleted, max_selection, min_selection, restaurant_id) VALUES (1049, 'Shto (Extra)', false, 1, 0, 18) ON CONFLICT DO NOTHING;
INSERT INTO option_variant (id, name, recommended_price, is_deleted, group_id) VALUES (6064, 'Add Cheddar Cheese', 100, false, 1049) ON CONFLICT DO NOTHING;
INSERT INTO option_group (id, name, is_deleted, max_selection, min_selection, restaurant_id) VALUES (1050, 'Shto Sides ', false, 1, 0, 18) ON CONFLICT DO NOTHING;
INSERT INTO option_variant (id, name, recommended_price, is_deleted, group_id) VALUES (6065, 'BBQ Chicken Wings (6 cope)', 400, false, 1050) ON CONFLICT DO NOTHING;
INSERT INTO option_variant (id, name, recommended_price, is_deleted, group_id) VALUES (6066, 'BBQ Chicken Wings (10 cope)', 720, false, 1050) ON CONFLICT DO NOTHING;
INSERT INTO option_variant (id, name, recommended_price, is_deleted, group_id) VALUES (6067, '2 pieces Kackavall Chips', 150, false, 1050) ON CONFLICT DO NOTHING;
INSERT INTO option_variant (id, name, recommended_price, is_deleted, group_id) VALUES (6068, 'Fried Zucchini Balls ', 280, false, 1050) ON CONFLICT DO NOTHING;
INSERT INTO option_variant (id, name, recommended_price, is_deleted, group_id) VALUES (6069, 'Kashkaval Chips', 490, false, 1050) ON CONFLICT DO NOTHING;
INSERT INTO option_variant (id, name, recommended_price, is_deleted, group_id) VALUES (6070, 'Moussaka Croquettes', 300, false, 1050) ON CONFLICT DO NOTHING;
INSERT INTO option_variant (id, name, recommended_price, is_deleted, group_id) VALUES (6071, 'Halloumi chips', 490, false, 1050) ON CONFLICT DO NOTHING;
INSERT INTO option_variant (id, name, recommended_price, is_deleted, group_id) VALUES (6072, 'Greek Fries', 350, false, 1050) ON CONFLICT DO NOTHING;
INSERT INTO option_variant (id, name, recommended_price, is_deleted, group_id) VALUES (6073, 'Bacon Fries', 500, false, 1050) ON CONFLICT DO NOTHING;
INSERT INTO option_variant (id, name, recommended_price, is_deleted, group_id) VALUES (6074, 'Cheddar Fries ', 350, false, 1050) ON CONFLICT DO NOTHING;
INSERT INTO option_group (id, name, is_deleted, max_selection, min_selection, restaurant_id) VALUES (1051, 'Hermes Big', false, 1, 0, 18) ON CONFLICT DO NOTHING;
INSERT INTO option_variant (id, name, recommended_price, is_deleted, group_id) VALUES (6075, 'Hermes Big', 0, false, 1051) ON CONFLICT DO NOTHING;
INSERT INTO option_group (id, name, is_deleted, max_selection, min_selection, restaurant_id) VALUES (1052, 'Choose your Gaia', false, 1, 0, 18) ON CONFLICT DO NOTHING;
INSERT INTO option_variant (id, name, recommended_price, is_deleted, group_id) VALUES (6076, 'Gaia', 0, false, 1052) ON CONFLICT DO NOTHING;
INSERT INTO option_variant (id, name, recommended_price, is_deleted, group_id) VALUES (6077, 'Gaia Big', 60, false, 1052) ON CONFLICT DO NOTHING;
INSERT INTO option_group (id, name, is_deleted, max_selection, min_selection, restaurant_id) VALUES (1053, 'Zgjidh madhësinë', false, 1, 0, 18) ON CONFLICT DO NOTHING;
INSERT INTO option_variant (id, name, recommended_price, is_deleted, group_id) VALUES (6078, 'Minced Beef Skepasti', 0, false, 1053) ON CONFLICT DO NOTHING;
INSERT INTO option_variant (id, name, recommended_price, is_deleted, group_id) VALUES (6079, 'Minced Beef Skepasti Big', 200, false, 1053) ON CONFLICT DO NOTHING;
INSERT INTO option_group (id, name, is_deleted, max_selection, min_selection, restaurant_id) VALUES (1054, 'Drinks', false, 1, 0, 18) ON CONFLICT DO NOTHING;
INSERT INTO option_variant (id, name, recommended_price, is_deleted, group_id) VALUES (6080, 'Coca Cola 0.33l', 0, false, 1054) ON CONFLICT DO NOTHING;
INSERT INTO option_variant (id, name, recommended_price, is_deleted, group_id) VALUES (6081, 'Selita Uje natyral 0.5l', 0, false, 1054) ON CONFLICT DO NOTHING;
INSERT INTO option_variant (id, name, recommended_price, is_deleted, group_id) VALUES (6082, 'Selita Uje me gaz 0.5l', 0, false, 1054) ON CONFLICT DO NOTHING;
INSERT INTO option_variant (id, name, recommended_price, is_deleted, group_id) VALUES (6083, 'Coca Cola Zero 0.33L', 0, false, 1054) ON CONFLICT DO NOTHING;
INSERT INTO option_variant (id, name, recommended_price, is_deleted, group_id) VALUES (6084, 'Fanta Lemon 0.33L', 0, false, 1054) ON CONFLICT DO NOTHING;
INSERT INTO option_variant (id, name, recommended_price, is_deleted, group_id) VALUES (6085, 'Fanta Orange 0.33L', 0, false, 1054) ON CONFLICT DO NOTHING;
INSERT INTO option_variant (id, name, recommended_price, is_deleted, group_id) VALUES (6086, 'Fanta Exotic 0.33L', 0, false, 1054) ON CONFLICT DO NOTHING;
INSERT INTO option_variant (id, name, recommended_price, is_deleted, group_id) VALUES (6087, 'Fanta Zero Lemon 0.33L', 0, false, 1054) ON CONFLICT DO NOTHING;
INSERT INTO option_variant (id, name, recommended_price, is_deleted, group_id) VALUES (6088, 'Lemon Soda 0.33', 0, false, 1054) ON CONFLICT DO NOTHING;
INSERT INTO option_variant (id, name, recommended_price, is_deleted, group_id) VALUES (6089, 'Orange Soda 0.33', 0, false, 1054) ON CONFLICT DO NOTHING;
INSERT INTO option_variant (id, name, recommended_price, is_deleted, group_id) VALUES (6090, 'Sprite 0.33l', 0, false, 1054) ON CONFLICT DO NOTHING;
INSERT INTO option_variant (id, name, recommended_price, is_deleted, group_id) VALUES (6091, 'Ayran/Dhalle', 0, false, 1054) ON CONFLICT DO NOTHING;
INSERT INTO option_variant (id, name, recommended_price, is_deleted, group_id) VALUES (6092, 'Lipton Ice Tea Lemon 0.33', 0, false, 1054) ON CONFLICT DO NOTHING;
INSERT INTO option_variant (id, name, recommended_price, is_deleted, group_id) VALUES (6093, 'Lipton Ice Tea Peach 0.33', 0, false, 1054) ON CONFLICT DO NOTHING;
INSERT INTO option_group (id, name, is_deleted, max_selection, min_selection, restaurant_id) VALUES (1055, 'Chicken Gyros Big', false, 1, 0, 18) ON CONFLICT DO NOTHING;
INSERT INTO option_variant (id, name, recommended_price, is_deleted, group_id) VALUES (6094, 'Chicken Gyros Big', 0, false, 1055) ON CONFLICT DO NOTHING;
INSERT INTO option_group (id, name, is_deleted, max_selection, min_selection, restaurant_id) VALUES (1056, 'French Fries ', false, 1, 0, 18) ON CONFLICT DO NOTHING;
INSERT INTO option_variant (id, name, recommended_price, is_deleted, group_id) VALUES (6095, 'French Fries Large ', 0, false, 1056) ON CONFLICT DO NOTHING;
INSERT INTO option_group (id, name, is_deleted, max_selection, min_selection, restaurant_id) VALUES (1057, 'Medium Fries', false, 1, 0, 18) ON CONFLICT DO NOTHING;
INSERT INTO option_variant (id, name, recommended_price, is_deleted, group_id) VALUES (6096, 'Medium Fries', 0, false, 1057) ON CONFLICT DO NOTHING;
INSERT INTO option_group (id, name, is_deleted, max_selection, min_selection, restaurant_id) VALUES (1058, 'Halloumi Pita Big', false, 1, 0, 18) ON CONFLICT DO NOTHING;
INSERT INTO option_variant (id, name, recommended_price, is_deleted, group_id) VALUES (6097, 'Halloumi Pita Big', 0, false, 1058) ON CONFLICT DO NOTHING;
INSERT INTO option_group (id, name, is_deleted, max_selection, min_selection, restaurant_id) VALUES (1059, 'Select Fries 1', false, 1, 0, 18) ON CONFLICT DO NOTHING;
INSERT INTO option_variant (id, name, recommended_price, is_deleted, group_id) VALUES (6098, 'Large Fries ', 70, false, 1059) ON CONFLICT DO NOTHING;
INSERT INTO option_variant (id, name, recommended_price, is_deleted, group_id) VALUES (6099, 'No Extra Fries ', 0, false, 1059) ON CONFLICT DO NOTHING;
INSERT INTO option_group (id, name, is_deleted, max_selection, min_selection, restaurant_id) VALUES (1060, 'BBQ Chicken Wings (6 cope) ', false, 1, 0, 18) ON CONFLICT DO NOTHING;
INSERT INTO option_variant (id, name, recommended_price, is_deleted, group_id) VALUES (6100, 'BBQ Chicken Wings (6 cope)', 0, false, 1060) ON CONFLICT DO NOTHING;
INSERT INTO option_group (id, name, is_deleted, max_selection, min_selection, restaurant_id) VALUES (1061, 'Minced Beef Skepasti Big', false, 1, 0, 18) ON CONFLICT DO NOTHING;
INSERT INTO option_variant (id, name, recommended_price, is_deleted, group_id) VALUES (6101, 'Minced Beef Skepasti Big', 0, false, 1061) ON CONFLICT DO NOTHING;
INSERT INTO option_group (id, name, is_deleted, max_selection, min_selection, restaurant_id) VALUES (1062, 'Drinks for Big', false, 1, 0, 18) ON CONFLICT DO NOTHING;
INSERT INTO option_variant (id, name, recommended_price, is_deleted, group_id) VALUES (6102, 'Selita Uje natyral 0.5l', 0, false, 1062) ON CONFLICT DO NOTHING;
INSERT INTO option_variant (id, name, recommended_price, is_deleted, group_id) VALUES (6103, 'Selita Uje me gaz 0.5l', 0, false, 1062) ON CONFLICT DO NOTHING;
INSERT INTO option_variant (id, name, recommended_price, is_deleted, group_id) VALUES (6104, 'Coca Cola 0.33l', 0, false, 1062) ON CONFLICT DO NOTHING;
INSERT INTO option_variant (id, name, recommended_price, is_deleted, group_id) VALUES (6105, 'Coca Cola Zero 0.33L', 0, false, 1062) ON CONFLICT DO NOTHING;
INSERT INTO option_variant (id, name, recommended_price, is_deleted, group_id) VALUES (6106, 'Fanta Exotic 0.33L', 0, false, 1062) ON CONFLICT DO NOTHING;
INSERT INTO option_variant (id, name, recommended_price, is_deleted, group_id) VALUES (6107, 'Fanta Orange 0.33L', 0, false, 1062) ON CONFLICT DO NOTHING;
INSERT INTO option_variant (id, name, recommended_price, is_deleted, group_id) VALUES (6108, 'Lemon Soda 0.33', 0, false, 1062) ON CONFLICT DO NOTHING;
INSERT INTO option_variant (id, name, recommended_price, is_deleted, group_id) VALUES (6109, 'Orange Soda 0.33', 0, false, 1062) ON CONFLICT DO NOTHING;
INSERT INTO option_variant (id, name, recommended_price, is_deleted, group_id) VALUES (6110, 'Sprite 0.33l', 0, false, 1062) ON CONFLICT DO NOTHING;
INSERT INTO option_variant (id, name, recommended_price, is_deleted, group_id) VALUES (6111, 'Ayran/Dhalle', 0, false, 1062) ON CONFLICT DO NOTHING;
INSERT INTO option_variant (id, name, recommended_price, is_deleted, group_id) VALUES (6112, 'Lipton Ice Tea Peach 0.33', 0, false, 1062) ON CONFLICT DO NOTHING;
INSERT INTO option_variant (id, name, recommended_price, is_deleted, group_id) VALUES (6113, 'Lipton Ice Tea Lemon 0.33', 0, false, 1062) ON CONFLICT DO NOTHING;
INSERT INTO option_variant (id, name, recommended_price, is_deleted, group_id) VALUES (6114, 'Fanta Lemon 0.33L', 0, false, 1062) ON CONFLICT DO NOTHING;
INSERT INTO option_group (id, name, is_deleted, max_selection, min_selection, restaurant_id) VALUES (1063, 'Drinks', false, 1, 0, 18) ON CONFLICT DO NOTHING;
INSERT INTO option_variant (id, name, recommended_price, is_deleted, group_id) VALUES (6115, 'Coca Cola 0.33l', 0, false, 1063) ON CONFLICT DO NOTHING;
INSERT INTO option_variant (id, name, recommended_price, is_deleted, group_id) VALUES (6116, 'Selita Uje natyral 0.5l', 0, false, 1063) ON CONFLICT DO NOTHING;
INSERT INTO option_variant (id, name, recommended_price, is_deleted, group_id) VALUES (6117, 'Selita Uje me gaz 0.5l', 0, false, 1063) ON CONFLICT DO NOTHING;
INSERT INTO option_variant (id, name, recommended_price, is_deleted, group_id) VALUES (6118, 'Coca Cola Zero 0.33L', 0, false, 1063) ON CONFLICT DO NOTHING;
INSERT INTO option_variant (id, name, recommended_price, is_deleted, group_id) VALUES (6119, 'Fanta Lemon 0.33L', 0, false, 1063) ON CONFLICT DO NOTHING;
INSERT INTO option_variant (id, name, recommended_price, is_deleted, group_id) VALUES (6120, 'Fanta Orange 0.33L', 0, false, 1063) ON CONFLICT DO NOTHING;
INSERT INTO option_variant (id, name, recommended_price, is_deleted, group_id) VALUES (6121, 'Fanta Exotic 0.33L', 0, false, 1063) ON CONFLICT DO NOTHING;
INSERT INTO option_variant (id, name, recommended_price, is_deleted, group_id) VALUES (6122, 'Fanta Zero Lemon 0.33L', 0, false, 1063) ON CONFLICT DO NOTHING;
INSERT INTO option_variant (id, name, recommended_price, is_deleted, group_id) VALUES (6123, 'Lemon Soda 0.33', 0, false, 1063) ON CONFLICT DO NOTHING;
INSERT INTO option_variant (id, name, recommended_price, is_deleted, group_id) VALUES (6124, 'Orange Soda 0.33', 0, false, 1063) ON CONFLICT DO NOTHING;
INSERT INTO option_variant (id, name, recommended_price, is_deleted, group_id) VALUES (6125, 'Sprite 0.33l', 0, false, 1063) ON CONFLICT DO NOTHING;
INSERT INTO option_variant (id, name, recommended_price, is_deleted, group_id) VALUES (6126, 'Ayran/Dhalle', 0, false, 1063) ON CONFLICT DO NOTHING;
INSERT INTO option_variant (id, name, recommended_price, is_deleted, group_id) VALUES (6127, 'Lipton Ice Tea Lemon 0.33', 0, false, 1063) ON CONFLICT DO NOTHING;
INSERT INTO option_variant (id, name, recommended_price, is_deleted, group_id) VALUES (6128, 'Lipton Ice Tea Peach 0.33', 0, false, 1063) ON CONFLICT DO NOTHING;
INSERT INTO option_group (id, name, is_deleted, max_selection, min_selection, restaurant_id) VALUES (1064, 'Kebap Pita', false, 1, 0, 18) ON CONFLICT DO NOTHING;
INSERT INTO option_variant (id, name, recommended_price, is_deleted, group_id) VALUES (6129, 'Kebab Pita', 0, false, 1064) ON CONFLICT DO NOTHING;
INSERT INTO option_group (id, name, is_deleted, max_selection, min_selection, restaurant_id) VALUES (1065, 'Chicken Doner ', false, 1, 0, 18) ON CONFLICT DO NOTHING;
INSERT INTO option_variant (id, name, recommended_price, is_deleted, group_id) VALUES (6130, 'Chicken Doner ', 0, false, 1065) ON CONFLICT DO NOTHING;
INSERT INTO option_group (id, name, is_deleted, max_selection, min_selection, restaurant_id) VALUES (1066, 'Choose your Loukomades Ruspberry and Pistachio', false, 1, 0, 18) ON CONFLICT DO NOTHING;
INSERT INTO option_variant (id, name, recommended_price, is_deleted, group_id) VALUES (6131, 'Loukomadhes Ruspberry and Pistachio 1/2', 0, false, 1066) ON CONFLICT DO NOTHING;
INSERT INTO option_variant (id, name, recommended_price, is_deleted, group_id) VALUES (6132, 'Loukomadhes Ruspberry and Pistachio', 200, false, 1066) ON CONFLICT DO NOTHING;
INSERT INTO option_group (id, name, is_deleted, max_selection, min_selection, restaurant_id) VALUES (1067, 'Minced Beef Skepasti', false, 1, 0, 18) ON CONFLICT DO NOTHING;
INSERT INTO option_variant (id, name, recommended_price, is_deleted, group_id) VALUES (6133, 'Minced Beef Skepasti', 0, false, 1067) ON CONFLICT DO NOTHING;
INSERT INTO option_group (id, name, is_deleted, max_selection, min_selection, restaurant_id) VALUES (1068, 'Zgjidh bazën', false, 1, 0, 18) ON CONFLICT DO NOTHING;
INSERT INTO option_variant (id, name, recommended_price, is_deleted, group_id) VALUES (6134, 'Dias Bowl(Rice) DEL', 0, false, 1068) ON CONFLICT DO NOTHING;
INSERT INTO option_variant (id, name, recommended_price, is_deleted, group_id) VALUES (6135, 'Dias Bowl(Fries) DEL', 0, false, 1068) ON CONFLICT DO NOTHING;
INSERT INTO option_group (id, name, is_deleted, max_selection, min_selection, restaurant_id) VALUES (1069, 'Zgjidh bazën', false, 1, 0, 18) ON CONFLICT DO NOTHING;
INSERT INTO option_variant (id, name, recommended_price, is_deleted, group_id) VALUES (6136, 'Pork Gyros Bowl(Rice) DEL', 0, false, 1069) ON CONFLICT DO NOTHING;
INSERT INTO option_variant (id, name, recommended_price, is_deleted, group_id) VALUES (6137, 'Pork Gyros Bowl (Fries) DEL', 0, false, 1069) ON CONFLICT DO NOTHING;
INSERT INTO option_group (id, name, is_deleted, max_selection, min_selection, restaurant_id) VALUES (1070, 'Zgjidh madhësinë', false, 1, 0, 18) ON CONFLICT DO NOTHING;
INSERT INTO option_variant (id, name, recommended_price, is_deleted, group_id) VALUES (6138, 'Truffle Chicken Gyros ', 0, false, 1070) ON CONFLICT DO NOTHING;
INSERT INTO option_variant (id, name, recommended_price, is_deleted, group_id) VALUES (6139, 'Truffle Chicken Gyros Big ', 120, false, 1070) ON CONFLICT DO NOTHING;
INSERT INTO option_group (id, name, is_deleted, max_selection, min_selection, restaurant_id) VALUES (1071, 'Zgjidh madhësinë', false, 1, 0, 18) ON CONFLICT DO NOTHING;
INSERT INTO option_variant (id, name, recommended_price, is_deleted, group_id) VALUES (6140, 'Halloumi Pita', 0, false, 1071) ON CONFLICT DO NOTHING;
INSERT INTO option_variant (id, name, recommended_price, is_deleted, group_id) VALUES (6141, 'Halloumi Pita Big', 150, false, 1071) ON CONFLICT DO NOTHING;
INSERT INTO option_group (id, name, is_deleted, max_selection, min_selection, restaurant_id) VALUES (1072, 'Zgjidh madhësinë', false, 1, 0, 18) ON CONFLICT DO NOTHING;
INSERT INTO option_variant (id, name, recommended_price, is_deleted, group_id) VALUES (6142, 'Chicken Breast Pita', 0, false, 1072) ON CONFLICT DO NOTHING;
INSERT INTO option_variant (id, name, recommended_price, is_deleted, group_id) VALUES (6143, 'Chicken Breast Pita Big', 140, false, 1072) ON CONFLICT DO NOTHING;
INSERT INTO option_group (id, name, is_deleted, max_selection, min_selection, restaurant_id) VALUES (1073, 'Zgjidh madhësinë', false, 1, 0, 18) ON CONFLICT DO NOTHING;
INSERT INTO option_variant (id, name, recommended_price, is_deleted, group_id) VALUES (6144, 'Falafel Pita Hummus', 0, false, 1073) ON CONFLICT DO NOTHING;
INSERT INTO option_variant (id, name, recommended_price, is_deleted, group_id) VALUES (6145, 'Falafel Pita Big Hummus', 100, false, 1073) ON CONFLICT DO NOTHING;
INSERT INTO option_group (id, name, is_deleted, max_selection, min_selection, restaurant_id) VALUES (1074, 'Zgjidh madhësinë', false, 1, 0, 18) ON CONFLICT DO NOTHING;
INSERT INTO option_variant (id, name, recommended_price, is_deleted, group_id) VALUES (6146, 'Eros', 0, false, 1074) ON CONFLICT DO NOTHING;
INSERT INTO option_variant (id, name, recommended_price, is_deleted, group_id) VALUES (6147, 'Eros Big ', 130, false, 1074) ON CONFLICT DO NOTHING;
INSERT INTO option_group (id, name, is_deleted, max_selection, min_selection, restaurant_id) VALUES (1075, 'Shto Proteine ', false, 1, 0, 18) ON CONFLICT DO NOTHING;
INSERT INTO option_variant (id, name, recommended_price, is_deleted, group_id) VALUES (6148, 'Chicken Skewers 1 cope DEL', 250, false, 1075) ON CONFLICT DO NOTHING;
INSERT INTO option_group (id, name, is_deleted, max_selection, min_selection, restaurant_id) VALUES (1076, 'Zgjidh madhësinë', false, 1, 0, 18) ON CONFLICT DO NOTHING;
INSERT INTO option_variant (id, name, recommended_price, is_deleted, group_id) VALUES (6149, 'Chicken Skepasti DEL (Sos)', 0, false, 1076) ON CONFLICT DO NOTHING;
INSERT INTO option_variant (id, name, recommended_price, is_deleted, group_id) VALUES (6150, 'Chicken Skepasti Big (Sos)', 170, false, 1076) ON CONFLICT DO NOTHING;
INSERT INTO option_group (id, name, is_deleted, max_selection, min_selection, restaurant_id) VALUES (1077, 'Zeus', false, 1, 0, 18) ON CONFLICT DO NOTHING;
INSERT INTO option_variant (id, name, recommended_price, is_deleted, group_id) VALUES (6151, 'Zeus', 0, false, 1077) ON CONFLICT DO NOTHING;
INSERT INTO option_group (id, name, is_deleted, max_selection, min_selection, restaurant_id) VALUES (1078, 'Zgjidh Salcen', false, 1, 0, 18) ON CONFLICT DO NOTHING;
INSERT INTO option_variant (id, name, recommended_price, is_deleted, group_id) VALUES (6152, 'OPA Mayo', 50, false, 1078) ON CONFLICT DO NOTHING;
INSERT INTO option_variant (id, name, recommended_price, is_deleted, group_id) VALUES (6153, 'Chili Garlic Mayo', 50, false, 1078) ON CONFLICT DO NOTHING;
INSERT INTO option_variant (id, name, recommended_price, is_deleted, group_id) VALUES (6154, 'Tzatziki Sauce', 30, false, 1078) ON CONFLICT DO NOTHING;
INSERT INTO option_variant (id, name, recommended_price, is_deleted, group_id) VALUES (6155, 'Greekamole', 50, false, 1078) ON CONFLICT DO NOTHING;
INSERT INTO option_variant (id, name, recommended_price, is_deleted, group_id) VALUES (6156, 'Yougurt Sauce ', 50, false, 1078) ON CONFLICT DO NOTHING;
INSERT INTO option_variant (id, name, recommended_price, is_deleted, group_id) VALUES (6157, 'Bacon Mayo Sauce', 50, false, 1078) ON CONFLICT DO NOTHING;
INSERT INTO option_group (id, name, is_deleted, max_selection, min_selection, restaurant_id) VALUES (1079, 'BBQ Chicken Wings (10 cope)', false, 1, 0, 18) ON CONFLICT DO NOTHING;
INSERT INTO option_variant (id, name, recommended_price, is_deleted, group_id) VALUES (6158, 'BBQ Chicken Wings (10 cope)', 0, false, 1079) ON CONFLICT DO NOTHING;
INSERT INTO option_group (id, name, is_deleted, max_selection, min_selection, restaurant_id) VALUES (1080, 'Zgjidh bazën', false, 1, 0, 18) ON CONFLICT DO NOTHING;
INSERT INTO option_variant (id, name, recommended_price, is_deleted, group_id) VALUES (6159, 'Schnitzel Bowl(Rice) DEL', 0, false, 1080) ON CONFLICT DO NOTHING;
INSERT INTO option_variant (id, name, recommended_price, is_deleted, group_id) VALUES (6160, ' Schnitzel Bowl (Fries) DEL', 0, false, 1080) ON CONFLICT DO NOTHING;
INSERT INTO option_group (id, name, is_deleted, max_selection, min_selection, restaurant_id) VALUES (1081, 'Shto proteine', false, 1, 0, 18) ON CONFLICT DO NOTHING;
INSERT INTO option_variant (id, name, recommended_price, is_deleted, group_id) VALUES (6161, 'Kebab Skewers 1 cope', 250, false, 1081) ON CONFLICT DO NOTHING;
INSERT INTO option_group (id, name, is_deleted, max_selection, min_selection, restaurant_id) VALUES (1082, 'Gaia', false, 1, 0, 18) ON CONFLICT DO NOTHING;
INSERT INTO option_variant (id, name, recommended_price, is_deleted, group_id) VALUES (6162, 'Gaia', 0, false, 1082) ON CONFLICT DO NOTHING;
INSERT INTO option_group (id, name, is_deleted, max_selection, min_selection, restaurant_id) VALUES (1083, 'Shto proteine', false, 1, 0, 18) ON CONFLICT DO NOTHING;
INSERT INTO option_variant (id, name, recommended_price, is_deleted, group_id) VALUES (6163, 'Pork Skewers 1 cope ', 250, false, 1083) ON CONFLICT DO NOTHING;
INSERT INTO option_group (id, name, is_deleted, max_selection, min_selection, restaurant_id) VALUES (1084, 'Zgjidh madhësinë', false, 1, 0, 18) ON CONFLICT DO NOTHING;
INSERT INTO option_variant (id, name, recommended_price, is_deleted, group_id) VALUES (6164, 'Zeus', 0, false, 1084) ON CONFLICT DO NOTHING;
INSERT INTO option_variant (id, name, recommended_price, is_deleted, group_id) VALUES (6165, 'Zeus Big', 60, false, 1084) ON CONFLICT DO NOTHING;
INSERT INTO option_group (id, name, is_deleted, max_selection, min_selection, restaurant_id) VALUES (1085, 'Choose your Loukomades me Mjalte dhe Arra', false, 1, 0, 18) ON CONFLICT DO NOTHING;
INSERT INTO option_variant (id, name, recommended_price, is_deleted, group_id) VALUES (6166, 'Loukoumades with Hoeny and Huts   1/2', 0, false, 1085) ON CONFLICT DO NOTHING;
INSERT INTO option_variant (id, name, recommended_price, is_deleted, group_id) VALUES (6167, 'Loukoumades with Honey and Nuts', 200, false, 1085) ON CONFLICT DO NOTHING;
INSERT INTO option_group (id, name, is_deleted, max_selection, min_selection, restaurant_id) VALUES (1086, 'Zgjidh madhësinë', false, 1, 0, 18) ON CONFLICT DO NOTHING;
INSERT INTO option_variant (id, name, recommended_price, is_deleted, group_id) VALUES (6168, 'Pork Gyros DEL', 0, false, 1086) ON CONFLICT DO NOTHING;
INSERT INTO option_variant (id, name, recommended_price, is_deleted, group_id) VALUES (6169, 'Pork Gyros Big DEL', 100, false, 1086) ON CONFLICT DO NOTHING;
INSERT INTO option_group (id, name, is_deleted, max_selection, min_selection, restaurant_id) VALUES (1087, 'Shto Sides ', false, 1, 0, 18) ON CONFLICT DO NOTHING;
INSERT INTO option_variant (id, name, recommended_price, is_deleted, group_id) VALUES (6170, 'BBQ Chicken Wings (6 cope)', 400, false, 1087) ON CONFLICT DO NOTHING;
INSERT INTO option_variant (id, name, recommended_price, is_deleted, group_id) VALUES (6171, 'BBQ Chicken Wings (8 cope)', 570, false, 1087) ON CONFLICT DO NOTHING;
INSERT INTO option_variant (id, name, recommended_price, is_deleted, group_id) VALUES (6172, 'BBQ Chicken Wings (10 cope)', 720, false, 1087) ON CONFLICT DO NOTHING;
INSERT INTO option_variant (id, name, recommended_price, is_deleted, group_id) VALUES (6173, '2 pieces Kackavall Chips', 150, false, 1087) ON CONFLICT DO NOTHING;
INSERT INTO option_variant (id, name, recommended_price, is_deleted, group_id) VALUES (6174, 'Fried Zucchini Balls ', 280, false, 1087) ON CONFLICT DO NOTHING;
INSERT INTO option_variant (id, name, recommended_price, is_deleted, group_id) VALUES (6175, 'Kashkaval Chips', 490, false, 1087) ON CONFLICT DO NOTHING;
INSERT INTO option_variant (id, name, recommended_price, is_deleted, group_id) VALUES (6176, 'Moussaka Croquettes', 300, false, 1087) ON CONFLICT DO NOTHING;
INSERT INTO option_variant (id, name, recommended_price, is_deleted, group_id) VALUES (6177, 'Halloumi chips', 490, false, 1087) ON CONFLICT DO NOTHING;
INSERT INTO option_variant (id, name, recommended_price, is_deleted, group_id) VALUES (6178, 'Greek Fries', 350, false, 1087) ON CONFLICT DO NOTHING;
INSERT INTO option_variant (id, name, recommended_price, is_deleted, group_id) VALUES (6179, 'Bacon Fries', 500, false, 1087) ON CONFLICT DO NOTHING;
INSERT INTO option_variant (id, name, recommended_price, is_deleted, group_id) VALUES (6180, 'Cheddar Fries ', 350, false, 1087) ON CONFLICT DO NOTHING;
INSERT INTO option_group (id, name, is_deleted, max_selection, min_selection, restaurant_id) VALUES (1088, 'Choose your Loukoumades me Nutella Dhe Lajthi', false, 1, 0, 18) ON CONFLICT DO NOTHING;
INSERT INTO option_variant (id, name, recommended_price, is_deleted, group_id) VALUES (6181, 'Loukoumades  with Nutella and Hazelnut 1/2', 0, false, 1088) ON CONFLICT DO NOTHING;
INSERT INTO option_variant (id, name, recommended_price, is_deleted, group_id) VALUES (6182, 'Loukoumades with Nutella and Hazelnut', 200, false, 1088) ON CONFLICT DO NOTHING;
INSERT INTO option_group (id, name, is_deleted, max_selection, min_selection, restaurant_id) VALUES (1089, 'Sauces', false, 1, 0, 18) ON CONFLICT DO NOTHING;
INSERT INTO option_variant (id, name, recommended_price, is_deleted, group_id) VALUES (6183, 'Ketchup Bustine', 0, false, 1089) ON CONFLICT DO NOTHING;
INSERT INTO option_variant (id, name, recommended_price, is_deleted, group_id) VALUES (6184, 'Mustarde - bustine', 0, false, 1089) ON CONFLICT DO NOTHING;
INSERT INTO option_group (id, name, is_deleted, max_selection, min_selection, restaurant_id) VALUES (1090, 'Chicken Breast Pita Big', false, 1, 0, 18) ON CONFLICT DO NOTHING;
INSERT INTO option_variant (id, name, recommended_price, is_deleted, group_id) VALUES (6185, 'Chicken Breast Pita Big', 0, false, 1090) ON CONFLICT DO NOTHING;
INSERT INTO option_group (id, name, is_deleted, max_selection, min_selection, restaurant_id) VALUES (1091, 'Pork Gyros Big', false, 1, 0, 18) ON CONFLICT DO NOTHING;
INSERT INTO option_variant (id, name, recommended_price, is_deleted, group_id) VALUES (6186, 'Pork Gyros Big', 0, false, 1091) ON CONFLICT DO NOTHING;
INSERT INTO option_group (id, name, is_deleted, max_selection, min_selection, restaurant_id) VALUES (1092, 'Medium Fries', false, 1, 0, 18) ON CONFLICT DO NOTHING;
INSERT INTO option_variant (id, name, recommended_price, is_deleted, group_id) VALUES (6187, 'Medium Fries', 0, false, 1092) ON CONFLICT DO NOTHING;
INSERT INTO option_group (id, name, is_deleted, max_selection, min_selection, restaurant_id) VALUES (1093, 'Falafel Pita', false, 1, 0, 18) ON CONFLICT DO NOTHING;
INSERT INTO option_variant (id, name, recommended_price, is_deleted, group_id) VALUES (6188, 'Falafel Pita Yougurt', 0, false, 1093) ON CONFLICT DO NOTHING;
INSERT INTO option_variant (id, name, recommended_price, is_deleted, group_id) VALUES (6189, 'Falafel Pita Hummus', 0, false, 1093) ON CONFLICT DO NOTHING;
INSERT INTO option_group (id, name, is_deleted, max_selection, min_selection, restaurant_id) VALUES (1094, 'BBQ Chicken Wings (4 cope)', false, 1, 0, 18) ON CONFLICT DO NOTHING;
INSERT INTO option_variant (id, name, recommended_price, is_deleted, group_id) VALUES (6190, 'BBQ Chicken Wings (4 cope)', 0, false, 1094) ON CONFLICT DO NOTHING;
INSERT INTO option_group (id, name, is_deleted, max_selection, min_selection, restaurant_id) VALUES (1095, 'Kebab Pita Big', false, 1, 0, 18) ON CONFLICT DO NOTHING;
INSERT INTO option_variant (id, name, recommended_price, is_deleted, group_id) VALUES (6191, 'Kebab Pita Big', 0, false, 1095) ON CONFLICT DO NOTHING;
INSERT INTO option_group (id, name, is_deleted, max_selection, min_selection, restaurant_id) VALUES (1096, 'Choose Your Sauce ', false, 1, 0, 18) ON CONFLICT DO NOTHING;
INSERT INTO option_variant (id, name, recommended_price, is_deleted, group_id) VALUES (6192, 'Ketchup Bustine', 0, false, 1096) ON CONFLICT DO NOTHING;
INSERT INTO option_variant (id, name, recommended_price, is_deleted, group_id) VALUES (6193, 'Mustarde - bustine', 0, false, 1096) ON CONFLICT DO NOTHING;
INSERT INTO option_variant (id, name, recommended_price, is_deleted, group_id) VALUES (6194, 'Sweet chilli & tarragon sauce', 0, false, 1096) ON CONFLICT DO NOTHING;
INSERT INTO option_variant (id, name, recommended_price, is_deleted, group_id) VALUES (6195, 'Chili Garlic Mayo', 0, false, 1096) ON CONFLICT DO NOTHING;
INSERT INTO option_variant (id, name, recommended_price, is_deleted, group_id) VALUES (6196, 'Truffle Mayo', 0, false, 1096) ON CONFLICT DO NOTHING;
INSERT INTO option_variant (id, name, recommended_price, is_deleted, group_id) VALUES (6197, 'Bacon Mayo Sauce', 0, false, 1096) ON CONFLICT DO NOTHING;
INSERT INTO option_variant (id, name, recommended_price, is_deleted, group_id) VALUES (6198, 'Tzatziki Sauce', 0, false, 1096) ON CONFLICT DO NOTHING;
INSERT INTO option_variant (id, name, recommended_price, is_deleted, group_id) VALUES (6199, 'Homemade Pickled Cucumber', 0, false, 1096) ON CONFLICT DO NOTHING;
INSERT INTO option_variant (id, name, recommended_price, is_deleted, group_id) VALUES (6200, 'Cheddar Sauce ', 0, false, 1096) ON CONFLICT DO NOTHING;
INSERT INTO option_variant (id, name, recommended_price, is_deleted, group_id) VALUES (6201, 'Hummus Small', 0, false, 1096) ON CONFLICT DO NOTHING;
INSERT INTO option_variant (id, name, recommended_price, is_deleted, group_id) VALUES (6202, 'Mayonnaise Bustine', 0, false, 1096) ON CONFLICT DO NOTHING;
INSERT INTO option_variant (id, name, recommended_price, is_deleted, group_id) VALUES (6203, 'OPA Mayo', 0, false, 1096) ON CONFLICT DO NOTHING;
INSERT INTO option_variant (id, name, recommended_price, is_deleted, group_id) VALUES (6204, 'Yougurt Sauce ', 0, false, 1096) ON CONFLICT DO NOTHING;
INSERT INTO option_group (id, name, is_deleted, max_selection, min_selection, restaurant_id) VALUES (1097, 'Zgjidh madhësinë', false, 1, 0, 18) ON CONFLICT DO NOTHING;
INSERT INTO option_variant (id, name, recommended_price, is_deleted, group_id) VALUES (6205, 'Hermes', 0, false, 1097) ON CONFLICT DO NOTHING;
INSERT INTO option_variant (id, name, recommended_price, is_deleted, group_id) VALUES (6206, 'Hermes Big', 90, false, 1097) ON CONFLICT DO NOTHING;
INSERT INTO option_group (id, name, is_deleted, max_selection, min_selection, restaurant_id) VALUES (1098, 'Barbeque Pork Sandwich ', false, 1, 0, 18) ON CONFLICT DO NOTHING;
INSERT INTO option_variant (id, name, recommended_price, is_deleted, group_id) VALUES (6207, 'Barbeque Pork Sandwich', 0, false, 1098) ON CONFLICT DO NOTHING;
INSERT INTO option_group (id, name, is_deleted, max_selection, min_selection, restaurant_id) VALUES (1099, 'Roast Lamb Sandwich', false, 1, 0, 18) ON CONFLICT DO NOTHING;
INSERT INTO option_variant (id, name, recommended_price, is_deleted, group_id) VALUES (6208, 'Roast Lamb Sandwich ', 0, false, 1099) ON CONFLICT DO NOTHING;
INSERT INTO option_group (id, name, is_deleted, max_selection, min_selection, restaurant_id) VALUES (1100, 'Red Bull Infusion Berry Mix/Mango', false, 1, 0, 18) ON CONFLICT DO NOTHING;
INSERT INTO option_variant (id, name, recommended_price, is_deleted, group_id) VALUES (6209, 'Red Bull Infusion Berry Mix ', 0, false, 1100) ON CONFLICT DO NOTHING;
INSERT INTO option_variant (id, name, recommended_price, is_deleted, group_id) VALUES (6210, 'Red Bull Infusion Mango', 0, false, 1100) ON CONFLICT DO NOTHING;
INSERT INTO option_group (id, name, is_deleted, max_selection, min_selection, restaurant_id) VALUES (1101, 'Pork Doner ', false, 1, 0, 18) ON CONFLICT DO NOTHING;
INSERT INTO option_variant (id, name, recommended_price, is_deleted, group_id) VALUES (6211, 'Pork Doner ', 0, false, 1101) ON CONFLICT DO NOTHING;
INSERT INTO option_group (id, name, is_deleted, max_selection, min_selection, restaurant_id) VALUES (1102, 'Preferenca e mishit', false, 1, 0, 18) ON CONFLICT DO NOTHING;
INSERT INTO option_variant (id, name, recommended_price, is_deleted, group_id) VALUES (6212, 'Junior Chicken Gyros Combo', 0, false, 1102) ON CONFLICT DO NOTHING;
INSERT INTO option_variant (id, name, recommended_price, is_deleted, group_id) VALUES (6213, 'Junior Pork Gyros Combo', 0, false, 1102) ON CONFLICT DO NOTHING;
INSERT INTO option_group (id, name, is_deleted, max_selection, min_selection, restaurant_id) VALUES (1103, 'Preferenca e mishit', false, 1, 0, 18) ON CONFLICT DO NOTHING;
INSERT INTO option_variant (id, name, recommended_price, is_deleted, group_id) VALUES (6214, 'Junior Chicken Tortilla Combo', 0, false, 1103) ON CONFLICT DO NOTHING;
INSERT INTO option_variant (id, name, recommended_price, is_deleted, group_id) VALUES (6215, 'Junior Pork Tortilla Combo', 0, false, 1103) ON CONFLICT DO NOTHING;
INSERT INTO option_group (id, name, is_deleted, max_selection, min_selection, restaurant_id) VALUES (1104, 'Shto pite', false, 1, 0, 18) ON CONFLICT DO NOTHING;
INSERT INTO option_variant (id, name, recommended_price, is_deleted, group_id) VALUES (6216, 'Pita Extra', 40, false, 1104) ON CONFLICT DO NOTHING;
INSERT INTO option_group (id, name, is_deleted, max_selection, min_selection, restaurant_id) VALUES (1105, 'Zgjidh madhësinë', false, 1, 0, 18) ON CONFLICT DO NOTHING;
INSERT INTO option_variant (id, name, recommended_price, is_deleted, group_id) VALUES (6217, 'Apollo Pita', 0, false, 1105) ON CONFLICT DO NOTHING;
INSERT INTO option_variant (id, name, recommended_price, is_deleted, group_id) VALUES (6218, 'Apollo Pita Big', 100, false, 1105) ON CONFLICT DO NOTHING;
INSERT INTO option_group (id, name, is_deleted, max_selection, min_selection, restaurant_id) VALUES (1106, 'Zgjidh madhësinë', false, 1, 0, 18) ON CONFLICT DO NOTHING;
INSERT INTO option_variant (id, name, recommended_price, is_deleted, group_id) VALUES (6219, 'Falafel Pita Yougurt', 0, false, 1106) ON CONFLICT DO NOTHING;
INSERT INTO option_variant (id, name, recommended_price, is_deleted, group_id) VALUES (6220, 'Falafel Pita Big Yougurt', 100, false, 1106) ON CONFLICT DO NOTHING;
INSERT INTO option_group (id, name, is_deleted, max_selection, min_selection, restaurant_id) VALUES (1107, 'Coca Cola Draft 0.25l or 0.33l', false, 1, 0, 18) ON CONFLICT DO NOTHING;
INSERT INTO option_variant (id, name, recommended_price, is_deleted, group_id) VALUES (6221, 'Selita Uje natyral 0.5l', 0, false, 1107) ON CONFLICT DO NOTHING;
INSERT INTO option_variant (id, name, recommended_price, is_deleted, group_id) VALUES (6222, 'Coca Cola 0.33l', 0, false, 1107) ON CONFLICT DO NOTHING;
INSERT INTO option_variant (id, name, recommended_price, is_deleted, group_id) VALUES (6223, 'Coca Cola Zero 0.33L', 0, false, 1107) ON CONFLICT DO NOTHING;
INSERT INTO option_group (id, name, is_deleted, max_selection, min_selection, restaurant_id) VALUES (1108, 'Falafel Pita Big ', false, 1, 0, 18) ON CONFLICT DO NOTHING;
INSERT INTO option_variant (id, name, recommended_price, is_deleted, group_id) VALUES (6224, 'Falafel Pita Big Yougurt', 0, false, 1108) ON CONFLICT DO NOTHING;
INSERT INTO option_variant (id, name, recommended_price, is_deleted, group_id) VALUES (6225, 'Falafel Pita Big Hummus', 0, false, 1108) ON CONFLICT DO NOTHING;
INSERT INTO option_group (id, name, is_deleted, max_selection, min_selection, restaurant_id) VALUES (1109, 'Choose Your Sauce ', false, 1, 0, 18) ON CONFLICT DO NOTHING;
INSERT INTO option_variant (id, name, recommended_price, is_deleted, group_id) VALUES (6226, 'Ketchup Bustine', 0, false, 1109) ON CONFLICT DO NOTHING;
INSERT INTO option_variant (id, name, recommended_price, is_deleted, group_id) VALUES (6227, 'Mustarde - bustine', 0, false, 1109) ON CONFLICT DO NOTHING;
INSERT INTO option_variant (id, name, recommended_price, is_deleted, group_id) VALUES (6228, 'Sweet chilli & tarragon sauce', 0, false, 1109) ON CONFLICT DO NOTHING;
INSERT INTO option_variant (id, name, recommended_price, is_deleted, group_id) VALUES (6229, 'Chili Garlic Mayo', 0, false, 1109) ON CONFLICT DO NOTHING;
INSERT INTO option_variant (id, name, recommended_price, is_deleted, group_id) VALUES (6230, 'Truffle Mayo', 0, false, 1109) ON CONFLICT DO NOTHING;
INSERT INTO option_variant (id, name, recommended_price, is_deleted, group_id) VALUES (6231, 'Bacon Mayo Sauce', 0, false, 1109) ON CONFLICT DO NOTHING;
INSERT INTO option_variant (id, name, recommended_price, is_deleted, group_id) VALUES (6232, 'Tzatziki Sauce', 0, false, 1109) ON CONFLICT DO NOTHING;
INSERT INTO option_variant (id, name, recommended_price, is_deleted, group_id) VALUES (6233, 'Homemade Pickled Cucumber', 0, false, 1109) ON CONFLICT DO NOTHING;
INSERT INTO option_variant (id, name, recommended_price, is_deleted, group_id) VALUES (6234, 'Cheddar Sauce ', 0, false, 1109) ON CONFLICT DO NOTHING;
INSERT INTO option_variant (id, name, recommended_price, is_deleted, group_id) VALUES (6235, 'Hummus Small', 0, false, 1109) ON CONFLICT DO NOTHING;
INSERT INTO option_variant (id, name, recommended_price, is_deleted, group_id) VALUES (6236, 'Mayonnaise Bustine', 0, false, 1109) ON CONFLICT DO NOTHING;
INSERT INTO option_variant (id, name, recommended_price, is_deleted, group_id) VALUES (6237, 'OPA Mayo', 0, false, 1109) ON CONFLICT DO NOTHING;
INSERT INTO option_variant (id, name, recommended_price, is_deleted, group_id) VALUES (6238, 'Yougurt Sauce ', 0, false, 1109) ON CONFLICT DO NOTHING;
INSERT INTO option_group (id, name, is_deleted, max_selection, min_selection, restaurant_id) VALUES (1110, 'Pork Gyros', false, 1, 0, 18) ON CONFLICT DO NOTHING;
INSERT INTO option_variant (id, name, recommended_price, is_deleted, group_id) VALUES (6239, 'Pork Gyros', 0, false, 1110) ON CONFLICT DO NOTHING;
INSERT INTO option_group (id, name, is_deleted, max_selection, min_selection, restaurant_id) VALUES (1111, 'Small Fries ', false, 1, 0, 18) ON CONFLICT DO NOTHING;
INSERT INTO option_variant (id, name, recommended_price, is_deleted, group_id) VALUES (6240, 'Small Fries ', 0, false, 1111) ON CONFLICT DO NOTHING;
INSERT INTO option_group (id, name, is_deleted, max_selection, min_selection, restaurant_id) VALUES (1112, 'Shto (Extra)', false, 1, 0, 18) ON CONFLICT DO NOTHING;
INSERT INTO option_variant (id, name, recommended_price, is_deleted, group_id) VALUES (6241, 'Add Crispy Bacon', 150, false, 1112) ON CONFLICT DO NOTHING;
INSERT INTO option_variant (id, name, recommended_price, is_deleted, group_id) VALUES (6242, 'Add Jalapenos', 50, false, 1112) ON CONFLICT DO NOTHING;
INSERT INTO option_variant (id, name, recommended_price, is_deleted, group_id) VALUES (6243, 'Add Cheddar Cheese', 100, false, 1112) ON CONFLICT DO NOTHING;
INSERT INTO option_group (id, name, is_deleted, max_selection, min_selection, restaurant_id) VALUES (1113, 'Shto pijet', false, 1, 0, 18) ON CONFLICT DO NOTHING;
INSERT INTO option_variant (id, name, recommended_price, is_deleted, group_id) VALUES (6244, 'Selita 0.5L Natyral', 120, false, 1113) ON CONFLICT DO NOTHING;
INSERT INTO option_variant (id, name, recommended_price, is_deleted, group_id) VALUES (6245, 'Selita 0.5l Gaz ', 120, false, 1113) ON CONFLICT DO NOTHING;
INSERT INTO option_variant (id, name, recommended_price, is_deleted, group_id) VALUES (6246, 'Ayran ', 170, false, 1113) ON CONFLICT DO NOTHING;
INSERT INTO option_variant (id, name, recommended_price, is_deleted, group_id) VALUES (6247, 'Coca Cola 0.33 Normale ', 180, false, 1113) ON CONFLICT DO NOTHING;
INSERT INTO option_variant (id, name, recommended_price, is_deleted, group_id) VALUES (6248, 'Coca Cola 0.33 Zero', 180, false, 1113) ON CONFLICT DO NOTHING;
INSERT INTO option_variant (id, name, recommended_price, is_deleted, group_id) VALUES (6249, 'Fanta Ekzotik 0.33', 180, false, 1113) ON CONFLICT DO NOTHING;
INSERT INTO option_variant (id, name, recommended_price, is_deleted, group_id) VALUES (6250, 'Fanta Orange 0.33 ', 180, false, 1113) ON CONFLICT DO NOTHING;
INSERT INTO option_variant (id, name, recommended_price, is_deleted, group_id) VALUES (6251, 'Fanta Zero Lemon 0.33 ', 180, false, 1113) ON CONFLICT DO NOTHING;
INSERT INTO option_variant (id, name, recommended_price, is_deleted, group_id) VALUES (6252, 'Lipton Ice Tea Lemon 0.33 DEL', 180, false, 1113) ON CONFLICT DO NOTHING;
INSERT INTO option_variant (id, name, recommended_price, is_deleted, group_id) VALUES (6253, 'Lipton Ice Tea Peach 0.33 DEL', 180, false, 1113) ON CONFLICT DO NOTHING;
INSERT INTO option_variant (id, name, recommended_price, is_deleted, group_id) VALUES (6254, 'Schweppes Indian Tonic 0.33L', 180, false, 1113) ON CONFLICT DO NOTHING;
INSERT INTO option_variant (id, name, recommended_price, is_deleted, group_id) VALUES (6255, 'Peja 0.33L ', 300, false, 1113) ON CONFLICT DO NOTHING;
INSERT INTO option_variant (id, name, recommended_price, is_deleted, group_id) VALUES (6256, 'Heineken 0.33 ', 350, false, 1113) ON CONFLICT DO NOTHING;
INSERT INTO option_variant (id, name, recommended_price, is_deleted, group_id) VALUES (6257, 'Korça 0.33L ', 350, false, 1113) ON CONFLICT DO NOTHING;
INSERT INTO option_group (id, name, is_deleted, max_selection, min_selection, restaurant_id) VALUES (1114, 'Shto Sides ', false, 1, 0, 18) ON CONFLICT DO NOTHING;
INSERT INTO option_variant (id, name, recommended_price, is_deleted, group_id) VALUES (6258, 'BBQ Chicken Wings (6 cope)', 400, false, 1114) ON CONFLICT DO NOTHING;
INSERT INTO option_variant (id, name, recommended_price, is_deleted, group_id) VALUES (6259, 'BBQ Chicken Wings (8 cope)', 570, false, 1114) ON CONFLICT DO NOTHING;
INSERT INTO option_variant (id, name, recommended_price, is_deleted, group_id) VALUES (6260, '2 pieces Kackavall Chips', 150, false, 1114) ON CONFLICT DO NOTHING;
INSERT INTO option_variant (id, name, recommended_price, is_deleted, group_id) VALUES (6261, 'Fried Zucchini Balls ', 280, false, 1114) ON CONFLICT DO NOTHING;
INSERT INTO option_variant (id, name, recommended_price, is_deleted, group_id) VALUES (6262, 'Kashkaval Chips', 490, false, 1114) ON CONFLICT DO NOTHING;
INSERT INTO option_variant (id, name, recommended_price, is_deleted, group_id) VALUES (6263, 'Moussaka Croquettes', 300, false, 1114) ON CONFLICT DO NOTHING;
INSERT INTO option_variant (id, name, recommended_price, is_deleted, group_id) VALUES (6264, 'Halloumi chips', 490, false, 1114) ON CONFLICT DO NOTHING;
INSERT INTO option_variant (id, name, recommended_price, is_deleted, group_id) VALUES (6265, 'Greek Fries', 350, false, 1114) ON CONFLICT DO NOTHING;
INSERT INTO option_variant (id, name, recommended_price, is_deleted, group_id) VALUES (6266, 'Bacon Fries', 500, false, 1114) ON CONFLICT DO NOTHING;
INSERT INTO option_variant (id, name, recommended_price, is_deleted, group_id) VALUES (6267, 'Cheddar Fries ', 350, false, 1114) ON CONFLICT DO NOTHING;
INSERT INTO option_group (id, name, is_deleted, max_selection, min_selection, restaurant_id) VALUES (1115, 'Shto salcë', false, 1, 0, 18) ON CONFLICT DO NOTHING;
INSERT INTO option_variant (id, name, recommended_price, is_deleted, group_id) VALUES (6268, 'Tzatziki Sauce', 50, false, 1115) ON CONFLICT DO NOTHING;
INSERT INTO option_variant (id, name, recommended_price, is_deleted, group_id) VALUES (6269, 'OPA Mayo', 50, false, 1115) ON CONFLICT DO NOTHING;
INSERT INTO option_variant (id, name, recommended_price, is_deleted, group_id) VALUES (6270, 'Chili Garlic Mayo', 50, false, 1115) ON CONFLICT DO NOTHING;
INSERT INTO option_variant (id, name, recommended_price, is_deleted, group_id) VALUES (6271, 'Hummus Small', 50, false, 1115) ON CONFLICT DO NOTHING;
INSERT INTO option_variant (id, name, recommended_price, is_deleted, group_id) VALUES (6272, 'Ketchup Bustine', 20, false, 1115) ON CONFLICT DO NOTHING;
INSERT INTO option_variant (id, name, recommended_price, is_deleted, group_id) VALUES (6273, 'Mustarde - bustine', 20, false, 1115) ON CONFLICT DO NOTHING;
INSERT INTO option_variant (id, name, recommended_price, is_deleted, group_id) VALUES (6274, 'Mayonnaise Bustine', 20, false, 1115) ON CONFLICT DO NOTHING;
INSERT INTO option_variant (id, name, recommended_price, is_deleted, group_id) VALUES (6275, 'Siraca - small', 60, false, 1115) ON CONFLICT DO NOTHING;
INSERT INTO option_variant (id, name, recommended_price, is_deleted, group_id) VALUES (6276, 'Tirokafteri - small', 70, false, 1115) ON CONFLICT DO NOTHING;
INSERT INTO option_variant (id, name, recommended_price, is_deleted, group_id) VALUES (6277, 'Truffle Mayo', 50, false, 1115) ON CONFLICT DO NOTHING;
INSERT INTO option_variant (id, name, recommended_price, is_deleted, group_id) VALUES (6278, 'Cheddar Sauce ', 50, false, 1115) ON CONFLICT DO NOTHING;
INSERT INTO option_variant (id, name, recommended_price, is_deleted, group_id) VALUES (6279, 'Homemade Pickled Cucumber', 50, false, 1115) ON CONFLICT DO NOTHING;
INSERT INTO option_variant (id, name, recommended_price, is_deleted, group_id) VALUES (6280, 'Greekamole', 50, false, 1115) ON CONFLICT DO NOTHING;
INSERT INTO option_variant (id, name, recommended_price, is_deleted, group_id) VALUES (6281, 'Sweet chilli & tarragon sauce', 50, false, 1115) ON CONFLICT DO NOTHING;
INSERT INTO option_group (id, name, is_deleted, max_selection, min_selection, restaurant_id) VALUES (1116, 'Shto përbërës', false, 1, 0, 18) ON CONFLICT DO NOTHING;
INSERT INTO option_variant (id, name, recommended_price, is_deleted, group_id) VALUES (6282, 'Add Chicken fillet DEL', 200, false, 1116) ON CONFLICT DO NOTHING;
INSERT INTO option_group (id, name, is_deleted, max_selection, min_selection, restaurant_id) VALUES (1117, 'Select Fries', false, 1, 0, 18) ON CONFLICT DO NOTHING;
INSERT INTO option_variant (id, name, recommended_price, is_deleted, group_id) VALUES (6283, 'Medium Fries', 0, false, 1117) ON CONFLICT DO NOTHING;
INSERT INTO option_variant (id, name, recommended_price, is_deleted, group_id) VALUES (6284, 'French Fries Large ', 70, false, 1117) ON CONFLICT DO NOTHING;
INSERT INTO option_group (id, name, is_deleted, max_selection, min_selection, restaurant_id) VALUES (1118, 'Apollo Pita Big', false, 1, 0, 18) ON CONFLICT DO NOTHING;
INSERT INTO option_variant (id, name, recommended_price, is_deleted, group_id) VALUES (6285, 'Apollo Pita Big', 0, false, 1118) ON CONFLICT DO NOTHING;
INSERT INTO option_group (id, name, is_deleted, max_selection, min_selection, restaurant_id) VALUES (1119, 'Shto salcë', false, 1, 0, 18) ON CONFLICT DO NOTHING;
INSERT INTO option_variant (id, name, recommended_price, is_deleted, group_id) VALUES (6286, 'Tzatziki Sauce', 50, false, 1119) ON CONFLICT DO NOTHING;
INSERT INTO option_variant (id, name, recommended_price, is_deleted, group_id) VALUES (6287, 'OPA Mayo', 50, false, 1119) ON CONFLICT DO NOTHING;
INSERT INTO option_variant (id, name, recommended_price, is_deleted, group_id) VALUES (6288, 'Chili Garlic Mayo', 50, false, 1119) ON CONFLICT DO NOTHING;
INSERT INTO option_variant (id, name, recommended_price, is_deleted, group_id) VALUES (6289, 'Hummus Small', 50, false, 1119) ON CONFLICT DO NOTHING;
INSERT INTO option_variant (id, name, recommended_price, is_deleted, group_id) VALUES (6290, 'Ketchup Bustine', 20, false, 1119) ON CONFLICT DO NOTHING;
INSERT INTO option_variant (id, name, recommended_price, is_deleted, group_id) VALUES (6291, 'Mustarde - bustine', 20, false, 1119) ON CONFLICT DO NOTHING;
INSERT INTO option_variant (id, name, recommended_price, is_deleted, group_id) VALUES (6292, 'Mayonnaise Bustine', 20, false, 1119) ON CONFLICT DO NOTHING;
INSERT INTO option_variant (id, name, recommended_price, is_deleted, group_id) VALUES (6293, 'Siraca - small', 60, false, 1119) ON CONFLICT DO NOTHING;
INSERT INTO option_variant (id, name, recommended_price, is_deleted, group_id) VALUES (6294, 'Tirokafteri - small', 70, false, 1119) ON CONFLICT DO NOTHING;
INSERT INTO option_variant (id, name, recommended_price, is_deleted, group_id) VALUES (6295, 'Truffle Mayo', 50, false, 1119) ON CONFLICT DO NOTHING;
INSERT INTO option_variant (id, name, recommended_price, is_deleted, group_id) VALUES (6296, 'Cheddar Sauce ', 50, false, 1119) ON CONFLICT DO NOTHING;
INSERT INTO option_variant (id, name, recommended_price, is_deleted, group_id) VALUES (6297, 'Homemade Pickled Cucumber', 50, false, 1119) ON CONFLICT DO NOTHING;
INSERT INTO option_variant (id, name, recommended_price, is_deleted, group_id) VALUES (6298, 'Greekamole', 50, false, 1119) ON CONFLICT DO NOTHING;
INSERT INTO option_variant (id, name, recommended_price, is_deleted, group_id) VALUES (6299, 'Sweet chilli & tarragon sauce', 50, false, 1119) ON CONFLICT DO NOTHING;
INSERT INTO option_group (id, name, is_deleted, max_selection, min_selection, restaurant_id) VALUES (1120, '4 Halloumi Fingers', false, 1, 0, 18) ON CONFLICT DO NOTHING;
INSERT INTO option_variant (id, name, recommended_price, is_deleted, group_id) VALUES (6300, '4 Halloumi Fingers', 0, false, 1120) ON CONFLICT DO NOTHING;
INSERT INTO option_group (id, name, is_deleted, max_selection, min_selection, restaurant_id) VALUES (1121, 'Schnitzel Pita Big', false, 1, 0, 18) ON CONFLICT DO NOTHING;
INSERT INTO option_variant (id, name, recommended_price, is_deleted, group_id) VALUES (6301, 'Schnitzel Pita Big', 0, false, 1121) ON CONFLICT DO NOTHING;
INSERT INTO option_group (id, name, is_deleted, max_selection, min_selection, restaurant_id) VALUES (1122, 'Select Fries', false, 1, 0, 18) ON CONFLICT DO NOTHING;
INSERT INTO option_variant (id, name, recommended_price, is_deleted, group_id) VALUES (6302, 'Medium Fries', 0, false, 1122) ON CONFLICT DO NOTHING;
INSERT INTO option_variant (id, name, recommended_price, is_deleted, group_id) VALUES (6303, 'French Fries Large ', 70, false, 1122) ON CONFLICT DO NOTHING;
INSERT INTO option_group (id, name, is_deleted, max_selection, min_selection, restaurant_id) VALUES (1123, 'Drinks for Big', false, 1, 0, 18) ON CONFLICT DO NOTHING;
INSERT INTO option_variant (id, name, recommended_price, is_deleted, group_id) VALUES (6304, 'Selita Uje natyral 0.5l', 0, false, 1123) ON CONFLICT DO NOTHING;
INSERT INTO option_variant (id, name, recommended_price, is_deleted, group_id) VALUES (6305, 'Selita Uje me gaz 0.5l', 0, false, 1123) ON CONFLICT DO NOTHING;
INSERT INTO option_variant (id, name, recommended_price, is_deleted, group_id) VALUES (6306, 'Coca Cola 0.33l', 0, false, 1123) ON CONFLICT DO NOTHING;
INSERT INTO option_variant (id, name, recommended_price, is_deleted, group_id) VALUES (6307, 'Coca Cola Zero 0.33L', 0, false, 1123) ON CONFLICT DO NOTHING;
INSERT INTO option_variant (id, name, recommended_price, is_deleted, group_id) VALUES (6308, 'Fanta Exotic 0.33L', 0, false, 1123) ON CONFLICT DO NOTHING;
INSERT INTO option_variant (id, name, recommended_price, is_deleted, group_id) VALUES (6309, 'Fanta Orange 0.33L', 0, false, 1123) ON CONFLICT DO NOTHING;
INSERT INTO option_variant (id, name, recommended_price, is_deleted, group_id) VALUES (6310, 'Lemon Soda 0.33', 0, false, 1123) ON CONFLICT DO NOTHING;
INSERT INTO option_variant (id, name, recommended_price, is_deleted, group_id) VALUES (6311, 'Orange Soda 0.33', 0, false, 1123) ON CONFLICT DO NOTHING;
INSERT INTO option_variant (id, name, recommended_price, is_deleted, group_id) VALUES (6312, 'Sprite 0.33l', 0, false, 1123) ON CONFLICT DO NOTHING;
INSERT INTO option_variant (id, name, recommended_price, is_deleted, group_id) VALUES (6313, 'Ayran/Dhalle', 0, false, 1123) ON CONFLICT DO NOTHING;
INSERT INTO option_variant (id, name, recommended_price, is_deleted, group_id) VALUES (6314, 'Lipton Ice Tea Peach 0.33', 0, false, 1123) ON CONFLICT DO NOTHING;
INSERT INTO option_variant (id, name, recommended_price, is_deleted, group_id) VALUES (6315, 'Lipton Ice Tea Lemon 0.33', 0, false, 1123) ON CONFLICT DO NOTHING;
INSERT INTO option_variant (id, name, recommended_price, is_deleted, group_id) VALUES (6316, 'Sprite 0.5L Draft', 0, false, 1123) ON CONFLICT DO NOTHING;
INSERT INTO option_variant (id, name, recommended_price, is_deleted, group_id) VALUES (6317, 'Fanta Lemon 0.33L', 0, false, 1123) ON CONFLICT DO NOTHING;
INSERT INTO option_group (id, name, is_deleted, max_selection, min_selection, restaurant_id) VALUES (1124, 'Chicken Skepasti (Bacon Sos or Sos)', false, 1, 0, 18) ON CONFLICT DO NOTHING;
INSERT INTO option_variant (id, name, recommended_price, is_deleted, group_id) VALUES (6318, 'Chicken Skepasti (Bacon Sos)', 0, false, 1124) ON CONFLICT DO NOTHING;
INSERT INTO option_variant (id, name, recommended_price, is_deleted, group_id) VALUES (6319, 'Chicken Skepasti (Sos)', 0, false, 1124) ON CONFLICT DO NOTHING;
INSERT INTO option_group (id, name, is_deleted, max_selection, min_selection, restaurant_id) VALUES (1125, 'Schnitzel Wrap Big', false, 1, 0, 18) ON CONFLICT DO NOTHING;
INSERT INTO option_variant (id, name, recommended_price, is_deleted, group_id) VALUES (6320, 'Schnitzel Wrap Big', 0, false, 1125) ON CONFLICT DO NOTHING;
INSERT INTO option_group (id, name, is_deleted, max_selection, min_selection, restaurant_id) VALUES (1126, 'Pork Skepasti Big', false, 1, 0, 18) ON CONFLICT DO NOTHING;
INSERT INTO option_variant (id, name, recommended_price, is_deleted, group_id) VALUES (6321, 'Pork Skepasti Big ', 0, false, 1126) ON CONFLICT DO NOTHING;
INSERT INTO option_group (id, name, is_deleted, max_selection, min_selection, restaurant_id) VALUES (1127, 'Eros', false, 1, 0, 18) ON CONFLICT DO NOTHING;
INSERT INTO option_variant (id, name, recommended_price, is_deleted, group_id) VALUES (6322, 'Eros', 0, false, 1127) ON CONFLICT DO NOTHING;
INSERT INTO option_group (id, name, is_deleted, max_selection, min_selection, restaurant_id) VALUES (1128, 'Double OPA Smash Burger', false, 1, 0, 18) ON CONFLICT DO NOTHING;
INSERT INTO option_variant (id, name, recommended_price, is_deleted, group_id) VALUES (6323, 'Double OPA Smash Burger', 0, false, 1128) ON CONFLICT DO NOTHING;
INSERT INTO option_group (id, name, is_deleted, max_selection, min_selection, restaurant_id) VALUES (1129, 'Shto pijet', false, 1, 0, 18) ON CONFLICT DO NOTHING;
INSERT INTO option_variant (id, name, recommended_price, is_deleted, group_id) VALUES (6324, 'Selita 0.5L Natyral', 120, false, 1129) ON CONFLICT DO NOTHING;
INSERT INTO option_variant (id, name, recommended_price, is_deleted, group_id) VALUES (6325, 'Selita 0.5l Gaz ', 120, false, 1129) ON CONFLICT DO NOTHING;
INSERT INTO option_variant (id, name, recommended_price, is_deleted, group_id) VALUES (6326, 'Ayran ', 170, false, 1129) ON CONFLICT DO NOTHING;
INSERT INTO option_variant (id, name, recommended_price, is_deleted, group_id) VALUES (6327, 'Coca Cola 0.33 Normale ', 180, false, 1129) ON CONFLICT DO NOTHING;
INSERT INTO option_variant (id, name, recommended_price, is_deleted, group_id) VALUES (6328, 'Coca Cola 0.33 Zero', 180, false, 1129) ON CONFLICT DO NOTHING;
INSERT INTO option_variant (id, name, recommended_price, is_deleted, group_id) VALUES (6329, 'Fanta Ekzotik 0.33', 180, false, 1129) ON CONFLICT DO NOTHING;
INSERT INTO option_variant (id, name, recommended_price, is_deleted, group_id) VALUES (6330, 'Fanta Orange 0.33 ', 180, false, 1129) ON CONFLICT DO NOTHING;
INSERT INTO option_variant (id, name, recommended_price, is_deleted, group_id) VALUES (6331, 'Fanta Zero Lemon 0.33 ', 180, false, 1129) ON CONFLICT DO NOTHING;
INSERT INTO option_variant (id, name, recommended_price, is_deleted, group_id) VALUES (6332, 'Lipton Ice Tea Lemon 0.33 DEL', 180, false, 1129) ON CONFLICT DO NOTHING;
INSERT INTO option_variant (id, name, recommended_price, is_deleted, group_id) VALUES (6333, 'Lipton Ice Tea Peach 0.33 DEL', 180, false, 1129) ON CONFLICT DO NOTHING;
INSERT INTO option_variant (id, name, recommended_price, is_deleted, group_id) VALUES (6334, 'Schweppes Indian Tonic 0.33L', 180, false, 1129) ON CONFLICT DO NOTHING;
INSERT INTO option_variant (id, name, recommended_price, is_deleted, group_id) VALUES (6335, 'Peja 0.33L ', 300, false, 1129) ON CONFLICT DO NOTHING;
INSERT INTO option_variant (id, name, recommended_price, is_deleted, group_id) VALUES (6336, 'Heineken 0.33 ', 350, false, 1129) ON CONFLICT DO NOTHING;
INSERT INTO option_variant (id, name, recommended_price, is_deleted, group_id) VALUES (6337, 'Korça 0.33L ', 350, false, 1129) ON CONFLICT DO NOTHING;
INSERT INTO option_group (id, name, is_deleted, max_selection, min_selection, restaurant_id) VALUES (1130, 'Eros Big', false, 1, 0, 18) ON CONFLICT DO NOTHING;
INSERT INTO option_variant (id, name, recommended_price, is_deleted, group_id) VALUES (6338, 'Eros Big ', 0, false, 1130) ON CONFLICT DO NOTHING;
INSERT INTO option_group (id, name, is_deleted, max_selection, min_selection, restaurant_id) VALUES (1131, 'Pork Skepasti', false, 1, 0, 18) ON CONFLICT DO NOTHING;
INSERT INTO option_variant (id, name, recommended_price, is_deleted, group_id) VALUES (6339, 'Pork Skepasti', 0, false, 1131) ON CONFLICT DO NOTHING;
INSERT INTO option_group (id, name, is_deleted, max_selection, min_selection, restaurant_id) VALUES (1132, 'Halloumi Pita', false, 1, 0, 18) ON CONFLICT DO NOTHING;
INSERT INTO option_variant (id, name, recommended_price, is_deleted, group_id) VALUES (6340, 'Halloumi Pita', 0, false, 1132) ON CONFLICT DO NOTHING;
INSERT INTO option_group (id, name, is_deleted, max_selection, min_selection, restaurant_id) VALUES (1133, 'Truffle Chicken Gyros Big', false, 1, 0, 18) ON CONFLICT DO NOTHING;
INSERT INTO option_variant (id, name, recommended_price, is_deleted, group_id) VALUES (6341, 'Truffle Chicken Gyros Big ', 0, false, 1133) ON CONFLICT DO NOTHING;
INSERT INTO option_group (id, name, is_deleted, max_selection, min_selection, restaurant_id) VALUES (1134, 'Hermes', false, 1, 0, 18) ON CONFLICT DO NOTHING;
INSERT INTO option_variant (id, name, recommended_price, is_deleted, group_id) VALUES (6342, 'Hermes', 0, false, 1134) ON CONFLICT DO NOTHING;
INSERT INTO option_group (id, name, is_deleted, max_selection, min_selection, restaurant_id) VALUES (1135, 'Shto Sides ', false, 1, 0, 18) ON CONFLICT DO NOTHING;
INSERT INTO option_variant (id, name, recommended_price, is_deleted, group_id) VALUES (6343, 'BBQ Chicken Wings (8 cope)', 570, false, 1135) ON CONFLICT DO NOTHING;
INSERT INTO option_variant (id, name, recommended_price, is_deleted, group_id) VALUES (6344, 'BBQ Chicken Wings (10 cope)', 720, false, 1135) ON CONFLICT DO NOTHING;
INSERT INTO option_variant (id, name, recommended_price, is_deleted, group_id) VALUES (6345, '2 pieces Kackavall Chips', 150, false, 1135) ON CONFLICT DO NOTHING;
INSERT INTO option_variant (id, name, recommended_price, is_deleted, group_id) VALUES (6346, 'Fried Zucchini Balls ', 280, false, 1135) ON CONFLICT DO NOTHING;
INSERT INTO option_variant (id, name, recommended_price, is_deleted, group_id) VALUES (6347, 'Kashkaval Chips', 490, false, 1135) ON CONFLICT DO NOTHING;
INSERT INTO option_variant (id, name, recommended_price, is_deleted, group_id) VALUES (6348, 'Moussaka Croquettes', 300, false, 1135) ON CONFLICT DO NOTHING;
INSERT INTO option_variant (id, name, recommended_price, is_deleted, group_id) VALUES (6349, 'Halloumi chips', 490, false, 1135) ON CONFLICT DO NOTHING;
INSERT INTO option_variant (id, name, recommended_price, is_deleted, group_id) VALUES (6350, 'Greek Fries', 350, false, 1135) ON CONFLICT DO NOTHING;
INSERT INTO option_variant (id, name, recommended_price, is_deleted, group_id) VALUES (6351, 'Bacon Fries', 500, false, 1135) ON CONFLICT DO NOTHING;
INSERT INTO option_variant (id, name, recommended_price, is_deleted, group_id) VALUES (6352, 'Cheddar Fries ', 350, false, 1135) ON CONFLICT DO NOTHING;
INSERT INTO option_group (id, name, is_deleted, max_selection, min_selection, restaurant_id) VALUES (1136, 'Truffle Gyros Pita', false, 1, 0, 18) ON CONFLICT DO NOTHING;
INSERT INTO option_variant (id, name, recommended_price, is_deleted, group_id) VALUES (6353, 'Truffle Chicken Gyros ', 0, false, 1136) ON CONFLICT DO NOTHING;
INSERT INTO option_group (id, name, is_deleted, max_selection, min_selection, restaurant_id) VALUES (1137, 'Chicken Skepasti Big', false, 1, 0, 18) ON CONFLICT DO NOTHING;
INSERT INTO option_variant (id, name, recommended_price, is_deleted, group_id) VALUES (6354, 'Chicken Skepasti Big(Bacon Sauce)', 0, false, 1137) ON CONFLICT DO NOTHING;
INSERT INTO option_variant (id, name, recommended_price, is_deleted, group_id) VALUES (6355, 'Chicken Skepasti Big (Sos)', 0, false, 1137) ON CONFLICT DO NOTHING;
INSERT INTO option_group (id, name, is_deleted, max_selection, min_selection, restaurant_id) VALUES (1138, 'Zgjidh Sides', false, 1, 0, 18) ON CONFLICT DO NOTHING;
INSERT INTO option_variant (id, name, recommended_price, is_deleted, group_id) VALUES (6356, 'Oriz', 70, false, 1138) ON CONFLICT DO NOTHING;
INSERT INTO option_variant (id, name, recommended_price, is_deleted, group_id) VALUES (6357, 'Patate', 70, false, 1138) ON CONFLICT DO NOTHING;
INSERT INTO option_variant (id, name, recommended_price, is_deleted, group_id) VALUES (6358, 'Sallate Greke', 70, false, 1138) ON CONFLICT DO NOTHING;
INSERT INTO option_variant (id, name, recommended_price, is_deleted, group_id) VALUES (6359, 'Patate Crinkle', 90, false, 1138) ON CONFLICT DO NOTHING;
INSERT INTO option_variant (id, name, recommended_price, is_deleted, group_id) VALUES (6360, 'Traditional Pita', 40, false, 1138) ON CONFLICT DO NOTHING;
INSERT INTO option_group (id, name, is_deleted, max_selection, min_selection, restaurant_id) VALUES (1139, 'Select Fries', false, 1, 0, 18) ON CONFLICT DO NOTHING;
INSERT INTO option_variant (id, name, recommended_price, is_deleted, group_id) VALUES (6361, 'Medium Fries', 0, false, 1139) ON CONFLICT DO NOTHING;
INSERT INTO option_group (id, name, is_deleted, max_selection, min_selection, restaurant_id) VALUES (1140, 'Bëje vaktin më të madh', false, 1, 0, 18) ON CONFLICT DO NOTHING;
INSERT INTO option_variant (id, name, recommended_price, is_deleted, group_id) VALUES (6362, 'Add Fries& Red Bull', 300, false, 1140) ON CONFLICT DO NOTHING;
INSERT INTO option_variant (id, name, recommended_price, is_deleted, group_id) VALUES (6363, 'Add Fries and Drink 240 all', 240, false, 1140) ON CONFLICT DO NOTHING;
INSERT INTO option_group (id, name, is_deleted, max_selection, min_selection, restaurant_id) VALUES (1141, 'Shto Sides ', false, 1, 0, 18) ON CONFLICT DO NOTHING;
INSERT INTO option_variant (id, name, recommended_price, is_deleted, group_id) VALUES (6364, 'BBQ Chicken Wings (6 cope)', 400, false, 1141) ON CONFLICT DO NOTHING;
INSERT INTO option_variant (id, name, recommended_price, is_deleted, group_id) VALUES (6365, 'BBQ Chicken Wings (8 cope)', 570, false, 1141) ON CONFLICT DO NOTHING;
INSERT INTO option_variant (id, name, recommended_price, is_deleted, group_id) VALUES (6366, 'BBQ Chicken Wings (10 cope)', 720, false, 1141) ON CONFLICT DO NOTHING;
INSERT INTO option_variant (id, name, recommended_price, is_deleted, group_id) VALUES (6367, '2 pieces Kackavall Chips', 150, false, 1141) ON CONFLICT DO NOTHING;
INSERT INTO option_variant (id, name, recommended_price, is_deleted, group_id) VALUES (6368, 'Fried Zucchini Balls ', 280, false, 1141) ON CONFLICT DO NOTHING;
INSERT INTO option_variant (id, name, recommended_price, is_deleted, group_id) VALUES (6369, 'Kashkaval Chips', 490, false, 1141) ON CONFLICT DO NOTHING;
INSERT INTO option_variant (id, name, recommended_price, is_deleted, group_id) VALUES (6370, 'Moussaka Croquettes', 300, false, 1141) ON CONFLICT DO NOTHING;
INSERT INTO option_variant (id, name, recommended_price, is_deleted, group_id) VALUES (6371, 'Halloumi chips', 490, false, 1141) ON CONFLICT DO NOTHING;
INSERT INTO option_variant (id, name, recommended_price, is_deleted, group_id) VALUES (6372, 'Greek Fries', 350, false, 1141) ON CONFLICT DO NOTHING;
INSERT INTO option_variant (id, name, recommended_price, is_deleted, group_id) VALUES (6373, 'Bacon Fries', 500, false, 1141) ON CONFLICT DO NOTHING;
INSERT INTO option_variant (id, name, recommended_price, is_deleted, group_id) VALUES (6374, 'Cheddar Fries ', 350, false, 1141) ON CONFLICT DO NOTHING;
INSERT INTO option_group (id, name, is_deleted, max_selection, min_selection, restaurant_id) VALUES (1142, 'Shto Sides ', false, 1, 0, 18) ON CONFLICT DO NOTHING;
INSERT INTO option_variant (id, name, recommended_price, is_deleted, group_id) VALUES (6375, 'BBQ Chicken Wings (6 cope)', 400, false, 1142) ON CONFLICT DO NOTHING;
INSERT INTO option_variant (id, name, recommended_price, is_deleted, group_id) VALUES (6376, 'BBQ Chicken Wings (8 cope)', 570, false, 1142) ON CONFLICT DO NOTHING;
INSERT INTO option_variant (id, name, recommended_price, is_deleted, group_id) VALUES (6377, 'BBQ Chicken Wings (10 cope)', 720, false, 1142) ON CONFLICT DO NOTHING;
INSERT INTO option_variant (id, name, recommended_price, is_deleted, group_id) VALUES (6378, '2 pieces Kackavall Chips', 150, false, 1142) ON CONFLICT DO NOTHING;
INSERT INTO option_variant (id, name, recommended_price, is_deleted, group_id) VALUES (6379, 'Fried Zucchini Balls ', 280, false, 1142) ON CONFLICT DO NOTHING;
INSERT INTO option_variant (id, name, recommended_price, is_deleted, group_id) VALUES (6380, 'Kashkaval Chips', 490, false, 1142) ON CONFLICT DO NOTHING;
INSERT INTO option_variant (id, name, recommended_price, is_deleted, group_id) VALUES (6381, 'Moussaka Croquettes', 300, false, 1142) ON CONFLICT DO NOTHING;
INSERT INTO option_variant (id, name, recommended_price, is_deleted, group_id) VALUES (6382, 'Halloumi chips', 490, false, 1142) ON CONFLICT DO NOTHING;
INSERT INTO option_variant (id, name, recommended_price, is_deleted, group_id) VALUES (6383, 'Greek Fries', 350, false, 1142) ON CONFLICT DO NOTHING;
INSERT INTO option_variant (id, name, recommended_price, is_deleted, group_id) VALUES (6384, 'Bacon Fries', 500, false, 1142) ON CONFLICT DO NOTHING;
INSERT INTO option_variant (id, name, recommended_price, is_deleted, group_id) VALUES (6385, 'Cheddar Fries ', 350, false, 1142) ON CONFLICT DO NOTHING;
INSERT INTO option_group (id, name, is_deleted, max_selection, min_selection, restaurant_id) VALUES (1143, 'Zgjidh Protein ', false, 1, 0, 18) ON CONFLICT DO NOTHING;
INSERT INTO option_variant (id, name, recommended_price, is_deleted, group_id) VALUES (6386, 'Gjiro Pule ', 420, false, 1143) ON CONFLICT DO NOTHING;
INSERT INTO option_variant (id, name, recommended_price, is_deleted, group_id) VALUES (6387, 'Gjiro Gici', 440, false, 1143) ON CONFLICT DO NOTHING;
INSERT INTO option_variant (id, name, recommended_price, is_deleted, group_id) VALUES (6388, 'Shnitzel Pule ', 460, false, 1143) ON CONFLICT DO NOTHING;
INSERT INTO option_variant (id, name, recommended_price, is_deleted, group_id) VALUES (6389, '2 Chicken Skewers ', 480, false, 1143) ON CONFLICT DO NOTHING;
INSERT INTO option_variant (id, name, recommended_price, is_deleted, group_id) VALUES (6390, '2 Pork Skewers', 480, false, 1143) ON CONFLICT DO NOTHING;
INSERT INTO option_variant (id, name, recommended_price, is_deleted, group_id) VALUES (6391, '2 Kebab Skewers', 480, false, 1143) ON CONFLICT DO NOTHING;
INSERT INTO option_group (id, name, is_deleted, max_selection, min_selection, restaurant_id) VALUES (1144, 'Zgjidh bazën', false, 1, 0, 18) ON CONFLICT DO NOTHING;
INSERT INTO option_variant (id, name, recommended_price, is_deleted, group_id) VALUES (6392, 'Kebab Bowl (Rice)', 0, false, 1144) ON CONFLICT DO NOTHING;
INSERT INTO option_variant (id, name, recommended_price, is_deleted, group_id) VALUES (6393, 'Kebab Bowl (Fries)', 0, false, 1144) ON CONFLICT DO NOTHING;
INSERT INTO option_group (id, name, is_deleted, max_selection, min_selection, restaurant_id) VALUES (1145, 'Schnitzel Wrap ', false, 1, 0, 18) ON CONFLICT DO NOTHING;
INSERT INTO option_variant (id, name, recommended_price, is_deleted, group_id) VALUES (6394, 'Schnitzel Wrap ', 0, false, 1145) ON CONFLICT DO NOTHING;
INSERT INTO option_group (id, name, is_deleted, max_selection, min_selection, restaurant_id) VALUES (1146, 'Zgjidh madhësinë', false, 1, 0, 18) ON CONFLICT DO NOTHING;
INSERT INTO option_variant (id, name, recommended_price, is_deleted, group_id) VALUES (6395, 'Pork Skepasti DEL', 0, false, 1146) ON CONFLICT DO NOTHING;
INSERT INTO option_variant (id, name, recommended_price, is_deleted, group_id) VALUES (6396, 'Pork Skepasti Big ', 170, false, 1146) ON CONFLICT DO NOTHING;
INSERT INTO option_group (id, name, is_deleted, max_selection, min_selection, restaurant_id) VALUES (1147, 'Zgjidh bazën', false, 1, 0, 18) ON CONFLICT DO NOTHING;
INSERT INTO option_variant (id, name, recommended_price, is_deleted, group_id) VALUES (6397, 'Athena Vegan Bowl (Rice)', 0, false, 1147) ON CONFLICT DO NOTHING;
INSERT INTO option_variant (id, name, recommended_price, is_deleted, group_id) VALUES (6398, 'Athena Vegan Bowl (Fries)', 0, false, 1147) ON CONFLICT DO NOTHING;
INSERT INTO option_group (id, name, is_deleted, max_selection, min_selection, restaurant_id) VALUES (1148, 'Zgjidh bazën', false, 1, 0, 18) ON CONFLICT DO NOTHING;
INSERT INTO option_variant (id, name, recommended_price, is_deleted, group_id) VALUES (6399, 'Leonidas Bowl(Rice) DEL', 0, false, 1148) ON CONFLICT DO NOTHING;
INSERT INTO option_variant (id, name, recommended_price, is_deleted, group_id) VALUES (6400, 'Leonidas Bowl(Fries)DEL', 0, false, 1148) ON CONFLICT DO NOTHING;
INSERT INTO option_group (id, name, is_deleted, max_selection, min_selection, restaurant_id) VALUES (1149, 'Zgjidh madhësinë', false, 1, 0, 18) ON CONFLICT DO NOTHING;
INSERT INTO option_variant (id, name, recommended_price, is_deleted, group_id) VALUES (6401, 'OPA Smash Burger', 0, false, 1149) ON CONFLICT DO NOTHING;
INSERT INTO option_variant (id, name, recommended_price, is_deleted, group_id) VALUES (6402, 'Double OPA Smash Burger', 230, false, 1149) ON CONFLICT DO NOTHING;
INSERT INTO option_group (id, name, is_deleted, max_selection, min_selection, restaurant_id) VALUES (1150, 'Zgjidh madhësinë', false, 1, 0, 18) ON CONFLICT DO NOTHING;
INSERT INTO option_variant (id, name, recommended_price, is_deleted, group_id) VALUES (6403, 'Kebab Pita', 0, false, 1150) ON CONFLICT DO NOTHING;
INSERT INTO option_variant (id, name, recommended_price, is_deleted, group_id) VALUES (6404, 'Kebab Pita Big', 160, false, 1150) ON CONFLICT DO NOTHING;
INSERT INTO option_group (id, name, is_deleted, max_selection, min_selection, restaurant_id) VALUES (1151, 'BBQ Chicken Wings (8 cope)', false, 1, 0, 18) ON CONFLICT DO NOTHING;
INSERT INTO option_variant (id, name, recommended_price, is_deleted, group_id) VALUES (6405, 'BBQ Chicken Wings (8 cope)', 0, false, 1151) ON CONFLICT DO NOTHING;
INSERT INTO option_group (id, name, is_deleted, max_selection, min_selection, restaurant_id) VALUES (1152, 'Zgjidh madhësinë', false, 1, 0, 18) ON CONFLICT DO NOTHING;
INSERT INTO option_variant (id, name, recommended_price, is_deleted, group_id) VALUES (6406, 'Chicken Skepasti DEL', 0, false, 1152) ON CONFLICT DO NOTHING;
INSERT INTO option_variant (id, name, recommended_price, is_deleted, group_id) VALUES (6407, 'Chicken Skepasti Big(Bacon Sauce)', 170, false, 1152) ON CONFLICT DO NOTHING;
INSERT INTO option_group (id, name, is_deleted, max_selection, min_selection, restaurant_id) VALUES (1153, 'Crispy Chicken Burger', false, 1, 0, 18) ON CONFLICT DO NOTHING;
INSERT INTO option_variant (id, name, recommended_price, is_deleted, group_id) VALUES (6408, 'Crispy Chicken Burger', 0, false, 1153) ON CONFLICT DO NOTHING;
INSERT INTO option_group (id, name, is_deleted, max_selection, min_selection, restaurant_id) VALUES (1154, 'Schnitzel Pita', false, 1, 0, 18) ON CONFLICT DO NOTHING;
INSERT INTO option_variant (id, name, recommended_price, is_deleted, group_id) VALUES (6409, 'Schnitzel Pita', 0, false, 1154) ON CONFLICT DO NOTHING;
INSERT INTO option_group (id, name, is_deleted, max_selection, min_selection, restaurant_id) VALUES (1155, 'Crispy Chicken Burger', false, 1, 0, 18) ON CONFLICT DO NOTHING;
INSERT INTO option_variant (id, name, recommended_price, is_deleted, group_id) VALUES (6410, 'Crispy Chicken Burger', 0, false, 1155) ON CONFLICT DO NOTHING;
INSERT INTO option_group (id, name, is_deleted, max_selection, min_selection, restaurant_id) VALUES (1156, 'Chicken Gyros', false, 1, 0, 18) ON CONFLICT DO NOTHING;
INSERT INTO option_variant (id, name, recommended_price, is_deleted, group_id) VALUES (6411, 'Chicken Gyros', 0, false, 1156) ON CONFLICT DO NOTHING;
INSERT INTO option_group (id, name, is_deleted, max_selection, min_selection, restaurant_id) VALUES (1157, 'Zgjidh madhësinë', false, 1, 0, 18) ON CONFLICT DO NOTHING;
INSERT INTO option_variant (id, name, recommended_price, is_deleted, group_id) VALUES (6412, 'Schnitzel Pita', 0, false, 1157) ON CONFLICT DO NOTHING;
INSERT INTO option_variant (id, name, recommended_price, is_deleted, group_id) VALUES (6413, 'Schnitzel Pita Big', 140, false, 1157) ON CONFLICT DO NOTHING;
INSERT INTO option_group (id, name, is_deleted, max_selection, min_selection, restaurant_id) VALUES (1158, 'Drinks', false, 1, 0, 18) ON CONFLICT DO NOTHING;
INSERT INTO option_variant (id, name, recommended_price, is_deleted, group_id) VALUES (6414, 'Coca Cola 0.33l', 0, false, 1158) ON CONFLICT DO NOTHING;
INSERT INTO option_variant (id, name, recommended_price, is_deleted, group_id) VALUES (6415, 'Selita Uje natyral 0.5l', 0, false, 1158) ON CONFLICT DO NOTHING;
INSERT INTO option_variant (id, name, recommended_price, is_deleted, group_id) VALUES (6416, 'Selita Uje me gaz 0.5l', 0, false, 1158) ON CONFLICT DO NOTHING;
INSERT INTO option_variant (id, name, recommended_price, is_deleted, group_id) VALUES (6417, 'Coca Cola Zero 0.33L', 0, false, 1158) ON CONFLICT DO NOTHING;
INSERT INTO option_variant (id, name, recommended_price, is_deleted, group_id) VALUES (6418, 'Fanta Lemon 0.33L', 0, false, 1158) ON CONFLICT DO NOTHING;
INSERT INTO option_variant (id, name, recommended_price, is_deleted, group_id) VALUES (6419, 'Fanta Orange 0.33L', 0, false, 1158) ON CONFLICT DO NOTHING;
INSERT INTO option_variant (id, name, recommended_price, is_deleted, group_id) VALUES (6420, 'Fanta Exotic 0.33L', 0, false, 1158) ON CONFLICT DO NOTHING;
INSERT INTO option_variant (id, name, recommended_price, is_deleted, group_id) VALUES (6421, 'Lemon Soda 0.33', 0, false, 1158) ON CONFLICT DO NOTHING;
INSERT INTO option_variant (id, name, recommended_price, is_deleted, group_id) VALUES (6422, 'Orange Soda 0.33', 0, false, 1158) ON CONFLICT DO NOTHING;
INSERT INTO option_variant (id, name, recommended_price, is_deleted, group_id) VALUES (6423, 'Sprite 0.33l', 0, false, 1158) ON CONFLICT DO NOTHING;
INSERT INTO option_variant (id, name, recommended_price, is_deleted, group_id) VALUES (6424, 'Ayran/Dhalle', 0, false, 1158) ON CONFLICT DO NOTHING;
INSERT INTO option_variant (id, name, recommended_price, is_deleted, group_id) VALUES (6425, 'Lipton Ice Tea Lemon 0.33', 0, false, 1158) ON CONFLICT DO NOTHING;
INSERT INTO option_variant (id, name, recommended_price, is_deleted, group_id) VALUES (6426, 'Lipton Ice Tea Peach 0.33', 0, false, 1158) ON CONFLICT DO NOTHING;
INSERT INTO option_group (id, name, is_deleted, max_selection, min_selection, restaurant_id) VALUES (1159, 'Drinks', false, 1, 0, 18) ON CONFLICT DO NOTHING;
INSERT INTO option_variant (id, name, recommended_price, is_deleted, group_id) VALUES (6427, 'Coca Cola 0.33l', 0, false, 1159) ON CONFLICT DO NOTHING;
INSERT INTO option_variant (id, name, recommended_price, is_deleted, group_id) VALUES (6428, 'Selita Uje natyral 0.5l', 0, false, 1159) ON CONFLICT DO NOTHING;
INSERT INTO option_variant (id, name, recommended_price, is_deleted, group_id) VALUES (6429, 'Selita Uje me gaz 0.5l', 0, false, 1159) ON CONFLICT DO NOTHING;
INSERT INTO option_variant (id, name, recommended_price, is_deleted, group_id) VALUES (6430, 'Coca Cola Zero 0.33L', 0, false, 1159) ON CONFLICT DO NOTHING;
INSERT INTO option_variant (id, name, recommended_price, is_deleted, group_id) VALUES (6431, 'Fanta Lemon 0.33L', 0, false, 1159) ON CONFLICT DO NOTHING;
INSERT INTO option_variant (id, name, recommended_price, is_deleted, group_id) VALUES (6432, 'Fanta Orange 0.33L', 0, false, 1159) ON CONFLICT DO NOTHING;
INSERT INTO option_variant (id, name, recommended_price, is_deleted, group_id) VALUES (6433, 'Fanta Exotic 0.33L', 0, false, 1159) ON CONFLICT DO NOTHING;
INSERT INTO option_variant (id, name, recommended_price, is_deleted, group_id) VALUES (6434, 'Lemon Soda 0.33', 0, false, 1159) ON CONFLICT DO NOTHING;
INSERT INTO option_variant (id, name, recommended_price, is_deleted, group_id) VALUES (6435, 'Orange Soda 0.33', 0, false, 1159) ON CONFLICT DO NOTHING;
INSERT INTO option_variant (id, name, recommended_price, is_deleted, group_id) VALUES (6436, 'Sprite 0.33l', 0, false, 1159) ON CONFLICT DO NOTHING;
INSERT INTO option_variant (id, name, recommended_price, is_deleted, group_id) VALUES (6437, 'Ayran/Dhalle', 0, false, 1159) ON CONFLICT DO NOTHING;
INSERT INTO option_variant (id, name, recommended_price, is_deleted, group_id) VALUES (6438, 'Lipton Ice Tea Lemon 0.33', 0, false, 1159) ON CONFLICT DO NOTHING;
INSERT INTO option_variant (id, name, recommended_price, is_deleted, group_id) VALUES (6439, 'Lipton Ice Tea Peach 0.33', 0, false, 1159) ON CONFLICT DO NOTHING;
INSERT INTO option_group (id, name, is_deleted, max_selection, min_selection, restaurant_id) VALUES (1160, 'Zgjidh madhësinë', false, 1, 0, 18) ON CONFLICT DO NOTHING;
INSERT INTO option_variant (id, name, recommended_price, is_deleted, group_id) VALUES (6440, 'Chicken Gyros DEL', 0, false, 1160) ON CONFLICT DO NOTHING;
INSERT INTO option_variant (id, name, recommended_price, is_deleted, group_id) VALUES (6441, 'Chicken Gyros Big DEL', 110, false, 1160) ON CONFLICT DO NOTHING;
INSERT INTO option_group (id, name, is_deleted, max_selection, min_selection, restaurant_id) VALUES (1161, 'BBQ Chicken Wings (6 cope) ', false, 1, 0, 18) ON CONFLICT DO NOTHING;
INSERT INTO option_variant (id, name, recommended_price, is_deleted, group_id) VALUES (6442, 'BBQ Chicken Wings (6 cope)', 0, false, 1161) ON CONFLICT DO NOTHING;
INSERT INTO option_group (id, name, is_deleted, max_selection, min_selection, restaurant_id) VALUES (1162, 'Shto (Extra)', false, 1, 0, 18) ON CONFLICT DO NOTHING;
INSERT INTO option_variant (id, name, recommended_price, is_deleted, group_id) VALUES (6443, 'Add Crispy Bacon', 150, false, 1162) ON CONFLICT DO NOTHING;
INSERT INTO option_variant (id, name, recommended_price, is_deleted, group_id) VALUES (6444, 'Add Jalapenos', 50, false, 1162) ON CONFLICT DO NOTHING;
INSERT INTO option_variant (id, name, recommended_price, is_deleted, group_id) VALUES (6445, 'Add Cheddar Cheese', 100, false, 1162) ON CONFLICT DO NOTHING;
INSERT INTO option_group (id, name, is_deleted, max_selection, min_selection, restaurant_id) VALUES (1163, 'Shto Sides ', false, 1, 0, 18) ON CONFLICT DO NOTHING;
INSERT INTO option_variant (id, name, recommended_price, is_deleted, group_id) VALUES (6446, 'BBQ Chicken Wings (6 cope)', 400, false, 1163) ON CONFLICT DO NOTHING;
INSERT INTO option_group (id, name, is_deleted, max_selection, min_selection, restaurant_id) VALUES (1164, 'Crispy Chicken Burger', false, 1, 0, 18) ON CONFLICT DO NOTHING;
INSERT INTO option_variant (id, name, recommended_price, is_deleted, group_id) VALUES (6447, 'Crispy Chicken Burger', 0, false, 1164) ON CONFLICT DO NOTHING;
INSERT INTO option_group (id, name, is_deleted, max_selection, min_selection, restaurant_id) VALUES (1165, 'Chicken Skepasti (Bacon Sos or Sos)', false, 1, 0, 18) ON CONFLICT DO NOTHING;
INSERT INTO option_variant (id, name, recommended_price, is_deleted, group_id) VALUES (6448, 'Chicken Skepasti (Bacon Sos)', 0, false, 1165) ON CONFLICT DO NOTHING;
INSERT INTO option_variant (id, name, recommended_price, is_deleted, group_id) VALUES (6449, 'Chicken Skepasti (Sos)', 0, false, 1165) ON CONFLICT DO NOTHING;
INSERT INTO option_group (id, name, is_deleted, max_selection, min_selection, restaurant_id) VALUES (1166, 'Pork Skepasti', false, 1, 0, 18) ON CONFLICT DO NOTHING;
INSERT INTO option_variant (id, name, recommended_price, is_deleted, group_id) VALUES (6450, 'Pork Skepasti', 0, false, 1166) ON CONFLICT DO NOTHING;
INSERT INTO option_group (id, name, is_deleted, max_selection, min_selection, restaurant_id) VALUES (1167, 'Shto salcë', false, 1, 0, 18) ON CONFLICT DO NOTHING;
INSERT INTO option_variant (id, name, recommended_price, is_deleted, group_id) VALUES (6451, 'Tzatziki Sauce', 50, false, 1167) ON CONFLICT DO NOTHING;
INSERT INTO option_variant (id, name, recommended_price, is_deleted, group_id) VALUES (6452, 'OPA Mayo', 50, false, 1167) ON CONFLICT DO NOTHING;
INSERT INTO option_variant (id, name, recommended_price, is_deleted, group_id) VALUES (6453, 'Chili Garlic Mayo', 50, false, 1167) ON CONFLICT DO NOTHING;
INSERT INTO option_variant (id, name, recommended_price, is_deleted, group_id) VALUES (6454, 'Hummus Small', 50, false, 1167) ON CONFLICT DO NOTHING;
INSERT INTO option_variant (id, name, recommended_price, is_deleted, group_id) VALUES (6455, 'Ketchup Bustine', 20, false, 1167) ON CONFLICT DO NOTHING;
INSERT INTO option_variant (id, name, recommended_price, is_deleted, group_id) VALUES (6456, 'Mustarde - bustine', 20, false, 1167) ON CONFLICT DO NOTHING;
INSERT INTO option_variant (id, name, recommended_price, is_deleted, group_id) VALUES (6457, 'Mayonnaise Bustine', 20, false, 1167) ON CONFLICT DO NOTHING;
INSERT INTO option_variant (id, name, recommended_price, is_deleted, group_id) VALUES (6458, 'Siraca - small', 60, false, 1167) ON CONFLICT DO NOTHING;
INSERT INTO option_variant (id, name, recommended_price, is_deleted, group_id) VALUES (6459, 'Tirokafteri - small', 70, false, 1167) ON CONFLICT DO NOTHING;
INSERT INTO option_variant (id, name, recommended_price, is_deleted, group_id) VALUES (6460, 'Truffle Mayo', 50, false, 1167) ON CONFLICT DO NOTHING;
INSERT INTO option_variant (id, name, recommended_price, is_deleted, group_id) VALUES (6461, 'Cheddar Sauce ', 50, false, 1167) ON CONFLICT DO NOTHING;
INSERT INTO option_variant (id, name, recommended_price, is_deleted, group_id) VALUES (6462, 'Homemade Pickled Cucumber', 50, false, 1167) ON CONFLICT DO NOTHING;
INSERT INTO option_variant (id, name, recommended_price, is_deleted, group_id) VALUES (6463, 'Greekamole', 50, false, 1167) ON CONFLICT DO NOTHING;
INSERT INTO option_variant (id, name, recommended_price, is_deleted, group_id) VALUES (6464, 'Sweet chilli & tarragon sauce', 50, false, 1167) ON CONFLICT DO NOTHING;
INSERT INTO option_group (id, name, is_deleted, max_selection, min_selection, restaurant_id) VALUES (1168, 'Shto (Extra)', false, 1, 0, 18) ON CONFLICT DO NOTHING;
INSERT INTO option_variant (id, name, recommended_price, is_deleted, group_id) VALUES (6465, 'Add Cheddar Cheese', 100, false, 1168) ON CONFLICT DO NOTHING;
INSERT INTO option_group (id, name, is_deleted, max_selection, min_selection, restaurant_id) VALUES (1169, 'Pork Skepasti Big', false, 1, 0, 18) ON CONFLICT DO NOTHING;
INSERT INTO option_variant (id, name, recommended_price, is_deleted, group_id) VALUES (6466, 'Pork Skepasti Big ', 0, false, 1169) ON CONFLICT DO NOTHING;
INSERT INTO option_group (id, name, is_deleted, max_selection, min_selection, restaurant_id) VALUES (1170, 'Minced Beef Skepasti', false, 1, 0, 18) ON CONFLICT DO NOTHING;
INSERT INTO option_variant (id, name, recommended_price, is_deleted, group_id) VALUES (6467, 'Minced Beef Skepasti', 0, false, 1170) ON CONFLICT DO NOTHING;
INSERT INTO option_group (id, name, is_deleted, max_selection, min_selection, restaurant_id) VALUES (1171, 'Shto pijet', false, 1, 0, 18) ON CONFLICT DO NOTHING;
INSERT INTO option_variant (id, name, recommended_price, is_deleted, group_id) VALUES (6468, 'Selita 0.5L Natyral', 120, false, 1171) ON CONFLICT DO NOTHING;
INSERT INTO option_variant (id, name, recommended_price, is_deleted, group_id) VALUES (6469, 'Selita 0.5l Gaz ', 120, false, 1171) ON CONFLICT DO NOTHING;
INSERT INTO option_variant (id, name, recommended_price, is_deleted, group_id) VALUES (6470, 'Ayran ', 170, false, 1171) ON CONFLICT DO NOTHING;
INSERT INTO option_variant (id, name, recommended_price, is_deleted, group_id) VALUES (6471, 'Coca Cola 0.33 Normale ', 180, false, 1171) ON CONFLICT DO NOTHING;
INSERT INTO option_variant (id, name, recommended_price, is_deleted, group_id) VALUES (6472, 'Coca Cola 0.33 Zero', 180, false, 1171) ON CONFLICT DO NOTHING;
INSERT INTO option_variant (id, name, recommended_price, is_deleted, group_id) VALUES (6473, 'Fanta Ekzotik 0.33', 180, false, 1171) ON CONFLICT DO NOTHING;
INSERT INTO option_variant (id, name, recommended_price, is_deleted, group_id) VALUES (6474, 'Fanta Orange 0.33 ', 180, false, 1171) ON CONFLICT DO NOTHING;
INSERT INTO option_variant (id, name, recommended_price, is_deleted, group_id) VALUES (6475, 'Lipton Ice Tea Lemon 0.33 DEL', 180, false, 1171) ON CONFLICT DO NOTHING;
INSERT INTO option_variant (id, name, recommended_price, is_deleted, group_id) VALUES (6476, 'Lipton Ice Tea Peach 0.33 DEL', 180, false, 1171) ON CONFLICT DO NOTHING;
INSERT INTO option_variant (id, name, recommended_price, is_deleted, group_id) VALUES (6477, 'Schweppes Indian Tonic 0.33L', 180, false, 1171) ON CONFLICT DO NOTHING;
INSERT INTO option_variant (id, name, recommended_price, is_deleted, group_id) VALUES (6478, 'Peja 0.33L ', 300, false, 1171) ON CONFLICT DO NOTHING;
INSERT INTO option_variant (id, name, recommended_price, is_deleted, group_id) VALUES (6479, 'Heineken 0.33 ', 350, false, 1171) ON CONFLICT DO NOTHING;
INSERT INTO option_variant (id, name, recommended_price, is_deleted, group_id) VALUES (6480, 'Korça 0.33L ', 350, false, 1171) ON CONFLICT DO NOTHING;
INSERT INTO option_group (id, name, is_deleted, max_selection, min_selection, restaurant_id) VALUES (1172, 'Minced Beef Skepasti Big', false, 1, 0, 18) ON CONFLICT DO NOTHING;
INSERT INTO option_variant (id, name, recommended_price, is_deleted, group_id) VALUES (6481, 'Minced Beef Skepasti Big', 0, false, 1172) ON CONFLICT DO NOTHING;
INSERT INTO option_group (id, name, is_deleted, max_selection, min_selection, restaurant_id) VALUES (1173, 'Medium Fries', false, 1, 0, 18) ON CONFLICT DO NOTHING;
INSERT INTO option_variant (id, name, recommended_price, is_deleted, group_id) VALUES (6482, 'Medium Fries', 0, false, 1173) ON CONFLICT DO NOTHING;
INSERT INTO option_group (id, name, is_deleted, max_selection, min_selection, restaurant_id) VALUES (1174, 'Shto Sides ', false, 1, 0, 18) ON CONFLICT DO NOTHING;
INSERT INTO option_variant (id, name, recommended_price, is_deleted, group_id) VALUES (6483, 'BBQ Chicken Wings (8 cope)', 570, false, 1174) ON CONFLICT DO NOTHING;
INSERT INTO option_variant (id, name, recommended_price, is_deleted, group_id) VALUES (6484, 'BBQ Chicken Wings (10 cope)', 720, false, 1174) ON CONFLICT DO NOTHING;
INSERT INTO option_variant (id, name, recommended_price, is_deleted, group_id) VALUES (6485, '2 pieces Kackavall Chips', 150, false, 1174) ON CONFLICT DO NOTHING;
INSERT INTO option_variant (id, name, recommended_price, is_deleted, group_id) VALUES (6486, 'Fried Zucchini Balls ', 280, false, 1174) ON CONFLICT DO NOTHING;
INSERT INTO option_variant (id, name, recommended_price, is_deleted, group_id) VALUES (6487, 'Kashkaval Chips', 490, false, 1174) ON CONFLICT DO NOTHING;
INSERT INTO option_variant (id, name, recommended_price, is_deleted, group_id) VALUES (6488, 'Moussaka Croquettes', 300, false, 1174) ON CONFLICT DO NOTHING;
INSERT INTO option_variant (id, name, recommended_price, is_deleted, group_id) VALUES (6489, 'Halloumi chips', 490, false, 1174) ON CONFLICT DO NOTHING;
INSERT INTO option_variant (id, name, recommended_price, is_deleted, group_id) VALUES (6490, 'Greek Fries', 350, false, 1174) ON CONFLICT DO NOTHING;
INSERT INTO option_variant (id, name, recommended_price, is_deleted, group_id) VALUES (6491, 'Bacon Fries', 500, false, 1174) ON CONFLICT DO NOTHING;
INSERT INTO option_variant (id, name, recommended_price, is_deleted, group_id) VALUES (6492, 'Cheddar Fries ', 350, false, 1174) ON CONFLICT DO NOTHING;
INSERT INTO option_group (id, name, is_deleted, max_selection, min_selection, restaurant_id) VALUES (1175, 'Shto Sides ', false, 1, 0, 18) ON CONFLICT DO NOTHING;
INSERT INTO option_variant (id, name, recommended_price, is_deleted, group_id) VALUES (6493, 'BBQ Chicken Wings (6 cope)', 400, false, 1175) ON CONFLICT DO NOTHING;
INSERT INTO option_variant (id, name, recommended_price, is_deleted, group_id) VALUES (6494, 'BBQ Chicken Wings (10 cope)', 720, false, 1175) ON CONFLICT DO NOTHING;
INSERT INTO option_variant (id, name, recommended_price, is_deleted, group_id) VALUES (6495, '2 pieces Kackavall Chips', 150, false, 1175) ON CONFLICT DO NOTHING;
INSERT INTO option_variant (id, name, recommended_price, is_deleted, group_id) VALUES (6496, 'Fried Zucchini Balls ', 280, false, 1175) ON CONFLICT DO NOTHING;
INSERT INTO option_variant (id, name, recommended_price, is_deleted, group_id) VALUES (6497, 'Kashkaval Chips', 490, false, 1175) ON CONFLICT DO NOTHING;
INSERT INTO option_variant (id, name, recommended_price, is_deleted, group_id) VALUES (6498, 'Moussaka Croquettes', 300, false, 1175) ON CONFLICT DO NOTHING;
INSERT INTO option_variant (id, name, recommended_price, is_deleted, group_id) VALUES (6499, 'Halloumi chips', 490, false, 1175) ON CONFLICT DO NOTHING;
INSERT INTO option_variant (id, name, recommended_price, is_deleted, group_id) VALUES (6500, 'Greek Fries', 350, false, 1175) ON CONFLICT DO NOTHING;
INSERT INTO option_variant (id, name, recommended_price, is_deleted, group_id) VALUES (6501, 'Bacon Fries', 500, false, 1175) ON CONFLICT DO NOTHING;
INSERT INTO option_variant (id, name, recommended_price, is_deleted, group_id) VALUES (6502, 'Cheddar Fries ', 350, false, 1175) ON CONFLICT DO NOTHING;
INSERT INTO option_group (id, name, is_deleted, max_selection, min_selection, restaurant_id) VALUES (1176, 'Shto pite', false, 1, 0, 18) ON CONFLICT DO NOTHING;
INSERT INTO option_variant (id, name, recommended_price, is_deleted, group_id) VALUES (6503, 'Pita Extra', 40, false, 1176) ON CONFLICT DO NOTHING;
INSERT INTO option_group (id, name, is_deleted, max_selection, min_selection, restaurant_id) VALUES (1177, 'Shto Sides ', false, 1, 0, 18) ON CONFLICT DO NOTHING;
INSERT INTO option_variant (id, name, recommended_price, is_deleted, group_id) VALUES (6504, 'BBQ Chicken Wings (8 cope)', 570, false, 1177) ON CONFLICT DO NOTHING;
INSERT INTO option_variant (id, name, recommended_price, is_deleted, group_id) VALUES (6505, 'BBQ Chicken Wings (10 cope)', 720, false, 1177) ON CONFLICT DO NOTHING;
INSERT INTO option_variant (id, name, recommended_price, is_deleted, group_id) VALUES (6506, '2 pieces Kackavall Chips', 150, false, 1177) ON CONFLICT DO NOTHING;
INSERT INTO option_variant (id, name, recommended_price, is_deleted, group_id) VALUES (6507, 'Fried Zucchini Balls ', 280, false, 1177) ON CONFLICT DO NOTHING;
INSERT INTO option_variant (id, name, recommended_price, is_deleted, group_id) VALUES (6508, 'Kashkaval Chips', 490, false, 1177) ON CONFLICT DO NOTHING;
INSERT INTO option_variant (id, name, recommended_price, is_deleted, group_id) VALUES (6509, 'Moussaka Croquettes', 300, false, 1177) ON CONFLICT DO NOTHING;
INSERT INTO option_variant (id, name, recommended_price, is_deleted, group_id) VALUES (6510, 'Halloumi chips', 490, false, 1177) ON CONFLICT DO NOTHING;
INSERT INTO option_variant (id, name, recommended_price, is_deleted, group_id) VALUES (6511, 'Greek Fries', 350, false, 1177) ON CONFLICT DO NOTHING;
INSERT INTO option_variant (id, name, recommended_price, is_deleted, group_id) VALUES (6512, 'Bacon Fries', 500, false, 1177) ON CONFLICT DO NOTHING;
INSERT INTO option_variant (id, name, recommended_price, is_deleted, group_id) VALUES (6513, 'Cheddar Fries ', 350, false, 1177) ON CONFLICT DO NOTHING;
INSERT INTO option_group (id, name, is_deleted, max_selection, min_selection, restaurant_id) VALUES (1178, 'Chicken Skepasti Big', false, 1, 0, 18) ON CONFLICT DO NOTHING;
INSERT INTO option_variant (id, name, recommended_price, is_deleted, group_id) VALUES (6514, 'Chicken Skepasti Big(Bacon Sauce)', 0, false, 1178) ON CONFLICT DO NOTHING;
INSERT INTO option_variant (id, name, recommended_price, is_deleted, group_id) VALUES (6515, 'Chicken Skepasti Big (Sos)', 0, false, 1178) ON CONFLICT DO NOTHING;
INSERT INTO option_group (id, name, is_deleted, max_selection, min_selection, restaurant_id) VALUES (1179, 'BBQ Chicken Wings (10 cope)', false, 1, 0, 18) ON CONFLICT DO NOTHING;
INSERT INTO option_variant (id, name, recommended_price, is_deleted, group_id) VALUES (6516, 'BBQ Chicken Wings (10 cope)', 0, false, 1179) ON CONFLICT DO NOTHING;
INSERT INTO option_group (id, name, is_deleted, max_selection, min_selection, restaurant_id) VALUES (1180, 'Shto Sides ', false, 1, 0, 18) ON CONFLICT DO NOTHING;
INSERT INTO option_variant (id, name, recommended_price, is_deleted, group_id) VALUES (6517, 'BBQ Chicken Wings (6 cope)', 400, false, 1180) ON CONFLICT DO NOTHING;
INSERT INTO option_variant (id, name, recommended_price, is_deleted, group_id) VALUES (6518, 'BBQ Chicken Wings (8 cope)', 570, false, 1180) ON CONFLICT DO NOTHING;
INSERT INTO option_variant (id, name, recommended_price, is_deleted, group_id) VALUES (6519, '2 pieces Kackavall Chips', 150, false, 1180) ON CONFLICT DO NOTHING;
INSERT INTO option_variant (id, name, recommended_price, is_deleted, group_id) VALUES (6520, 'Fried Zucchini Balls ', 280, false, 1180) ON CONFLICT DO NOTHING;
INSERT INTO option_variant (id, name, recommended_price, is_deleted, group_id) VALUES (6521, 'Kashkaval Chips', 490, false, 1180) ON CONFLICT DO NOTHING;
INSERT INTO option_variant (id, name, recommended_price, is_deleted, group_id) VALUES (6522, 'Moussaka Croquettes', 300, false, 1180) ON CONFLICT DO NOTHING;
INSERT INTO option_variant (id, name, recommended_price, is_deleted, group_id) VALUES (6523, 'Halloumi chips', 490, false, 1180) ON CONFLICT DO NOTHING;
INSERT INTO option_variant (id, name, recommended_price, is_deleted, group_id) VALUES (6524, 'Greek Fries', 350, false, 1180) ON CONFLICT DO NOTHING;
INSERT INTO option_variant (id, name, recommended_price, is_deleted, group_id) VALUES (6525, 'Bacon Fries', 500, false, 1180) ON CONFLICT DO NOTHING;
INSERT INTO option_variant (id, name, recommended_price, is_deleted, group_id) VALUES (6526, 'Cheddar Fries ', 350, false, 1180) ON CONFLICT DO NOTHING;
INSERT INTO option_group (id, name, is_deleted, max_selection, min_selection, restaurant_id) VALUES (1181, 'BBQ Chicken Wings (8 cope)', false, 1, 0, 18) ON CONFLICT DO NOTHING;
INSERT INTO option_variant (id, name, recommended_price, is_deleted, group_id) VALUES (6527, 'BBQ Chicken Wings (8 cope)', 0, false, 1181) ON CONFLICT DO NOTHING;
INSERT INTO option_group (id, name, is_deleted, max_selection, min_selection, restaurant_id) VALUES (1182, 'Shto Sides ', false, 1, 0, 18) ON CONFLICT DO NOTHING;
INSERT INTO option_variant (id, name, recommended_price, is_deleted, group_id) VALUES (6528, 'BBQ Chicken Wings (6 cope)', 400, false, 1182) ON CONFLICT DO NOTHING;
INSERT INTO option_variant (id, name, recommended_price, is_deleted, group_id) VALUES (6529, 'BBQ Chicken Wings (10 cope)', 720, false, 1182) ON CONFLICT DO NOTHING;
INSERT INTO option_variant (id, name, recommended_price, is_deleted, group_id) VALUES (6530, '2 pieces Kackavall Chips', 150, false, 1182) ON CONFLICT DO NOTHING;
INSERT INTO option_variant (id, name, recommended_price, is_deleted, group_id) VALUES (6531, 'Fried Zucchini Balls ', 280, false, 1182) ON CONFLICT DO NOTHING;
INSERT INTO option_variant (id, name, recommended_price, is_deleted, group_id) VALUES (6532, 'Kashkaval Chips', 490, false, 1182) ON CONFLICT DO NOTHING;
INSERT INTO option_variant (id, name, recommended_price, is_deleted, group_id) VALUES (6533, 'Moussaka Croquettes', 300, false, 1182) ON CONFLICT DO NOTHING;
INSERT INTO option_variant (id, name, recommended_price, is_deleted, group_id) VALUES (6534, 'Halloumi chips', 490, false, 1182) ON CONFLICT DO NOTHING;
INSERT INTO option_variant (id, name, recommended_price, is_deleted, group_id) VALUES (6535, 'Greek Fries', 350, false, 1182) ON CONFLICT DO NOTHING;
INSERT INTO option_variant (id, name, recommended_price, is_deleted, group_id) VALUES (6536, 'Bacon Fries', 500, false, 1182) ON CONFLICT DO NOTHING;
INSERT INTO option_variant (id, name, recommended_price, is_deleted, group_id) VALUES (6537, 'Cheddar Fries ', 350, false, 1182) ON CONFLICT DO NOTHING;
INSERT INTO option_group (id, name, is_deleted, max_selection, min_selection, restaurant_id) VALUES (1183, 'Shto Sides ', false, 1, 0, 18) ON CONFLICT DO NOTHING;
INSERT INTO option_variant (id, name, recommended_price, is_deleted, group_id) VALUES (6538, 'BBQ Chicken Wings (6 cope)', 400, false, 1183) ON CONFLICT DO NOTHING;
INSERT INTO option_variant (id, name, recommended_price, is_deleted, group_id) VALUES (6539, 'BBQ Chicken Wings (8 cope)', 570, false, 1183) ON CONFLICT DO NOTHING;
INSERT INTO option_variant (id, name, recommended_price, is_deleted, group_id) VALUES (6540, '2 pieces Kackavall Chips', 150, false, 1183) ON CONFLICT DO NOTHING;
INSERT INTO option_variant (id, name, recommended_price, is_deleted, group_id) VALUES (6541, 'Fried Zucchini Balls ', 280, false, 1183) ON CONFLICT DO NOTHING;
INSERT INTO option_variant (id, name, recommended_price, is_deleted, group_id) VALUES (6542, 'Kashkaval Chips', 490, false, 1183) ON CONFLICT DO NOTHING;
INSERT INTO option_variant (id, name, recommended_price, is_deleted, group_id) VALUES (6543, 'Moussaka Croquettes', 300, false, 1183) ON CONFLICT DO NOTHING;
INSERT INTO option_variant (id, name, recommended_price, is_deleted, group_id) VALUES (6544, 'Halloumi chips', 490, false, 1183) ON CONFLICT DO NOTHING;
INSERT INTO option_variant (id, name, recommended_price, is_deleted, group_id) VALUES (6545, 'Greek Fries', 350, false, 1183) ON CONFLICT DO NOTHING;
INSERT INTO option_variant (id, name, recommended_price, is_deleted, group_id) VALUES (6546, 'Bacon Fries', 500, false, 1183) ON CONFLICT DO NOTHING;
INSERT INTO option_variant (id, name, recommended_price, is_deleted, group_id) VALUES (6547, 'Cheddar Fries ', 350, false, 1183) ON CONFLICT DO NOTHING;
INSERT INTO option_group (id, name, is_deleted, max_selection, min_selection, restaurant_id) VALUES (1184, 'Zgjidh madhësinë', false, 1, 0, 18) ON CONFLICT DO NOTHING;
INSERT INTO option_variant (id, name, recommended_price, is_deleted, group_id) VALUES (6548, 'OPA Smash Burger', 0, false, 1184) ON CONFLICT DO NOTHING;
INSERT INTO option_variant (id, name, recommended_price, is_deleted, group_id) VALUES (6549, 'Double OPA Smash Burger', 230, false, 1184) ON CONFLICT DO NOTHING;
INSERT INTO option_group (id, name, is_deleted, max_selection, min_selection, restaurant_id) VALUES (1185, 'Shto (Extra)', false, 1, 0, 18) ON CONFLICT DO NOTHING;
INSERT INTO option_variant (id, name, recommended_price, is_deleted, group_id) VALUES (6550, 'Add Crispy Bacon', 150, false, 1185) ON CONFLICT DO NOTHING;
INSERT INTO option_variant (id, name, recommended_price, is_deleted, group_id) VALUES (6551, 'Add Jalapenos', 50, false, 1185) ON CONFLICT DO NOTHING;
INSERT INTO option_variant (id, name, recommended_price, is_deleted, group_id) VALUES (6552, 'Add Cheddar Cheese', 100, false, 1185) ON CONFLICT DO NOTHING;
INSERT INTO option_group (id, name, is_deleted, max_selection, min_selection, restaurant_id) VALUES (1186, 'Zgjidh madhësinë', false, 1, 0, 18) ON CONFLICT DO NOTHING;
INSERT INTO option_variant (id, name, recommended_price, is_deleted, group_id) VALUES (6553, 'Chicken Skepasti DEL', 0, false, 1186) ON CONFLICT DO NOTHING;
INSERT INTO option_variant (id, name, recommended_price, is_deleted, group_id) VALUES (6554, 'Chicken Skepasti Big(Bacon Sauce)', 170, false, 1186) ON CONFLICT DO NOTHING;
INSERT INTO option_group (id, name, is_deleted, max_selection, min_selection, restaurant_id) VALUES (1187, 'Shto Sides ', false, 1, 0, 18) ON CONFLICT DO NOTHING;
INSERT INTO option_variant (id, name, recommended_price, is_deleted, group_id) VALUES (6555, 'BBQ Chicken Wings (6 cope)', 400, false, 1187) ON CONFLICT DO NOTHING;
INSERT INTO option_variant (id, name, recommended_price, is_deleted, group_id) VALUES (6556, 'BBQ Chicken Wings (8 cope)', 570, false, 1187) ON CONFLICT DO NOTHING;
INSERT INTO option_variant (id, name, recommended_price, is_deleted, group_id) VALUES (6557, 'BBQ Chicken Wings (10 cope)', 720, false, 1187) ON CONFLICT DO NOTHING;
INSERT INTO option_variant (id, name, recommended_price, is_deleted, group_id) VALUES (6558, '2 pieces Kackavall Chips', 150, false, 1187) ON CONFLICT DO NOTHING;
INSERT INTO option_variant (id, name, recommended_price, is_deleted, group_id) VALUES (6559, 'Fried Zucchini Balls ', 280, false, 1187) ON CONFLICT DO NOTHING;
INSERT INTO option_variant (id, name, recommended_price, is_deleted, group_id) VALUES (6560, 'Kashkaval Chips', 490, false, 1187) ON CONFLICT DO NOTHING;
INSERT INTO option_variant (id, name, recommended_price, is_deleted, group_id) VALUES (6561, 'Moussaka Croquettes', 300, false, 1187) ON CONFLICT DO NOTHING;
INSERT INTO option_variant (id, name, recommended_price, is_deleted, group_id) VALUES (6562, 'Halloumi chips', 490, false, 1187) ON CONFLICT DO NOTHING;
INSERT INTO option_variant (id, name, recommended_price, is_deleted, group_id) VALUES (6563, 'Greek Fries', 350, false, 1187) ON CONFLICT DO NOTHING;
INSERT INTO option_variant (id, name, recommended_price, is_deleted, group_id) VALUES (6564, 'Bacon Fries', 500, false, 1187) ON CONFLICT DO NOTHING;
INSERT INTO option_variant (id, name, recommended_price, is_deleted, group_id) VALUES (6565, 'Cheddar Fries ', 350, false, 1187) ON CONFLICT DO NOTHING;
INSERT INTO option_group (id, name, is_deleted, max_selection, min_selection, restaurant_id) VALUES (1188, 'Zgjidh madhësinë', false, 1, 0, 18) ON CONFLICT DO NOTHING;
INSERT INTO option_variant (id, name, recommended_price, is_deleted, group_id) VALUES (6566, 'Minced Beef Skepasti', 0, false, 1188) ON CONFLICT DO NOTHING;
INSERT INTO option_variant (id, name, recommended_price, is_deleted, group_id) VALUES (6567, 'Minced Beef Skepasti Big', 200, false, 1188) ON CONFLICT DO NOTHING;
INSERT INTO option_group (id, name, is_deleted, max_selection, min_selection, restaurant_id) VALUES (1189, 'Preferenca e mishit', false, 1, 0, 18) ON CONFLICT DO NOTHING;
INSERT INTO option_variant (id, name, recommended_price, is_deleted, group_id) VALUES (6568, 'Junior Chicken Tortilla Combo', 0, false, 1189) ON CONFLICT DO NOTHING;
INSERT INTO option_variant (id, name, recommended_price, is_deleted, group_id) VALUES (6569, 'Junior Pork Tortilla Combo', 0, false, 1189) ON CONFLICT DO NOTHING;
INSERT INTO option_group (id, name, is_deleted, max_selection, min_selection, restaurant_id) VALUES (1190, 'Medium Fries', false, 1, 0, 18) ON CONFLICT DO NOTHING;
INSERT INTO option_variant (id, name, recommended_price, is_deleted, group_id) VALUES (6570, 'Medium Fries', 0, false, 1190) ON CONFLICT DO NOTHING;
INSERT INTO option_group (id, name, is_deleted, max_selection, min_selection, restaurant_id) VALUES (1191, 'Zgjidh madhësinë', false, 1, 0, 18) ON CONFLICT DO NOTHING;
INSERT INTO option_variant (id, name, recommended_price, is_deleted, group_id) VALUES (6571, 'Pork Skepasti DEL', 0, false, 1191) ON CONFLICT DO NOTHING;
INSERT INTO option_variant (id, name, recommended_price, is_deleted, group_id) VALUES (6572, 'Pork Skepasti Big ', 170, false, 1191) ON CONFLICT DO NOTHING;
INSERT INTO option_group (id, name, is_deleted, max_selection, min_selection, restaurant_id) VALUES (1192, 'Coca Cola Draft 0.25l or 0.33l', false, 1, 0, 18) ON CONFLICT DO NOTHING;
INSERT INTO option_variant (id, name, recommended_price, is_deleted, group_id) VALUES (6573, 'Selita Uje natyral 0.5l', 0, false, 1192) ON CONFLICT DO NOTHING;
INSERT INTO option_variant (id, name, recommended_price, is_deleted, group_id) VALUES (6574, 'Coca Cola 0.33l', 0, false, 1192) ON CONFLICT DO NOTHING;
INSERT INTO option_variant (id, name, recommended_price, is_deleted, group_id) VALUES (6575, 'Coca Cola Zero 0.33L', 0, false, 1192) ON CONFLICT DO NOTHING;
INSERT INTO option_group (id, name, is_deleted, max_selection, min_selection, restaurant_id) VALUES (1193, 'Preferenca e mishit', false, 1, 0, 18) ON CONFLICT DO NOTHING;
INSERT INTO option_variant (id, name, recommended_price, is_deleted, group_id) VALUES (6576, 'Junior Chicken Gyros Combo', 0, false, 1193) ON CONFLICT DO NOTHING;
INSERT INTO option_variant (id, name, recommended_price, is_deleted, group_id) VALUES (6577, 'Junior Pork Gyros Combo', 0, false, 1193) ON CONFLICT DO NOTHING;
INSERT INTO option_group (id, name, is_deleted, max_selection, min_selection, restaurant_id) VALUES (1194, 'Zgjidh madhësinë', false, 1, 0, 18) ON CONFLICT DO NOTHING;
INSERT INTO option_variant (id, name, recommended_price, is_deleted, group_id) VALUES (6578, 'Chicken Skepasti DEL (Sos)', 0, false, 1194) ON CONFLICT DO NOTHING;
INSERT INTO option_variant (id, name, recommended_price, is_deleted, group_id) VALUES (6579, 'Chicken Skepasti Big (Sos)', 170, false, 1194) ON CONFLICT DO NOTHING;
INSERT INTO option_group (id, name, is_deleted, max_selection, min_selection, restaurant_id) VALUES (1195, 'Shto Sides ', false, 1, 0, 18) ON CONFLICT DO NOTHING;
INSERT INTO option_variant (id, name, recommended_price, is_deleted, group_id) VALUES (6580, 'BBQ Chicken Wings (6 cope)', 400, false, 1195) ON CONFLICT DO NOTHING;
INSERT INTO option_variant (id, name, recommended_price, is_deleted, group_id) VALUES (6581, 'BBQ Chicken Wings (8 cope)', 570, false, 1195) ON CONFLICT DO NOTHING;
INSERT INTO option_variant (id, name, recommended_price, is_deleted, group_id) VALUES (6582, 'BBQ Chicken Wings (10 cope)', 720, false, 1195) ON CONFLICT DO NOTHING;
INSERT INTO option_variant (id, name, recommended_price, is_deleted, group_id) VALUES (6583, '2 pieces Kackavall Chips', 150, false, 1195) ON CONFLICT DO NOTHING;
INSERT INTO option_variant (id, name, recommended_price, is_deleted, group_id) VALUES (6584, 'Fried Zucchini Balls ', 280, false, 1195) ON CONFLICT DO NOTHING;
INSERT INTO option_variant (id, name, recommended_price, is_deleted, group_id) VALUES (6585, 'Kashkaval Chips', 490, false, 1195) ON CONFLICT DO NOTHING;
INSERT INTO option_variant (id, name, recommended_price, is_deleted, group_id) VALUES (6586, 'Moussaka Croquettes', 300, false, 1195) ON CONFLICT DO NOTHING;
INSERT INTO option_variant (id, name, recommended_price, is_deleted, group_id) VALUES (6587, 'Halloumi chips', 490, false, 1195) ON CONFLICT DO NOTHING;
INSERT INTO option_variant (id, name, recommended_price, is_deleted, group_id) VALUES (6588, 'Greek Fries', 350, false, 1195) ON CONFLICT DO NOTHING;
INSERT INTO option_variant (id, name, recommended_price, is_deleted, group_id) VALUES (6589, 'Bacon Fries', 500, false, 1195) ON CONFLICT DO NOTHING;
INSERT INTO option_variant (id, name, recommended_price, is_deleted, group_id) VALUES (6590, 'Cheddar Fries ', 350, false, 1195) ON CONFLICT DO NOTHING;
INSERT INTO option_group (id, name, is_deleted, max_selection, min_selection, restaurant_id) VALUES (1196, 'Coca Cola Draft 0.25l or 0.33l', false, 1, 0, 18) ON CONFLICT DO NOTHING;
INSERT INTO option_variant (id, name, recommended_price, is_deleted, group_id) VALUES (6591, 'Selita Uje natyral 0.5l', 0, false, 1196) ON CONFLICT DO NOTHING;
INSERT INTO option_variant (id, name, recommended_price, is_deleted, group_id) VALUES (6592, 'Coca Cola 0.33l', 0, false, 1196) ON CONFLICT DO NOTHING;
INSERT INTO option_variant (id, name, recommended_price, is_deleted, group_id) VALUES (6593, 'Coca Cola Zero 0.33L', 0, false, 1196) ON CONFLICT DO NOTHING;
INSERT INTO option_group (id, name, is_deleted, max_selection, min_selection, restaurant_id) VALUES (1197, 'Zgjidh Sallaten Lunch', false, 1, 0, 18) ON CONFLICT DO NOTHING;
INSERT INTO option_variant (id, name, recommended_price, is_deleted, group_id) VALUES (6594, 'MD Greek Salad', 0, false, 1197) ON CONFLICT DO NOTHING;
INSERT INTO option_variant (id, name, recommended_price, is_deleted, group_id) VALUES (6595, 'MD Greek Ceasar Salad', 0, false, 1197) ON CONFLICT DO NOTHING;
INSERT INTO option_group (id, name, is_deleted, max_selection, min_selection, restaurant_id) VALUES (1198, 'Drinks for Big', false, 1, 0, 18) ON CONFLICT DO NOTHING;
INSERT INTO option_variant (id, name, recommended_price, is_deleted, group_id) VALUES (6596, 'Selita Uje natyral 0.5l', 0, false, 1198) ON CONFLICT DO NOTHING;
INSERT INTO option_variant (id, name, recommended_price, is_deleted, group_id) VALUES (6597, 'Selita Uje me gaz 0.5l', 0, false, 1198) ON CONFLICT DO NOTHING;
INSERT INTO option_variant (id, name, recommended_price, is_deleted, group_id) VALUES (6598, 'Coca Cola 0.33l', 0, false, 1198) ON CONFLICT DO NOTHING;
INSERT INTO option_variant (id, name, recommended_price, is_deleted, group_id) VALUES (6599, 'Coca Cola Zero 0.33L', 0, false, 1198) ON CONFLICT DO NOTHING;
INSERT INTO option_variant (id, name, recommended_price, is_deleted, group_id) VALUES (6600, 'Fanta Exotic 0.33L', 0, false, 1198) ON CONFLICT DO NOTHING;
INSERT INTO option_variant (id, name, recommended_price, is_deleted, group_id) VALUES (6601, 'Fanta Orange 0.33L', 0, false, 1198) ON CONFLICT DO NOTHING;
INSERT INTO option_variant (id, name, recommended_price, is_deleted, group_id) VALUES (6602, 'Lemon Soda 0.33', 0, false, 1198) ON CONFLICT DO NOTHING;
INSERT INTO option_variant (id, name, recommended_price, is_deleted, group_id) VALUES (6603, 'Orange Soda 0.33', 0, false, 1198) ON CONFLICT DO NOTHING;
INSERT INTO option_variant (id, name, recommended_price, is_deleted, group_id) VALUES (6604, 'Sprite 0.33l', 0, false, 1198) ON CONFLICT DO NOTHING;
INSERT INTO option_variant (id, name, recommended_price, is_deleted, group_id) VALUES (6605, 'Lipton Ice Tea Peach 0.33', 0, false, 1198) ON CONFLICT DO NOTHING;
INSERT INTO option_variant (id, name, recommended_price, is_deleted, group_id) VALUES (6606, 'Lipton Ice Tea Lemon 0.33', 0, false, 1198) ON CONFLICT DO NOTHING;
INSERT INTO option_variant (id, name, recommended_price, is_deleted, group_id) VALUES (6607, 'Sprite 0.5L Draft', 0, false, 1198) ON CONFLICT DO NOTHING;
INSERT INTO option_variant (id, name, recommended_price, is_deleted, group_id) VALUES (6608, 'Fanta Lemon 0.33L', 0, false, 1198) ON CONFLICT DO NOTHING;
INSERT INTO option_group (id, name, is_deleted, max_selection, min_selection, restaurant_id) VALUES (1199, 'Drinks', false, 1, 0, 18) ON CONFLICT DO NOTHING;
INSERT INTO option_variant (id, name, recommended_price, is_deleted, group_id) VALUES (6609, 'Coca Cola 0.33l', 0, false, 1199) ON CONFLICT DO NOTHING;
INSERT INTO option_variant (id, name, recommended_price, is_deleted, group_id) VALUES (6610, 'Selita Uje natyral 0.5l', 0, false, 1199) ON CONFLICT DO NOTHING;
INSERT INTO option_variant (id, name, recommended_price, is_deleted, group_id) VALUES (6611, 'Selita Uje me gaz 0.5l', 0, false, 1199) ON CONFLICT DO NOTHING;
INSERT INTO option_variant (id, name, recommended_price, is_deleted, group_id) VALUES (6612, 'Coca Cola Zero 0.33L', 0, false, 1199) ON CONFLICT DO NOTHING;
INSERT INTO option_variant (id, name, recommended_price, is_deleted, group_id) VALUES (6613, 'Fanta Lemon 0.33L', 0, false, 1199) ON CONFLICT DO NOTHING;
INSERT INTO option_variant (id, name, recommended_price, is_deleted, group_id) VALUES (6614, 'Fanta Orange 0.33L', 0, false, 1199) ON CONFLICT DO NOTHING;
INSERT INTO option_variant (id, name, recommended_price, is_deleted, group_id) VALUES (6615, 'Fanta Exotic 0.33L', 0, false, 1199) ON CONFLICT DO NOTHING;
INSERT INTO option_variant (id, name, recommended_price, is_deleted, group_id) VALUES (6616, 'Lemon Soda 0.33', 0, false, 1199) ON CONFLICT DO NOTHING;
INSERT INTO option_variant (id, name, recommended_price, is_deleted, group_id) VALUES (6617, 'Orange Soda 0.33', 0, false, 1199) ON CONFLICT DO NOTHING;
INSERT INTO option_variant (id, name, recommended_price, is_deleted, group_id) VALUES (6618, 'Sprite 0.33l', 0, false, 1199) ON CONFLICT DO NOTHING;
INSERT INTO option_variant (id, name, recommended_price, is_deleted, group_id) VALUES (6619, 'Lipton Ice Tea Lemon 0.33', 0, false, 1199) ON CONFLICT DO NOTHING;
INSERT INTO option_variant (id, name, recommended_price, is_deleted, group_id) VALUES (6620, 'Lipton Ice Tea Peach 0.33', 0, false, 1199) ON CONFLICT DO NOTHING;
INSERT INTO option_group (id, name, is_deleted, max_selection, min_selection, restaurant_id) VALUES (1200, 'Drinks', false, 1, 0, 18) ON CONFLICT DO NOTHING;
INSERT INTO option_variant (id, name, recommended_price, is_deleted, group_id) VALUES (6621, 'Coca Cola 0.33l', 0, false, 1200) ON CONFLICT DO NOTHING;
INSERT INTO option_variant (id, name, recommended_price, is_deleted, group_id) VALUES (6622, 'Selita Uje natyral 0.5l', 0, false, 1200) ON CONFLICT DO NOTHING;
INSERT INTO option_variant (id, name, recommended_price, is_deleted, group_id) VALUES (6623, 'Selita Uje me gaz 0.5l', 0, false, 1200) ON CONFLICT DO NOTHING;
INSERT INTO option_variant (id, name, recommended_price, is_deleted, group_id) VALUES (6624, 'Coca Cola Zero 0.33L', 0, false, 1200) ON CONFLICT DO NOTHING;
INSERT INTO option_variant (id, name, recommended_price, is_deleted, group_id) VALUES (6625, 'Fanta Lemon 0.33L', 0, false, 1200) ON CONFLICT DO NOTHING;
INSERT INTO option_variant (id, name, recommended_price, is_deleted, group_id) VALUES (6626, 'Fanta Orange 0.33L', 0, false, 1200) ON CONFLICT DO NOTHING;
INSERT INTO option_variant (id, name, recommended_price, is_deleted, group_id) VALUES (6627, 'Fanta Exotic 0.33L', 0, false, 1200) ON CONFLICT DO NOTHING;
INSERT INTO option_variant (id, name, recommended_price, is_deleted, group_id) VALUES (6628, 'Lemon Soda 0.33', 0, false, 1200) ON CONFLICT DO NOTHING;
INSERT INTO option_variant (id, name, recommended_price, is_deleted, group_id) VALUES (6629, 'Orange Soda 0.33', 0, false, 1200) ON CONFLICT DO NOTHING;
INSERT INTO option_variant (id, name, recommended_price, is_deleted, group_id) VALUES (6630, 'Sprite 0.33l', 0, false, 1200) ON CONFLICT DO NOTHING;
INSERT INTO option_variant (id, name, recommended_price, is_deleted, group_id) VALUES (6631, 'Lipton Ice Tea Lemon 0.33', 0, false, 1200) ON CONFLICT DO NOTHING;
INSERT INTO option_variant (id, name, recommended_price, is_deleted, group_id) VALUES (6632, 'Lipton Ice Tea Peach 0.33', 0, false, 1200) ON CONFLICT DO NOTHING;
INSERT INTO option_group (id, name, is_deleted, max_selection, min_selection, restaurant_id) VALUES (1201, 'Drinks', false, 1, 0, 18) ON CONFLICT DO NOTHING;
INSERT INTO option_variant (id, name, recommended_price, is_deleted, group_id) VALUES (6633, 'Coca Cola 0.33l', 0, false, 1201) ON CONFLICT DO NOTHING;
INSERT INTO option_variant (id, name, recommended_price, is_deleted, group_id) VALUES (6634, 'Selita Uje natyral 0.5l', 0, false, 1201) ON CONFLICT DO NOTHING;
INSERT INTO option_variant (id, name, recommended_price, is_deleted, group_id) VALUES (6635, 'Selita Uje me gaz 0.5l', 0, false, 1201) ON CONFLICT DO NOTHING;
INSERT INTO option_variant (id, name, recommended_price, is_deleted, group_id) VALUES (6636, 'Coca Cola Zero 0.33L', 0, false, 1201) ON CONFLICT DO NOTHING;
INSERT INTO option_variant (id, name, recommended_price, is_deleted, group_id) VALUES (6637, 'Fanta Lemon 0.33L', 0, false, 1201) ON CONFLICT DO NOTHING;
INSERT INTO option_variant (id, name, recommended_price, is_deleted, group_id) VALUES (6638, 'Fanta Orange 0.33L', 0, false, 1201) ON CONFLICT DO NOTHING;
INSERT INTO option_variant (id, name, recommended_price, is_deleted, group_id) VALUES (6639, 'Fanta Exotic 0.33L', 0, false, 1201) ON CONFLICT DO NOTHING;
INSERT INTO option_variant (id, name, recommended_price, is_deleted, group_id) VALUES (6640, 'Lemon Soda 0.33', 0, false, 1201) ON CONFLICT DO NOTHING;
INSERT INTO option_variant (id, name, recommended_price, is_deleted, group_id) VALUES (6641, 'Orange Soda 0.33', 0, false, 1201) ON CONFLICT DO NOTHING;
INSERT INTO option_variant (id, name, recommended_price, is_deleted, group_id) VALUES (6642, 'Sprite 0.33l', 0, false, 1201) ON CONFLICT DO NOTHING;
INSERT INTO option_variant (id, name, recommended_price, is_deleted, group_id) VALUES (6643, 'Lipton Ice Tea Lemon 0.33', 0, false, 1201) ON CONFLICT DO NOTHING;
INSERT INTO option_variant (id, name, recommended_price, is_deleted, group_id) VALUES (6644, 'Lipton Ice Tea Peach 0.33', 0, false, 1201) ON CONFLICT DO NOTHING;
INSERT INTO option_group (id, name, is_deleted, max_selection, min_selection, restaurant_id) VALUES (1202, 'Drinks', false, 1, 0, 18) ON CONFLICT DO NOTHING;
INSERT INTO option_variant (id, name, recommended_price, is_deleted, group_id) VALUES (6645, 'Coca Cola 0.33l', 0, false, 1202) ON CONFLICT DO NOTHING;
INSERT INTO option_variant (id, name, recommended_price, is_deleted, group_id) VALUES (6646, 'Selita Uje natyral 0.5l', 0, false, 1202) ON CONFLICT DO NOTHING;
INSERT INTO option_variant (id, name, recommended_price, is_deleted, group_id) VALUES (6647, 'Selita Uje me gaz 0.5l', 0, false, 1202) ON CONFLICT DO NOTHING;
INSERT INTO option_variant (id, name, recommended_price, is_deleted, group_id) VALUES (6648, 'Coca Cola Zero 0.33L', 0, false, 1202) ON CONFLICT DO NOTHING;
INSERT INTO option_variant (id, name, recommended_price, is_deleted, group_id) VALUES (6649, 'Fanta Lemon 0.33L', 0, false, 1202) ON CONFLICT DO NOTHING;
INSERT INTO option_variant (id, name, recommended_price, is_deleted, group_id) VALUES (6650, 'Fanta Orange 0.33L', 0, false, 1202) ON CONFLICT DO NOTHING;
INSERT INTO option_variant (id, name, recommended_price, is_deleted, group_id) VALUES (6651, 'Fanta Exotic 0.33L', 0, false, 1202) ON CONFLICT DO NOTHING;
INSERT INTO option_variant (id, name, recommended_price, is_deleted, group_id) VALUES (6652, 'Lemon Soda 0.33', 0, false, 1202) ON CONFLICT DO NOTHING;
INSERT INTO option_variant (id, name, recommended_price, is_deleted, group_id) VALUES (6653, 'Orange Soda 0.33', 0, false, 1202) ON CONFLICT DO NOTHING;
INSERT INTO option_variant (id, name, recommended_price, is_deleted, group_id) VALUES (6654, 'Sprite 0.33l', 0, false, 1202) ON CONFLICT DO NOTHING;
INSERT INTO option_variant (id, name, recommended_price, is_deleted, group_id) VALUES (6655, 'Lipton Ice Tea Lemon 0.33', 0, false, 1202) ON CONFLICT DO NOTHING;
INSERT INTO option_variant (id, name, recommended_price, is_deleted, group_id) VALUES (6656, 'Lipton Ice Tea Peach 0.33', 0, false, 1202) ON CONFLICT DO NOTHING;
INSERT INTO option_group (id, name, is_deleted, max_selection, min_selection, restaurant_id) VALUES (1203, 'Drinks for Big', false, 1, 0, 18) ON CONFLICT DO NOTHING;
INSERT INTO option_variant (id, name, recommended_price, is_deleted, group_id) VALUES (6657, 'Selita Uje natyral 0.5l', 0, false, 1203) ON CONFLICT DO NOTHING;
INSERT INTO option_variant (id, name, recommended_price, is_deleted, group_id) VALUES (6658, 'Selita Uje me gaz 0.5l', 0, false, 1203) ON CONFLICT DO NOTHING;
INSERT INTO option_variant (id, name, recommended_price, is_deleted, group_id) VALUES (6659, 'Coca Cola 0.33l', 0, false, 1203) ON CONFLICT DO NOTHING;
INSERT INTO option_variant (id, name, recommended_price, is_deleted, group_id) VALUES (6660, 'Coca Cola Zero 0.33L', 0, false, 1203) ON CONFLICT DO NOTHING;
INSERT INTO option_variant (id, name, recommended_price, is_deleted, group_id) VALUES (6661, 'Fanta Exotic 0.33L', 0, false, 1203) ON CONFLICT DO NOTHING;
INSERT INTO option_variant (id, name, recommended_price, is_deleted, group_id) VALUES (6662, 'Fanta Orange 0.33L', 0, false, 1203) ON CONFLICT DO NOTHING;
INSERT INTO option_variant (id, name, recommended_price, is_deleted, group_id) VALUES (6663, 'Lemon Soda 0.33', 0, false, 1203) ON CONFLICT DO NOTHING;
INSERT INTO option_variant (id, name, recommended_price, is_deleted, group_id) VALUES (6664, 'Orange Soda 0.33', 0, false, 1203) ON CONFLICT DO NOTHING;
INSERT INTO option_variant (id, name, recommended_price, is_deleted, group_id) VALUES (6665, 'Sprite 0.33l', 0, false, 1203) ON CONFLICT DO NOTHING;
INSERT INTO option_variant (id, name, recommended_price, is_deleted, group_id) VALUES (6666, 'Lipton Ice Tea Peach 0.33', 0, false, 1203) ON CONFLICT DO NOTHING;
INSERT INTO option_variant (id, name, recommended_price, is_deleted, group_id) VALUES (6667, 'Lipton Ice Tea Lemon 0.33', 0, false, 1203) ON CONFLICT DO NOTHING;
INSERT INTO option_variant (id, name, recommended_price, is_deleted, group_id) VALUES (6668, 'Fanta Lemon 0.33L', 0, false, 1203) ON CONFLICT DO NOTHING;
INSERT INTO option_group (id, name, is_deleted, max_selection, min_selection, restaurant_id) VALUES (1204, 'Tzatziki Racion', false, 1, 0, 18) ON CONFLICT DO NOTHING;
INSERT INTO option_variant (id, name, recommended_price, is_deleted, group_id) VALUES (6669, 'Tzatziki Racion ', 0, false, 1204) ON CONFLICT DO NOTHING;
INSERT INTO option_group (id, name, is_deleted, max_selection, min_selection, restaurant_id) VALUES (1205, 'Kackavall Chips ', false, 1, 0, 18) ON CONFLICT DO NOTHING;
INSERT INTO option_variant (id, name, recommended_price, is_deleted, group_id) VALUES (6670, 'Kashkaval Chips', 0, false, 1205) ON CONFLICT DO NOTHING;
INSERT INTO option_group (id, name, is_deleted, max_selection, min_selection, restaurant_id) VALUES (1206, 'Patate e vogel', false, 1, 0, 18) ON CONFLICT DO NOTHING;
INSERT INTO option_variant (id, name, recommended_price, is_deleted, group_id) VALUES (6671, 'Small Fries ', 0, false, 1206) ON CONFLICT DO NOTHING;
INSERT INTO option_group (id, name, is_deleted, max_selection, min_selection, restaurant_id) VALUES (1207, 'Shto pite', false, 1, 0, 18) ON CONFLICT DO NOTHING;
INSERT INTO option_variant (id, name, recommended_price, is_deleted, group_id) VALUES (6672, 'Pita Extra', 40, false, 1207) ON CONFLICT DO NOTHING;
INSERT INTO option_group (id, name, is_deleted, max_selection, min_selection, restaurant_id) VALUES (1208, 'Shto Sides ', false, 1, 0, 18) ON CONFLICT DO NOTHING;
INSERT INTO option_variant (id, name, recommended_price, is_deleted, group_id) VALUES (6673, 'BBQ Chicken Wings (6 cope)', 400, false, 1208) ON CONFLICT DO NOTHING;
INSERT INTO option_variant (id, name, recommended_price, is_deleted, group_id) VALUES (6674, 'BBQ Chicken Wings (8 cope)', 570, false, 1208) ON CONFLICT DO NOTHING;
INSERT INTO option_variant (id, name, recommended_price, is_deleted, group_id) VALUES (6675, 'BBQ Chicken Wings (10 cope)', 720, false, 1208) ON CONFLICT DO NOTHING;
INSERT INTO option_variant (id, name, recommended_price, is_deleted, group_id) VALUES (6676, '2 pieces Kackavall Chips', 150, false, 1208) ON CONFLICT DO NOTHING;
INSERT INTO option_variant (id, name, recommended_price, is_deleted, group_id) VALUES (6677, '2 pieces Halloumi Chips', 150, false, 1208) ON CONFLICT DO NOTHING;
INSERT INTO option_variant (id, name, recommended_price, is_deleted, group_id) VALUES (6678, 'Fried Zucchini Balls DEL', 280, false, 1208) ON CONFLICT DO NOTHING;
INSERT INTO option_variant (id, name, recommended_price, is_deleted, group_id) VALUES (6679, 'Kashkaval Chips', 490, false, 1208) ON CONFLICT DO NOTHING;
INSERT INTO option_variant (id, name, recommended_price, is_deleted, group_id) VALUES (6680, 'Moussaka Croquettes', 300, false, 1208) ON CONFLICT DO NOTHING;
INSERT INTO option_variant (id, name, recommended_price, is_deleted, group_id) VALUES (6681, 'Halloumi chips', 490, false, 1208) ON CONFLICT DO NOTHING;
INSERT INTO option_variant (id, name, recommended_price, is_deleted, group_id) VALUES (6682, 'Greek Fries', 350, false, 1208) ON CONFLICT DO NOTHING;
INSERT INTO option_variant (id, name, recommended_price, is_deleted, group_id) VALUES (6683, 'Bacon Fries', 500, false, 1208) ON CONFLICT DO NOTHING;
INSERT INTO option_variant (id, name, recommended_price, is_deleted, group_id) VALUES (6684, 'Cheddar Fries ', 350, false, 1208) ON CONFLICT DO NOTHING;
INSERT INTO option_group (id, name, is_deleted, max_selection, min_selection, restaurant_id) VALUES (1209, 'Shto Sides ', false, 1, 0, 18) ON CONFLICT DO NOTHING;
INSERT INTO option_variant (id, name, recommended_price, is_deleted, group_id) VALUES (6685, 'BBQ Chicken Wings (6 cope)', 400, false, 1209) ON CONFLICT DO NOTHING;
INSERT INTO option_variant (id, name, recommended_price, is_deleted, group_id) VALUES (6686, 'BBQ Chicken Wings (8 cope)', 570, false, 1209) ON CONFLICT DO NOTHING;
INSERT INTO option_variant (id, name, recommended_price, is_deleted, group_id) VALUES (6687, 'BBQ Chicken Wings (10 cope)', 720, false, 1209) ON CONFLICT DO NOTHING;
INSERT INTO option_variant (id, name, recommended_price, is_deleted, group_id) VALUES (6688, '2 pieces Kackavall Chips', 150, false, 1209) ON CONFLICT DO NOTHING;
INSERT INTO option_variant (id, name, recommended_price, is_deleted, group_id) VALUES (6689, '2 pieces Halloumi Chips', 150, false, 1209) ON CONFLICT DO NOTHING;
INSERT INTO option_variant (id, name, recommended_price, is_deleted, group_id) VALUES (6690, 'Fried Zucchini Balls DEL', 280, false, 1209) ON CONFLICT DO NOTHING;
INSERT INTO option_variant (id, name, recommended_price, is_deleted, group_id) VALUES (6691, 'Kashkaval Chips', 490, false, 1209) ON CONFLICT DO NOTHING;
INSERT INTO option_variant (id, name, recommended_price, is_deleted, group_id) VALUES (6692, 'Moussaka Croquettes', 300, false, 1209) ON CONFLICT DO NOTHING;
INSERT INTO option_variant (id, name, recommended_price, is_deleted, group_id) VALUES (6693, 'Halloumi chips', 490, false, 1209) ON CONFLICT DO NOTHING;
INSERT INTO option_variant (id, name, recommended_price, is_deleted, group_id) VALUES (6694, 'Greek Fries', 350, false, 1209) ON CONFLICT DO NOTHING;
INSERT INTO option_variant (id, name, recommended_price, is_deleted, group_id) VALUES (6695, 'Bacon Fries', 500, false, 1209) ON CONFLICT DO NOTHING;
INSERT INTO option_variant (id, name, recommended_price, is_deleted, group_id) VALUES (6696, 'Cheddar Fries ', 350, false, 1209) ON CONFLICT DO NOTHING;
INSERT INTO option_group (id, name, is_deleted, max_selection, min_selection, restaurant_id) VALUES (1210, 'Shto Sides ', false, 1, 0, 18) ON CONFLICT DO NOTHING;
INSERT INTO option_variant (id, name, recommended_price, is_deleted, group_id) VALUES (6697, 'BBQ Chicken Wings (6 cope)', 400, false, 1210) ON CONFLICT DO NOTHING;
INSERT INTO option_variant (id, name, recommended_price, is_deleted, group_id) VALUES (6698, 'BBQ Chicken Wings (10 cope)', 720, false, 1210) ON CONFLICT DO NOTHING;
INSERT INTO option_variant (id, name, recommended_price, is_deleted, group_id) VALUES (6699, '2 pieces Kackavall Chips', 150, false, 1210) ON CONFLICT DO NOTHING;
INSERT INTO option_variant (id, name, recommended_price, is_deleted, group_id) VALUES (6700, '2 pieces Halloumi Chips', 150, false, 1210) ON CONFLICT DO NOTHING;
INSERT INTO option_variant (id, name, recommended_price, is_deleted, group_id) VALUES (6701, 'Fried Zucchini Balls ', 280, false, 1210) ON CONFLICT DO NOTHING;
INSERT INTO option_variant (id, name, recommended_price, is_deleted, group_id) VALUES (6702, 'Kashkaval Chips', 490, false, 1210) ON CONFLICT DO NOTHING;
INSERT INTO option_variant (id, name, recommended_price, is_deleted, group_id) VALUES (6703, 'Moussaka Croquettes', 300, false, 1210) ON CONFLICT DO NOTHING;
INSERT INTO option_variant (id, name, recommended_price, is_deleted, group_id) VALUES (6704, 'Halloumi chips', 490, false, 1210) ON CONFLICT DO NOTHING;
INSERT INTO option_variant (id, name, recommended_price, is_deleted, group_id) VALUES (6705, 'Greek Fries', 350, false, 1210) ON CONFLICT DO NOTHING;
INSERT INTO option_variant (id, name, recommended_price, is_deleted, group_id) VALUES (6706, 'Bacon Fries', 500, false, 1210) ON CONFLICT DO NOTHING;
INSERT INTO option_variant (id, name, recommended_price, is_deleted, group_id) VALUES (6707, 'Cheddar Fries ', 350, false, 1210) ON CONFLICT DO NOTHING;
INSERT INTO option_group (id, name, is_deleted, max_selection, min_selection, restaurant_id) VALUES (1211, 'Shto Sides ', false, 1, 0, 18) ON CONFLICT DO NOTHING;
INSERT INTO option_variant (id, name, recommended_price, is_deleted, group_id) VALUES (6708, 'BBQ Chicken Wings (6 cope)', 400, false, 1211) ON CONFLICT DO NOTHING;
INSERT INTO option_variant (id, name, recommended_price, is_deleted, group_id) VALUES (6709, 'BBQ Chicken Wings (8 cope)', 570, false, 1211) ON CONFLICT DO NOTHING;
INSERT INTO option_variant (id, name, recommended_price, is_deleted, group_id) VALUES (6710, 'BBQ Chicken Wings (10 cope)', 720, false, 1211) ON CONFLICT DO NOTHING;
INSERT INTO option_variant (id, name, recommended_price, is_deleted, group_id) VALUES (6711, '2 pieces Kackavall Chips', 150, false, 1211) ON CONFLICT DO NOTHING;
INSERT INTO option_variant (id, name, recommended_price, is_deleted, group_id) VALUES (6712, '2 pieces Halloumi Chips', 150, false, 1211) ON CONFLICT DO NOTHING;
INSERT INTO option_variant (id, name, recommended_price, is_deleted, group_id) VALUES (6713, 'Fried Zucchini Balls ', 280, false, 1211) ON CONFLICT DO NOTHING;
INSERT INTO option_variant (id, name, recommended_price, is_deleted, group_id) VALUES (6714, 'Kashkaval Chips', 490, false, 1211) ON CONFLICT DO NOTHING;
INSERT INTO option_variant (id, name, recommended_price, is_deleted, group_id) VALUES (6715, 'Moussaka Croquettes', 300, false, 1211) ON CONFLICT DO NOTHING;
INSERT INTO option_variant (id, name, recommended_price, is_deleted, group_id) VALUES (6716, 'Halloumi chips', 490, false, 1211) ON CONFLICT DO NOTHING;
INSERT INTO option_variant (id, name, recommended_price, is_deleted, group_id) VALUES (6717, 'Greek Fries', 350, false, 1211) ON CONFLICT DO NOTHING;
INSERT INTO option_variant (id, name, recommended_price, is_deleted, group_id) VALUES (6718, 'Bacon Fries', 500, false, 1211) ON CONFLICT DO NOTHING;
INSERT INTO option_variant (id, name, recommended_price, is_deleted, group_id) VALUES (6719, 'Cheddar Fries ', 350, false, 1211) ON CONFLICT DO NOTHING;
INSERT INTO option_group (id, name, is_deleted, max_selection, min_selection, restaurant_id) VALUES (1212, 'Shto Sides ', false, 1, 0, 18) ON CONFLICT DO NOTHING;
INSERT INTO option_variant (id, name, recommended_price, is_deleted, group_id) VALUES (6720, 'BBQ Chicken Wings (6 cope)', 400, false, 1212) ON CONFLICT DO NOTHING;
INSERT INTO option_variant (id, name, recommended_price, is_deleted, group_id) VALUES (6721, 'BBQ Chicken Wings (8 cope)', 570, false, 1212) ON CONFLICT DO NOTHING;
INSERT INTO option_variant (id, name, recommended_price, is_deleted, group_id) VALUES (6722, 'BBQ Chicken Wings (10 cope)', 720, false, 1212) ON CONFLICT DO NOTHING;
INSERT INTO option_variant (id, name, recommended_price, is_deleted, group_id) VALUES (6723, '2 pieces Kackavall Chips', 150, false, 1212) ON CONFLICT DO NOTHING;
INSERT INTO option_variant (id, name, recommended_price, is_deleted, group_id) VALUES (6724, '2 pieces Halloumi Chips', 150, false, 1212) ON CONFLICT DO NOTHING;
INSERT INTO option_variant (id, name, recommended_price, is_deleted, group_id) VALUES (6725, 'Fried Zucchini Balls ', 280, false, 1212) ON CONFLICT DO NOTHING;
INSERT INTO option_variant (id, name, recommended_price, is_deleted, group_id) VALUES (6726, 'Kashkaval Chips', 490, false, 1212) ON CONFLICT DO NOTHING;
INSERT INTO option_variant (id, name, recommended_price, is_deleted, group_id) VALUES (6727, 'Moussaka Croquettes', 300, false, 1212) ON CONFLICT DO NOTHING;
INSERT INTO option_variant (id, name, recommended_price, is_deleted, group_id) VALUES (6728, 'Halloumi chips', 490, false, 1212) ON CONFLICT DO NOTHING;
INSERT INTO option_variant (id, name, recommended_price, is_deleted, group_id) VALUES (6729, 'Greek Fries', 350, false, 1212) ON CONFLICT DO NOTHING;
INSERT INTO option_variant (id, name, recommended_price, is_deleted, group_id) VALUES (6730, 'Bacon Fries', 500, false, 1212) ON CONFLICT DO NOTHING;
INSERT INTO option_variant (id, name, recommended_price, is_deleted, group_id) VALUES (6731, 'Cheddar Fries ', 350, false, 1212) ON CONFLICT DO NOTHING;
INSERT INTO option_group (id, name, is_deleted, max_selection, min_selection, restaurant_id) VALUES (1213, 'Shto Sides ', false, 1, 0, 18) ON CONFLICT DO NOTHING;
INSERT INTO option_variant (id, name, recommended_price, is_deleted, group_id) VALUES (6732, 'BBQ Chicken Wings (6 cope)', 400, false, 1213) ON CONFLICT DO NOTHING;
INSERT INTO option_variant (id, name, recommended_price, is_deleted, group_id) VALUES (6733, 'BBQ Chicken Wings (8 cope)', 570, false, 1213) ON CONFLICT DO NOTHING;
INSERT INTO option_variant (id, name, recommended_price, is_deleted, group_id) VALUES (6734, 'BBQ Chicken Wings (10 cope)', 720, false, 1213) ON CONFLICT DO NOTHING;
INSERT INTO option_variant (id, name, recommended_price, is_deleted, group_id) VALUES (6735, '2 pieces Kackavall Chips', 150, false, 1213) ON CONFLICT DO NOTHING;
INSERT INTO option_variant (id, name, recommended_price, is_deleted, group_id) VALUES (6736, '2 pieces Halloumi Chips', 150, false, 1213) ON CONFLICT DO NOTHING;
INSERT INTO option_variant (id, name, recommended_price, is_deleted, group_id) VALUES (6737, 'Fried Zucchini Balls ', 280, false, 1213) ON CONFLICT DO NOTHING;
INSERT INTO option_variant (id, name, recommended_price, is_deleted, group_id) VALUES (6738, 'Kashkaval Chips', 490, false, 1213) ON CONFLICT DO NOTHING;
INSERT INTO option_variant (id, name, recommended_price, is_deleted, group_id) VALUES (6739, 'Moussaka Croquettes', 300, false, 1213) ON CONFLICT DO NOTHING;
INSERT INTO option_variant (id, name, recommended_price, is_deleted, group_id) VALUES (6740, 'Halloumi chips', 490, false, 1213) ON CONFLICT DO NOTHING;
INSERT INTO option_variant (id, name, recommended_price, is_deleted, group_id) VALUES (6741, 'Greek Fries', 350, false, 1213) ON CONFLICT DO NOTHING;
INSERT INTO option_variant (id, name, recommended_price, is_deleted, group_id) VALUES (6742, 'Bacon Fries', 500, false, 1213) ON CONFLICT DO NOTHING;
INSERT INTO option_variant (id, name, recommended_price, is_deleted, group_id) VALUES (6743, 'Cheddar Fries ', 350, false, 1213) ON CONFLICT DO NOTHING;
INSERT INTO option_group (id, name, is_deleted, max_selection, min_selection, restaurant_id) VALUES (1214, 'Shto Sides ', false, 1, 0, 18) ON CONFLICT DO NOTHING;
INSERT INTO option_variant (id, name, recommended_price, is_deleted, group_id) VALUES (6744, 'BBQ Chicken Wings (6 cope)', 400, false, 1214) ON CONFLICT DO NOTHING;
INSERT INTO option_variant (id, name, recommended_price, is_deleted, group_id) VALUES (6745, 'BBQ Chicken Wings (8 cope)', 570, false, 1214) ON CONFLICT DO NOTHING;
INSERT INTO option_variant (id, name, recommended_price, is_deleted, group_id) VALUES (6746, '2 pieces Kackavall Chips', 150, false, 1214) ON CONFLICT DO NOTHING;
INSERT INTO option_variant (id, name, recommended_price, is_deleted, group_id) VALUES (6747, '2 pieces Halloumi Chips', 150, false, 1214) ON CONFLICT DO NOTHING;
INSERT INTO option_variant (id, name, recommended_price, is_deleted, group_id) VALUES (6748, 'Fried Zucchini Balls ', 280, false, 1214) ON CONFLICT DO NOTHING;
INSERT INTO option_variant (id, name, recommended_price, is_deleted, group_id) VALUES (6749, 'Kashkaval Chips', 490, false, 1214) ON CONFLICT DO NOTHING;
INSERT INTO option_variant (id, name, recommended_price, is_deleted, group_id) VALUES (6750, 'Moussaka Croquettes', 300, false, 1214) ON CONFLICT DO NOTHING;
INSERT INTO option_variant (id, name, recommended_price, is_deleted, group_id) VALUES (6751, 'Halloumi chips', 490, false, 1214) ON CONFLICT DO NOTHING;
INSERT INTO option_variant (id, name, recommended_price, is_deleted, group_id) VALUES (6752, 'Greek Fries', 350, false, 1214) ON CONFLICT DO NOTHING;
INSERT INTO option_variant (id, name, recommended_price, is_deleted, group_id) VALUES (6753, 'Bacon Fries', 500, false, 1214) ON CONFLICT DO NOTHING;
INSERT INTO option_variant (id, name, recommended_price, is_deleted, group_id) VALUES (6754, 'Cheddar Fries ', 350, false, 1214) ON CONFLICT DO NOTHING;
INSERT INTO option_group (id, name, is_deleted, max_selection, min_selection, restaurant_id) VALUES (1215, 'Shto Sides ', false, 1, 0, 18) ON CONFLICT DO NOTHING;
INSERT INTO option_variant (id, name, recommended_price, is_deleted, group_id) VALUES (6755, 'BBQ Chicken Wings (8 cope)', 570, false, 1215) ON CONFLICT DO NOTHING;
INSERT INTO option_variant (id, name, recommended_price, is_deleted, group_id) VALUES (6756, 'BBQ Chicken Wings (10 cope)', 720, false, 1215) ON CONFLICT DO NOTHING;
INSERT INTO option_variant (id, name, recommended_price, is_deleted, group_id) VALUES (6757, '2 pieces Kackavall Chips', 150, false, 1215) ON CONFLICT DO NOTHING;
INSERT INTO option_variant (id, name, recommended_price, is_deleted, group_id) VALUES (6758, '2 pieces Halloumi Chips', 150, false, 1215) ON CONFLICT DO NOTHING;
INSERT INTO option_variant (id, name, recommended_price, is_deleted, group_id) VALUES (6759, 'Fried Zucchini Balls ', 280, false, 1215) ON CONFLICT DO NOTHING;
INSERT INTO option_variant (id, name, recommended_price, is_deleted, group_id) VALUES (6760, 'Kashkaval Chips', 490, false, 1215) ON CONFLICT DO NOTHING;
INSERT INTO option_variant (id, name, recommended_price, is_deleted, group_id) VALUES (6761, 'Moussaka Croquettes', 300, false, 1215) ON CONFLICT DO NOTHING;
INSERT INTO option_variant (id, name, recommended_price, is_deleted, group_id) VALUES (6762, 'Halloumi chips', 490, false, 1215) ON CONFLICT DO NOTHING;
INSERT INTO option_variant (id, name, recommended_price, is_deleted, group_id) VALUES (6763, 'Greek Fries', 350, false, 1215) ON CONFLICT DO NOTHING;
INSERT INTO option_variant (id, name, recommended_price, is_deleted, group_id) VALUES (6764, 'Bacon Fries', 500, false, 1215) ON CONFLICT DO NOTHING;
INSERT INTO option_variant (id, name, recommended_price, is_deleted, group_id) VALUES (6765, 'Cheddar Fries ', 350, false, 1215) ON CONFLICT DO NOTHING;
INSERT INTO option_group (id, name, is_deleted, max_selection, min_selection, restaurant_id) VALUES (1216, 'Choose your Loukomades Ruspberry and Pistachio', false, 1, 0, 18) ON CONFLICT DO NOTHING;
INSERT INTO option_variant (id, name, recommended_price, is_deleted, group_id) VALUES (6766, 'Loukomadhes Ruspberry and Pistachio 1/2', 0, false, 1216) ON CONFLICT DO NOTHING;
INSERT INTO option_variant (id, name, recommended_price, is_deleted, group_id) VALUES (6767, 'Loukomadhes Ruspberry and Pistachio', 200, false, 1216) ON CONFLICT DO NOTHING;
INSERT INTO option_group (id, name, is_deleted, max_selection, min_selection, restaurant_id) VALUES (1217, 'Zgjidh proteinën', false, 1, 0, 18) ON CONFLICT DO NOTHING;
INSERT INTO option_variant (id, name, recommended_price, is_deleted, group_id) VALUES (6768, 'Gjiro e Hapur Pule ', 0, false, 1217) ON CONFLICT DO NOTHING;
INSERT INTO option_group (id, name, is_deleted, max_selection, min_selection, restaurant_id) VALUES (1218, 'Chicken Gyros', false, 1, 0, 18) ON CONFLICT DO NOTHING;
INSERT INTO option_variant (id, name, recommended_price, is_deleted, group_id) VALUES (6769, 'Chicken Gyros', 0, false, 1218) ON CONFLICT DO NOTHING;
INSERT INTO option_group (id, name, is_deleted, max_selection, min_selection, restaurant_id) VALUES (1219, 'Zgjidh bazën', false, 1, 0, 18) ON CONFLICT DO NOTHING;
INSERT INTO option_variant (id, name, recommended_price, is_deleted, group_id) VALUES (6770, 'Dias Bowl(Rice) DEL', 0, false, 1219) ON CONFLICT DO NOTHING;
INSERT INTO option_variant (id, name, recommended_price, is_deleted, group_id) VALUES (6771, 'Dias Bowl(Fries) DEL', 0, false, 1219) ON CONFLICT DO NOTHING;
INSERT INTO option_group (id, name, is_deleted, max_selection, min_selection, restaurant_id) VALUES (1220, 'Shto salcë', false, 1, 0, 18) ON CONFLICT DO NOTHING;
INSERT INTO option_variant (id, name, recommended_price, is_deleted, group_id) VALUES (6772, 'Ketchup Bustine', 20, false, 1220) ON CONFLICT DO NOTHING;
INSERT INTO option_variant (id, name, recommended_price, is_deleted, group_id) VALUES (6773, 'Mustarde - bustine', 20, false, 1220) ON CONFLICT DO NOTHING;
INSERT INTO option_variant (id, name, recommended_price, is_deleted, group_id) VALUES (6774, 'OPA Mayo', 50, false, 1220) ON CONFLICT DO NOTHING;
INSERT INTO option_variant (id, name, recommended_price, is_deleted, group_id) VALUES (6775, 'Mayonnaise Bustine', 20, false, 1220) ON CONFLICT DO NOTHING;
INSERT INTO option_variant (id, name, recommended_price, is_deleted, group_id) VALUES (6776, 'Siraca - small', 60, false, 1220) ON CONFLICT DO NOTHING;
INSERT INTO option_variant (id, name, recommended_price, is_deleted, group_id) VALUES (6777, 'Tirokafteri - small', 70, false, 1220) ON CONFLICT DO NOTHING;
INSERT INTO option_variant (id, name, recommended_price, is_deleted, group_id) VALUES (6778, 'Truffle Mayo', 50, false, 1220) ON CONFLICT DO NOTHING;
INSERT INTO option_variant (id, name, recommended_price, is_deleted, group_id) VALUES (6779, 'Cheddar Sauce ', 50, false, 1220) ON CONFLICT DO NOTHING;
INSERT INTO option_variant (id, name, recommended_price, is_deleted, group_id) VALUES (6780, 'Chili Garlic Mayo', 50, false, 1220) ON CONFLICT DO NOTHING;
INSERT INTO option_variant (id, name, recommended_price, is_deleted, group_id) VALUES (6781, 'Homemade Pickled Cucumber', 50, false, 1220) ON CONFLICT DO NOTHING;
INSERT INTO option_variant (id, name, recommended_price, is_deleted, group_id) VALUES (6782, 'Hummus Small', 50, false, 1220) ON CONFLICT DO NOTHING;
INSERT INTO option_variant (id, name, recommended_price, is_deleted, group_id) VALUES (6783, 'Greekamole', 50, false, 1220) ON CONFLICT DO NOTHING;
INSERT INTO option_variant (id, name, recommended_price, is_deleted, group_id) VALUES (6784, 'Sweet chilli & tarragon sauce', 50, false, 1220) ON CONFLICT DO NOTHING;
INSERT INTO option_group (id, name, is_deleted, max_selection, min_selection, restaurant_id) VALUES (1221, 'Select Fries 1', false, 1, 0, 18) ON CONFLICT DO NOTHING;
INSERT INTO option_variant (id, name, recommended_price, is_deleted, group_id) VALUES (6785, 'Large Fries ', 70, false, 1221) ON CONFLICT DO NOTHING;
INSERT INTO option_variant (id, name, recommended_price, is_deleted, group_id) VALUES (6786, 'No Extra Fries ', 0, false, 1221) ON CONFLICT DO NOTHING;
INSERT INTO option_group (id, name, is_deleted, max_selection, min_selection, restaurant_id) VALUES (1222, 'Choose your Loukomades me Mjalte dhe Arra', false, 1, 0, 18) ON CONFLICT DO NOTHING;
INSERT INTO option_variant (id, name, recommended_price, is_deleted, group_id) VALUES (6787, 'Loukoumades with Hoeny and Huts   1/2', 0, false, 1222) ON CONFLICT DO NOTHING;
INSERT INTO option_variant (id, name, recommended_price, is_deleted, group_id) VALUES (6788, 'Loukoumades with Honey and Nuts', 200, false, 1222) ON CONFLICT DO NOTHING;
INSERT INTO option_group (id, name, is_deleted, max_selection, min_selection, restaurant_id) VALUES (1223, 'Choose your Loukoumades me Nutella Dhe Lajthi', false, 1, 0, 18) ON CONFLICT DO NOTHING;
INSERT INTO option_variant (id, name, recommended_price, is_deleted, group_id) VALUES (6789, 'Loukoumades  with Nutella and Hazelnut 1/2', 0, false, 1223) ON CONFLICT DO NOTHING;
INSERT INTO option_variant (id, name, recommended_price, is_deleted, group_id) VALUES (6790, 'Loukoumades with Nutella and Hazelnut', 200, false, 1223) ON CONFLICT DO NOTHING;
INSERT INTO option_group (id, name, is_deleted, max_selection, min_selection, restaurant_id) VALUES (1224, 'Choose your Loukomades Ruspberry and Pistachio', false, 1, 0, 18) ON CONFLICT DO NOTHING;
INSERT INTO option_variant (id, name, recommended_price, is_deleted, group_id) VALUES (6791, 'Loukomadhes Ruspberry and Pistachio 1/2', 0, false, 1224) ON CONFLICT DO NOTHING;
INSERT INTO option_variant (id, name, recommended_price, is_deleted, group_id) VALUES (6792, 'Loukomadhes Ruspberry and Pistachio', 200, false, 1224) ON CONFLICT DO NOTHING;
INSERT INTO option_group (id, name, is_deleted, max_selection, min_selection, restaurant_id) VALUES (1225, 'Zgjidh Sides', false, 1, 0, 18) ON CONFLICT DO NOTHING;
INSERT INTO option_variant (id, name, recommended_price, is_deleted, group_id) VALUES (6793, 'Oriz', 70, false, 1225) ON CONFLICT DO NOTHING;
INSERT INTO option_variant (id, name, recommended_price, is_deleted, group_id) VALUES (6794, 'Patate', 70, false, 1225) ON CONFLICT DO NOTHING;
INSERT INTO option_variant (id, name, recommended_price, is_deleted, group_id) VALUES (6795, 'Sallate Greke', 70, false, 1225) ON CONFLICT DO NOTHING;
INSERT INTO option_variant (id, name, recommended_price, is_deleted, group_id) VALUES (6796, 'Patate Crinkle', 90, false, 1225) ON CONFLICT DO NOTHING;
INSERT INTO option_variant (id, name, recommended_price, is_deleted, group_id) VALUES (6797, 'Traditional Pita', 40, false, 1225) ON CONFLICT DO NOTHING;
INSERT INTO option_group (id, name, is_deleted, max_selection, min_selection, restaurant_id) VALUES (1226, 'Zgjidh madhësinë', false, 1, 0, 18) ON CONFLICT DO NOTHING;
INSERT INTO option_variant (id, name, recommended_price, is_deleted, group_id) VALUES (6798, 'Pork Gyros DEL', 0, false, 1226) ON CONFLICT DO NOTHING;
INSERT INTO option_variant (id, name, recommended_price, is_deleted, group_id) VALUES (6799, 'Pork Gyros Big DEL', 100, false, 1226) ON CONFLICT DO NOTHING;
INSERT INTO option_group (id, name, is_deleted, max_selection, min_selection, restaurant_id) VALUES (1227, 'Zgjidh madhësinë', false, 1, 0, 18) ON CONFLICT DO NOTHING;
INSERT INTO option_variant (id, name, recommended_price, is_deleted, group_id) VALUES (6800, 'OPA Smash Burger', 0, false, 1227) ON CONFLICT DO NOTHING;
INSERT INTO option_variant (id, name, recommended_price, is_deleted, group_id) VALUES (6801, 'Double OPA Smash Burger', 230, false, 1227) ON CONFLICT DO NOTHING;
INSERT INTO option_group (id, name, is_deleted, max_selection, min_selection, restaurant_id) VALUES (1228, 'Shto Sides ', false, 1, 0, 18) ON CONFLICT DO NOTHING;
INSERT INTO option_variant (id, name, recommended_price, is_deleted, group_id) VALUES (6802, 'BBQ Chicken Wings (8 cope)', 570, false, 1228) ON CONFLICT DO NOTHING;
INSERT INTO option_variant (id, name, recommended_price, is_deleted, group_id) VALUES (6803, 'BBQ Chicken Wings (10 cope)', 720, false, 1228) ON CONFLICT DO NOTHING;
INSERT INTO option_variant (id, name, recommended_price, is_deleted, group_id) VALUES (6804, '2 pieces Kackavall Chips', 150, false, 1228) ON CONFLICT DO NOTHING;
INSERT INTO option_variant (id, name, recommended_price, is_deleted, group_id) VALUES (6805, '2 pieces Halloumi Chips', 150, false, 1228) ON CONFLICT DO NOTHING;
INSERT INTO option_variant (id, name, recommended_price, is_deleted, group_id) VALUES (6806, 'Fried Zucchini Balls DEL', 280, false, 1228) ON CONFLICT DO NOTHING;
INSERT INTO option_variant (id, name, recommended_price, is_deleted, group_id) VALUES (6807, 'Kashkaval Chips', 490, false, 1228) ON CONFLICT DO NOTHING;
INSERT INTO option_variant (id, name, recommended_price, is_deleted, group_id) VALUES (6808, 'Moussaka Croquettes', 300, false, 1228) ON CONFLICT DO NOTHING;
INSERT INTO option_variant (id, name, recommended_price, is_deleted, group_id) VALUES (6809, 'Halloumi chips', 490, false, 1228) ON CONFLICT DO NOTHING;
INSERT INTO option_variant (id, name, recommended_price, is_deleted, group_id) VALUES (6810, 'Greek Fries', 350, false, 1228) ON CONFLICT DO NOTHING;
INSERT INTO option_variant (id, name, recommended_price, is_deleted, group_id) VALUES (6811, 'Bacon Fries', 500, false, 1228) ON CONFLICT DO NOTHING;
INSERT INTO option_variant (id, name, recommended_price, is_deleted, group_id) VALUES (6812, 'Cheddar Fries ', 350, false, 1228) ON CONFLICT DO NOTHING;
INSERT INTO option_group (id, name, is_deleted, max_selection, min_selection, restaurant_id) VALUES (1229, 'Zgjidh bazën', false, 1, 0, 18) ON CONFLICT DO NOTHING;
INSERT INTO option_variant (id, name, recommended_price, is_deleted, group_id) VALUES (6813, 'Athena Vegan Bowl (Rice)', 0, false, 1229) ON CONFLICT DO NOTHING;
INSERT INTO option_variant (id, name, recommended_price, is_deleted, group_id) VALUES (6814, 'Athena Vegan Bowl (Fries)', 0, false, 1229) ON CONFLICT DO NOTHING;
INSERT INTO option_group (id, name, is_deleted, max_selection, min_selection, restaurant_id) VALUES (1230, 'Preferenca e mishit', false, 1, 0, 18) ON CONFLICT DO NOTHING;
INSERT INTO option_variant (id, name, recommended_price, is_deleted, group_id) VALUES (6815, 'Junior Chicken Gyros Combo', 0, false, 1230) ON CONFLICT DO NOTHING;
INSERT INTO option_variant (id, name, recommended_price, is_deleted, group_id) VALUES (6816, 'Junior Pork Gyros Combo', 0, false, 1230) ON CONFLICT DO NOTHING;
INSERT INTO option_group (id, name, is_deleted, max_selection, min_selection, restaurant_id) VALUES (1231, 'Bëje vaktin më të madh', false, 1, 0, 18) ON CONFLICT DO NOTHING;
INSERT INTO option_variant (id, name, recommended_price, is_deleted, group_id) VALUES (6817, 'Add Fries& Red Bull', 300, false, 1231) ON CONFLICT DO NOTHING;
INSERT INTO option_variant (id, name, recommended_price, is_deleted, group_id) VALUES (6818, 'Add Fries and Drink 240 all', 240, false, 1231) ON CONFLICT DO NOTHING;
INSERT INTO option_group (id, name, is_deleted, max_selection, min_selection, restaurant_id) VALUES (1232, 'Falafel Pita Big ', false, 1, 0, 18) ON CONFLICT DO NOTHING;
INSERT INTO option_variant (id, name, recommended_price, is_deleted, group_id) VALUES (6819, 'Falafel Pita Big Yougurt', 0, false, 1232) ON CONFLICT DO NOTHING;
INSERT INTO option_variant (id, name, recommended_price, is_deleted, group_id) VALUES (6820, 'Falafel Pita Big Hummus', 0, false, 1232) ON CONFLICT DO NOTHING;
INSERT INTO option_group (id, name, is_deleted, max_selection, min_selection, restaurant_id) VALUES (1233, 'Shto (Extra)', false, 1, 0, 18) ON CONFLICT DO NOTHING;
INSERT INTO option_variant (id, name, recommended_price, is_deleted, group_id) VALUES (6821, 'Add Crispy Bacon', 150, false, 1233) ON CONFLICT DO NOTHING;
INSERT INTO option_variant (id, name, recommended_price, is_deleted, group_id) VALUES (6822, 'Add Jalapenos', 50, false, 1233) ON CONFLICT DO NOTHING;
INSERT INTO option_variant (id, name, recommended_price, is_deleted, group_id) VALUES (6823, 'Add Cheddar Cheese', 100, false, 1233) ON CONFLICT DO NOTHING;
INSERT INTO option_group (id, name, is_deleted, max_selection, min_selection, restaurant_id) VALUES (1234, 'Choose Your Sauce ', false, 1, 0, 18) ON CONFLICT DO NOTHING;
INSERT INTO option_variant (id, name, recommended_price, is_deleted, group_id) VALUES (6824, 'Ketchup Bustine', 0, false, 1234) ON CONFLICT DO NOTHING;
INSERT INTO option_variant (id, name, recommended_price, is_deleted, group_id) VALUES (6825, 'Mustarde - bustine', 0, false, 1234) ON CONFLICT DO NOTHING;
INSERT INTO option_variant (id, name, recommended_price, is_deleted, group_id) VALUES (6826, 'Sweet chilli & tarragon sauce', 0, false, 1234) ON CONFLICT DO NOTHING;
INSERT INTO option_variant (id, name, recommended_price, is_deleted, group_id) VALUES (6827, 'Chili Garlic Mayo', 0, false, 1234) ON CONFLICT DO NOTHING;
INSERT INTO option_variant (id, name, recommended_price, is_deleted, group_id) VALUES (6828, 'Truffle Mayo', 0, false, 1234) ON CONFLICT DO NOTHING;
INSERT INTO option_variant (id, name, recommended_price, is_deleted, group_id) VALUES (6829, 'Bacon Mayo Sauce', 0, false, 1234) ON CONFLICT DO NOTHING;
INSERT INTO option_variant (id, name, recommended_price, is_deleted, group_id) VALUES (6830, 'Tzatziki Sauce', 0, false, 1234) ON CONFLICT DO NOTHING;
INSERT INTO option_variant (id, name, recommended_price, is_deleted, group_id) VALUES (6831, 'Homemade Pickled Cucumber', 0, false, 1234) ON CONFLICT DO NOTHING;
INSERT INTO option_variant (id, name, recommended_price, is_deleted, group_id) VALUES (6832, 'Cheddar Sauce ', 0, false, 1234) ON CONFLICT DO NOTHING;
INSERT INTO option_variant (id, name, recommended_price, is_deleted, group_id) VALUES (6833, 'Hummus Small', 0, false, 1234) ON CONFLICT DO NOTHING;
INSERT INTO option_variant (id, name, recommended_price, is_deleted, group_id) VALUES (6834, 'Mayonnaise Bustine', 0, false, 1234) ON CONFLICT DO NOTHING;
INSERT INTO option_variant (id, name, recommended_price, is_deleted, group_id) VALUES (6835, 'OPA Mayo', 0, false, 1234) ON CONFLICT DO NOTHING;
INSERT INTO option_variant (id, name, recommended_price, is_deleted, group_id) VALUES (6836, 'Yougurt Sauce ', 0, false, 1234) ON CONFLICT DO NOTHING;
INSERT INTO option_group (id, name, is_deleted, max_selection, min_selection, restaurant_id) VALUES (1235, 'Preferenca e mishit', false, 1, 0, 18) ON CONFLICT DO NOTHING;
INSERT INTO option_variant (id, name, recommended_price, is_deleted, group_id) VALUES (6837, 'Junior Chicken Tortilla Combo', 0, false, 1235) ON CONFLICT DO NOTHING;
INSERT INTO option_variant (id, name, recommended_price, is_deleted, group_id) VALUES (6838, 'Junior Pork Tortilla Combo', 0, false, 1235) ON CONFLICT DO NOTHING;
INSERT INTO option_group (id, name, is_deleted, max_selection, min_selection, restaurant_id) VALUES (1236, 'Zgjidh madhësinë', false, 1, 0, 18) ON CONFLICT DO NOTHING;
INSERT INTO option_variant (id, name, recommended_price, is_deleted, group_id) VALUES (6839, 'Halloumi Pita', 0, false, 1236) ON CONFLICT DO NOTHING;
INSERT INTO option_variant (id, name, recommended_price, is_deleted, group_id) VALUES (6840, 'Halloumi Pita Big', 150, false, 1236) ON CONFLICT DO NOTHING;
INSERT INTO option_group (id, name, is_deleted, max_selection, min_selection, restaurant_id) VALUES (1237, 'Shto Sides ', false, 1, 0, 18) ON CONFLICT DO NOTHING;
INSERT INTO option_variant (id, name, recommended_price, is_deleted, group_id) VALUES (6841, 'BBQ Chicken Wings (6 cope)', 400, false, 1237) ON CONFLICT DO NOTHING;
INSERT INTO option_variant (id, name, recommended_price, is_deleted, group_id) VALUES (6842, 'BBQ Chicken Wings (10 cope)', 720, false, 1237) ON CONFLICT DO NOTHING;
INSERT INTO option_variant (id, name, recommended_price, is_deleted, group_id) VALUES (6843, '2 pieces Kackavall Chips', 150, false, 1237) ON CONFLICT DO NOTHING;
INSERT INTO option_variant (id, name, recommended_price, is_deleted, group_id) VALUES (6844, '2 pieces Halloumi Chips', 150, false, 1237) ON CONFLICT DO NOTHING;
INSERT INTO option_variant (id, name, recommended_price, is_deleted, group_id) VALUES (6845, 'Fried Zucchini Balls DEL', 280, false, 1237) ON CONFLICT DO NOTHING;
INSERT INTO option_variant (id, name, recommended_price, is_deleted, group_id) VALUES (6846, 'Kashkaval Chips', 490, false, 1237) ON CONFLICT DO NOTHING;
INSERT INTO option_variant (id, name, recommended_price, is_deleted, group_id) VALUES (6847, 'Moussaka Croquettes', 300, false, 1237) ON CONFLICT DO NOTHING;
INSERT INTO option_variant (id, name, recommended_price, is_deleted, group_id) VALUES (6848, 'Halloumi chips', 490, false, 1237) ON CONFLICT DO NOTHING;
INSERT INTO option_variant (id, name, recommended_price, is_deleted, group_id) VALUES (6849, 'Greek Fries', 350, false, 1237) ON CONFLICT DO NOTHING;
INSERT INTO option_variant (id, name, recommended_price, is_deleted, group_id) VALUES (6850, 'Bacon Fries', 500, false, 1237) ON CONFLICT DO NOTHING;
INSERT INTO option_variant (id, name, recommended_price, is_deleted, group_id) VALUES (6851, 'Cheddar Fries ', 350, false, 1237) ON CONFLICT DO NOTHING;
INSERT INTO option_group (id, name, is_deleted, max_selection, min_selection, restaurant_id) VALUES (1238, 'Zgjidh madhësinë', false, 1, 0, 18) ON CONFLICT DO NOTHING;
INSERT INTO option_variant (id, name, recommended_price, is_deleted, group_id) VALUES (6852, 'Eros', 0, false, 1238) ON CONFLICT DO NOTHING;
INSERT INTO option_variant (id, name, recommended_price, is_deleted, group_id) VALUES (6853, 'Eros Big ', 130, false, 1238) ON CONFLICT DO NOTHING;
INSERT INTO option_group (id, name, is_deleted, max_selection, min_selection, restaurant_id) VALUES (1239, 'Select Fries', false, 1, 0, 18) ON CONFLICT DO NOTHING;
INSERT INTO option_variant (id, name, recommended_price, is_deleted, group_id) VALUES (6854, 'Medium Fries', 0, false, 1239) ON CONFLICT DO NOTHING;
INSERT INTO option_variant (id, name, recommended_price, is_deleted, group_id) VALUES (6855, 'French Fries Large ', 70, false, 1239) ON CONFLICT DO NOTHING;
INSERT INTO option_group (id, name, is_deleted, max_selection, min_selection, restaurant_id) VALUES (1240, 'Shto Sides ', false, 1, 0, 18) ON CONFLICT DO NOTHING;
INSERT INTO option_variant (id, name, recommended_price, is_deleted, group_id) VALUES (6856, 'BBQ Chicken Wings (6 cope)', 400, false, 1240) ON CONFLICT DO NOTHING;
INSERT INTO option_variant (id, name, recommended_price, is_deleted, group_id) VALUES (6857, 'BBQ Chicken Wings (8 cope)', 570, false, 1240) ON CONFLICT DO NOTHING;
INSERT INTO option_variant (id, name, recommended_price, is_deleted, group_id) VALUES (6858, 'BBQ Chicken Wings (10 cope)', 720, false, 1240) ON CONFLICT DO NOTHING;
INSERT INTO option_variant (id, name, recommended_price, is_deleted, group_id) VALUES (6859, '2 pieces Kackavall Chips', 150, false, 1240) ON CONFLICT DO NOTHING;
INSERT INTO option_variant (id, name, recommended_price, is_deleted, group_id) VALUES (6860, '2 pieces Halloumi Chips', 150, false, 1240) ON CONFLICT DO NOTHING;
INSERT INTO option_variant (id, name, recommended_price, is_deleted, group_id) VALUES (6861, 'Fried Zucchini Balls DEL', 280, false, 1240) ON CONFLICT DO NOTHING;
INSERT INTO option_variant (id, name, recommended_price, is_deleted, group_id) VALUES (6862, 'Kashkaval Chips', 490, false, 1240) ON CONFLICT DO NOTHING;
INSERT INTO option_variant (id, name, recommended_price, is_deleted, group_id) VALUES (6863, 'Moussaka Croquettes', 300, false, 1240) ON CONFLICT DO NOTHING;
INSERT INTO option_variant (id, name, recommended_price, is_deleted, group_id) VALUES (6864, 'Halloumi chips', 490, false, 1240) ON CONFLICT DO NOTHING;
INSERT INTO option_variant (id, name, recommended_price, is_deleted, group_id) VALUES (6865, 'Greek Fries', 350, false, 1240) ON CONFLICT DO NOTHING;
INSERT INTO option_variant (id, name, recommended_price, is_deleted, group_id) VALUES (6866, 'Bacon Fries', 500, false, 1240) ON CONFLICT DO NOTHING;
INSERT INTO option_variant (id, name, recommended_price, is_deleted, group_id) VALUES (6867, 'Cheddar Fries ', 350, false, 1240) ON CONFLICT DO NOTHING;
INSERT INTO option_group (id, name, is_deleted, max_selection, min_selection, restaurant_id) VALUES (1241, 'Zgjidh madhësinë', false, 1, 0, 18) ON CONFLICT DO NOTHING;
INSERT INTO option_variant (id, name, recommended_price, is_deleted, group_id) VALUES (6868, 'Chicken Breast Pita', 0, false, 1241) ON CONFLICT DO NOTHING;
INSERT INTO option_variant (id, name, recommended_price, is_deleted, group_id) VALUES (6869, 'Chicken Breast Pita Big', 140, false, 1241) ON CONFLICT DO NOTHING;
INSERT INTO option_group (id, name, is_deleted, max_selection, min_selection, restaurant_id) VALUES (1242, 'Chicken Skepasti (Bacon Sos or Sos)', false, 1, 0, 18) ON CONFLICT DO NOTHING;
INSERT INTO option_variant (id, name, recommended_price, is_deleted, group_id) VALUES (6870, 'Chicken Skepasti (Bacon Sos)', 0, false, 1242) ON CONFLICT DO NOTHING;
INSERT INTO option_variant (id, name, recommended_price, is_deleted, group_id) VALUES (6871, 'Chicken Skepasti (Sos)', 0, false, 1242) ON CONFLICT DO NOTHING;
INSERT INTO option_group (id, name, is_deleted, max_selection, min_selection, restaurant_id) VALUES (1243, 'Shto salcë', false, 1, 0, 18) ON CONFLICT DO NOTHING;
INSERT INTO option_variant (id, name, recommended_price, is_deleted, group_id) VALUES (6872, 'Ketchup Bustine', 20, false, 1243) ON CONFLICT DO NOTHING;
INSERT INTO option_variant (id, name, recommended_price, is_deleted, group_id) VALUES (6873, 'Mustarde - bustine', 20, false, 1243) ON CONFLICT DO NOTHING;
INSERT INTO option_variant (id, name, recommended_price, is_deleted, group_id) VALUES (6874, 'OPA Mayo', 50, false, 1243) ON CONFLICT DO NOTHING;
INSERT INTO option_variant (id, name, recommended_price, is_deleted, group_id) VALUES (6875, 'Mayonnaise Bustine', 20, false, 1243) ON CONFLICT DO NOTHING;
INSERT INTO option_variant (id, name, recommended_price, is_deleted, group_id) VALUES (6876, 'Siraca - small', 60, false, 1243) ON CONFLICT DO NOTHING;
INSERT INTO option_variant (id, name, recommended_price, is_deleted, group_id) VALUES (6877, 'Tirokafteri - small', 70, false, 1243) ON CONFLICT DO NOTHING;
INSERT INTO option_variant (id, name, recommended_price, is_deleted, group_id) VALUES (6878, 'Truffle Mayo', 50, false, 1243) ON CONFLICT DO NOTHING;
INSERT INTO option_variant (id, name, recommended_price, is_deleted, group_id) VALUES (6879, 'Cheddar Sauce ', 50, false, 1243) ON CONFLICT DO NOTHING;
INSERT INTO option_variant (id, name, recommended_price, is_deleted, group_id) VALUES (6880, 'Chili Garlic Mayo', 50, false, 1243) ON CONFLICT DO NOTHING;
INSERT INTO option_variant (id, name, recommended_price, is_deleted, group_id) VALUES (6881, 'Homemade Pickled Cucumber', 50, false, 1243) ON CONFLICT DO NOTHING;
INSERT INTO option_variant (id, name, recommended_price, is_deleted, group_id) VALUES (6882, 'Hummus Small', 50, false, 1243) ON CONFLICT DO NOTHING;
INSERT INTO option_variant (id, name, recommended_price, is_deleted, group_id) VALUES (6883, 'Greekamole', 50, false, 1243) ON CONFLICT DO NOTHING;
INSERT INTO option_variant (id, name, recommended_price, is_deleted, group_id) VALUES (6884, 'Sweet chilli & tarragon sauce', 50, false, 1243) ON CONFLICT DO NOTHING;
INSERT INTO option_group (id, name, is_deleted, max_selection, min_selection, restaurant_id) VALUES (1244, 'Zgjidh Salcen', false, 1, 0, 18) ON CONFLICT DO NOTHING;
INSERT INTO option_variant (id, name, recommended_price, is_deleted, group_id) VALUES (6885, 'OPA Mayo', 50, false, 1244) ON CONFLICT DO NOTHING;
INSERT INTO option_variant (id, name, recommended_price, is_deleted, group_id) VALUES (6886, 'Chili Garlic Mayo', 50, false, 1244) ON CONFLICT DO NOTHING;
INSERT INTO option_variant (id, name, recommended_price, is_deleted, group_id) VALUES (6887, 'Tzatziki Sauce', 30, false, 1244) ON CONFLICT DO NOTHING;
INSERT INTO option_variant (id, name, recommended_price, is_deleted, group_id) VALUES (6888, 'Greekamole', 50, false, 1244) ON CONFLICT DO NOTHING;
INSERT INTO option_variant (id, name, recommended_price, is_deleted, group_id) VALUES (6889, 'Yougurt Sauce ', 50, false, 1244) ON CONFLICT DO NOTHING;
INSERT INTO option_variant (id, name, recommended_price, is_deleted, group_id) VALUES (6890, 'Bacon Mayo Sauce', 50, false, 1244) ON CONFLICT DO NOTHING;
INSERT INTO option_group (id, name, is_deleted, max_selection, min_selection, restaurant_id) VALUES (1245, 'Chicken Skepasti Big', false, 1, 0, 18) ON CONFLICT DO NOTHING;
INSERT INTO option_variant (id, name, recommended_price, is_deleted, group_id) VALUES (6891, 'Chicken Skepasti Big(Bacon Sauce)', 0, false, 1245) ON CONFLICT DO NOTHING;
INSERT INTO option_variant (id, name, recommended_price, is_deleted, group_id) VALUES (6892, 'Chicken Skepasti Big (Sos)', 0, false, 1245) ON CONFLICT DO NOTHING;
INSERT INTO option_group (id, name, is_deleted, max_selection, min_selection, restaurant_id) VALUES (1246, 'Select Fries', false, 1, 0, 18) ON CONFLICT DO NOTHING;
INSERT INTO option_variant (id, name, recommended_price, is_deleted, group_id) VALUES (6893, 'Medium Fries', 0, false, 1246) ON CONFLICT DO NOTHING;
INSERT INTO option_variant (id, name, recommended_price, is_deleted, group_id) VALUES (6894, 'French Fries Large ', 70, false, 1246) ON CONFLICT DO NOTHING;
INSERT INTO option_group (id, name, is_deleted, max_selection, min_selection, restaurant_id) VALUES (1247, 'Zgjidh madhësinë', false, 1, 0, 18) ON CONFLICT DO NOTHING;
INSERT INTO option_variant (id, name, recommended_price, is_deleted, group_id) VALUES (6895, 'Falafel Pita Yougurt', 0, false, 1247) ON CONFLICT DO NOTHING;
INSERT INTO option_variant (id, name, recommended_price, is_deleted, group_id) VALUES (6896, 'Falafel Pita Big Yougurt', 100, false, 1247) ON CONFLICT DO NOTHING;
INSERT INTO option_group (id, name, is_deleted, max_selection, min_selection, restaurant_id) VALUES (1248, 'Zgjidh madhësinë', false, 1, 0, 18) ON CONFLICT DO NOTHING;
INSERT INTO option_variant (id, name, recommended_price, is_deleted, group_id) VALUES (6897, 'Chicken Skepasti DEL (Sos)', 0, false, 1248) ON CONFLICT DO NOTHING;
INSERT INTO option_variant (id, name, recommended_price, is_deleted, group_id) VALUES (6898, 'Chicken Skepasti Big (Sos)', 170, false, 1248) ON CONFLICT DO NOTHING;
INSERT INTO option_group (id, name, is_deleted, max_selection, min_selection, restaurant_id) VALUES (1249, 'Zgjidh madhësinë', false, 1, 0, 18) ON CONFLICT DO NOTHING;
INSERT INTO option_variant (id, name, recommended_price, is_deleted, group_id) VALUES (6899, 'Falafel Pita Hummus', 0, false, 1249) ON CONFLICT DO NOTHING;
INSERT INTO option_variant (id, name, recommended_price, is_deleted, group_id) VALUES (6900, 'Falafel Pita Big Hummus', 100, false, 1249) ON CONFLICT DO NOTHING;
INSERT INTO option_group (id, name, is_deleted, max_selection, min_selection, restaurant_id) VALUES (1250, 'Zgjidh bazën', false, 1, 0, 18) ON CONFLICT DO NOTHING;
INSERT INTO option_variant (id, name, recommended_price, is_deleted, group_id) VALUES (6901, 'Schnitzel Bowl(Rice) DEL', 0, false, 1250) ON CONFLICT DO NOTHING;
INSERT INTO option_variant (id, name, recommended_price, is_deleted, group_id) VALUES (6902, ' Schnitzel Bowl (Fries) DEL', 0, false, 1250) ON CONFLICT DO NOTHING;
INSERT INTO option_group (id, name, is_deleted, max_selection, min_selection, restaurant_id) VALUES (1251, 'Choose Your Sauce ', false, 1, 0, 18) ON CONFLICT DO NOTHING;
INSERT INTO option_variant (id, name, recommended_price, is_deleted, group_id) VALUES (6903, 'Ketchup Bustine', 0, false, 1251) ON CONFLICT DO NOTHING;
INSERT INTO option_variant (id, name, recommended_price, is_deleted, group_id) VALUES (6904, 'Mustarde - bustine', 0, false, 1251) ON CONFLICT DO NOTHING;
INSERT INTO option_variant (id, name, recommended_price, is_deleted, group_id) VALUES (6905, 'Sweet chilli & tarragon sauce', 0, false, 1251) ON CONFLICT DO NOTHING;
INSERT INTO option_variant (id, name, recommended_price, is_deleted, group_id) VALUES (6906, 'Chili Garlic Mayo', 0, false, 1251) ON CONFLICT DO NOTHING;
INSERT INTO option_variant (id, name, recommended_price, is_deleted, group_id) VALUES (6907, 'Truffle Mayo', 0, false, 1251) ON CONFLICT DO NOTHING;
INSERT INTO option_variant (id, name, recommended_price, is_deleted, group_id) VALUES (6908, 'Bacon Mayo Sauce', 0, false, 1251) ON CONFLICT DO NOTHING;
INSERT INTO option_variant (id, name, recommended_price, is_deleted, group_id) VALUES (6909, 'Tzatziki Sauce', 0, false, 1251) ON CONFLICT DO NOTHING;
INSERT INTO option_variant (id, name, recommended_price, is_deleted, group_id) VALUES (6910, 'Homemade Pickled Cucumber', 0, false, 1251) ON CONFLICT DO NOTHING;
INSERT INTO option_variant (id, name, recommended_price, is_deleted, group_id) VALUES (6911, 'Cheddar Sauce ', 0, false, 1251) ON CONFLICT DO NOTHING;
INSERT INTO option_variant (id, name, recommended_price, is_deleted, group_id) VALUES (6912, 'Hummus Small', 0, false, 1251) ON CONFLICT DO NOTHING;
INSERT INTO option_variant (id, name, recommended_price, is_deleted, group_id) VALUES (6913, 'Mayonnaise Bustine', 0, false, 1251) ON CONFLICT DO NOTHING;
INSERT INTO option_variant (id, name, recommended_price, is_deleted, group_id) VALUES (6914, 'OPA Mayo', 0, false, 1251) ON CONFLICT DO NOTHING;
INSERT INTO option_variant (id, name, recommended_price, is_deleted, group_id) VALUES (6915, 'Yougurt Sauce ', 0, false, 1251) ON CONFLICT DO NOTHING;
INSERT INTO option_group (id, name, is_deleted, max_selection, min_selection, restaurant_id) VALUES (1252, 'Coca Cola Draft 0.25l or 0.33l', false, 1, 0, 18) ON CONFLICT DO NOTHING;
INSERT INTO option_variant (id, name, recommended_price, is_deleted, group_id) VALUES (6916, 'Selita Uje natyral 0.5l', 0, false, 1252) ON CONFLICT DO NOTHING;
INSERT INTO option_variant (id, name, recommended_price, is_deleted, group_id) VALUES (6917, 'Coca Cola 0.33l', 0, false, 1252) ON CONFLICT DO NOTHING;
INSERT INTO option_variant (id, name, recommended_price, is_deleted, group_id) VALUES (6918, 'Coca Cola Zero 0.33L', 0, false, 1252) ON CONFLICT DO NOTHING;
INSERT INTO option_group (id, name, is_deleted, max_selection, min_selection, restaurant_id) VALUES (1253, 'Shto Sides ', false, 1, 0, 18) ON CONFLICT DO NOTHING;
INSERT INTO option_variant (id, name, recommended_price, is_deleted, group_id) VALUES (6919, 'BBQ Chicken Wings (6 cope)', 400, false, 1253) ON CONFLICT DO NOTHING;
INSERT INTO option_variant (id, name, recommended_price, is_deleted, group_id) VALUES (6920, 'BBQ Chicken Wings (8 cope)', 570, false, 1253) ON CONFLICT DO NOTHING;
INSERT INTO option_variant (id, name, recommended_price, is_deleted, group_id) VALUES (6921, 'BBQ Chicken Wings (10 cope)', 720, false, 1253) ON CONFLICT DO NOTHING;
INSERT INTO option_variant (id, name, recommended_price, is_deleted, group_id) VALUES (6922, '2 pieces Kackavall Chips', 150, false, 1253) ON CONFLICT DO NOTHING;
INSERT INTO option_variant (id, name, recommended_price, is_deleted, group_id) VALUES (6923, '2 pieces Halloumi Chips', 150, false, 1253) ON CONFLICT DO NOTHING;
INSERT INTO option_variant (id, name, recommended_price, is_deleted, group_id) VALUES (6924, 'Fried Zucchini Balls DEL', 280, false, 1253) ON CONFLICT DO NOTHING;
INSERT INTO option_variant (id, name, recommended_price, is_deleted, group_id) VALUES (6925, 'Kashkaval Chips', 490, false, 1253) ON CONFLICT DO NOTHING;
INSERT INTO option_variant (id, name, recommended_price, is_deleted, group_id) VALUES (6926, 'Moussaka Croquettes', 300, false, 1253) ON CONFLICT DO NOTHING;
INSERT INTO option_variant (id, name, recommended_price, is_deleted, group_id) VALUES (6927, 'Halloumi chips', 490, false, 1253) ON CONFLICT DO NOTHING;
INSERT INTO option_variant (id, name, recommended_price, is_deleted, group_id) VALUES (6928, 'Greek Fries', 350, false, 1253) ON CONFLICT DO NOTHING;
INSERT INTO option_variant (id, name, recommended_price, is_deleted, group_id) VALUES (6929, 'Bacon Fries', 500, false, 1253) ON CONFLICT DO NOTHING;
INSERT INTO option_variant (id, name, recommended_price, is_deleted, group_id) VALUES (6930, 'Cheddar Fries ', 350, false, 1253) ON CONFLICT DO NOTHING;
INSERT INTO option_group (id, name, is_deleted, max_selection, min_selection, restaurant_id) VALUES (1254, 'Zgjidh madhësinë', false, 1, 0, 18) ON CONFLICT DO NOTHING;
INSERT INTO option_variant (id, name, recommended_price, is_deleted, group_id) VALUES (6931, 'Chicken Gyros DEL', 0, false, 1254) ON CONFLICT DO NOTHING;
INSERT INTO option_variant (id, name, recommended_price, is_deleted, group_id) VALUES (6932, 'Chicken Gyros Big DEL', 110, false, 1254) ON CONFLICT DO NOTHING;
INSERT INTO option_group (id, name, is_deleted, max_selection, min_selection, restaurant_id) VALUES (1255, 'Choose your Gaia', false, 1, 0, 18) ON CONFLICT DO NOTHING;
INSERT INTO option_variant (id, name, recommended_price, is_deleted, group_id) VALUES (6933, 'Gaia', 0, false, 1255) ON CONFLICT DO NOTHING;
INSERT INTO option_variant (id, name, recommended_price, is_deleted, group_id) VALUES (6934, 'Gaia Big', 60, false, 1255) ON CONFLICT DO NOTHING;
INSERT INTO option_group (id, name, is_deleted, max_selection, min_selection, restaurant_id) VALUES (1256, 'Shto Sides ', false, 1, 0, 18) ON CONFLICT DO NOTHING;
INSERT INTO option_variant (id, name, recommended_price, is_deleted, group_id) VALUES (6935, 'BBQ Chicken Wings (6 cope)', 400, false, 1256) ON CONFLICT DO NOTHING;
INSERT INTO option_variant (id, name, recommended_price, is_deleted, group_id) VALUES (6936, 'BBQ Chicken Wings (8 cope)', 570, false, 1256) ON CONFLICT DO NOTHING;
INSERT INTO option_variant (id, name, recommended_price, is_deleted, group_id) VALUES (6937, 'BBQ Chicken Wings (10 cope)', 720, false, 1256) ON CONFLICT DO NOTHING;
INSERT INTO option_variant (id, name, recommended_price, is_deleted, group_id) VALUES (6938, '2 pieces Kackavall Chips', 150, false, 1256) ON CONFLICT DO NOTHING;
INSERT INTO option_variant (id, name, recommended_price, is_deleted, group_id) VALUES (6939, '2 pieces Halloumi Chips', 150, false, 1256) ON CONFLICT DO NOTHING;
INSERT INTO option_variant (id, name, recommended_price, is_deleted, group_id) VALUES (6940, 'Fried Zucchini Balls DEL', 280, false, 1256) ON CONFLICT DO NOTHING;
INSERT INTO option_variant (id, name, recommended_price, is_deleted, group_id) VALUES (6941, 'Kashkaval Chips', 490, false, 1256) ON CONFLICT DO NOTHING;
INSERT INTO option_variant (id, name, recommended_price, is_deleted, group_id) VALUES (6942, 'Moussaka Croquettes', 300, false, 1256) ON CONFLICT DO NOTHING;
INSERT INTO option_variant (id, name, recommended_price, is_deleted, group_id) VALUES (6943, 'Halloumi chips', 490, false, 1256) ON CONFLICT DO NOTHING;
INSERT INTO option_variant (id, name, recommended_price, is_deleted, group_id) VALUES (6944, 'Greek Fries', 350, false, 1256) ON CONFLICT DO NOTHING;
INSERT INTO option_variant (id, name, recommended_price, is_deleted, group_id) VALUES (6945, 'Bacon Fries', 500, false, 1256) ON CONFLICT DO NOTHING;
INSERT INTO option_variant (id, name, recommended_price, is_deleted, group_id) VALUES (6946, 'Cheddar Fries ', 350, false, 1256) ON CONFLICT DO NOTHING;
INSERT INTO option_group (id, name, is_deleted, max_selection, min_selection, restaurant_id) VALUES (1257, 'Zgjidh madhësinë', false, 1, 0, 18) ON CONFLICT DO NOTHING;
INSERT INTO option_variant (id, name, recommended_price, is_deleted, group_id) VALUES (6947, 'Chicken Skepasti DEL', 0, false, 1257) ON CONFLICT DO NOTHING;
INSERT INTO option_variant (id, name, recommended_price, is_deleted, group_id) VALUES (6948, 'Chicken Skepasti Big(Bacon Sauce)', 170, false, 1257) ON CONFLICT DO NOTHING;
INSERT INTO option_group (id, name, is_deleted, max_selection, min_selection, restaurant_id) VALUES (1258, 'Zgjidh madhësinë', false, 1, 0, 18) ON CONFLICT DO NOTHING;
INSERT INTO option_variant (id, name, recommended_price, is_deleted, group_id) VALUES (6949, 'Kebab Pita', 0, false, 1258) ON CONFLICT DO NOTHING;
INSERT INTO option_variant (id, name, recommended_price, is_deleted, group_id) VALUES (6950, 'Kebab Pita Big', 160, false, 1258) ON CONFLICT DO NOTHING;
INSERT INTO option_group (id, name, is_deleted, max_selection, min_selection, restaurant_id) VALUES (1259, 'Zgjidh bazën', false, 1, 0, 18) ON CONFLICT DO NOTHING;
INSERT INTO option_variant (id, name, recommended_price, is_deleted, group_id) VALUES (6951, 'Kebab Bowl (Rice)', 0, false, 1259) ON CONFLICT DO NOTHING;
INSERT INTO option_variant (id, name, recommended_price, is_deleted, group_id) VALUES (6952, 'Kebab Bowl (Fries)', 0, false, 1259) ON CONFLICT DO NOTHING;
INSERT INTO option_group (id, name, is_deleted, max_selection, min_selection, restaurant_id) VALUES (1260, 'Zgjidh madhësinë', false, 1, 0, 18) ON CONFLICT DO NOTHING;
INSERT INTO option_variant (id, name, recommended_price, is_deleted, group_id) VALUES (6953, 'Hermes', 0, false, 1260) ON CONFLICT DO NOTHING;
INSERT INTO option_variant (id, name, recommended_price, is_deleted, group_id) VALUES (6954, 'Hermes Big', 90, false, 1260) ON CONFLICT DO NOTHING;
INSERT INTO option_group (id, name, is_deleted, max_selection, min_selection, restaurant_id) VALUES (1261, 'Zgjidh bazën', false, 1, 0, 18) ON CONFLICT DO NOTHING;
INSERT INTO option_variant (id, name, recommended_price, is_deleted, group_id) VALUES (6955, 'Leonidas Bowl(Rice) DEL', 0, false, 1261) ON CONFLICT DO NOTHING;
INSERT INTO option_variant (id, name, recommended_price, is_deleted, group_id) VALUES (6956, 'Leonidas Bowl(Fries)DEL', 0, false, 1261) ON CONFLICT DO NOTHING;
INSERT INTO option_group (id, name, is_deleted, max_selection, min_selection, restaurant_id) VALUES (1262, 'Zgjidh madhësinë', false, 1, 0, 18) ON CONFLICT DO NOTHING;
INSERT INTO option_variant (id, name, recommended_price, is_deleted, group_id) VALUES (6957, 'Pork Skepasti DEL', 0, false, 1262) ON CONFLICT DO NOTHING;
INSERT INTO option_variant (id, name, recommended_price, is_deleted, group_id) VALUES (6958, 'Pork Skepasti Big ', 170, false, 1262) ON CONFLICT DO NOTHING;
INSERT INTO option_group (id, name, is_deleted, max_selection, min_selection, restaurant_id) VALUES (1263, 'Zgjidh madhësinë', false, 1, 0, 18) ON CONFLICT DO NOTHING;
INSERT INTO option_variant (id, name, recommended_price, is_deleted, group_id) VALUES (6959, 'Apollo Pita', 0, false, 1263) ON CONFLICT DO NOTHING;
INSERT INTO option_variant (id, name, recommended_price, is_deleted, group_id) VALUES (6960, 'Apollo Pita Big', 100, false, 1263) ON CONFLICT DO NOTHING;
INSERT INTO option_group (id, name, is_deleted, max_selection, min_selection, restaurant_id) VALUES (1264, 'Falafel Pita', false, 1, 0, 18) ON CONFLICT DO NOTHING;
INSERT INTO option_variant (id, name, recommended_price, is_deleted, group_id) VALUES (6961, 'Falafel Pita Yougurt', 0, false, 1264) ON CONFLICT DO NOTHING;
INSERT INTO option_variant (id, name, recommended_price, is_deleted, group_id) VALUES (6962, 'Falafel Pita Hummus', 0, false, 1264) ON CONFLICT DO NOTHING;
INSERT INTO option_group (id, name, is_deleted, max_selection, min_selection, restaurant_id) VALUES (1265, 'Zgjidh Protein ', false, 1, 0, 18) ON CONFLICT DO NOTHING;
INSERT INTO option_variant (id, name, recommended_price, is_deleted, group_id) VALUES (6963, 'Gjiro Pule ', 420, false, 1265) ON CONFLICT DO NOTHING;
INSERT INTO option_variant (id, name, recommended_price, is_deleted, group_id) VALUES (6964, 'Gjiro Gici', 440, false, 1265) ON CONFLICT DO NOTHING;
INSERT INTO option_variant (id, name, recommended_price, is_deleted, group_id) VALUES (6965, 'Shnitzel Pule ', 460, false, 1265) ON CONFLICT DO NOTHING;
INSERT INTO option_variant (id, name, recommended_price, is_deleted, group_id) VALUES (6966, '2 Chicken Skewers ', 480, false, 1265) ON CONFLICT DO NOTHING;
INSERT INTO option_variant (id, name, recommended_price, is_deleted, group_id) VALUES (6967, '2 Pork Skewers', 480, false, 1265) ON CONFLICT DO NOTHING;
INSERT INTO option_variant (id, name, recommended_price, is_deleted, group_id) VALUES (6968, '2 Kebab Skewers', 480, false, 1265) ON CONFLICT DO NOTHING;
INSERT INTO option_group (id, name, is_deleted, max_selection, min_selection, restaurant_id) VALUES (1266, 'Sauces', false, 1, 0, 18) ON CONFLICT DO NOTHING;
INSERT INTO option_variant (id, name, recommended_price, is_deleted, group_id) VALUES (6969, 'Ketchup Bustine', 0, false, 1266) ON CONFLICT DO NOTHING;
INSERT INTO option_variant (id, name, recommended_price, is_deleted, group_id) VALUES (6970, 'Mustarde - bustine', 0, false, 1266) ON CONFLICT DO NOTHING;
INSERT INTO option_group (id, name, is_deleted, max_selection, min_selection, restaurant_id) VALUES (1267, 'Zgjidh madhësinë', false, 1, 0, 18) ON CONFLICT DO NOTHING;
INSERT INTO option_variant (id, name, recommended_price, is_deleted, group_id) VALUES (6971, 'Minced Beef Skepasti', 0, false, 1267) ON CONFLICT DO NOTHING;
INSERT INTO option_variant (id, name, recommended_price, is_deleted, group_id) VALUES (6972, 'Minced Beef Skepasti Big', 200, false, 1267) ON CONFLICT DO NOTHING;
INSERT INTO option_group (id, name, is_deleted, max_selection, min_selection, restaurant_id) VALUES (1268, 'Zgjidh madhësinë', false, 1, 0, 18) ON CONFLICT DO NOTHING;
INSERT INTO option_variant (id, name, recommended_price, is_deleted, group_id) VALUES (6973, 'Zeus', 0, false, 1268) ON CONFLICT DO NOTHING;
INSERT INTO option_variant (id, name, recommended_price, is_deleted, group_id) VALUES (6974, 'Zeus Big', 60, false, 1268) ON CONFLICT DO NOTHING;
INSERT INTO option_group (id, name, is_deleted, max_selection, min_selection, restaurant_id) VALUES (1269, 'Zgjidh bazën', false, 1, 0, 18) ON CONFLICT DO NOTHING;
INSERT INTO option_variant (id, name, recommended_price, is_deleted, group_id) VALUES (6975, 'Chicken Gyros Bowl(Rice) DEL', 0, false, 1269) ON CONFLICT DO NOTHING;
INSERT INTO option_variant (id, name, recommended_price, is_deleted, group_id) VALUES (6976, 'Chicken Gyros Bowl(Fries) DEL', 0, false, 1269) ON CONFLICT DO NOTHING;
INSERT INTO option_group (id, name, is_deleted, max_selection, min_selection, restaurant_id) VALUES (1270, 'Zgjidh madhësinë', false, 1, 0, 18) ON CONFLICT DO NOTHING;
INSERT INTO option_variant (id, name, recommended_price, is_deleted, group_id) VALUES (6977, 'Truffle Chicken Gyros ', 0, false, 1270) ON CONFLICT DO NOTHING;
INSERT INTO option_variant (id, name, recommended_price, is_deleted, group_id) VALUES (6978, 'Truffle Chicken Gyros Big ', 120, false, 1270) ON CONFLICT DO NOTHING;
INSERT INTO option_group (id, name, is_deleted, max_selection, min_selection, restaurant_id) VALUES (1271, 'Zgjidh proteinën', false, 1, 0, 18) ON CONFLICT DO NOTHING;
INSERT INTO option_variant (id, name, recommended_price, is_deleted, group_id) VALUES (6979, 'Gjiro e Hapur Pule DEL', 0, false, 1271) ON CONFLICT DO NOTHING;
INSERT INTO option_variant (id, name, recommended_price, is_deleted, group_id) VALUES (6980, 'Gjiro e Hapur Gici DEL', 0, false, 1271) ON CONFLICT DO NOTHING;
INSERT INTO option_group (id, name, is_deleted, max_selection, min_selection, restaurant_id) VALUES (1272, 'Zgjidh bazën', false, 1, 0, 18) ON CONFLICT DO NOTHING;
INSERT INTO option_variant (id, name, recommended_price, is_deleted, group_id) VALUES (6981, 'Pork Gyros Bowl(Rice) DEL', 0, false, 1272) ON CONFLICT DO NOTHING;
INSERT INTO option_variant (id, name, recommended_price, is_deleted, group_id) VALUES (6982, 'Pork Gyros Bowl (Fries) DEL', 0, false, 1272) ON CONFLICT DO NOTHING;
INSERT INTO option_group (id, name, is_deleted, max_selection, min_selection, restaurant_id) VALUES (1273, 'Zgjidh madhësinë', false, 1, 0, 18) ON CONFLICT DO NOTHING;
INSERT INTO option_variant (id, name, recommended_price, is_deleted, group_id) VALUES (6983, 'Schnitzel Pita', 0, false, 1273) ON CONFLICT DO NOTHING;
INSERT INTO option_variant (id, name, recommended_price, is_deleted, group_id) VALUES (6984, 'Schnitzel Pita Big', 140, false, 1273) ON CONFLICT DO NOTHING;
INSERT INTO option_group (id, name, is_deleted, max_selection, min_selection, restaurant_id) VALUES (1274, 'Shto Sides ', false, 1, 0, 18) ON CONFLICT DO NOTHING;
INSERT INTO option_variant (id, name, recommended_price, is_deleted, group_id) VALUES (6985, 'BBQ Chicken Wings (6 cope)', 400, false, 1274) ON CONFLICT DO NOTHING;
INSERT INTO option_variant (id, name, recommended_price, is_deleted, group_id) VALUES (6986, 'BBQ Chicken Wings (8 cope)', 570, false, 1274) ON CONFLICT DO NOTHING;
INSERT INTO option_variant (id, name, recommended_price, is_deleted, group_id) VALUES (6987, '2 pieces Kackavall Chips', 150, false, 1274) ON CONFLICT DO NOTHING;
INSERT INTO option_variant (id, name, recommended_price, is_deleted, group_id) VALUES (6988, '2 pieces Halloumi Chips', 150, false, 1274) ON CONFLICT DO NOTHING;
INSERT INTO option_variant (id, name, recommended_price, is_deleted, group_id) VALUES (6989, 'Fried Zucchini Balls DEL', 280, false, 1274) ON CONFLICT DO NOTHING;
INSERT INTO option_variant (id, name, recommended_price, is_deleted, group_id) VALUES (6990, 'Kashkaval Chips', 490, false, 1274) ON CONFLICT DO NOTHING;
INSERT INTO option_variant (id, name, recommended_price, is_deleted, group_id) VALUES (6991, 'Moussaka Croquettes', 300, false, 1274) ON CONFLICT DO NOTHING;
INSERT INTO option_variant (id, name, recommended_price, is_deleted, group_id) VALUES (6992, 'Halloumi chips', 490, false, 1274) ON CONFLICT DO NOTHING;
INSERT INTO option_variant (id, name, recommended_price, is_deleted, group_id) VALUES (6993, 'Greek Fries', 350, false, 1274) ON CONFLICT DO NOTHING;
INSERT INTO option_variant (id, name, recommended_price, is_deleted, group_id) VALUES (6994, 'Bacon Fries', 500, false, 1274) ON CONFLICT DO NOTHING;
INSERT INTO option_variant (id, name, recommended_price, is_deleted, group_id) VALUES (6995, 'Cheddar Fries ', 350, false, 1274) ON CONFLICT DO NOTHING;
INSERT INTO option_group (id, name, is_deleted, max_selection, min_selection, restaurant_id) VALUES (1275, 'Chicken Doner ', false, 1, 0, 18) ON CONFLICT DO NOTHING;
INSERT INTO option_variant (id, name, recommended_price, is_deleted, group_id) VALUES (6996, 'Chicken Doner ', 0, false, 1275) ON CONFLICT DO NOTHING;
INSERT INTO option_group (id, name, is_deleted, max_selection, min_selection, restaurant_id) VALUES (1276, 'Chicken Gyros', false, 1, 0, 18) ON CONFLICT DO NOTHING;
INSERT INTO option_variant (id, name, recommended_price, is_deleted, group_id) VALUES (6997, 'Chicken Gyros', 0, false, 1276) ON CONFLICT DO NOTHING;
INSERT INTO option_group (id, name, is_deleted, max_selection, min_selection, restaurant_id) VALUES (1277, 'Small Fries ', false, 1, 0, 18) ON CONFLICT DO NOTHING;
INSERT INTO option_variant (id, name, recommended_price, is_deleted, group_id) VALUES (6998, 'Small Fries ', 0, false, 1277) ON CONFLICT DO NOTHING;
INSERT INTO option_group (id, name, is_deleted, max_selection, min_selection, restaurant_id) VALUES (1278, 'Shto përbërës', false, 1, 0, 18) ON CONFLICT DO NOTHING;
INSERT INTO option_variant (id, name, recommended_price, is_deleted, group_id) VALUES (6999, 'ADD FALAFEL', 100, false, 1278) ON CONFLICT DO NOTHING;
INSERT INTO option_group (id, name, is_deleted, max_selection, min_selection, restaurant_id) VALUES (1279, 'Zgjidh Piten Lunch', false, 1, 0, 18) ON CONFLICT DO NOTHING;
INSERT INTO option_variant (id, name, recommended_price, is_deleted, group_id) VALUES (7000, 'Chicken Gyros', 0, false, 1279) ON CONFLICT DO NOTHING;
INSERT INTO option_variant (id, name, recommended_price, is_deleted, group_id) VALUES (7001, 'Pork Gyros', 0, false, 1279) ON CONFLICT DO NOTHING;
INSERT INTO option_variant (id, name, recommended_price, is_deleted, group_id) VALUES (7002, 'Schnitzel Pita', 0, false, 1279) ON CONFLICT DO NOTHING;
INSERT INTO option_variant (id, name, recommended_price, is_deleted, group_id) VALUES (7003, 'Falafel Pita Yougurt', 0, false, 1279) ON CONFLICT DO NOTHING;
INSERT INTO option_variant (id, name, recommended_price, is_deleted, group_id) VALUES (7004, 'Falafel Pita Hummus', 0, false, 1279) ON CONFLICT DO NOTHING;
INSERT INTO option_group (id, name, is_deleted, max_selection, min_selection, restaurant_id) VALUES (1280, 'Drinks', false, 1, 0, 18) ON CONFLICT DO NOTHING;
INSERT INTO option_variant (id, name, recommended_price, is_deleted, group_id) VALUES (7005, 'Coca Cola 0.33l', 0, false, 1280) ON CONFLICT DO NOTHING;
INSERT INTO option_variant (id, name, recommended_price, is_deleted, group_id) VALUES (7006, 'Selita Uje natyral 0.5l', 0, false, 1280) ON CONFLICT DO NOTHING;
INSERT INTO option_variant (id, name, recommended_price, is_deleted, group_id) VALUES (7007, 'Selita Uje me gaz 0.5l', 0, false, 1280) ON CONFLICT DO NOTHING;
INSERT INTO option_variant (id, name, recommended_price, is_deleted, group_id) VALUES (7008, 'Coca Cola Zero 0.33L', 0, false, 1280) ON CONFLICT DO NOTHING;
INSERT INTO option_variant (id, name, recommended_price, is_deleted, group_id) VALUES (7009, 'Fanta Lemon 0.33L', 0, false, 1280) ON CONFLICT DO NOTHING;
INSERT INTO option_variant (id, name, recommended_price, is_deleted, group_id) VALUES (7010, 'Fanta Orange 0.33L', 0, false, 1280) ON CONFLICT DO NOTHING;
INSERT INTO option_variant (id, name, recommended_price, is_deleted, group_id) VALUES (7011, 'Fanta Exotic 0.33L', 0, false, 1280) ON CONFLICT DO NOTHING;
INSERT INTO option_variant (id, name, recommended_price, is_deleted, group_id) VALUES (7012, 'Lemon Soda 0.33', 0, false, 1280) ON CONFLICT DO NOTHING;
INSERT INTO option_variant (id, name, recommended_price, is_deleted, group_id) VALUES (7013, 'Orange Soda 0.33', 0, false, 1280) ON CONFLICT DO NOTHING;
INSERT INTO option_variant (id, name, recommended_price, is_deleted, group_id) VALUES (7014, 'Sprite 0.33l', 0, false, 1280) ON CONFLICT DO NOTHING;
INSERT INTO option_variant (id, name, recommended_price, is_deleted, group_id) VALUES (7015, 'Lipton Ice Tea Lemon 0.33', 0, false, 1280) ON CONFLICT DO NOTHING;
INSERT INTO option_variant (id, name, recommended_price, is_deleted, group_id) VALUES (7016, 'Lipton Ice Tea Peach 0.33', 0, false, 1280) ON CONFLICT DO NOTHING;
INSERT INTO option_group (id, name, is_deleted, max_selection, min_selection, restaurant_id) VALUES (1281, 'Red Bull Infusion Berry Mix/Mango', false, 1, 0, 18) ON CONFLICT DO NOTHING;
INSERT INTO option_variant (id, name, recommended_price, is_deleted, group_id) VALUES (7017, 'Red Bull Infusion Berry Mix ', 0, false, 1281) ON CONFLICT DO NOTHING;
INSERT INTO option_variant (id, name, recommended_price, is_deleted, group_id) VALUES (7018, 'Red Bull Infusion Mango', 0, false, 1281) ON CONFLICT DO NOTHING;
INSERT INTO option_group (id, name, is_deleted, max_selection, min_selection, restaurant_id) VALUES (1282, 'Shto pijet', false, 1, 0, 18) ON CONFLICT DO NOTHING;
INSERT INTO option_variant (id, name, recommended_price, is_deleted, group_id) VALUES (7019, 'Selita 0.5L Natyral DEL ', 120, false, 1282) ON CONFLICT DO NOTHING;
INSERT INTO option_variant (id, name, recommended_price, is_deleted, group_id) VALUES (7020, 'Selita 0.5l Gaz DEL', 120, false, 1282) ON CONFLICT DO NOTHING;
INSERT INTO option_variant (id, name, recommended_price, is_deleted, group_id) VALUES (7021, 'Coca Cola 0.33 Normale DEL', 180, false, 1282) ON CONFLICT DO NOTHING;
INSERT INTO option_variant (id, name, recommended_price, is_deleted, group_id) VALUES (7022, 'Fanta Ekzotik 0.33 DEL', 180, false, 1282) ON CONFLICT DO NOTHING;
INSERT INTO option_variant (id, name, recommended_price, is_deleted, group_id) VALUES (7023, 'Fanta Orange 0.33 DEL', 180, false, 1282) ON CONFLICT DO NOTHING;
INSERT INTO option_variant (id, name, recommended_price, is_deleted, group_id) VALUES (7024, 'Lipton Ice Tea Lemon 0.33 DEL', 180, false, 1282) ON CONFLICT DO NOTHING;
INSERT INTO option_variant (id, name, recommended_price, is_deleted, group_id) VALUES (7025, 'Lipton Ice Tea Peach 0.33 DEL', 180, false, 1282) ON CONFLICT DO NOTHING;
INSERT INTO option_variant (id, name, recommended_price, is_deleted, group_id) VALUES (7026, 'Schweppes Indian Tonic 0.33L', 180, false, 1282) ON CONFLICT DO NOTHING;
INSERT INTO option_variant (id, name, recommended_price, is_deleted, group_id) VALUES (7027, 'Peja 0.33L DEL', 300, false, 1282) ON CONFLICT DO NOTHING;
INSERT INTO option_variant (id, name, recommended_price, is_deleted, group_id) VALUES (7028, 'Heineken 0.33 DEL', 350, false, 1282) ON CONFLICT DO NOTHING;
INSERT INTO option_variant (id, name, recommended_price, is_deleted, group_id) VALUES (7029, 'Korça 0.33L DEL', 350, false, 1282) ON CONFLICT DO NOTHING;
INSERT INTO option_group (id, name, is_deleted, max_selection, min_selection, restaurant_id) VALUES (1283, 'Shto pijet', false, 1, 0, 18) ON CONFLICT DO NOTHING;
INSERT INTO option_variant (id, name, recommended_price, is_deleted, group_id) VALUES (7030, 'Selita 0.5L Natyral', 120, false, 1283) ON CONFLICT DO NOTHING;
INSERT INTO option_variant (id, name, recommended_price, is_deleted, group_id) VALUES (7031, 'Selita 0.5l Gaz ', 120, false, 1283) ON CONFLICT DO NOTHING;
INSERT INTO option_variant (id, name, recommended_price, is_deleted, group_id) VALUES (7032, 'Ayran ', 170, false, 1283) ON CONFLICT DO NOTHING;
INSERT INTO option_variant (id, name, recommended_price, is_deleted, group_id) VALUES (7033, 'Coca Cola 0.33 Normale ', 180, false, 1283) ON CONFLICT DO NOTHING;
INSERT INTO option_variant (id, name, recommended_price, is_deleted, group_id) VALUES (7034, 'Fanta Ekzotik 0.33', 180, false, 1283) ON CONFLICT DO NOTHING;
INSERT INTO option_variant (id, name, recommended_price, is_deleted, group_id) VALUES (7035, 'Fanta Orange 0.33 ', 180, false, 1283) ON CONFLICT DO NOTHING;
INSERT INTO option_variant (id, name, recommended_price, is_deleted, group_id) VALUES (7036, 'Lipton Ice Tea Lemon 0.33 DEL', 180, false, 1283) ON CONFLICT DO NOTHING;
INSERT INTO option_variant (id, name, recommended_price, is_deleted, group_id) VALUES (7037, 'Lipton Ice Tea Peach 0.33 DEL', 180, false, 1283) ON CONFLICT DO NOTHING;
INSERT INTO option_variant (id, name, recommended_price, is_deleted, group_id) VALUES (7038, 'Schweppes Indian Tonic 0.33L', 180, false, 1283) ON CONFLICT DO NOTHING;
INSERT INTO option_variant (id, name, recommended_price, is_deleted, group_id) VALUES (7039, 'Peja 0.33L ', 300, false, 1283) ON CONFLICT DO NOTHING;
INSERT INTO option_variant (id, name, recommended_price, is_deleted, group_id) VALUES (7040, 'Heineken 0.33 ', 350, false, 1283) ON CONFLICT DO NOTHING;
INSERT INTO option_variant (id, name, recommended_price, is_deleted, group_id) VALUES (7041, 'Korça 0.33L ', 350, false, 1283) ON CONFLICT DO NOTHING;
INSERT INTO option_group (id, name, is_deleted, max_selection, min_selection, restaurant_id) VALUES (1284, 'Shto pijet', false, 1, 0, 18) ON CONFLICT DO NOTHING;
INSERT INTO option_variant (id, name, recommended_price, is_deleted, group_id) VALUES (7042, 'Selita 0.5L Natyral DEL ', 120, false, 1284) ON CONFLICT DO NOTHING;
INSERT INTO option_variant (id, name, recommended_price, is_deleted, group_id) VALUES (7043, 'Selita 0.5l Gaz DEL', 120, false, 1284) ON CONFLICT DO NOTHING;
INSERT INTO option_variant (id, name, recommended_price, is_deleted, group_id) VALUES (7044, 'Coca Cola 0.33 Normale DEL', 180, false, 1284) ON CONFLICT DO NOTHING;
INSERT INTO option_variant (id, name, recommended_price, is_deleted, group_id) VALUES (7045, 'Fanta Ekzotik 0.33 DEL', 180, false, 1284) ON CONFLICT DO NOTHING;
INSERT INTO option_variant (id, name, recommended_price, is_deleted, group_id) VALUES (7046, 'Fanta Orange 0.33 DEL', 180, false, 1284) ON CONFLICT DO NOTHING;
INSERT INTO option_variant (id, name, recommended_price, is_deleted, group_id) VALUES (7047, 'Lipton Ice Tea Lemon 0.33 DEL', 180, false, 1284) ON CONFLICT DO NOTHING;
INSERT INTO option_variant (id, name, recommended_price, is_deleted, group_id) VALUES (7048, 'Lipton Ice Tea Peach 0.33 DEL', 180, false, 1284) ON CONFLICT DO NOTHING;
INSERT INTO option_variant (id, name, recommended_price, is_deleted, group_id) VALUES (7049, 'Schweppes Indian Tonic 0.33L', 180, false, 1284) ON CONFLICT DO NOTHING;
INSERT INTO option_variant (id, name, recommended_price, is_deleted, group_id) VALUES (7050, 'Peja 0.33L DEL', 300, false, 1284) ON CONFLICT DO NOTHING;
INSERT INTO option_variant (id, name, recommended_price, is_deleted, group_id) VALUES (7051, 'Heineken 0.33 DEL', 350, false, 1284) ON CONFLICT DO NOTHING;
INSERT INTO option_variant (id, name, recommended_price, is_deleted, group_id) VALUES (7052, 'Korça 0.33L DEL', 350, false, 1284) ON CONFLICT DO NOTHING;
INSERT INTO option_group (id, name, is_deleted, max_selection, min_selection, restaurant_id) VALUES (1285, 'Drinks for Big', false, 1, 0, 18) ON CONFLICT DO NOTHING;
INSERT INTO option_variant (id, name, recommended_price, is_deleted, group_id) VALUES (7053, 'Selita Uje natyral 0.5l', 0, false, 1285) ON CONFLICT DO NOTHING;
INSERT INTO option_variant (id, name, recommended_price, is_deleted, group_id) VALUES (7054, 'Selita Uje me gaz 0.5l', 0, false, 1285) ON CONFLICT DO NOTHING;
INSERT INTO option_variant (id, name, recommended_price, is_deleted, group_id) VALUES (7055, 'Coca Cola 0.33l', 0, false, 1285) ON CONFLICT DO NOTHING;
INSERT INTO option_variant (id, name, recommended_price, is_deleted, group_id) VALUES (7056, 'Coca Cola Zero 0.33L', 0, false, 1285) ON CONFLICT DO NOTHING;
INSERT INTO option_variant (id, name, recommended_price, is_deleted, group_id) VALUES (7057, 'Fanta Exotic 0.33L', 0, false, 1285) ON CONFLICT DO NOTHING;
INSERT INTO option_variant (id, name, recommended_price, is_deleted, group_id) VALUES (7058, 'Fanta Orange 0.33L', 0, false, 1285) ON CONFLICT DO NOTHING;
INSERT INTO option_variant (id, name, recommended_price, is_deleted, group_id) VALUES (7059, 'Lemon Soda 0.33', 0, false, 1285) ON CONFLICT DO NOTHING;
INSERT INTO option_variant (id, name, recommended_price, is_deleted, group_id) VALUES (7060, 'Orange Soda 0.33', 0, false, 1285) ON CONFLICT DO NOTHING;
INSERT INTO option_variant (id, name, recommended_price, is_deleted, group_id) VALUES (7061, 'Sprite 0.33l', 0, false, 1285) ON CONFLICT DO NOTHING;
INSERT INTO option_variant (id, name, recommended_price, is_deleted, group_id) VALUES (7062, 'Lipton Ice Tea Peach 0.33', 0, false, 1285) ON CONFLICT DO NOTHING;
INSERT INTO option_variant (id, name, recommended_price, is_deleted, group_id) VALUES (7063, 'Lipton Ice Tea Lemon 0.33', 0, false, 1285) ON CONFLICT DO NOTHING;
INSERT INTO option_variant (id, name, recommended_price, is_deleted, group_id) VALUES (7064, 'Sprite 0.5L Draft', 0, false, 1285) ON CONFLICT DO NOTHING;
INSERT INTO option_variant (id, name, recommended_price, is_deleted, group_id) VALUES (7065, 'Fanta Lemon 0.33L', 0, false, 1285) ON CONFLICT DO NOTHING;
INSERT INTO option_group (id, name, is_deleted, max_selection, min_selection, restaurant_id) VALUES (1286, 'Drinks for Big', false, 1, 0, 18) ON CONFLICT DO NOTHING;
INSERT INTO option_variant (id, name, recommended_price, is_deleted, group_id) VALUES (7066, 'Selita Uje natyral 0.5l', 0, false, 1286) ON CONFLICT DO NOTHING;
INSERT INTO option_variant (id, name, recommended_price, is_deleted, group_id) VALUES (7067, 'Selita Uje me gaz 0.5l', 0, false, 1286) ON CONFLICT DO NOTHING;
INSERT INTO option_variant (id, name, recommended_price, is_deleted, group_id) VALUES (7068, 'Coca Cola 0.33l', 0, false, 1286) ON CONFLICT DO NOTHING;
INSERT INTO option_variant (id, name, recommended_price, is_deleted, group_id) VALUES (7069, 'Coca Cola Zero 0.33L', 0, false, 1286) ON CONFLICT DO NOTHING;
INSERT INTO option_variant (id, name, recommended_price, is_deleted, group_id) VALUES (7070, 'Fanta Exotic 0.33L', 0, false, 1286) ON CONFLICT DO NOTHING;
INSERT INTO option_variant (id, name, recommended_price, is_deleted, group_id) VALUES (7071, 'Fanta Orange 0.33L', 0, false, 1286) ON CONFLICT DO NOTHING;
INSERT INTO option_variant (id, name, recommended_price, is_deleted, group_id) VALUES (7072, 'Lemon Soda 0.33', 0, false, 1286) ON CONFLICT DO NOTHING;
INSERT INTO option_variant (id, name, recommended_price, is_deleted, group_id) VALUES (7073, 'Orange Soda 0.33', 0, false, 1286) ON CONFLICT DO NOTHING;
INSERT INTO option_variant (id, name, recommended_price, is_deleted, group_id) VALUES (7074, 'Sprite 0.33l', 0, false, 1286) ON CONFLICT DO NOTHING;
INSERT INTO option_variant (id, name, recommended_price, is_deleted, group_id) VALUES (7075, 'Lipton Ice Tea Peach 0.33', 0, false, 1286) ON CONFLICT DO NOTHING;
INSERT INTO option_variant (id, name, recommended_price, is_deleted, group_id) VALUES (7076, 'Lipton Ice Tea Lemon 0.33', 0, false, 1286) ON CONFLICT DO NOTHING;
INSERT INTO option_variant (id, name, recommended_price, is_deleted, group_id) VALUES (7077, 'Fanta Lemon 0.33L', 0, false, 1286) ON CONFLICT DO NOTHING;
INSERT INTO option_group (id, name, is_deleted, max_selection, min_selection, restaurant_id) VALUES (1287, 'Drinks', false, 1, 0, 18) ON CONFLICT DO NOTHING;
INSERT INTO option_variant (id, name, recommended_price, is_deleted, group_id) VALUES (7078, 'Coca Cola 0.33l', 0, false, 1287) ON CONFLICT DO NOTHING;
INSERT INTO option_variant (id, name, recommended_price, is_deleted, group_id) VALUES (7079, 'Selita Uje natyral 0.5l', 0, false, 1287) ON CONFLICT DO NOTHING;
INSERT INTO option_variant (id, name, recommended_price, is_deleted, group_id) VALUES (7080, 'Selita Uje me gaz 0.5l', 0, false, 1287) ON CONFLICT DO NOTHING;
INSERT INTO option_variant (id, name, recommended_price, is_deleted, group_id) VALUES (7081, 'Coca Cola Zero 0.33L', 0, false, 1287) ON CONFLICT DO NOTHING;
INSERT INTO option_variant (id, name, recommended_price, is_deleted, group_id) VALUES (7082, 'Fanta Lemon 0.33L', 0, false, 1287) ON CONFLICT DO NOTHING;
INSERT INTO option_variant (id, name, recommended_price, is_deleted, group_id) VALUES (7083, 'Fanta Orange 0.33L', 0, false, 1287) ON CONFLICT DO NOTHING;
INSERT INTO option_variant (id, name, recommended_price, is_deleted, group_id) VALUES (7084, 'Fanta Exotic 0.33L', 0, false, 1287) ON CONFLICT DO NOTHING;
INSERT INTO option_variant (id, name, recommended_price, is_deleted, group_id) VALUES (7085, 'Lemon Soda 0.33', 0, false, 1287) ON CONFLICT DO NOTHING;
INSERT INTO option_variant (id, name, recommended_price, is_deleted, group_id) VALUES (7086, 'Orange Soda 0.33', 0, false, 1287) ON CONFLICT DO NOTHING;
INSERT INTO option_variant (id, name, recommended_price, is_deleted, group_id) VALUES (7087, 'Sprite 0.33l', 0, false, 1287) ON CONFLICT DO NOTHING;
INSERT INTO option_variant (id, name, recommended_price, is_deleted, group_id) VALUES (7088, 'Ayran/Dhalle', 0, false, 1287) ON CONFLICT DO NOTHING;
INSERT INTO option_variant (id, name, recommended_price, is_deleted, group_id) VALUES (7089, 'Lipton Ice Tea Lemon 0.33', 0, false, 1287) ON CONFLICT DO NOTHING;
INSERT INTO option_variant (id, name, recommended_price, is_deleted, group_id) VALUES (7090, 'Lipton Ice Tea Peach 0.33', 0, false, 1287) ON CONFLICT DO NOTHING;
INSERT INTO option_group (id, name, is_deleted, max_selection, min_selection, restaurant_id) VALUES (1288, 'Drinks', false, 1, 0, 18) ON CONFLICT DO NOTHING;
INSERT INTO option_variant (id, name, recommended_price, is_deleted, group_id) VALUES (7091, 'Coca Cola 0.33l', 0, false, 1288) ON CONFLICT DO NOTHING;
INSERT INTO option_variant (id, name, recommended_price, is_deleted, group_id) VALUES (7092, 'Selita Uje natyral 0.5l', 0, false, 1288) ON CONFLICT DO NOTHING;
INSERT INTO option_variant (id, name, recommended_price, is_deleted, group_id) VALUES (7093, 'Selita Uje me gaz 0.5l', 0, false, 1288) ON CONFLICT DO NOTHING;
INSERT INTO option_variant (id, name, recommended_price, is_deleted, group_id) VALUES (7094, 'Coca Cola Zero 0.33L', 0, false, 1288) ON CONFLICT DO NOTHING;
INSERT INTO option_variant (id, name, recommended_price, is_deleted, group_id) VALUES (7095, 'Fanta Lemon 0.33L', 0, false, 1288) ON CONFLICT DO NOTHING;
INSERT INTO option_variant (id, name, recommended_price, is_deleted, group_id) VALUES (7096, 'Fanta Orange 0.33L', 0, false, 1288) ON CONFLICT DO NOTHING;
INSERT INTO option_variant (id, name, recommended_price, is_deleted, group_id) VALUES (7097, 'Fanta Exotic 0.33L', 0, false, 1288) ON CONFLICT DO NOTHING;
INSERT INTO option_variant (id, name, recommended_price, is_deleted, group_id) VALUES (7098, 'Orange Soda 0.33', 0, false, 1288) ON CONFLICT DO NOTHING;
INSERT INTO option_variant (id, name, recommended_price, is_deleted, group_id) VALUES (7099, 'Sprite 0.33l', 0, false, 1288) ON CONFLICT DO NOTHING;
INSERT INTO option_variant (id, name, recommended_price, is_deleted, group_id) VALUES (7100, 'Ayran/Dhalle', 0, false, 1288) ON CONFLICT DO NOTHING;
INSERT INTO option_variant (id, name, recommended_price, is_deleted, group_id) VALUES (7101, 'Lipton Ice Tea Lemon 0.33', 0, false, 1288) ON CONFLICT DO NOTHING;
INSERT INTO option_variant (id, name, recommended_price, is_deleted, group_id) VALUES (7102, 'Lipton Ice Tea Peach 0.33', 0, false, 1288) ON CONFLICT DO NOTHING;
INSERT INTO option_group (id, name, is_deleted, max_selection, min_selection, restaurant_id) VALUES (1289, 'Shto pijet', false, 1, 0, 18) ON CONFLICT DO NOTHING;
INSERT INTO option_variant (id, name, recommended_price, is_deleted, group_id) VALUES (7103, 'Selita 0.5L Natyral', 120, false, 1289) ON CONFLICT DO NOTHING;
INSERT INTO option_variant (id, name, recommended_price, is_deleted, group_id) VALUES (7104, 'Selita 0.5l Gaz ', 120, false, 1289) ON CONFLICT DO NOTHING;
INSERT INTO option_variant (id, name, recommended_price, is_deleted, group_id) VALUES (7105, 'Ayran ', 170, false, 1289) ON CONFLICT DO NOTHING;
INSERT INTO option_variant (id, name, recommended_price, is_deleted, group_id) VALUES (7106, 'Coca Cola 0.33 Normale ', 180, false, 1289) ON CONFLICT DO NOTHING;
INSERT INTO option_variant (id, name, recommended_price, is_deleted, group_id) VALUES (7107, 'Fanta Ekzotik 0.33', 180, false, 1289) ON CONFLICT DO NOTHING;
INSERT INTO option_variant (id, name, recommended_price, is_deleted, group_id) VALUES (7108, 'Fanta Orange 0.33 ', 180, false, 1289) ON CONFLICT DO NOTHING;
INSERT INTO option_variant (id, name, recommended_price, is_deleted, group_id) VALUES (7109, 'Lipton Ice Tea Lemon 0.33 DEL', 180, false, 1289) ON CONFLICT DO NOTHING;
INSERT INTO option_variant (id, name, recommended_price, is_deleted, group_id) VALUES (7110, 'Lipton Ice Tea Peach 0.33 DEL', 180, false, 1289) ON CONFLICT DO NOTHING;
INSERT INTO option_variant (id, name, recommended_price, is_deleted, group_id) VALUES (7111, 'Schweppes Indian Tonic 0.33L', 180, false, 1289) ON CONFLICT DO NOTHING;
INSERT INTO option_variant (id, name, recommended_price, is_deleted, group_id) VALUES (7112, 'Peja 0.33L ', 300, false, 1289) ON CONFLICT DO NOTHING;
INSERT INTO option_variant (id, name, recommended_price, is_deleted, group_id) VALUES (7113, 'Heineken 0.33 ', 350, false, 1289) ON CONFLICT DO NOTHING;
INSERT INTO option_variant (id, name, recommended_price, is_deleted, group_id) VALUES (7114, 'Korça 0.33L ', 350, false, 1289) ON CONFLICT DO NOTHING;
INSERT INTO option_group (id, name, is_deleted, max_selection, min_selection, restaurant_id) VALUES (1290, 'Shto pijet', false, 1, 0, 18) ON CONFLICT DO NOTHING;
INSERT INTO option_variant (id, name, recommended_price, is_deleted, group_id) VALUES (7115, 'Selita 0.5L Natyral', 120, false, 1290) ON CONFLICT DO NOTHING;
INSERT INTO option_variant (id, name, recommended_price, is_deleted, group_id) VALUES (7116, 'Selita 0.5l Gaz ', 120, false, 1290) ON CONFLICT DO NOTHING;
INSERT INTO option_variant (id, name, recommended_price, is_deleted, group_id) VALUES (7117, 'Ayran ', 170, false, 1290) ON CONFLICT DO NOTHING;
INSERT INTO option_variant (id, name, recommended_price, is_deleted, group_id) VALUES (7118, 'Coca Cola 0.33 Normale ', 180, false, 1290) ON CONFLICT DO NOTHING;
INSERT INTO option_variant (id, name, recommended_price, is_deleted, group_id) VALUES (7119, 'Coca Cola 0.33 Zero', 180, false, 1290) ON CONFLICT DO NOTHING;
INSERT INTO option_variant (id, name, recommended_price, is_deleted, group_id) VALUES (7120, 'Fanta Ekzotik 0.33', 180, false, 1290) ON CONFLICT DO NOTHING;
INSERT INTO option_variant (id, name, recommended_price, is_deleted, group_id) VALUES (7121, 'Fanta Orange 0.33 ', 180, false, 1290) ON CONFLICT DO NOTHING;
INSERT INTO option_variant (id, name, recommended_price, is_deleted, group_id) VALUES (7122, 'Lipton Ice Tea Lemon 0.33 DEL', 180, false, 1290) ON CONFLICT DO NOTHING;
INSERT INTO option_variant (id, name, recommended_price, is_deleted, group_id) VALUES (7123, 'Lipton Ice Tea Peach 0.33 DEL', 180, false, 1290) ON CONFLICT DO NOTHING;
INSERT INTO option_variant (id, name, recommended_price, is_deleted, group_id) VALUES (7124, 'Schweppes Indian Tonic 0.33L', 180, false, 1290) ON CONFLICT DO NOTHING;
INSERT INTO option_variant (id, name, recommended_price, is_deleted, group_id) VALUES (7125, 'Peja 0.33L ', 300, false, 1290) ON CONFLICT DO NOTHING;
INSERT INTO option_variant (id, name, recommended_price, is_deleted, group_id) VALUES (7126, 'Heineken 0.33 ', 350, false, 1290) ON CONFLICT DO NOTHING;
INSERT INTO option_variant (id, name, recommended_price, is_deleted, group_id) VALUES (7127, 'Korça 0.33L ', 350, false, 1290) ON CONFLICT DO NOTHING;
INSERT INTO option_group (id, name, is_deleted, max_selection, min_selection, restaurant_id) VALUES (1291, 'Shto pijet', false, 1, 0, 18) ON CONFLICT DO NOTHING;
INSERT INTO option_variant (id, name, recommended_price, is_deleted, group_id) VALUES (7128, 'Selita 0.5L Natyral', 120, false, 1291) ON CONFLICT DO NOTHING;
INSERT INTO option_variant (id, name, recommended_price, is_deleted, group_id) VALUES (7129, 'Selita 0.5l Gaz ', 120, false, 1291) ON CONFLICT DO NOTHING;
INSERT INTO option_variant (id, name, recommended_price, is_deleted, group_id) VALUES (7130, 'Ayran ', 170, false, 1291) ON CONFLICT DO NOTHING;
INSERT INTO option_variant (id, name, recommended_price, is_deleted, group_id) VALUES (7131, 'Coca Cola 0.33 Normale ', 180, false, 1291) ON CONFLICT DO NOTHING;
INSERT INTO option_variant (id, name, recommended_price, is_deleted, group_id) VALUES (7132, 'Coca Cola 0.33 Zero', 180, false, 1291) ON CONFLICT DO NOTHING;
INSERT INTO option_variant (id, name, recommended_price, is_deleted, group_id) VALUES (7133, 'Fanta Ekzotik 0.33', 180, false, 1291) ON CONFLICT DO NOTHING;
INSERT INTO option_variant (id, name, recommended_price, is_deleted, group_id) VALUES (7134, 'Fanta Orange 0.33 ', 180, false, 1291) ON CONFLICT DO NOTHING;
INSERT INTO option_variant (id, name, recommended_price, is_deleted, group_id) VALUES (7135, 'Lipton Ice Tea Lemon 0.33 DEL', 180, false, 1291) ON CONFLICT DO NOTHING;
INSERT INTO option_variant (id, name, recommended_price, is_deleted, group_id) VALUES (7136, 'Lipton Ice Tea Peach 0.33 DEL', 180, false, 1291) ON CONFLICT DO NOTHING;
INSERT INTO option_variant (id, name, recommended_price, is_deleted, group_id) VALUES (7137, 'Schweppes Indian Tonic 0.33L', 180, false, 1291) ON CONFLICT DO NOTHING;
INSERT INTO option_variant (id, name, recommended_price, is_deleted, group_id) VALUES (7138, 'Peja 0.33L ', 300, false, 1291) ON CONFLICT DO NOTHING;
INSERT INTO option_variant (id, name, recommended_price, is_deleted, group_id) VALUES (7139, 'Heineken 0.33 ', 350, false, 1291) ON CONFLICT DO NOTHING;
INSERT INTO option_variant (id, name, recommended_price, is_deleted, group_id) VALUES (7140, 'Korça 0.33L ', 350, false, 1291) ON CONFLICT DO NOTHING;
INSERT INTO option_group (id, name, is_deleted, max_selection, min_selection, restaurant_id) VALUES (1292, '2 pieces Kackavall Chips', false, 1, 0, 18) ON CONFLICT DO NOTHING;
INSERT INTO option_variant (id, name, recommended_price, is_deleted, group_id) VALUES (7141, '2 pieces Kackavall Chips', 0, false, 1292) ON CONFLICT DO NOTHING;
INSERT INTO option_group (id, name, is_deleted, max_selection, min_selection, restaurant_id) VALUES (1293, 'Small Fries ', false, 1, 0, 18) ON CONFLICT DO NOTHING;
INSERT INTO option_variant (id, name, recommended_price, is_deleted, group_id) VALUES (7142, 'Small Fries ', 0, false, 1293) ON CONFLICT DO NOTHING;
INSERT INTO option_group (id, name, is_deleted, max_selection, min_selection, restaurant_id) VALUES (1294, 'OPA Smash Burger', false, 1, 0, 18) ON CONFLICT DO NOTHING;
INSERT INTO option_variant (id, name, recommended_price, is_deleted, group_id) VALUES (7143, 'OPA Smash Burger', 0, false, 1294) ON CONFLICT DO NOTHING;
INSERT INTO option_group (id, name, is_deleted, max_selection, min_selection, restaurant_id) VALUES (1295, 'Shto salcë', false, 1, 0, 18) ON CONFLICT DO NOTHING;
INSERT INTO option_variant (id, name, recommended_price, is_deleted, group_id) VALUES (7144, 'Ketchup Bustine', 20, false, 1295) ON CONFLICT DO NOTHING;
INSERT INTO option_variant (id, name, recommended_price, is_deleted, group_id) VALUES (7145, 'Mustarde - bustine', 20, false, 1295) ON CONFLICT DO NOTHING;
INSERT INTO option_variant (id, name, recommended_price, is_deleted, group_id) VALUES (7146, 'OPA Mayo', 50, false, 1295) ON CONFLICT DO NOTHING;
INSERT INTO option_variant (id, name, recommended_price, is_deleted, group_id) VALUES (7147, 'Mayonnaise Bustine', 20, false, 1295) ON CONFLICT DO NOTHING;
INSERT INTO option_variant (id, name, recommended_price, is_deleted, group_id) VALUES (7148, 'Siraca - small', 60, false, 1295) ON CONFLICT DO NOTHING;
INSERT INTO option_variant (id, name, recommended_price, is_deleted, group_id) VALUES (7149, 'Tirokafteri - small', 70, false, 1295) ON CONFLICT DO NOTHING;
INSERT INTO option_variant (id, name, recommended_price, is_deleted, group_id) VALUES (7150, 'Truffle Mayo', 50, false, 1295) ON CONFLICT DO NOTHING;
INSERT INTO option_variant (id, name, recommended_price, is_deleted, group_id) VALUES (7151, 'Cheddar Sauce ', 50, false, 1295) ON CONFLICT DO NOTHING;
INSERT INTO option_variant (id, name, recommended_price, is_deleted, group_id) VALUES (7152, 'Chili Garlic Mayo', 50, false, 1295) ON CONFLICT DO NOTHING;
INSERT INTO option_variant (id, name, recommended_price, is_deleted, group_id) VALUES (7153, 'Homemade Pickled Cucumber', 50, false, 1295) ON CONFLICT DO NOTHING;
INSERT INTO option_variant (id, name, recommended_price, is_deleted, group_id) VALUES (7154, 'Hummus Small', 50, false, 1295) ON CONFLICT DO NOTHING;
INSERT INTO option_variant (id, name, recommended_price, is_deleted, group_id) VALUES (7155, 'Greekamole', 50, false, 1295) ON CONFLICT DO NOTHING;
INSERT INTO option_variant (id, name, recommended_price, is_deleted, group_id) VALUES (7156, 'Sweet chilli & tarragon sauce', 50, false, 1295) ON CONFLICT DO NOTHING;
INSERT INTO option_group (id, name, is_deleted, max_selection, min_selection, restaurant_id) VALUES (1296, 'Shto salcë', false, 1, 0, 18) ON CONFLICT DO NOTHING;
INSERT INTO option_variant (id, name, recommended_price, is_deleted, group_id) VALUES (7157, 'Ketchup Bustine', 20, false, 1296) ON CONFLICT DO NOTHING;
INSERT INTO option_variant (id, name, recommended_price, is_deleted, group_id) VALUES (7158, 'Mustarde - bustine', 20, false, 1296) ON CONFLICT DO NOTHING;
INSERT INTO option_variant (id, name, recommended_price, is_deleted, group_id) VALUES (7159, 'OPA Mayo', 50, false, 1296) ON CONFLICT DO NOTHING;
INSERT INTO option_variant (id, name, recommended_price, is_deleted, group_id) VALUES (7160, 'Mayonnaise Bustine', 20, false, 1296) ON CONFLICT DO NOTHING;
INSERT INTO option_variant (id, name, recommended_price, is_deleted, group_id) VALUES (7161, 'Siraca - small', 60, false, 1296) ON CONFLICT DO NOTHING;
INSERT INTO option_variant (id, name, recommended_price, is_deleted, group_id) VALUES (7162, 'Tirokafteri - small', 70, false, 1296) ON CONFLICT DO NOTHING;
INSERT INTO option_variant (id, name, recommended_price, is_deleted, group_id) VALUES (7163, 'Truffle Mayo', 50, false, 1296) ON CONFLICT DO NOTHING;
INSERT INTO option_variant (id, name, recommended_price, is_deleted, group_id) VALUES (7164, 'Cheddar Sauce ', 50, false, 1296) ON CONFLICT DO NOTHING;
INSERT INTO option_variant (id, name, recommended_price, is_deleted, group_id) VALUES (7165, 'Chili Garlic Mayo', 50, false, 1296) ON CONFLICT DO NOTHING;
INSERT INTO option_variant (id, name, recommended_price, is_deleted, group_id) VALUES (7166, 'Homemade Pickled Cucumber', 50, false, 1296) ON CONFLICT DO NOTHING;
INSERT INTO option_variant (id, name, recommended_price, is_deleted, group_id) VALUES (7167, 'Hummus Small', 50, false, 1296) ON CONFLICT DO NOTHING;
INSERT INTO option_variant (id, name, recommended_price, is_deleted, group_id) VALUES (7168, 'Greekamole', 50, false, 1296) ON CONFLICT DO NOTHING;
INSERT INTO option_variant (id, name, recommended_price, is_deleted, group_id) VALUES (7169, 'Sweet chilli & tarragon sauce', 50, false, 1296) ON CONFLICT DO NOTHING;
INSERT INTO option_group (id, name, is_deleted, max_selection, min_selection, restaurant_id) VALUES (1297, 'Shto Sides ', false, 1, 0, 18) ON CONFLICT DO NOTHING;
INSERT INTO option_variant (id, name, recommended_price, is_deleted, group_id) VALUES (7170, 'BBQ Chicken Wings (6 cope)', 400, false, 1297) ON CONFLICT DO NOTHING;
INSERT INTO option_variant (id, name, recommended_price, is_deleted, group_id) VALUES (7171, 'BBQ Chicken Wings (8 cope)', 570, false, 1297) ON CONFLICT DO NOTHING;
INSERT INTO option_variant (id, name, recommended_price, is_deleted, group_id) VALUES (7172, 'BBQ Chicken Wings (10 cope)', 720, false, 1297) ON CONFLICT DO NOTHING;
INSERT INTO option_variant (id, name, recommended_price, is_deleted, group_id) VALUES (7173, '2 pieces Kackavall Chips', 150, false, 1297) ON CONFLICT DO NOTHING;
INSERT INTO option_variant (id, name, recommended_price, is_deleted, group_id) VALUES (7174, 'Fried Zucchini Balls ', 280, false, 1297) ON CONFLICT DO NOTHING;
INSERT INTO option_variant (id, name, recommended_price, is_deleted, group_id) VALUES (7175, 'Kashkaval Chips', 490, false, 1297) ON CONFLICT DO NOTHING;
INSERT INTO option_variant (id, name, recommended_price, is_deleted, group_id) VALUES (7176, 'Moussaka Croquettes', 300, false, 1297) ON CONFLICT DO NOTHING;
INSERT INTO option_variant (id, name, recommended_price, is_deleted, group_id) VALUES (7177, 'Halloumi chips', 490, false, 1297) ON CONFLICT DO NOTHING;
INSERT INTO option_variant (id, name, recommended_price, is_deleted, group_id) VALUES (7178, 'Greek Fries', 350, false, 1297) ON CONFLICT DO NOTHING;
INSERT INTO option_variant (id, name, recommended_price, is_deleted, group_id) VALUES (7179, 'Bacon Fries', 500, false, 1297) ON CONFLICT DO NOTHING;
INSERT INTO option_variant (id, name, recommended_price, is_deleted, group_id) VALUES (7180, 'Cheddar Fries ', 350, false, 1297) ON CONFLICT DO NOTHING;
INSERT INTO option_group (id, name, is_deleted, max_selection, min_selection, restaurant_id) VALUES (1298, 'Medium Fries', false, 1, 0, 18) ON CONFLICT DO NOTHING;
INSERT INTO option_variant (id, name, recommended_price, is_deleted, group_id) VALUES (7181, 'Medium Fries', 0, false, 1298) ON CONFLICT DO NOTHING;
INSERT INTO option_group (id, name, is_deleted, max_selection, min_selection, restaurant_id) VALUES (1299, 'Shto përbërës', false, 1, 0, 18) ON CONFLICT DO NOTHING;
INSERT INTO option_variant (id, name, recommended_price, is_deleted, group_id) VALUES (7182, 'Add Chicken fillet DEL', 200, false, 1299) ON CONFLICT DO NOTHING;
INSERT INTO option_group (id, name, is_deleted, max_selection, min_selection, restaurant_id) VALUES (1300, 'Schnitzel Pita Big', false, 1, 0, 18) ON CONFLICT DO NOTHING;
INSERT INTO option_variant (id, name, recommended_price, is_deleted, group_id) VALUES (7183, 'Schnitzel Pita Big', 0, false, 1300) ON CONFLICT DO NOTHING;
INSERT INTO option_group (id, name, is_deleted, max_selection, min_selection, restaurant_id) VALUES (1301, 'BBQ Chicken Wings (6 cope) ', false, 1, 0, 18) ON CONFLICT DO NOTHING;
INSERT INTO option_variant (id, name, recommended_price, is_deleted, group_id) VALUES (7184, 'BBQ Chicken Wings (6 cope)', 0, false, 1301) ON CONFLICT DO NOTHING;
INSERT INTO option_group (id, name, is_deleted, max_selection, min_selection, restaurant_id) VALUES (1302, 'Double OPA Smash Burger', false, 1, 0, 18) ON CONFLICT DO NOTHING;
INSERT INTO option_variant (id, name, recommended_price, is_deleted, group_id) VALUES (7185, 'Double OPA Smash Burger', 0, false, 1302) ON CONFLICT DO NOTHING;
INSERT INTO option_group (id, name, is_deleted, max_selection, min_selection, restaurant_id) VALUES (1303, 'Shto proteine', false, 1, 0, 18) ON CONFLICT DO NOTHING;
INSERT INTO option_variant (id, name, recommended_price, is_deleted, group_id) VALUES (7186, 'Pork Skewers 1 cope ', 250, false, 1303) ON CONFLICT DO NOTHING;
INSERT INTO option_group (id, name, is_deleted, max_selection, min_selection, restaurant_id) VALUES (1304, 'Zgjidh bazën', false, 1, 0, 18) ON CONFLICT DO NOTHING;
INSERT INTO option_variant (id, name, recommended_price, is_deleted, group_id) VALUES (7187, 'Schnitzel Bowl(Rice) DEL', 0, false, 1304) ON CONFLICT DO NOTHING;
INSERT INTO option_variant (id, name, recommended_price, is_deleted, group_id) VALUES (7188, ' Schnitzel Bowl (Fries) DEL', 0, false, 1304) ON CONFLICT DO NOTHING;
INSERT INTO option_group (id, name, is_deleted, max_selection, min_selection, restaurant_id) VALUES (1305, 'Zgjidh madhësinë', false, 1, 0, 18) ON CONFLICT DO NOTHING;
INSERT INTO option_variant (id, name, recommended_price, is_deleted, group_id) VALUES (7189, 'Chicken Gyros DEL', 0, false, 1305) ON CONFLICT DO NOTHING;
INSERT INTO option_variant (id, name, recommended_price, is_deleted, group_id) VALUES (7190, 'Chicken Gyros Big DEL', 110, false, 1305) ON CONFLICT DO NOTHING;
INSERT INTO option_group (id, name, is_deleted, max_selection, min_selection, restaurant_id) VALUES (1306, 'Zgjidh madhësinë', false, 1, 0, 18) ON CONFLICT DO NOTHING;
INSERT INTO option_variant (id, name, recommended_price, is_deleted, group_id) VALUES (7191, 'Halloumi Pita', 0, false, 1306) ON CONFLICT DO NOTHING;
INSERT INTO option_variant (id, name, recommended_price, is_deleted, group_id) VALUES (7192, 'Halloumi Pita Big', 150, false, 1306) ON CONFLICT DO NOTHING;
INSERT INTO option_group (id, name, is_deleted, max_selection, min_selection, restaurant_id) VALUES (1307, 'Zgjidh bazën', false, 1, 0, 18) ON CONFLICT DO NOTHING;
INSERT INTO option_variant (id, name, recommended_price, is_deleted, group_id) VALUES (7193, 'Athena Vegan Bowl (Rice)', 0, false, 1307) ON CONFLICT DO NOTHING;
INSERT INTO option_variant (id, name, recommended_price, is_deleted, group_id) VALUES (7194, 'Athena Vegan Bowl (Fries)', 0, false, 1307) ON CONFLICT DO NOTHING;
INSERT INTO option_group (id, name, is_deleted, max_selection, min_selection, restaurant_id) VALUES (1308, 'Zgjidh Sallaten Lunch', false, 1, 0, 18) ON CONFLICT DO NOTHING;
INSERT INTO option_variant (id, name, recommended_price, is_deleted, group_id) VALUES (7195, 'MD Greek Salad', 0, false, 1308) ON CONFLICT DO NOTHING;
INSERT INTO option_variant (id, name, recommended_price, is_deleted, group_id) VALUES (7196, 'MD Greek Ceasar Salad', 0, false, 1308) ON CONFLICT DO NOTHING;
INSERT INTO option_variant (id, name, recommended_price, is_deleted, group_id) VALUES (7197, 'MD Avocado Salad', 0, false, 1308) ON CONFLICT DO NOTHING;
INSERT INTO option_group (id, name, is_deleted, max_selection, min_selection, restaurant_id) VALUES (1309, 'Zgjidh bazën', false, 1, 0, 18) ON CONFLICT DO NOTHING;
INSERT INTO option_variant (id, name, recommended_price, is_deleted, group_id) VALUES (7198, 'Pork Gyros Bowl(Rice) DEL', 0, false, 1309) ON CONFLICT DO NOTHING;
INSERT INTO option_variant (id, name, recommended_price, is_deleted, group_id) VALUES (7199, 'Pork Gyros Bowl (Fries) DEL', 0, false, 1309) ON CONFLICT DO NOTHING;
INSERT INTO option_group (id, name, is_deleted, max_selection, min_selection, restaurant_id) VALUES (1310, 'Select Fries', false, 1, 0, 18) ON CONFLICT DO NOTHING;
INSERT INTO option_variant (id, name, recommended_price, is_deleted, group_id) VALUES (7200, 'Medium Fries', 0, false, 1310) ON CONFLICT DO NOTHING;
INSERT INTO option_variant (id, name, recommended_price, is_deleted, group_id) VALUES (7201, 'French Fries Large ', 70, false, 1310) ON CONFLICT DO NOTHING;
INSERT INTO option_group (id, name, is_deleted, max_selection, min_selection, restaurant_id) VALUES (1311, 'French Fries ', false, 1, 0, 18) ON CONFLICT DO NOTHING;
INSERT INTO option_variant (id, name, recommended_price, is_deleted, group_id) VALUES (7202, 'French Fries Large ', 0, false, 1311) ON CONFLICT DO NOTHING;
INSERT INTO option_group (id, name, is_deleted, max_selection, min_selection, restaurant_id) VALUES (1312, 'Schnitzel Wrap ', false, 1, 0, 18) ON CONFLICT DO NOTHING;
INSERT INTO option_variant (id, name, recommended_price, is_deleted, group_id) VALUES (7203, 'Schnitzel Wrap ', 0, false, 1312) ON CONFLICT DO NOTHING;
INSERT INTO option_group (id, name, is_deleted, max_selection, min_selection, restaurant_id) VALUES (1313, 'Zgjidh madhësinë', false, 1, 0, 18) ON CONFLICT DO NOTHING;
INSERT INTO option_variant (id, name, recommended_price, is_deleted, group_id) VALUES (7204, 'Schnitzel Pita', 0, false, 1313) ON CONFLICT DO NOTHING;
INSERT INTO option_variant (id, name, recommended_price, is_deleted, group_id) VALUES (7205, 'Schnitzel Pita Big', 140, false, 1313) ON CONFLICT DO NOTHING;
INSERT INTO option_group (id, name, is_deleted, max_selection, min_selection, restaurant_id) VALUES (1314, 'Zgjidh madhësinë', false, 1, 0, 18) ON CONFLICT DO NOTHING;
INSERT INTO option_variant (id, name, recommended_price, is_deleted, group_id) VALUES (7206, 'Eros', 0, false, 1314) ON CONFLICT DO NOTHING;
INSERT INTO option_variant (id, name, recommended_price, is_deleted, group_id) VALUES (7207, 'Eros Big ', 130, false, 1314) ON CONFLICT DO NOTHING;
INSERT INTO option_group (id, name, is_deleted, max_selection, min_selection, restaurant_id) VALUES (1315, 'Shto salcë', false, 1, 0, 18) ON CONFLICT DO NOTHING;
INSERT INTO option_variant (id, name, recommended_price, is_deleted, group_id) VALUES (7208, 'Tzatziki Sauce', 50, false, 1315) ON CONFLICT DO NOTHING;
INSERT INTO option_variant (id, name, recommended_price, is_deleted, group_id) VALUES (7209, 'OPA Mayo', 50, false, 1315) ON CONFLICT DO NOTHING;
INSERT INTO option_variant (id, name, recommended_price, is_deleted, group_id) VALUES (7210, 'Chili Garlic Mayo', 50, false, 1315) ON CONFLICT DO NOTHING;
INSERT INTO option_variant (id, name, recommended_price, is_deleted, group_id) VALUES (7211, 'Hummus Small', 50, false, 1315) ON CONFLICT DO NOTHING;
INSERT INTO option_variant (id, name, recommended_price, is_deleted, group_id) VALUES (7212, 'Ketchup Bustine', 20, false, 1315) ON CONFLICT DO NOTHING;
INSERT INTO option_variant (id, name, recommended_price, is_deleted, group_id) VALUES (7213, 'Mustarde - bustine', 20, false, 1315) ON CONFLICT DO NOTHING;
INSERT INTO option_variant (id, name, recommended_price, is_deleted, group_id) VALUES (7214, 'Mayonnaise Bustine', 20, false, 1315) ON CONFLICT DO NOTHING;
INSERT INTO option_variant (id, name, recommended_price, is_deleted, group_id) VALUES (7215, 'Siraca - small', 60, false, 1315) ON CONFLICT DO NOTHING;
INSERT INTO option_variant (id, name, recommended_price, is_deleted, group_id) VALUES (7216, 'Tirokafteri - small', 70, false, 1315) ON CONFLICT DO NOTHING;
INSERT INTO option_variant (id, name, recommended_price, is_deleted, group_id) VALUES (7217, 'Truffle Mayo', 50, false, 1315) ON CONFLICT DO NOTHING;
INSERT INTO option_variant (id, name, recommended_price, is_deleted, group_id) VALUES (7218, 'Cheddar Sauce ', 50, false, 1315) ON CONFLICT DO NOTHING;
INSERT INTO option_variant (id, name, recommended_price, is_deleted, group_id) VALUES (7219, 'Homemade Pickled Cucumber', 50, false, 1315) ON CONFLICT DO NOTHING;
INSERT INTO option_variant (id, name, recommended_price, is_deleted, group_id) VALUES (7220, 'Greekamole', 50, false, 1315) ON CONFLICT DO NOTHING;
INSERT INTO option_variant (id, name, recommended_price, is_deleted, group_id) VALUES (7221, 'Sweet chilli & tarragon sauce', 50, false, 1315) ON CONFLICT DO NOTHING;
INSERT INTO option_group (id, name, is_deleted, max_selection, min_selection, restaurant_id) VALUES (1316, 'Pite Tradicionale ', false, 1, 0, 18) ON CONFLICT DO NOTHING;
INSERT INTO option_variant (id, name, recommended_price, is_deleted, group_id) VALUES (7222, 'Traditional Pita', 0, false, 1316) ON CONFLICT DO NOTHING;
INSERT INTO option_group (id, name, is_deleted, max_selection, min_selection, restaurant_id) VALUES (1317, 'Shto Proteine ', false, 1, 0, 18) ON CONFLICT DO NOTHING;
INSERT INTO option_variant (id, name, recommended_price, is_deleted, group_id) VALUES (7223, 'Chicken Skewers 1 cope DEL', 250, false, 1317) ON CONFLICT DO NOTHING;
INSERT INTO option_group (id, name, is_deleted, max_selection, min_selection, restaurant_id) VALUES (1318, 'Small Fries ', false, 1, 0, 18) ON CONFLICT DO NOTHING;
INSERT INTO option_variant (id, name, recommended_price, is_deleted, group_id) VALUES (7224, 'Small Fries ', 0, false, 1318) ON CONFLICT DO NOTHING;
INSERT INTO option_group (id, name, is_deleted, max_selection, min_selection, restaurant_id) VALUES (1319, 'Shto salcë', false, 1, 0, 18) ON CONFLICT DO NOTHING;
INSERT INTO option_variant (id, name, recommended_price, is_deleted, group_id) VALUES (7225, 'Tzatziki Sauce', 50, false, 1319) ON CONFLICT DO NOTHING;
INSERT INTO option_variant (id, name, recommended_price, is_deleted, group_id) VALUES (7226, 'OPA Mayo', 50, false, 1319) ON CONFLICT DO NOTHING;
INSERT INTO option_variant (id, name, recommended_price, is_deleted, group_id) VALUES (7227, 'Chili Garlic Mayo', 50, false, 1319) ON CONFLICT DO NOTHING;
INSERT INTO option_variant (id, name, recommended_price, is_deleted, group_id) VALUES (7228, 'Hummus Small', 50, false, 1319) ON CONFLICT DO NOTHING;
INSERT INTO option_variant (id, name, recommended_price, is_deleted, group_id) VALUES (7229, 'Ketchup Bustine', 20, false, 1319) ON CONFLICT DO NOTHING;
INSERT INTO option_variant (id, name, recommended_price, is_deleted, group_id) VALUES (7230, 'Mustarde - bustine', 20, false, 1319) ON CONFLICT DO NOTHING;
INSERT INTO option_variant (id, name, recommended_price, is_deleted, group_id) VALUES (7231, 'Mayonnaise Bustine', 20, false, 1319) ON CONFLICT DO NOTHING;
INSERT INTO option_variant (id, name, recommended_price, is_deleted, group_id) VALUES (7232, 'Siraca - small', 60, false, 1319) ON CONFLICT DO NOTHING;
INSERT INTO option_variant (id, name, recommended_price, is_deleted, group_id) VALUES (7233, 'Tirokafteri - small', 70, false, 1319) ON CONFLICT DO NOTHING;
INSERT INTO option_variant (id, name, recommended_price, is_deleted, group_id) VALUES (7234, 'Truffle Mayo', 50, false, 1319) ON CONFLICT DO NOTHING;
INSERT INTO option_variant (id, name, recommended_price, is_deleted, group_id) VALUES (7235, 'Cheddar Sauce ', 50, false, 1319) ON CONFLICT DO NOTHING;
INSERT INTO option_variant (id, name, recommended_price, is_deleted, group_id) VALUES (7236, 'Homemade Pickled Cucumber', 50, false, 1319) ON CONFLICT DO NOTHING;
INSERT INTO option_variant (id, name, recommended_price, is_deleted, group_id) VALUES (7237, 'Greekamole', 50, false, 1319) ON CONFLICT DO NOTHING;
INSERT INTO option_variant (id, name, recommended_price, is_deleted, group_id) VALUES (7238, 'Sweet chilli & tarragon sauce', 50, false, 1319) ON CONFLICT DO NOTHING;
INSERT INTO option_group (id, name, is_deleted, max_selection, min_selection, restaurant_id) VALUES (1320, 'Chicken Gyros Big', false, 1, 0, 18) ON CONFLICT DO NOTHING;
INSERT INTO option_variant (id, name, recommended_price, is_deleted, group_id) VALUES (7239, 'Chicken Gyros Big', 0, false, 1320) ON CONFLICT DO NOTHING;
INSERT INTO option_group (id, name, is_deleted, max_selection, min_selection, restaurant_id) VALUES (1321, 'Chicken Breast Pita Big', false, 1, 0, 18) ON CONFLICT DO NOTHING;
INSERT INTO option_variant (id, name, recommended_price, is_deleted, group_id) VALUES (7240, 'Chicken Breast Pita Big', 0, false, 1321) ON CONFLICT DO NOTHING;
INSERT INTO option_group (id, name, is_deleted, max_selection, min_selection, restaurant_id) VALUES (1322, 'Minced Beef Skepasti Big', false, 1, 0, 18) ON CONFLICT DO NOTHING;
INSERT INTO option_variant (id, name, recommended_price, is_deleted, group_id) VALUES (7241, 'Minced Beef Skepasti Big', 0, false, 1322) ON CONFLICT DO NOTHING;
INSERT INTO option_group (id, name, is_deleted, max_selection, min_selection, restaurant_id) VALUES (1323, 'Shto proteine', false, 1, 0, 18) ON CONFLICT DO NOTHING;
INSERT INTO option_variant (id, name, recommended_price, is_deleted, group_id) VALUES (7242, 'Kebab Skewers 1 cope', 250, false, 1323) ON CONFLICT DO NOTHING;
INSERT INTO option_group (id, name, is_deleted, max_selection, min_selection, restaurant_id) VALUES (1324, 'Pork Gyros Big', false, 1, 0, 18) ON CONFLICT DO NOTHING;
INSERT INTO option_variant (id, name, recommended_price, is_deleted, group_id) VALUES (7243, 'Pork Gyros Big', 0, false, 1324) ON CONFLICT DO NOTHING;
INSERT INTO option_group (id, name, is_deleted, max_selection, min_selection, restaurant_id) VALUES (1325, 'Halloumi Pita', false, 1, 0, 18) ON CONFLICT DO NOTHING;
INSERT INTO option_variant (id, name, recommended_price, is_deleted, group_id) VALUES (7244, 'Halloumi Pita', 0, false, 1325) ON CONFLICT DO NOTHING;
INSERT INTO option_group (id, name, is_deleted, max_selection, min_selection, restaurant_id) VALUES (1326, 'Schnitzel Wrap Big', false, 1, 0, 18) ON CONFLICT DO NOTHING;
INSERT INTO option_variant (id, name, recommended_price, is_deleted, group_id) VALUES (7245, 'Schnitzel Wrap Big', 0, false, 1326) ON CONFLICT DO NOTHING;
INSERT INTO option_group (id, name, is_deleted, max_selection, min_selection, restaurant_id) VALUES (1327, 'Kebab Pita Big', false, 1, 0, 18) ON CONFLICT DO NOTHING;
INSERT INTO option_variant (id, name, recommended_price, is_deleted, group_id) VALUES (7246, 'Kebab Pita Big', 0, false, 1327) ON CONFLICT DO NOTHING;
INSERT INTO option_group (id, name, is_deleted, max_selection, min_selection, restaurant_id) VALUES (1328, 'Eros', false, 1, 0, 18) ON CONFLICT DO NOTHING;
INSERT INTO option_variant (id, name, recommended_price, is_deleted, group_id) VALUES (7247, 'Eros', 0, false, 1328) ON CONFLICT DO NOTHING;
INSERT INTO option_group (id, name, is_deleted, max_selection, min_selection, restaurant_id) VALUES (1329, 'Choose your Loukomades me Mjalte dhe Arra', false, 1, 0, 18) ON CONFLICT DO NOTHING;
INSERT INTO option_variant (id, name, recommended_price, is_deleted, group_id) VALUES (7248, 'Loukoumades with Hoeny and Huts   1/2', 0, false, 1329) ON CONFLICT DO NOTHING;
INSERT INTO option_variant (id, name, recommended_price, is_deleted, group_id) VALUES (7249, 'Loukoumades with Honey and Nuts', 200, false, 1329) ON CONFLICT DO NOTHING;
INSERT INTO option_group (id, name, is_deleted, max_selection, min_selection, restaurant_id) VALUES (1330, 'Zgjidh madhësinë', false, 1, 0, 18) ON CONFLICT DO NOTHING;
INSERT INTO option_variant (id, name, recommended_price, is_deleted, group_id) VALUES (7250, 'Zeus', 0, false, 1330) ON CONFLICT DO NOTHING;
INSERT INTO option_variant (id, name, recommended_price, is_deleted, group_id) VALUES (7251, 'Zeus Big', 60, false, 1330) ON CONFLICT DO NOTHING;
INSERT INTO option_group (id, name, is_deleted, max_selection, min_selection, restaurant_id) VALUES (1331, 'Roast Lamb Sandwich', false, 1, 0, 18) ON CONFLICT DO NOTHING;
INSERT INTO option_variant (id, name, recommended_price, is_deleted, group_id) VALUES (7252, 'Roast Lamb Sandwich ', 0, false, 1331) ON CONFLICT DO NOTHING;
INSERT INTO option_group (id, name, is_deleted, max_selection, min_selection, restaurant_id) VALUES (1332, 'Barbeque Pork Sandwich ', false, 1, 0, 18) ON CONFLICT DO NOTHING;
INSERT INTO option_variant (id, name, recommended_price, is_deleted, group_id) VALUES (7253, 'Barbeque Pork Sandwich', 0, false, 1332) ON CONFLICT DO NOTHING;
INSERT INTO option_group (id, name, is_deleted, max_selection, min_selection, restaurant_id) VALUES (1333, 'Shto Sides ', false, 1, 0, 18) ON CONFLICT DO NOTHING;
INSERT INTO option_variant (id, name, recommended_price, is_deleted, group_id) VALUES (7254, 'BBQ Chicken Wings (6 cope)', 400, false, 1333) ON CONFLICT DO NOTHING;
INSERT INTO option_variant (id, name, recommended_price, is_deleted, group_id) VALUES (7255, 'BBQ Chicken Wings (8 cope)', 570, false, 1333) ON CONFLICT DO NOTHING;
INSERT INTO option_variant (id, name, recommended_price, is_deleted, group_id) VALUES (7256, '2 pieces Kackavall Chips', 150, false, 1333) ON CONFLICT DO NOTHING;
INSERT INTO option_variant (id, name, recommended_price, is_deleted, group_id) VALUES (7257, 'Fried Zucchini Balls ', 280, false, 1333) ON CONFLICT DO NOTHING;
INSERT INTO option_variant (id, name, recommended_price, is_deleted, group_id) VALUES (7258, 'Kashkaval Chips', 490, false, 1333) ON CONFLICT DO NOTHING;
INSERT INTO option_variant (id, name, recommended_price, is_deleted, group_id) VALUES (7259, 'Moussaka Croquettes', 300, false, 1333) ON CONFLICT DO NOTHING;
INSERT INTO option_variant (id, name, recommended_price, is_deleted, group_id) VALUES (7260, 'Halloumi chips', 490, false, 1333) ON CONFLICT DO NOTHING;
INSERT INTO option_variant (id, name, recommended_price, is_deleted, group_id) VALUES (7261, 'Greek Fries', 350, false, 1333) ON CONFLICT DO NOTHING;
INSERT INTO option_variant (id, name, recommended_price, is_deleted, group_id) VALUES (7262, 'Bacon Fries', 500, false, 1333) ON CONFLICT DO NOTHING;
INSERT INTO option_variant (id, name, recommended_price, is_deleted, group_id) VALUES (7263, 'Cheddar Fries ', 350, false, 1333) ON CONFLICT DO NOTHING;
INSERT INTO option_group (id, name, is_deleted, max_selection, min_selection, restaurant_id) VALUES (1334, 'Preferenca e mishit', false, 1, 0, 18) ON CONFLICT DO NOTHING;
INSERT INTO option_variant (id, name, recommended_price, is_deleted, group_id) VALUES (7264, 'Junior Chicken Tortilla Combo', 0, false, 1334) ON CONFLICT DO NOTHING;
INSERT INTO option_variant (id, name, recommended_price, is_deleted, group_id) VALUES (7265, 'Junior Pork Tortilla Combo', 0, false, 1334) ON CONFLICT DO NOTHING;
INSERT INTO option_group (id, name, is_deleted, max_selection, min_selection, restaurant_id) VALUES (1335, 'Zgjidh madhësinë', false, 1, 0, 18) ON CONFLICT DO NOTHING;
INSERT INTO option_variant (id, name, recommended_price, is_deleted, group_id) VALUES (7266, 'Hermes', 0, false, 1335) ON CONFLICT DO NOTHING;
INSERT INTO option_variant (id, name, recommended_price, is_deleted, group_id) VALUES (7267, 'Hermes Big', 90, false, 1335) ON CONFLICT DO NOTHING;
INSERT INTO option_group (id, name, is_deleted, max_selection, min_selection, restaurant_id) VALUES (1336, 'Sauces', false, 1, 0, 18) ON CONFLICT DO NOTHING;
INSERT INTO option_variant (id, name, recommended_price, is_deleted, group_id) VALUES (7268, 'Ketchup Bustine', 0, false, 1336) ON CONFLICT DO NOTHING;
INSERT INTO option_variant (id, name, recommended_price, is_deleted, group_id) VALUES (7269, 'Mustarde - bustine', 0, false, 1336) ON CONFLICT DO NOTHING;
INSERT INTO option_group (id, name, is_deleted, max_selection, min_selection, restaurant_id) VALUES (1337, 'Shto pite', false, 1, 0, 18) ON CONFLICT DO NOTHING;
INSERT INTO option_variant (id, name, recommended_price, is_deleted, group_id) VALUES (7270, 'Pita Extra', 40, false, 1337) ON CONFLICT DO NOTHING;
INSERT INTO option_group (id, name, is_deleted, max_selection, min_selection, restaurant_id) VALUES (1338, 'Zgjidh Protein Lunch', false, 1, 0, 18) ON CONFLICT DO NOTHING;
INSERT INTO option_variant (id, name, recommended_price, is_deleted, group_id) VALUES (7271, 'Pork Skewers 1 cope ', 0, false, 1338) ON CONFLICT DO NOTHING;
INSERT INTO option_variant (id, name, recommended_price, is_deleted, group_id) VALUES (7272, 'Chicken Skewers 1 cope ', 0, false, 1338) ON CONFLICT DO NOTHING;
INSERT INTO option_group (id, name, is_deleted, max_selection, min_selection, restaurant_id) VALUES (1339, 'Small Fries ', false, 1, 0, 18) ON CONFLICT DO NOTHING;
INSERT INTO option_variant (id, name, recommended_price, is_deleted, group_id) VALUES (7273, 'Small Fries ', 0, false, 1339) ON CONFLICT DO NOTHING;
INSERT INTO option_group (id, name, is_deleted, max_selection, min_selection, restaurant_id) VALUES (1340, 'Select Fries', false, 1, 0, 18) ON CONFLICT DO NOTHING;
INSERT INTO option_variant (id, name, recommended_price, is_deleted, group_id) VALUES (7274, 'Medium Fries', 0, false, 1340) ON CONFLICT DO NOTHING;
INSERT INTO option_group (id, name, is_deleted, max_selection, min_selection, restaurant_id) VALUES (1341, 'Hermes', false, 1, 0, 18) ON CONFLICT DO NOTHING;
INSERT INTO option_variant (id, name, recommended_price, is_deleted, group_id) VALUES (7275, 'Hermes', 0, false, 1341) ON CONFLICT DO NOTHING;
INSERT INTO option_group (id, name, is_deleted, max_selection, min_selection, restaurant_id) VALUES (1342, 'BBQ Chicken Wings (10 cope)', false, 1, 0, 18) ON CONFLICT DO NOTHING;
INSERT INTO option_variant (id, name, recommended_price, is_deleted, group_id) VALUES (7276, 'BBQ Chicken Wings (10 cope)', 0, false, 1342) ON CONFLICT DO NOTHING;
INSERT INTO option_group (id, name, is_deleted, max_selection, min_selection, restaurant_id) VALUES (1343, 'BBQ Chicken Wings (8 cope)', false, 1, 0, 18) ON CONFLICT DO NOTHING;
INSERT INTO option_variant (id, name, recommended_price, is_deleted, group_id) VALUES (7277, 'BBQ Chicken Wings (8 cope)', 0, false, 1343) ON CONFLICT DO NOTHING;
INSERT INTO option_group (id, name, is_deleted, max_selection, min_selection, restaurant_id) VALUES (1344, 'BBQ Chicken Wings (4 cope)', false, 1, 0, 18) ON CONFLICT DO NOTHING;
INSERT INTO option_variant (id, name, recommended_price, is_deleted, group_id) VALUES (7278, 'BBQ Chicken Wings (4 cope)', 0, false, 1344) ON CONFLICT DO NOTHING;
INSERT INTO option_group (id, name, is_deleted, max_selection, min_selection, restaurant_id) VALUES (1345, 'Eros Big', false, 1, 0, 18) ON CONFLICT DO NOTHING;
INSERT INTO option_variant (id, name, recommended_price, is_deleted, group_id) VALUES (7279, 'Eros Big ', 0, false, 1345) ON CONFLICT DO NOTHING;
INSERT INTO option_group (id, name, is_deleted, max_selection, min_selection, restaurant_id) VALUES (1346, 'Shto (Extra)', false, 1, 0, 18) ON CONFLICT DO NOTHING;
INSERT INTO option_variant (id, name, recommended_price, is_deleted, group_id) VALUES (7280, 'Add Cheddar Cheese', 100, false, 1346) ON CONFLICT DO NOTHING;
INSERT INTO option_group (id, name, is_deleted, max_selection, min_selection, restaurant_id) VALUES (1347, 'Truffle Chicken Gyros Big', false, 1, 0, 18) ON CONFLICT DO NOTHING;
INSERT INTO option_variant (id, name, recommended_price, is_deleted, group_id) VALUES (7281, 'Truffle Chicken Gyros Big ', 0, false, 1347) ON CONFLICT DO NOTHING;
INSERT INTO option_group (id, name, is_deleted, max_selection, min_selection, restaurant_id) VALUES (1348, 'Minced Beef Skepasti', false, 1, 0, 18) ON CONFLICT DO NOTHING;
INSERT INTO option_variant (id, name, recommended_price, is_deleted, group_id) VALUES (7282, 'Minced Beef Skepasti', 0, false, 1348) ON CONFLICT DO NOTHING;
INSERT INTO option_group (id, name, is_deleted, max_selection, min_selection, restaurant_id) VALUES (1349, 'Gaia', false, 1, 0, 18) ON CONFLICT DO NOTHING;
INSERT INTO option_variant (id, name, recommended_price, is_deleted, group_id) VALUES (7283, 'Gaia', 0, false, 1349) ON CONFLICT DO NOTHING;
INSERT INTO option_group (id, name, is_deleted, max_selection, min_selection, restaurant_id) VALUES (1350, 'Pork Skepasti', false, 1, 0, 18) ON CONFLICT DO NOTHING;
INSERT INTO option_variant (id, name, recommended_price, is_deleted, group_id) VALUES (7284, 'Pork Skepasti', 0, false, 1350) ON CONFLICT DO NOTHING;
INSERT INTO option_group (id, name, is_deleted, max_selection, min_selection, restaurant_id) VALUES (1351, 'Zeus', false, 1, 0, 18) ON CONFLICT DO NOTHING;
INSERT INTO option_variant (id, name, recommended_price, is_deleted, group_id) VALUES (7285, 'Zeus', 0, false, 1351) ON CONFLICT DO NOTHING;
INSERT INTO option_group (id, name, is_deleted, max_selection, min_selection, restaurant_id) VALUES (1352, 'Halloumi Pita Big', false, 1, 0, 18) ON CONFLICT DO NOTHING;
INSERT INTO option_variant (id, name, recommended_price, is_deleted, group_id) VALUES (7286, 'Halloumi Pita Big', 0, false, 1352) ON CONFLICT DO NOTHING;
INSERT INTO option_group (id, name, is_deleted, max_selection, min_selection, restaurant_id) VALUES (1353, 'Zgjidh bazën', false, 1, 0, 18) ON CONFLICT DO NOTHING;
INSERT INTO option_variant (id, name, recommended_price, is_deleted, group_id) VALUES (7287, 'Dias Bowl(Rice) DEL', 0, false, 1353) ON CONFLICT DO NOTHING;
INSERT INTO option_variant (id, name, recommended_price, is_deleted, group_id) VALUES (7288, 'Dias Bowl(Fries) DEL', 0, false, 1353) ON CONFLICT DO NOTHING;
INSERT INTO option_group (id, name, is_deleted, max_selection, min_selection, restaurant_id) VALUES (1354, 'Zgjidh bazën', false, 1, 0, 18) ON CONFLICT DO NOTHING;
INSERT INTO option_variant (id, name, recommended_price, is_deleted, group_id) VALUES (7289, 'Leonidas Bowl(Rice) DEL', 0, false, 1354) ON CONFLICT DO NOTHING;
INSERT INTO option_variant (id, name, recommended_price, is_deleted, group_id) VALUES (7290, 'Leonidas Bowl(Fries)DEL', 0, false, 1354) ON CONFLICT DO NOTHING;
INSERT INTO option_group (id, name, is_deleted, max_selection, min_selection, restaurant_id) VALUES (1355, 'Zgjidh madhësinë', false, 1, 0, 18) ON CONFLICT DO NOTHING;
INSERT INTO option_variant (id, name, recommended_price, is_deleted, group_id) VALUES (7291, 'Falafel Pita Hummus', 0, false, 1355) ON CONFLICT DO NOTHING;
INSERT INTO option_variant (id, name, recommended_price, is_deleted, group_id) VALUES (7292, 'Falafel Pita Big Hummus', 100, false, 1355) ON CONFLICT DO NOTHING;
INSERT INTO option_group (id, name, is_deleted, max_selection, min_selection, restaurant_id) VALUES (1356, 'Pork Gyros', false, 1, 0, 18) ON CONFLICT DO NOTHING;
INSERT INTO option_variant (id, name, recommended_price, is_deleted, group_id) VALUES (7293, 'Pork Gyros', 0, false, 1356) ON CONFLICT DO NOTHING;
INSERT INTO option_group (id, name, is_deleted, max_selection, min_selection, restaurant_id) VALUES (1357, 'Kebap Pita', false, 1, 0, 18) ON CONFLICT DO NOTHING;
INSERT INTO option_variant (id, name, recommended_price, is_deleted, group_id) VALUES (7294, 'Kebab Pita', 0, false, 1357) ON CONFLICT DO NOTHING;
INSERT INTO option_group (id, name, is_deleted, max_selection, min_selection, restaurant_id) VALUES (1358, 'OPA Smash Burger', false, 1, 0, 18) ON CONFLICT DO NOTHING;
INSERT INTO option_variant (id, name, recommended_price, is_deleted, group_id) VALUES (7295, 'OPA Smash Burger', 0, false, 1358) ON CONFLICT DO NOTHING;
INSERT INTO option_group (id, name, is_deleted, max_selection, min_selection, restaurant_id) VALUES (1359, 'Hermes Big', false, 1, 0, 18) ON CONFLICT DO NOTHING;
INSERT INTO option_variant (id, name, recommended_price, is_deleted, group_id) VALUES (7296, 'Hermes Big', 0, false, 1359) ON CONFLICT DO NOTHING;
INSERT INTO option_group (id, name, is_deleted, max_selection, min_selection, restaurant_id) VALUES (1360, 'Pork Skepasti Big', false, 1, 0, 18) ON CONFLICT DO NOTHING;
INSERT INTO option_variant (id, name, recommended_price, is_deleted, group_id) VALUES (7297, 'Pork Skepasti Big ', 0, false, 1360) ON CONFLICT DO NOTHING;
INSERT INTO option_group (id, name, is_deleted, max_selection, min_selection, restaurant_id) VALUES (1361, 'Chicken Doner ', false, 1, 0, 18) ON CONFLICT DO NOTHING;
INSERT INTO option_variant (id, name, recommended_price, is_deleted, group_id) VALUES (7298, 'Chicken Doner ', 0, false, 1361) ON CONFLICT DO NOTHING;
INSERT INTO option_group (id, name, is_deleted, max_selection, min_selection, restaurant_id) VALUES (1362, 'Shto pijet', false, 1, 0, 18) ON CONFLICT DO NOTHING;
INSERT INTO option_variant (id, name, recommended_price, is_deleted, group_id) VALUES (7299, 'Selita 0.5L Natyral', 120, false, 1362) ON CONFLICT DO NOTHING;
INSERT INTO option_variant (id, name, recommended_price, is_deleted, group_id) VALUES (7300, 'Selita 0.5l Gaz ', 120, false, 1362) ON CONFLICT DO NOTHING;
INSERT INTO option_variant (id, name, recommended_price, is_deleted, group_id) VALUES (7301, 'Ayran ', 170, false, 1362) ON CONFLICT DO NOTHING;
INSERT INTO option_variant (id, name, recommended_price, is_deleted, group_id) VALUES (7302, 'Coca Cola 0.33 Normale ', 180, false, 1362) ON CONFLICT DO NOTHING;
INSERT INTO option_variant (id, name, recommended_price, is_deleted, group_id) VALUES (7303, 'Coca Cola 0.33 Zero', 180, false, 1362) ON CONFLICT DO NOTHING;
INSERT INTO option_variant (id, name, recommended_price, is_deleted, group_id) VALUES (7304, 'Fanta Ekzotik 0.33', 180, false, 1362) ON CONFLICT DO NOTHING;
INSERT INTO option_variant (id, name, recommended_price, is_deleted, group_id) VALUES (7305, 'Fanta Orange 0.33 ', 180, false, 1362) ON CONFLICT DO NOTHING;
INSERT INTO option_variant (id, name, recommended_price, is_deleted, group_id) VALUES (7306, 'Lipton Ice Tea Lemon 0.33 DEL', 180, false, 1362) ON CONFLICT DO NOTHING;
INSERT INTO option_variant (id, name, recommended_price, is_deleted, group_id) VALUES (7307, 'Lipton Ice Tea Peach 0.33 DEL', 180, false, 1362) ON CONFLICT DO NOTHING;
INSERT INTO option_variant (id, name, recommended_price, is_deleted, group_id) VALUES (7308, 'Schweppes Indian Tonic 0.33L', 180, false, 1362) ON CONFLICT DO NOTHING;
INSERT INTO option_variant (id, name, recommended_price, is_deleted, group_id) VALUES (7309, 'Peja 0.33L ', 300, false, 1362) ON CONFLICT DO NOTHING;
INSERT INTO option_variant (id, name, recommended_price, is_deleted, group_id) VALUES (7310, 'Heineken 0.33 ', 350, false, 1362) ON CONFLICT DO NOTHING;
INSERT INTO option_variant (id, name, recommended_price, is_deleted, group_id) VALUES (7311, 'Korça 0.33L ', 350, false, 1362) ON CONFLICT DO NOTHING;
INSERT INTO option_group (id, name, is_deleted, max_selection, min_selection, restaurant_id) VALUES (1363, 'Falafel Pita Big ', false, 1, 0, 18) ON CONFLICT DO NOTHING;
INSERT INTO option_variant (id, name, recommended_price, is_deleted, group_id) VALUES (7312, 'Falafel Pita Big Yougurt', 0, false, 1363) ON CONFLICT DO NOTHING;
INSERT INTO option_variant (id, name, recommended_price, is_deleted, group_id) VALUES (7313, 'Falafel Pita Big Hummus', 0, false, 1363) ON CONFLICT DO NOTHING;
INSERT INTO option_group (id, name, is_deleted, max_selection, min_selection, restaurant_id) VALUES (1364, 'Zgjidh Protein ', false, 1, 0, 18) ON CONFLICT DO NOTHING;
INSERT INTO option_variant (id, name, recommended_price, is_deleted, group_id) VALUES (7314, 'Gjiro Pule ', 420, false, 1364) ON CONFLICT DO NOTHING;
INSERT INTO option_variant (id, name, recommended_price, is_deleted, group_id) VALUES (7315, 'Gjiro Gici', 440, false, 1364) ON CONFLICT DO NOTHING;
INSERT INTO option_variant (id, name, recommended_price, is_deleted, group_id) VALUES (7316, 'Shnitzel Pule ', 460, false, 1364) ON CONFLICT DO NOTHING;
INSERT INTO option_variant (id, name, recommended_price, is_deleted, group_id) VALUES (7317, '2 Chicken Skewers ', 480, false, 1364) ON CONFLICT DO NOTHING;
INSERT INTO option_variant (id, name, recommended_price, is_deleted, group_id) VALUES (7318, '2 Pork Skewers', 480, false, 1364) ON CONFLICT DO NOTHING;
INSERT INTO option_variant (id, name, recommended_price, is_deleted, group_id) VALUES (7319, '2 Kebab Skewers', 480, false, 1364) ON CONFLICT DO NOTHING;
INSERT INTO option_group (id, name, is_deleted, max_selection, min_selection, restaurant_id) VALUES (1365, 'Medium Fries', false, 1, 0, 18) ON CONFLICT DO NOTHING;
INSERT INTO option_variant (id, name, recommended_price, is_deleted, group_id) VALUES (7320, 'Medium Fries', 0, false, 1365) ON CONFLICT DO NOTHING;
INSERT INTO option_group (id, name, is_deleted, max_selection, min_selection, restaurant_id) VALUES (1366, 'Bëje vaktin më të madh', false, 1, 0, 18) ON CONFLICT DO NOTHING;
INSERT INTO option_variant (id, name, recommended_price, is_deleted, group_id) VALUES (7321, 'Add Fries& Red Bull', 300, false, 1366) ON CONFLICT DO NOTHING;
INSERT INTO option_variant (id, name, recommended_price, is_deleted, group_id) VALUES (7322, 'Add Fries and Drink 240 all', 240, false, 1366) ON CONFLICT DO NOTHING;
INSERT INTO option_group (id, name, is_deleted, max_selection, min_selection, restaurant_id) VALUES (1367, 'Zgjidh bazën', false, 1, 0, 18) ON CONFLICT DO NOTHING;
INSERT INTO option_variant (id, name, recommended_price, is_deleted, group_id) VALUES (7323, 'Kebab Bowl (Rice)', 0, false, 1367) ON CONFLICT DO NOTHING;
INSERT INTO option_variant (id, name, recommended_price, is_deleted, group_id) VALUES (7324, 'Kebab Bowl (Fries)', 0, false, 1367) ON CONFLICT DO NOTHING;
INSERT INTO option_group (id, name, is_deleted, max_selection, min_selection, restaurant_id) VALUES (1368, 'Zgjidh madhësinë', false, 1, 0, 18) ON CONFLICT DO NOTHING;
INSERT INTO option_variant (id, name, recommended_price, is_deleted, group_id) VALUES (7325, 'Chicken Breast Pita', 0, false, 1368) ON CONFLICT DO NOTHING;
INSERT INTO option_variant (id, name, recommended_price, is_deleted, group_id) VALUES (7326, 'Chicken Breast Pita Big', 140, false, 1368) ON CONFLICT DO NOTHING;
INSERT INTO option_group (id, name, is_deleted, max_selection, min_selection, restaurant_id) VALUES (1369, 'Zgjidh madhësinë', false, 1, 0, 18) ON CONFLICT DO NOTHING;
INSERT INTO option_variant (id, name, recommended_price, is_deleted, group_id) VALUES (7327, 'Pork Skepasti DEL', 0, false, 1369) ON CONFLICT DO NOTHING;
INSERT INTO option_variant (id, name, recommended_price, is_deleted, group_id) VALUES (7328, 'Pork Skepasti Big ', 170, false, 1369) ON CONFLICT DO NOTHING;
INSERT INTO option_group (id, name, is_deleted, max_selection, min_selection, restaurant_id) VALUES (1370, 'Shto Sides ', false, 1, 0, 18) ON CONFLICT DO NOTHING;
INSERT INTO option_variant (id, name, recommended_price, is_deleted, group_id) VALUES (7329, 'BBQ Chicken Wings (6 cope)', 400, false, 1370) ON CONFLICT DO NOTHING;
INSERT INTO option_variant (id, name, recommended_price, is_deleted, group_id) VALUES (7330, 'BBQ Chicken Wings (10 cope)', 720, false, 1370) ON CONFLICT DO NOTHING;
INSERT INTO option_variant (id, name, recommended_price, is_deleted, group_id) VALUES (7331, '2 pieces Kackavall Chips', 150, false, 1370) ON CONFLICT DO NOTHING;
INSERT INTO option_variant (id, name, recommended_price, is_deleted, group_id) VALUES (7332, 'Fried Zucchini Balls ', 280, false, 1370) ON CONFLICT DO NOTHING;
INSERT INTO option_variant (id, name, recommended_price, is_deleted, group_id) VALUES (7333, 'Kashkaval Chips', 490, false, 1370) ON CONFLICT DO NOTHING;
INSERT INTO option_variant (id, name, recommended_price, is_deleted, group_id) VALUES (7334, 'Moussaka Croquettes', 300, false, 1370) ON CONFLICT DO NOTHING;
INSERT INTO option_variant (id, name, recommended_price, is_deleted, group_id) VALUES (7335, 'Halloumi chips', 490, false, 1370) ON CONFLICT DO NOTHING;
INSERT INTO option_variant (id, name, recommended_price, is_deleted, group_id) VALUES (7336, 'Greek Fries', 350, false, 1370) ON CONFLICT DO NOTHING;
INSERT INTO option_variant (id, name, recommended_price, is_deleted, group_id) VALUES (7337, 'Bacon Fries', 500, false, 1370) ON CONFLICT DO NOTHING;
INSERT INTO option_variant (id, name, recommended_price, is_deleted, group_id) VALUES (7338, 'Cheddar Fries ', 350, false, 1370) ON CONFLICT DO NOTHING;
INSERT INTO option_group (id, name, is_deleted, max_selection, min_selection, restaurant_id) VALUES (1371, 'Zgjidh bazën', false, 1, 0, 18) ON CONFLICT DO NOTHING;
INSERT INTO option_variant (id, name, recommended_price, is_deleted, group_id) VALUES (7339, 'Chicken Gyros Bowl(Rice) DEL', 0, false, 1371) ON CONFLICT DO NOTHING;
INSERT INTO option_variant (id, name, recommended_price, is_deleted, group_id) VALUES (7340, 'Chicken Gyros Bowl(Fries) DEL', 0, false, 1371) ON CONFLICT DO NOTHING;
INSERT INTO option_group (id, name, is_deleted, max_selection, min_selection, restaurant_id) VALUES (1372, 'Zgjidh madhësinë', false, 1, 0, 18) ON CONFLICT DO NOTHING;
INSERT INTO option_variant (id, name, recommended_price, is_deleted, group_id) VALUES (7341, 'OPA Smash Burger', 0, false, 1372) ON CONFLICT DO NOTHING;
INSERT INTO option_variant (id, name, recommended_price, is_deleted, group_id) VALUES (7342, 'Double OPA Smash Burger', 230, false, 1372) ON CONFLICT DO NOTHING;
INSERT INTO option_group (id, name, is_deleted, max_selection, min_selection, restaurant_id) VALUES (1373, 'Zgjidh madhësinë', false, 1, 0, 18) ON CONFLICT DO NOTHING;
INSERT INTO option_variant (id, name, recommended_price, is_deleted, group_id) VALUES (7343, 'Chicken Skepasti DEL', 0, false, 1373) ON CONFLICT DO NOTHING;
INSERT INTO option_variant (id, name, recommended_price, is_deleted, group_id) VALUES (7344, 'Chicken Skepasti Big(Bacon Sauce)', 170, false, 1373) ON CONFLICT DO NOTHING;
INSERT INTO option_group (id, name, is_deleted, max_selection, min_selection, restaurant_id) VALUES (1374, 'Chicken Skepasti Big', false, 1, 0, 18) ON CONFLICT DO NOTHING;
INSERT INTO option_variant (id, name, recommended_price, is_deleted, group_id) VALUES (7345, 'Chicken Skepasti Big(Bacon Sauce)', 0, false, 1374) ON CONFLICT DO NOTHING;
INSERT INTO option_variant (id, name, recommended_price, is_deleted, group_id) VALUES (7346, 'Chicken Skepasti Big (Sos)', 0, false, 1374) ON CONFLICT DO NOTHING;
INSERT INTO option_group (id, name, is_deleted, max_selection, min_selection, restaurant_id) VALUES (1375, 'Zgjidh madhësinë', false, 1, 0, 18) ON CONFLICT DO NOTHING;
INSERT INTO option_variant (id, name, recommended_price, is_deleted, group_id) VALUES (7347, 'Chicken Skepasti DEL (Sos)', 0, false, 1375) ON CONFLICT DO NOTHING;
INSERT INTO option_variant (id, name, recommended_price, is_deleted, group_id) VALUES (7348, 'Chicken Skepasti Big (Sos)', 170, false, 1375) ON CONFLICT DO NOTHING;
INSERT INTO option_group (id, name, is_deleted, max_selection, min_selection, restaurant_id) VALUES (1376, 'Zgjidh madhësinë', false, 1, 0, 18) ON CONFLICT DO NOTHING;
INSERT INTO option_variant (id, name, recommended_price, is_deleted, group_id) VALUES (7349, 'Apollo Pita', 0, false, 1376) ON CONFLICT DO NOTHING;
INSERT INTO option_variant (id, name, recommended_price, is_deleted, group_id) VALUES (7350, 'Apollo Pita Big', 100, false, 1376) ON CONFLICT DO NOTHING;
INSERT INTO option_group (id, name, is_deleted, max_selection, min_selection, restaurant_id) VALUES (1377, 'Select Fries 1', false, 1, 0, 18) ON CONFLICT DO NOTHING;
INSERT INTO option_variant (id, name, recommended_price, is_deleted, group_id) VALUES (7351, 'Large Fries ', 70, false, 1377) ON CONFLICT DO NOTHING;
INSERT INTO option_variant (id, name, recommended_price, is_deleted, group_id) VALUES (7352, 'No Extra Fries ', 0, false, 1377) ON CONFLICT DO NOTHING;
INSERT INTO option_group (id, name, is_deleted, max_selection, min_selection, restaurant_id) VALUES (1378, 'Truffle Gyros Pita', false, 1, 0, 18) ON CONFLICT DO NOTHING;
INSERT INTO option_variant (id, name, recommended_price, is_deleted, group_id) VALUES (7353, 'Truffle Chicken Gyros ', 0, false, 1378) ON CONFLICT DO NOTHING;
INSERT INTO option_group (id, name, is_deleted, max_selection, min_selection, restaurant_id) VALUES (1379, 'Schnitzel Pita', false, 1, 0, 18) ON CONFLICT DO NOTHING;
INSERT INTO option_variant (id, name, recommended_price, is_deleted, group_id) VALUES (7354, 'Schnitzel Pita', 0, false, 1379) ON CONFLICT DO NOTHING;
INSERT INTO option_group (id, name, is_deleted, max_selection, min_selection, restaurant_id) VALUES (1380, 'Zgjidh madhësinë', false, 1, 0, 18) ON CONFLICT DO NOTHING;
INSERT INTO option_variant (id, name, recommended_price, is_deleted, group_id) VALUES (7355, 'Truffle Chicken Gyros ', 0, false, 1380) ON CONFLICT DO NOTHING;
INSERT INTO option_variant (id, name, recommended_price, is_deleted, group_id) VALUES (7356, 'Truffle Chicken Gyros Big ', 120, false, 1380) ON CONFLICT DO NOTHING;
INSERT INTO option_group (id, name, is_deleted, max_selection, min_selection, restaurant_id) VALUES (1381, 'Zgjidh Sides', false, 1, 0, 18) ON CONFLICT DO NOTHING;
INSERT INTO option_variant (id, name, recommended_price, is_deleted, group_id) VALUES (7357, 'Oriz', 70, false, 1381) ON CONFLICT DO NOTHING;
INSERT INTO option_variant (id, name, recommended_price, is_deleted, group_id) VALUES (7358, 'Patate', 70, false, 1381) ON CONFLICT DO NOTHING;
INSERT INTO option_variant (id, name, recommended_price, is_deleted, group_id) VALUES (7359, 'Sallate Greke', 70, false, 1381) ON CONFLICT DO NOTHING;
INSERT INTO option_variant (id, name, recommended_price, is_deleted, group_id) VALUES (7360, 'Patate Crinkle', 90, false, 1381) ON CONFLICT DO NOTHING;
INSERT INTO option_variant (id, name, recommended_price, is_deleted, group_id) VALUES (7361, 'Traditional Pita', 40, false, 1381) ON CONFLICT DO NOTHING;
INSERT INTO option_group (id, name, is_deleted, max_selection, min_selection, restaurant_id) VALUES (1382, 'Coca Cola Draft 0.25l or 0.33l', false, 1, 0, 18) ON CONFLICT DO NOTHING;
INSERT INTO option_variant (id, name, recommended_price, is_deleted, group_id) VALUES (7362, 'Selita Uje natyral 0.5l', 0, false, 1382) ON CONFLICT DO NOTHING;
INSERT INTO option_variant (id, name, recommended_price, is_deleted, group_id) VALUES (7363, 'Coca Cola 0.33l', 0, false, 1382) ON CONFLICT DO NOTHING;
INSERT INTO option_variant (id, name, recommended_price, is_deleted, group_id) VALUES (7364, 'Coca Cola Zero 0.33L', 0, false, 1382) ON CONFLICT DO NOTHING;
INSERT INTO option_group (id, name, is_deleted, max_selection, min_selection, restaurant_id) VALUES (1383, 'Zgjidh madhësinë', false, 1, 0, 18) ON CONFLICT DO NOTHING;
INSERT INTO option_variant (id, name, recommended_price, is_deleted, group_id) VALUES (7365, 'Pork Gyros DEL', 0, false, 1383) ON CONFLICT DO NOTHING;
INSERT INTO option_variant (id, name, recommended_price, is_deleted, group_id) VALUES (7366, 'Pork Gyros Big DEL', 100, false, 1383) ON CONFLICT DO NOTHING;
INSERT INTO option_group (id, name, is_deleted, max_selection, min_selection, restaurant_id) VALUES (1384, 'Choose your Gaia', false, 1, 0, 18) ON CONFLICT DO NOTHING;
INSERT INTO option_variant (id, name, recommended_price, is_deleted, group_id) VALUES (7367, 'Gaia', 0, false, 1384) ON CONFLICT DO NOTHING;
INSERT INTO option_variant (id, name, recommended_price, is_deleted, group_id) VALUES (7368, 'Gaia Big', 60, false, 1384) ON CONFLICT DO NOTHING;
INSERT INTO option_group (id, name, is_deleted, max_selection, min_selection, restaurant_id) VALUES (1385, 'Apollo Pita Big', false, 1, 0, 18) ON CONFLICT DO NOTHING;
INSERT INTO option_variant (id, name, recommended_price, is_deleted, group_id) VALUES (7369, 'Apollo Pita Big', 0, false, 1385) ON CONFLICT DO NOTHING;
INSERT INTO option_group (id, name, is_deleted, max_selection, min_selection, restaurant_id) VALUES (1386, 'Pork Doner ', false, 1, 0, 18) ON CONFLICT DO NOTHING;
INSERT INTO option_variant (id, name, recommended_price, is_deleted, group_id) VALUES (7370, 'Pork Doner ', 0, false, 1386) ON CONFLICT DO NOTHING;
INSERT INTO option_group (id, name, is_deleted, max_selection, min_selection, restaurant_id) VALUES (1387, 'Shto Sides ', false, 1, 0, 18) ON CONFLICT DO NOTHING;
INSERT INTO option_variant (id, name, recommended_price, is_deleted, group_id) VALUES (7371, 'BBQ Chicken Wings (6 cope)', 400, false, 1387) ON CONFLICT DO NOTHING;
INSERT INTO option_variant (id, name, recommended_price, is_deleted, group_id) VALUES (7372, 'BBQ Chicken Wings (8 cope)', 570, false, 1387) ON CONFLICT DO NOTHING;
INSERT INTO option_variant (id, name, recommended_price, is_deleted, group_id) VALUES (7373, 'BBQ Chicken Wings (10 cope)', 720, false, 1387) ON CONFLICT DO NOTHING;
INSERT INTO option_variant (id, name, recommended_price, is_deleted, group_id) VALUES (7374, '2 pieces Kackavall Chips', 150, false, 1387) ON CONFLICT DO NOTHING;
INSERT INTO option_variant (id, name, recommended_price, is_deleted, group_id) VALUES (7375, 'Fried Zucchini Balls ', 280, false, 1387) ON CONFLICT DO NOTHING;
INSERT INTO option_variant (id, name, recommended_price, is_deleted, group_id) VALUES (7376, 'Kashkaval Chips', 490, false, 1387) ON CONFLICT DO NOTHING;
INSERT INTO option_variant (id, name, recommended_price, is_deleted, group_id) VALUES (7377, 'Moussaka Croquettes', 300, false, 1387) ON CONFLICT DO NOTHING;
INSERT INTO option_variant (id, name, recommended_price, is_deleted, group_id) VALUES (7378, 'Halloumi chips', 490, false, 1387) ON CONFLICT DO NOTHING;
INSERT INTO option_variant (id, name, recommended_price, is_deleted, group_id) VALUES (7379, 'Greek Fries', 350, false, 1387) ON CONFLICT DO NOTHING;
INSERT INTO option_variant (id, name, recommended_price, is_deleted, group_id) VALUES (7380, 'Bacon Fries', 500, false, 1387) ON CONFLICT DO NOTHING;
INSERT INTO option_variant (id, name, recommended_price, is_deleted, group_id) VALUES (7381, 'Cheddar Fries ', 350, false, 1387) ON CONFLICT DO NOTHING;
INSERT INTO option_group (id, name, is_deleted, max_selection, min_selection, restaurant_id) VALUES (1388, 'Shto Sides ', false, 1, 0, 18) ON CONFLICT DO NOTHING;
INSERT INTO option_variant (id, name, recommended_price, is_deleted, group_id) VALUES (7382, 'BBQ Chicken Wings (6 cope)', 400, false, 1388) ON CONFLICT DO NOTHING;
INSERT INTO option_variant (id, name, recommended_price, is_deleted, group_id) VALUES (7383, 'BBQ Chicken Wings (8 cope)', 570, false, 1388) ON CONFLICT DO NOTHING;
INSERT INTO option_variant (id, name, recommended_price, is_deleted, group_id) VALUES (7384, 'BBQ Chicken Wings (10 cope)', 720, false, 1388) ON CONFLICT DO NOTHING;
INSERT INTO option_variant (id, name, recommended_price, is_deleted, group_id) VALUES (7385, '2 pieces Kackavall Chips', 150, false, 1388) ON CONFLICT DO NOTHING;
INSERT INTO option_variant (id, name, recommended_price, is_deleted, group_id) VALUES (7386, 'Fried Zucchini Balls ', 280, false, 1388) ON CONFLICT DO NOTHING;
INSERT INTO option_variant (id, name, recommended_price, is_deleted, group_id) VALUES (7387, 'Kashkaval Chips', 490, false, 1388) ON CONFLICT DO NOTHING;
INSERT INTO option_variant (id, name, recommended_price, is_deleted, group_id) VALUES (7388, 'Moussaka Croquettes', 300, false, 1388) ON CONFLICT DO NOTHING;
INSERT INTO option_variant (id, name, recommended_price, is_deleted, group_id) VALUES (7389, 'Halloumi chips', 490, false, 1388) ON CONFLICT DO NOTHING;
INSERT INTO option_variant (id, name, recommended_price, is_deleted, group_id) VALUES (7390, 'Greek Fries', 350, false, 1388) ON CONFLICT DO NOTHING;
INSERT INTO option_variant (id, name, recommended_price, is_deleted, group_id) VALUES (7391, 'Bacon Fries', 500, false, 1388) ON CONFLICT DO NOTHING;
INSERT INTO option_variant (id, name, recommended_price, is_deleted, group_id) VALUES (7392, 'Cheddar Fries ', 350, false, 1388) ON CONFLICT DO NOTHING;
INSERT INTO option_group (id, name, is_deleted, max_selection, min_selection, restaurant_id) VALUES (1389, 'Falafel Pita', false, 1, 0, 18) ON CONFLICT DO NOTHING;
INSERT INTO option_variant (id, name, recommended_price, is_deleted, group_id) VALUES (7393, 'Falafel Pita Yougurt', 0, false, 1389) ON CONFLICT DO NOTHING;
INSERT INTO option_variant (id, name, recommended_price, is_deleted, group_id) VALUES (7394, 'Falafel Pita Hummus', 0, false, 1389) ON CONFLICT DO NOTHING;
INSERT INTO option_group (id, name, is_deleted, max_selection, min_selection, restaurant_id) VALUES (1390, 'Chicken Skepasti (Bacon Sos or Sos)', false, 1, 0, 18) ON CONFLICT DO NOTHING;
INSERT INTO option_variant (id, name, recommended_price, is_deleted, group_id) VALUES (7395, 'Chicken Skepasti (Bacon Sos)', 0, false, 1390) ON CONFLICT DO NOTHING;
INSERT INTO option_variant (id, name, recommended_price, is_deleted, group_id) VALUES (7396, 'Chicken Skepasti (Sos)', 0, false, 1390) ON CONFLICT DO NOTHING;
INSERT INTO option_group (id, name, is_deleted, max_selection, min_selection, restaurant_id) VALUES (1391, 'Choose Your Sauce ', false, 1, 0, 18) ON CONFLICT DO NOTHING;
INSERT INTO option_variant (id, name, recommended_price, is_deleted, group_id) VALUES (7397, 'Ketchup Bustine', 0, false, 1391) ON CONFLICT DO NOTHING;
INSERT INTO option_variant (id, name, recommended_price, is_deleted, group_id) VALUES (7398, 'Mustarde - bustine', 0, false, 1391) ON CONFLICT DO NOTHING;
INSERT INTO option_variant (id, name, recommended_price, is_deleted, group_id) VALUES (7399, 'Sweet chilli & tarragon sauce', 0, false, 1391) ON CONFLICT DO NOTHING;
INSERT INTO option_variant (id, name, recommended_price, is_deleted, group_id) VALUES (7400, 'Chili Garlic Mayo', 0, false, 1391) ON CONFLICT DO NOTHING;
INSERT INTO option_variant (id, name, recommended_price, is_deleted, group_id) VALUES (7401, 'Truffle Mayo', 0, false, 1391) ON CONFLICT DO NOTHING;
INSERT INTO option_variant (id, name, recommended_price, is_deleted, group_id) VALUES (7402, 'Bacon Mayo Sauce', 0, false, 1391) ON CONFLICT DO NOTHING;
INSERT INTO option_variant (id, name, recommended_price, is_deleted, group_id) VALUES (7403, 'Tzatziki Sauce', 0, false, 1391) ON CONFLICT DO NOTHING;
INSERT INTO option_variant (id, name, recommended_price, is_deleted, group_id) VALUES (7404, 'Homemade Pickled Cucumber', 0, false, 1391) ON CONFLICT DO NOTHING;
INSERT INTO option_variant (id, name, recommended_price, is_deleted, group_id) VALUES (7405, 'Cheddar Sauce ', 0, false, 1391) ON CONFLICT DO NOTHING;
INSERT INTO option_variant (id, name, recommended_price, is_deleted, group_id) VALUES (7406, 'Hummus Small', 0, false, 1391) ON CONFLICT DO NOTHING;
INSERT INTO option_variant (id, name, recommended_price, is_deleted, group_id) VALUES (7407, 'Mayonnaise Bustine', 0, false, 1391) ON CONFLICT DO NOTHING;
INSERT INTO option_variant (id, name, recommended_price, is_deleted, group_id) VALUES (7408, 'OPA Mayo', 0, false, 1391) ON CONFLICT DO NOTHING;
INSERT INTO option_variant (id, name, recommended_price, is_deleted, group_id) VALUES (7409, 'Yougurt Sauce ', 0, false, 1391) ON CONFLICT DO NOTHING;
INSERT INTO option_group (id, name, is_deleted, max_selection, min_selection, restaurant_id) VALUES (1392, 'Shto (Extra)', false, 1, 0, 18) ON CONFLICT DO NOTHING;
INSERT INTO option_variant (id, name, recommended_price, is_deleted, group_id) VALUES (7410, 'Add Crispy Bacon', 150, false, 1392) ON CONFLICT DO NOTHING;
INSERT INTO option_variant (id, name, recommended_price, is_deleted, group_id) VALUES (7411, 'Add Jalapenos', 50, false, 1392) ON CONFLICT DO NOTHING;
INSERT INTO option_variant (id, name, recommended_price, is_deleted, group_id) VALUES (7412, 'Add Cheddar Cheese', 100, false, 1392) ON CONFLICT DO NOTHING;
INSERT INTO option_group (id, name, is_deleted, max_selection, min_selection, restaurant_id) VALUES (1393, 'Zgjidh Salcen', false, 1, 0, 18) ON CONFLICT DO NOTHING;
INSERT INTO option_variant (id, name, recommended_price, is_deleted, group_id) VALUES (7413, 'OPA Mayo', 50, false, 1393) ON CONFLICT DO NOTHING;
INSERT INTO option_variant (id, name, recommended_price, is_deleted, group_id) VALUES (7414, 'Chili Garlic Mayo', 50, false, 1393) ON CONFLICT DO NOTHING;
INSERT INTO option_variant (id, name, recommended_price, is_deleted, group_id) VALUES (7415, 'Tzatziki Sauce', 30, false, 1393) ON CONFLICT DO NOTHING;
INSERT INTO option_variant (id, name, recommended_price, is_deleted, group_id) VALUES (7416, 'Greekamole', 50, false, 1393) ON CONFLICT DO NOTHING;
INSERT INTO option_variant (id, name, recommended_price, is_deleted, group_id) VALUES (7417, 'Yougurt Sauce ', 50, false, 1393) ON CONFLICT DO NOTHING;
INSERT INTO option_variant (id, name, recommended_price, is_deleted, group_id) VALUES (7418, 'Bacon Mayo Sauce', 50, false, 1393) ON CONFLICT DO NOTHING;
INSERT INTO option_group (id, name, is_deleted, max_selection, min_selection, restaurant_id) VALUES (1394, 'Shto Sides ', false, 1, 0, 18) ON CONFLICT DO NOTHING;
INSERT INTO option_variant (id, name, recommended_price, is_deleted, group_id) VALUES (7419, 'BBQ Chicken Wings (8 cope)', 570, false, 1394) ON CONFLICT DO NOTHING;
INSERT INTO option_variant (id, name, recommended_price, is_deleted, group_id) VALUES (7420, 'BBQ Chicken Wings (10 cope)', 720, false, 1394) ON CONFLICT DO NOTHING;
INSERT INTO option_variant (id, name, recommended_price, is_deleted, group_id) VALUES (7421, '2 pieces Kackavall Chips', 150, false, 1394) ON CONFLICT DO NOTHING;
INSERT INTO option_variant (id, name, recommended_price, is_deleted, group_id) VALUES (7422, 'Fried Zucchini Balls ', 280, false, 1394) ON CONFLICT DO NOTHING;
INSERT INTO option_variant (id, name, recommended_price, is_deleted, group_id) VALUES (7423, 'Kashkaval Chips', 490, false, 1394) ON CONFLICT DO NOTHING;
INSERT INTO option_variant (id, name, recommended_price, is_deleted, group_id) VALUES (7424, 'Moussaka Croquettes', 300, false, 1394) ON CONFLICT DO NOTHING;
INSERT INTO option_variant (id, name, recommended_price, is_deleted, group_id) VALUES (7425, 'Halloumi chips', 490, false, 1394) ON CONFLICT DO NOTHING;
INSERT INTO option_variant (id, name, recommended_price, is_deleted, group_id) VALUES (7426, 'Greek Fries', 350, false, 1394) ON CONFLICT DO NOTHING;
INSERT INTO option_variant (id, name, recommended_price, is_deleted, group_id) VALUES (7427, 'Bacon Fries', 500, false, 1394) ON CONFLICT DO NOTHING;
INSERT INTO option_variant (id, name, recommended_price, is_deleted, group_id) VALUES (7428, 'Cheddar Fries ', 350, false, 1394) ON CONFLICT DO NOTHING;
INSERT INTO option_group (id, name, is_deleted, max_selection, min_selection, restaurant_id) VALUES (1395, 'Sauces', false, 1, 0, 18) ON CONFLICT DO NOTHING;
INSERT INTO option_variant (id, name, recommended_price, is_deleted, group_id) VALUES (7429, 'Ketchup Bustine', 0, false, 1395) ON CONFLICT DO NOTHING;
INSERT INTO option_variant (id, name, recommended_price, is_deleted, group_id) VALUES (7430, 'Mustarde - bustine', 0, false, 1395) ON CONFLICT DO NOTHING;
INSERT INTO option_group (id, name, is_deleted, max_selection, min_selection, restaurant_id) VALUES (1396, 'Drinks for Big', false, 1, 0, 18) ON CONFLICT DO NOTHING;
INSERT INTO option_variant (id, name, recommended_price, is_deleted, group_id) VALUES (7431, 'Selita Uje natyral 0.5l', 0, false, 1396) ON CONFLICT DO NOTHING;
INSERT INTO option_variant (id, name, recommended_price, is_deleted, group_id) VALUES (7432, 'Selita Uje me gaz 0.5l', 0, false, 1396) ON CONFLICT DO NOTHING;
INSERT INTO option_variant (id, name, recommended_price, is_deleted, group_id) VALUES (7433, 'Coca Cola 0.33l', 0, false, 1396) ON CONFLICT DO NOTHING;
INSERT INTO option_variant (id, name, recommended_price, is_deleted, group_id) VALUES (7434, 'Coca Cola Zero 0.33L', 0, false, 1396) ON CONFLICT DO NOTHING;
INSERT INTO option_variant (id, name, recommended_price, is_deleted, group_id) VALUES (7435, 'Fanta Exotic 0.33L', 0, false, 1396) ON CONFLICT DO NOTHING;
INSERT INTO option_variant (id, name, recommended_price, is_deleted, group_id) VALUES (7436, 'Fanta Orange 0.33L', 0, false, 1396) ON CONFLICT DO NOTHING;
INSERT INTO option_variant (id, name, recommended_price, is_deleted, group_id) VALUES (7437, 'Lemon Soda 0.33', 0, false, 1396) ON CONFLICT DO NOTHING;
INSERT INTO option_variant (id, name, recommended_price, is_deleted, group_id) VALUES (7438, 'Orange Soda 0.33', 0, false, 1396) ON CONFLICT DO NOTHING;
INSERT INTO option_variant (id, name, recommended_price, is_deleted, group_id) VALUES (7439, 'Sprite 0.33l', 0, false, 1396) ON CONFLICT DO NOTHING;
INSERT INTO option_variant (id, name, recommended_price, is_deleted, group_id) VALUES (7440, 'Ayran/Dhalle', 0, false, 1396) ON CONFLICT DO NOTHING;
INSERT INTO option_variant (id, name, recommended_price, is_deleted, group_id) VALUES (7441, 'Lipton Ice Tea Peach 0.33', 0, false, 1396) ON CONFLICT DO NOTHING;
INSERT INTO option_variant (id, name, recommended_price, is_deleted, group_id) VALUES (7442, 'Lipton Ice Tea Lemon 0.33', 0, false, 1396) ON CONFLICT DO NOTHING;
INSERT INTO option_variant (id, name, recommended_price, is_deleted, group_id) VALUES (7443, 'Fanta Lemon 0.33L', 0, false, 1396) ON CONFLICT DO NOTHING;
INSERT INTO option_group (id, name, is_deleted, max_selection, min_selection, restaurant_id) VALUES (1397, 'Zgjidh Pijen Lunch', false, 1, 0, 18) ON CONFLICT DO NOTHING;
INSERT INTO option_variant (id, name, recommended_price, is_deleted, group_id) VALUES (7444, 'Selita Uje natyral 0.5l', 0, false, 1397) ON CONFLICT DO NOTHING;
INSERT INTO option_variant (id, name, recommended_price, is_deleted, group_id) VALUES (7445, 'Coca Cola 0.33l', 0, false, 1397) ON CONFLICT DO NOTHING;
INSERT INTO option_variant (id, name, recommended_price, is_deleted, group_id) VALUES (7446, 'Coca Cola Zero 0.33L', 0, false, 1397) ON CONFLICT DO NOTHING;
INSERT INTO option_group (id, name, is_deleted, max_selection, min_selection, restaurant_id) VALUES (1398, 'Chicken Gyros', false, 1, 0, 18) ON CONFLICT DO NOTHING;
INSERT INTO option_variant (id, name, recommended_price, is_deleted, group_id) VALUES (7447, 'Chicken Gyros', 0, false, 1398) ON CONFLICT DO NOTHING;
INSERT INTO option_group (id, name, is_deleted, max_selection, min_selection, restaurant_id) VALUES (1399, 'Zgjidh madhësinë', false, 1, 0, 18) ON CONFLICT DO NOTHING;
INSERT INTO option_variant (id, name, recommended_price, is_deleted, group_id) VALUES (7448, 'Minced Beef Skepasti', 0, false, 1399) ON CONFLICT DO NOTHING;
INSERT INTO option_variant (id, name, recommended_price, is_deleted, group_id) VALUES (7449, 'Minced Beef Skepasti Big', 200, false, 1399) ON CONFLICT DO NOTHING;
INSERT INTO option_group (id, name, is_deleted, max_selection, min_selection, restaurant_id) VALUES (1400, 'Zgjidh madhësinë', false, 1, 0, 18) ON CONFLICT DO NOTHING;
INSERT INTO option_variant (id, name, recommended_price, is_deleted, group_id) VALUES (7450, 'Falafel Pita Yougurt', 0, false, 1400) ON CONFLICT DO NOTHING;
INSERT INTO option_variant (id, name, recommended_price, is_deleted, group_id) VALUES (7451, 'Falafel Pita Big Yougurt', 100, false, 1400) ON CONFLICT DO NOTHING;
INSERT INTO option_group (id, name, is_deleted, max_selection, min_selection, restaurant_id) VALUES (1401, 'Choose your Loukoumades me Nutella Dhe Lajthi', false, 1, 0, 18) ON CONFLICT DO NOTHING;
INSERT INTO option_variant (id, name, recommended_price, is_deleted, group_id) VALUES (7452, 'Loukoumades  with Nutella and Hazelnut 1/2', 0, false, 1401) ON CONFLICT DO NOTHING;
INSERT INTO option_variant (id, name, recommended_price, is_deleted, group_id) VALUES (7453, 'Loukoumades with Nutella and Hazelnut', 200, false, 1401) ON CONFLICT DO NOTHING;
INSERT INTO option_group (id, name, is_deleted, max_selection, min_selection, restaurant_id) VALUES (1402, 'Zgjidh madhësinë', false, 1, 0, 18) ON CONFLICT DO NOTHING;
INSERT INTO option_variant (id, name, recommended_price, is_deleted, group_id) VALUES (7454, 'Kebab Pita', 0, false, 1402) ON CONFLICT DO NOTHING;
INSERT INTO option_variant (id, name, recommended_price, is_deleted, group_id) VALUES (7455, 'Kebab Pita Big', 160, false, 1402) ON CONFLICT DO NOTHING;
INSERT INTO option_group (id, name, is_deleted, max_selection, min_selection, restaurant_id) VALUES (1403, 'Zgjidh Piten Lunch', false, 1, 0, 18) ON CONFLICT DO NOTHING;
INSERT INTO option_variant (id, name, recommended_price, is_deleted, group_id) VALUES (7456, 'Chicken Gyros', 0, false, 1403) ON CONFLICT DO NOTHING;
INSERT INTO option_variant (id, name, recommended_price, is_deleted, group_id) VALUES (7457, 'Pork Gyros', 0, false, 1403) ON CONFLICT DO NOTHING;
INSERT INTO option_variant (id, name, recommended_price, is_deleted, group_id) VALUES (7458, 'Schnitzel Pita', 0, false, 1403) ON CONFLICT DO NOTHING;
INSERT INTO option_variant (id, name, recommended_price, is_deleted, group_id) VALUES (7459, 'Falafel Pita Yougurt', 0, false, 1403) ON CONFLICT DO NOTHING;
INSERT INTO option_variant (id, name, recommended_price, is_deleted, group_id) VALUES (7460, 'Falafel Pita Hummus', 0, false, 1403) ON CONFLICT DO NOTHING;
INSERT INTO option_variant (id, name, recommended_price, is_deleted, group_id) VALUES (7461, 'Truffle Chicken Gyros ', 0, false, 1403) ON CONFLICT DO NOTHING;
INSERT INTO option_group (id, name, is_deleted, max_selection, min_selection, restaurant_id) VALUES (1404, 'Shto pijet', false, 1, 0, 18) ON CONFLICT DO NOTHING;
INSERT INTO option_variant (id, name, recommended_price, is_deleted, group_id) VALUES (7462, 'Selita 0.5L Natyral', 120, false, 1404) ON CONFLICT DO NOTHING;
INSERT INTO option_variant (id, name, recommended_price, is_deleted, group_id) VALUES (7463, 'Selita 0.5l Gaz ', 120, false, 1404) ON CONFLICT DO NOTHING;
INSERT INTO option_variant (id, name, recommended_price, is_deleted, group_id) VALUES (7464, 'Ayran ', 170, false, 1404) ON CONFLICT DO NOTHING;
INSERT INTO option_variant (id, name, recommended_price, is_deleted, group_id) VALUES (7465, 'Coca Cola 0.33 Normale ', 180, false, 1404) ON CONFLICT DO NOTHING;
INSERT INTO option_variant (id, name, recommended_price, is_deleted, group_id) VALUES (7466, 'Coca Cola 0.33 Zero', 180, false, 1404) ON CONFLICT DO NOTHING;
INSERT INTO option_variant (id, name, recommended_price, is_deleted, group_id) VALUES (7467, 'Fanta Ekzotik 0.33', 180, false, 1404) ON CONFLICT DO NOTHING;
INSERT INTO option_variant (id, name, recommended_price, is_deleted, group_id) VALUES (7468, 'Fanta Orange 0.33 ', 180, false, 1404) ON CONFLICT DO NOTHING;
INSERT INTO option_variant (id, name, recommended_price, is_deleted, group_id) VALUES (7469, 'Lipton Ice Tea Lemon 0.33 DEL', 180, false, 1404) ON CONFLICT DO NOTHING;
INSERT INTO option_variant (id, name, recommended_price, is_deleted, group_id) VALUES (7470, 'Lipton Ice Tea Peach 0.33 DEL', 180, false, 1404) ON CONFLICT DO NOTHING;
INSERT INTO option_variant (id, name, recommended_price, is_deleted, group_id) VALUES (7471, 'Schweppes Indian Tonic 0.33L', 180, false, 1404) ON CONFLICT DO NOTHING;
INSERT INTO option_variant (id, name, recommended_price, is_deleted, group_id) VALUES (7472, 'Peja 0.33L ', 300, false, 1404) ON CONFLICT DO NOTHING;
INSERT INTO option_variant (id, name, recommended_price, is_deleted, group_id) VALUES (7473, 'Heineken 0.33 ', 350, false, 1404) ON CONFLICT DO NOTHING;
INSERT INTO option_variant (id, name, recommended_price, is_deleted, group_id) VALUES (7474, 'Korça 0.33L ', 350, false, 1404) ON CONFLICT DO NOTHING;
INSERT INTO option_group (id, name, is_deleted, max_selection, min_selection, restaurant_id) VALUES (1405, 'Choose Your Sauce ', false, 1, 0, 18) ON CONFLICT DO NOTHING;
INSERT INTO option_variant (id, name, recommended_price, is_deleted, group_id) VALUES (7475, 'Ketchup Bustine', 0, false, 1405) ON CONFLICT DO NOTHING;
INSERT INTO option_variant (id, name, recommended_price, is_deleted, group_id) VALUES (7476, 'Mustarde - bustine', 0, false, 1405) ON CONFLICT DO NOTHING;
INSERT INTO option_variant (id, name, recommended_price, is_deleted, group_id) VALUES (7477, 'Sweet chilli & tarragon sauce', 0, false, 1405) ON CONFLICT DO NOTHING;
INSERT INTO option_variant (id, name, recommended_price, is_deleted, group_id) VALUES (7478, 'Chili Garlic Mayo', 0, false, 1405) ON CONFLICT DO NOTHING;
INSERT INTO option_variant (id, name, recommended_price, is_deleted, group_id) VALUES (7479, 'Truffle Mayo', 0, false, 1405) ON CONFLICT DO NOTHING;
INSERT INTO option_variant (id, name, recommended_price, is_deleted, group_id) VALUES (7480, 'Bacon Mayo Sauce', 0, false, 1405) ON CONFLICT DO NOTHING;
INSERT INTO option_variant (id, name, recommended_price, is_deleted, group_id) VALUES (7481, 'Tzatziki Sauce', 0, false, 1405) ON CONFLICT DO NOTHING;
INSERT INTO option_variant (id, name, recommended_price, is_deleted, group_id) VALUES (7482, 'Homemade Pickled Cucumber', 0, false, 1405) ON CONFLICT DO NOTHING;
INSERT INTO option_variant (id, name, recommended_price, is_deleted, group_id) VALUES (7483, 'Cheddar Sauce ', 0, false, 1405) ON CONFLICT DO NOTHING;
INSERT INTO option_variant (id, name, recommended_price, is_deleted, group_id) VALUES (7484, 'Hummus Small', 0, false, 1405) ON CONFLICT DO NOTHING;
INSERT INTO option_variant (id, name, recommended_price, is_deleted, group_id) VALUES (7485, 'Mayonnaise Bustine', 0, false, 1405) ON CONFLICT DO NOTHING;
INSERT INTO option_variant (id, name, recommended_price, is_deleted, group_id) VALUES (7486, 'OPA Mayo', 0, false, 1405) ON CONFLICT DO NOTHING;
INSERT INTO option_variant (id, name, recommended_price, is_deleted, group_id) VALUES (7487, 'Yougurt Sauce ', 0, false, 1405) ON CONFLICT DO NOTHING;
INSERT INTO option_group (id, name, is_deleted, max_selection, min_selection, restaurant_id) VALUES (1406, '4 Halloumi Fingers', false, 1, 0, 18) ON CONFLICT DO NOTHING;
INSERT INTO option_variant (id, name, recommended_price, is_deleted, group_id) VALUES (7488, '4 Halloumi Fingers', 0, false, 1406) ON CONFLICT DO NOTHING;
INSERT INTO option_group (id, name, is_deleted, max_selection, min_selection, restaurant_id) VALUES (1407, 'Drinks for Big', false, 1, 0, 18) ON CONFLICT DO NOTHING;
INSERT INTO option_variant (id, name, recommended_price, is_deleted, group_id) VALUES (7489, 'Selita Uje natyral 0.5l', 0, false, 1407) ON CONFLICT DO NOTHING;
INSERT INTO option_variant (id, name, recommended_price, is_deleted, group_id) VALUES (7490, 'Selita Uje me gaz 0.5l', 0, false, 1407) ON CONFLICT DO NOTHING;
INSERT INTO option_variant (id, name, recommended_price, is_deleted, group_id) VALUES (7491, 'Coca Cola 0.33l', 0, false, 1407) ON CONFLICT DO NOTHING;
INSERT INTO option_variant (id, name, recommended_price, is_deleted, group_id) VALUES (7492, 'Coca Cola Zero 0.33L', 0, false, 1407) ON CONFLICT DO NOTHING;
INSERT INTO option_variant (id, name, recommended_price, is_deleted, group_id) VALUES (7493, 'Fanta Exotic 0.33L', 0, false, 1407) ON CONFLICT DO NOTHING;
INSERT INTO option_variant (id, name, recommended_price, is_deleted, group_id) VALUES (7494, 'Fanta Orange 0.33L', 0, false, 1407) ON CONFLICT DO NOTHING;
INSERT INTO option_variant (id, name, recommended_price, is_deleted, group_id) VALUES (7495, 'Lemon Soda 0.33', 0, false, 1407) ON CONFLICT DO NOTHING;
INSERT INTO option_variant (id, name, recommended_price, is_deleted, group_id) VALUES (7496, 'Orange Soda 0.33', 0, false, 1407) ON CONFLICT DO NOTHING;
INSERT INTO option_variant (id, name, recommended_price, is_deleted, group_id) VALUES (7497, 'Sprite 0.33l', 0, false, 1407) ON CONFLICT DO NOTHING;
INSERT INTO option_variant (id, name, recommended_price, is_deleted, group_id) VALUES (7498, 'Ayran/Dhalle', 0, false, 1407) ON CONFLICT DO NOTHING;
INSERT INTO option_variant (id, name, recommended_price, is_deleted, group_id) VALUES (7499, 'Lipton Ice Tea Peach 0.33', 0, false, 1407) ON CONFLICT DO NOTHING;
INSERT INTO option_variant (id, name, recommended_price, is_deleted, group_id) VALUES (7500, 'Lipton Ice Tea Lemon 0.33', 0, false, 1407) ON CONFLICT DO NOTHING;
INSERT INTO option_variant (id, name, recommended_price, is_deleted, group_id) VALUES (7501, 'Sprite 0.5L Draft', 0, false, 1407) ON CONFLICT DO NOTHING;
INSERT INTO option_variant (id, name, recommended_price, is_deleted, group_id) VALUES (7502, 'Fanta Lemon 0.33L', 0, false, 1407) ON CONFLICT DO NOTHING;
INSERT INTO option_group (id, name, is_deleted, max_selection, min_selection, restaurant_id) VALUES (1408, 'Preferenca e mishit', false, 1, 0, 18) ON CONFLICT DO NOTHING;
INSERT INTO option_variant (id, name, recommended_price, is_deleted, group_id) VALUES (7503, 'Junior Chicken Gyros Combo', 0, false, 1408) ON CONFLICT DO NOTHING;
INSERT INTO option_variant (id, name, recommended_price, is_deleted, group_id) VALUES (7504, 'Junior Pork Gyros Combo', 0, false, 1408) ON CONFLICT DO NOTHING;
INSERT INTO option_group (id, name, is_deleted, max_selection, min_selection, restaurant_id) VALUES (1409, 'Select Fries', false, 1, 0, 18) ON CONFLICT DO NOTHING;
INSERT INTO option_variant (id, name, recommended_price, is_deleted, group_id) VALUES (7505, 'Medium Fries', 0, false, 1409) ON CONFLICT DO NOTHING;
INSERT INTO option_variant (id, name, recommended_price, is_deleted, group_id) VALUES (7506, 'French Fries Large ', 70, false, 1409) ON CONFLICT DO NOTHING;
INSERT INTO option_group (id, name, is_deleted, max_selection, min_selection, restaurant_id) VALUES (1410, 'Crispy Chicken Burger', false, 1, 0, 18) ON CONFLICT DO NOTHING;
INSERT INTO option_variant (id, name, recommended_price, is_deleted, group_id) VALUES (7507, 'Crispy Chicken Burger', 0, false, 1410) ON CONFLICT DO NOTHING;
INSERT INTO option_group (id, name, is_deleted, max_selection, min_selection, restaurant_id) VALUES (1411, 'Crispy Chicken Burger', false, 1, 0, 18) ON CONFLICT DO NOTHING;
INSERT INTO option_variant (id, name, recommended_price, is_deleted, group_id) VALUES (7508, 'Crispy Chicken Burger', 0, false, 1411) ON CONFLICT DO NOTHING;
INSERT INTO option_group (id, name, is_deleted, max_selection, min_selection, restaurant_id) VALUES (1412, 'Shto Sides ', false, 1, 0, 18) ON CONFLICT DO NOTHING;
INSERT INTO option_variant (id, name, recommended_price, is_deleted, group_id) VALUES (7509, 'BBQ Chicken Wings (6 cope)', 400, false, 1412) ON CONFLICT DO NOTHING;
INSERT INTO option_group (id, name, is_deleted, max_selection, min_selection, restaurant_id) VALUES (1413, 'Coca Cola Draft 0.25l or 0.33l', false, 1, 0, 18) ON CONFLICT DO NOTHING;
INSERT INTO option_variant (id, name, recommended_price, is_deleted, group_id) VALUES (7510, 'Selita Uje natyral 0.5l', 0, false, 1413) ON CONFLICT DO NOTHING;
INSERT INTO option_variant (id, name, recommended_price, is_deleted, group_id) VALUES (7511, 'Coca Cola 0.33l', 0, false, 1413) ON CONFLICT DO NOTHING;
INSERT INTO option_variant (id, name, recommended_price, is_deleted, group_id) VALUES (7512, 'Coca Cola Zero 0.33L', 0, false, 1413) ON CONFLICT DO NOTHING;
INSERT INTO option_group (id, name, is_deleted, max_selection, min_selection, restaurant_id) VALUES (1414, 'Shto pijet', false, 1, 0, 18) ON CONFLICT DO NOTHING;
INSERT INTO option_variant (id, name, recommended_price, is_deleted, group_id) VALUES (7513, 'Selita 0.5L Natyral', 120, false, 1414) ON CONFLICT DO NOTHING;
INSERT INTO option_variant (id, name, recommended_price, is_deleted, group_id) VALUES (7514, 'Selita 0.5l Gaz ', 120, false, 1414) ON CONFLICT DO NOTHING;
INSERT INTO option_variant (id, name, recommended_price, is_deleted, group_id) VALUES (7515, 'Ayran ', 170, false, 1414) ON CONFLICT DO NOTHING;
INSERT INTO option_variant (id, name, recommended_price, is_deleted, group_id) VALUES (7516, 'Coca Cola 0.33 Normale ', 180, false, 1414) ON CONFLICT DO NOTHING;
INSERT INTO option_variant (id, name, recommended_price, is_deleted, group_id) VALUES (7517, 'Coca Cola 0.33 Zero', 180, false, 1414) ON CONFLICT DO NOTHING;
INSERT INTO option_variant (id, name, recommended_price, is_deleted, group_id) VALUES (7518, 'Fanta Ekzotik 0.33', 180, false, 1414) ON CONFLICT DO NOTHING;
INSERT INTO option_variant (id, name, recommended_price, is_deleted, group_id) VALUES (7519, 'Fanta Orange 0.33 ', 180, false, 1414) ON CONFLICT DO NOTHING;
INSERT INTO option_variant (id, name, recommended_price, is_deleted, group_id) VALUES (7520, 'Lipton Ice Tea Lemon 0.33 DEL', 180, false, 1414) ON CONFLICT DO NOTHING;
INSERT INTO option_variant (id, name, recommended_price, is_deleted, group_id) VALUES (7521, 'Lipton Ice Tea Peach 0.33 DEL', 180, false, 1414) ON CONFLICT DO NOTHING;
INSERT INTO option_variant (id, name, recommended_price, is_deleted, group_id) VALUES (7522, 'Schweppes Indian Tonic 0.33L', 180, false, 1414) ON CONFLICT DO NOTHING;
INSERT INTO option_variant (id, name, recommended_price, is_deleted, group_id) VALUES (7523, 'Peja 0.33L ', 300, false, 1414) ON CONFLICT DO NOTHING;
INSERT INTO option_variant (id, name, recommended_price, is_deleted, group_id) VALUES (7524, 'Heineken 0.33 ', 350, false, 1414) ON CONFLICT DO NOTHING;
INSERT INTO option_variant (id, name, recommended_price, is_deleted, group_id) VALUES (7525, 'Korça 0.33L ', 350, false, 1414) ON CONFLICT DO NOTHING;
INSERT INTO option_group (id, name, is_deleted, max_selection, min_selection, restaurant_id) VALUES (1415, 'Shto salcë', false, 1, 0, 18) ON CONFLICT DO NOTHING;
INSERT INTO option_variant (id, name, recommended_price, is_deleted, group_id) VALUES (7526, 'Tzatziki Sauce', 50, false, 1415) ON CONFLICT DO NOTHING;
INSERT INTO option_variant (id, name, recommended_price, is_deleted, group_id) VALUES (7527, 'OPA Mayo', 50, false, 1415) ON CONFLICT DO NOTHING;
INSERT INTO option_variant (id, name, recommended_price, is_deleted, group_id) VALUES (7528, 'Chili Garlic Mayo', 50, false, 1415) ON CONFLICT DO NOTHING;
INSERT INTO option_variant (id, name, recommended_price, is_deleted, group_id) VALUES (7529, 'Hummus Small', 50, false, 1415) ON CONFLICT DO NOTHING;
INSERT INTO option_variant (id, name, recommended_price, is_deleted, group_id) VALUES (7530, 'Ketchup Bustine', 20, false, 1415) ON CONFLICT DO NOTHING;
INSERT INTO option_variant (id, name, recommended_price, is_deleted, group_id) VALUES (7531, 'Mustarde - bustine', 20, false, 1415) ON CONFLICT DO NOTHING;
INSERT INTO option_variant (id, name, recommended_price, is_deleted, group_id) VALUES (7532, 'Mayonnaise Bustine', 20, false, 1415) ON CONFLICT DO NOTHING;
INSERT INTO option_variant (id, name, recommended_price, is_deleted, group_id) VALUES (7533, 'Siraca - small', 60, false, 1415) ON CONFLICT DO NOTHING;
INSERT INTO option_variant (id, name, recommended_price, is_deleted, group_id) VALUES (7534, 'Tirokafteri - small', 70, false, 1415) ON CONFLICT DO NOTHING;
INSERT INTO option_variant (id, name, recommended_price, is_deleted, group_id) VALUES (7535, 'Truffle Mayo', 50, false, 1415) ON CONFLICT DO NOTHING;
INSERT INTO option_variant (id, name, recommended_price, is_deleted, group_id) VALUES (7536, 'Cheddar Sauce ', 50, false, 1415) ON CONFLICT DO NOTHING;
INSERT INTO option_variant (id, name, recommended_price, is_deleted, group_id) VALUES (7537, 'Homemade Pickled Cucumber', 50, false, 1415) ON CONFLICT DO NOTHING;
INSERT INTO option_variant (id, name, recommended_price, is_deleted, group_id) VALUES (7538, 'Greekamole', 50, false, 1415) ON CONFLICT DO NOTHING;
INSERT INTO option_variant (id, name, recommended_price, is_deleted, group_id) VALUES (7539, 'Sweet chilli & tarragon sauce', 50, false, 1415) ON CONFLICT DO NOTHING;
INSERT INTO option_group (id, name, is_deleted, max_selection, min_selection, restaurant_id) VALUES (1416, 'Shto Sides ', false, 1, 0, 18) ON CONFLICT DO NOTHING;
INSERT INTO option_variant (id, name, recommended_price, is_deleted, group_id) VALUES (7540, 'BBQ Chicken Wings (6 cope)', 400, false, 1416) ON CONFLICT DO NOTHING;
INSERT INTO option_variant (id, name, recommended_price, is_deleted, group_id) VALUES (7541, 'BBQ Chicken Wings (8 cope)', 570, false, 1416) ON CONFLICT DO NOTHING;
INSERT INTO option_variant (id, name, recommended_price, is_deleted, group_id) VALUES (7542, 'BBQ Chicken Wings (10 cope)', 720, false, 1416) ON CONFLICT DO NOTHING;
INSERT INTO option_variant (id, name, recommended_price, is_deleted, group_id) VALUES (7543, '2 pieces Kackavall Chips', 150, false, 1416) ON CONFLICT DO NOTHING;
INSERT INTO option_variant (id, name, recommended_price, is_deleted, group_id) VALUES (7544, 'Fried Zucchini Balls ', 280, false, 1416) ON CONFLICT DO NOTHING;
INSERT INTO option_variant (id, name, recommended_price, is_deleted, group_id) VALUES (7545, 'Kashkaval Chips', 490, false, 1416) ON CONFLICT DO NOTHING;
INSERT INTO option_variant (id, name, recommended_price, is_deleted, group_id) VALUES (7546, 'Moussaka Croquettes', 300, false, 1416) ON CONFLICT DO NOTHING;
INSERT INTO option_variant (id, name, recommended_price, is_deleted, group_id) VALUES (7547, 'Halloumi chips', 490, false, 1416) ON CONFLICT DO NOTHING;
INSERT INTO option_variant (id, name, recommended_price, is_deleted, group_id) VALUES (7548, 'Greek Fries', 350, false, 1416) ON CONFLICT DO NOTHING;
INSERT INTO option_variant (id, name, recommended_price, is_deleted, group_id) VALUES (7549, 'Bacon Fries', 500, false, 1416) ON CONFLICT DO NOTHING;
INSERT INTO option_variant (id, name, recommended_price, is_deleted, group_id) VALUES (7550, 'Cheddar Fries ', 350, false, 1416) ON CONFLICT DO NOTHING;
INSERT INTO option_group (id, name, is_deleted, max_selection, min_selection, restaurant_id) VALUES (1417, 'Shto Sides ', false, 1, 0, 18) ON CONFLICT DO NOTHING;
INSERT INTO option_variant (id, name, recommended_price, is_deleted, group_id) VALUES (7551, 'BBQ Chicken Wings (6 cope)', 400, false, 1417) ON CONFLICT DO NOTHING;
INSERT INTO option_variant (id, name, recommended_price, is_deleted, group_id) VALUES (7552, 'BBQ Chicken Wings (10 cope)', 720, false, 1417) ON CONFLICT DO NOTHING;
INSERT INTO option_variant (id, name, recommended_price, is_deleted, group_id) VALUES (7553, '2 pieces Kackavall Chips', 150, false, 1417) ON CONFLICT DO NOTHING;
INSERT INTO option_variant (id, name, recommended_price, is_deleted, group_id) VALUES (7554, 'Fried Zucchini Balls ', 280, false, 1417) ON CONFLICT DO NOTHING;
INSERT INTO option_variant (id, name, recommended_price, is_deleted, group_id) VALUES (7555, 'Kashkaval Chips', 490, false, 1417) ON CONFLICT DO NOTHING;
INSERT INTO option_variant (id, name, recommended_price, is_deleted, group_id) VALUES (7556, 'Moussaka Croquettes', 300, false, 1417) ON CONFLICT DO NOTHING;
INSERT INTO option_variant (id, name, recommended_price, is_deleted, group_id) VALUES (7557, 'Halloumi chips', 490, false, 1417) ON CONFLICT DO NOTHING;
INSERT INTO option_variant (id, name, recommended_price, is_deleted, group_id) VALUES (7558, 'Greek Fries', 350, false, 1417) ON CONFLICT DO NOTHING;
INSERT INTO option_variant (id, name, recommended_price, is_deleted, group_id) VALUES (7559, 'Bacon Fries', 500, false, 1417) ON CONFLICT DO NOTHING;
INSERT INTO option_variant (id, name, recommended_price, is_deleted, group_id) VALUES (7560, 'Cheddar Fries ', 350, false, 1417) ON CONFLICT DO NOTHING;
INSERT INTO option_group (id, name, is_deleted, max_selection, min_selection, restaurant_id) VALUES (1418, 'Shto pite', false, 1, 0, 18) ON CONFLICT DO NOTHING;
INSERT INTO option_variant (id, name, recommended_price, is_deleted, group_id) VALUES (7561, 'Pita Extra', 40, false, 1418) ON CONFLICT DO NOTHING;
INSERT INTO option_group (id, name, is_deleted, max_selection, min_selection, restaurant_id) VALUES (1419, 'Crispy Chicken Burger', false, 1, 0, 18) ON CONFLICT DO NOTHING;
INSERT INTO option_variant (id, name, recommended_price, is_deleted, group_id) VALUES (7562, 'Crispy Chicken Burger', 0, false, 1419) ON CONFLICT DO NOTHING;
INSERT INTO option_group (id, name, is_deleted, max_selection, min_selection, restaurant_id) VALUES (1420, 'Shto (Extra)', false, 1, 0, 18) ON CONFLICT DO NOTHING;
INSERT INTO option_variant (id, name, recommended_price, is_deleted, group_id) VALUES (7563, 'Add Crispy Bacon', 150, false, 1420) ON CONFLICT DO NOTHING;
INSERT INTO option_variant (id, name, recommended_price, is_deleted, group_id) VALUES (7564, 'Add Jalapenos', 50, false, 1420) ON CONFLICT DO NOTHING;
INSERT INTO option_variant (id, name, recommended_price, is_deleted, group_id) VALUES (7565, 'Add Cheddar Cheese', 100, false, 1420) ON CONFLICT DO NOTHING;
INSERT INTO option_group (id, name, is_deleted, max_selection, min_selection, restaurant_id) VALUES (1421, 'Shto Sides ', false, 1, 0, 18) ON CONFLICT DO NOTHING;
INSERT INTO option_variant (id, name, recommended_price, is_deleted, group_id) VALUES (7566, 'BBQ Chicken Wings (6 cope)', 400, false, 1421) ON CONFLICT DO NOTHING;
INSERT INTO option_variant (id, name, recommended_price, is_deleted, group_id) VALUES (7567, 'BBQ Chicken Wings (8 cope)', 570, false, 1421) ON CONFLICT DO NOTHING;
INSERT INTO option_variant (id, name, recommended_price, is_deleted, group_id) VALUES (7568, '2 pieces Kackavall Chips', 150, false, 1421) ON CONFLICT DO NOTHING;
INSERT INTO option_variant (id, name, recommended_price, is_deleted, group_id) VALUES (7569, 'Fried Zucchini Balls ', 280, false, 1421) ON CONFLICT DO NOTHING;
INSERT INTO option_variant (id, name, recommended_price, is_deleted, group_id) VALUES (7570, 'Kashkaval Chips', 490, false, 1421) ON CONFLICT DO NOTHING;
INSERT INTO option_variant (id, name, recommended_price, is_deleted, group_id) VALUES (7571, 'Moussaka Croquettes', 300, false, 1421) ON CONFLICT DO NOTHING;
INSERT INTO option_variant (id, name, recommended_price, is_deleted, group_id) VALUES (7572, 'Halloumi chips', 490, false, 1421) ON CONFLICT DO NOTHING;
INSERT INTO option_variant (id, name, recommended_price, is_deleted, group_id) VALUES (7573, 'Greek Fries', 350, false, 1421) ON CONFLICT DO NOTHING;
INSERT INTO option_variant (id, name, recommended_price, is_deleted, group_id) VALUES (7574, 'Bacon Fries', 500, false, 1421) ON CONFLICT DO NOTHING;
INSERT INTO option_variant (id, name, recommended_price, is_deleted, group_id) VALUES (7575, 'Cheddar Fries ', 350, false, 1421) ON CONFLICT DO NOTHING;
INSERT INTO option_group (id, name, is_deleted, max_selection, min_selection, restaurant_id) VALUES (1422, 'Medium Fries', false, 1, 0, 18) ON CONFLICT DO NOTHING;
INSERT INTO option_variant (id, name, recommended_price, is_deleted, group_id) VALUES (7576, 'Medium Fries', 0, false, 1422) ON CONFLICT DO NOTHING;
INSERT INTO option_group (id, name, is_deleted, max_selection, min_selection, restaurant_id) VALUES (1423, 'Shto (Extra)', false, 1, 0, 18) ON CONFLICT DO NOTHING;
INSERT INTO option_variant (id, name, recommended_price, is_deleted, group_id) VALUES (7577, 'Add Cheddar Cheese', 100, false, 1423) ON CONFLICT DO NOTHING;
INSERT INTO option_group (id, name, is_deleted, max_selection, min_selection, restaurant_id) VALUES (1424, 'Coca Cola Draft 0.25l or 0.33l', false, 1, 0, 18) ON CONFLICT DO NOTHING;
INSERT INTO option_variant (id, name, recommended_price, is_deleted, group_id) VALUES (7578, 'Selita Uje natyral 0.5l', 0, false, 1424) ON CONFLICT DO NOTHING;
INSERT INTO option_variant (id, name, recommended_price, is_deleted, group_id) VALUES (7579, 'Coca Cola 0.33l', 0, false, 1424) ON CONFLICT DO NOTHING;
INSERT INTO option_variant (id, name, recommended_price, is_deleted, group_id) VALUES (7580, 'Coca Cola Zero 0.33L', 0, false, 1424) ON CONFLICT DO NOTHING;
INSERT INTO option_group (id, name, is_deleted, max_selection, min_selection, restaurant_id) VALUES (1425, 'Shto Sides ', false, 1, 0, 18) ON CONFLICT DO NOTHING;
INSERT INTO option_variant (id, name, recommended_price, is_deleted, group_id) VALUES (7581, 'BBQ Chicken Wings (8 cope)', 570, false, 1425) ON CONFLICT DO NOTHING;
INSERT INTO option_variant (id, name, recommended_price, is_deleted, group_id) VALUES (7582, 'BBQ Chicken Wings (10 cope)', 720, false, 1425) ON CONFLICT DO NOTHING;
INSERT INTO option_variant (id, name, recommended_price, is_deleted, group_id) VALUES (7583, '2 pieces Kackavall Chips', 150, false, 1425) ON CONFLICT DO NOTHING;
INSERT INTO option_variant (id, name, recommended_price, is_deleted, group_id) VALUES (7584, 'Fried Zucchini Balls ', 280, false, 1425) ON CONFLICT DO NOTHING;
INSERT INTO option_variant (id, name, recommended_price, is_deleted, group_id) VALUES (7585, 'Kashkaval Chips', 490, false, 1425) ON CONFLICT DO NOTHING;
INSERT INTO option_variant (id, name, recommended_price, is_deleted, group_id) VALUES (7586, 'Moussaka Croquettes', 300, false, 1425) ON CONFLICT DO NOTHING;
INSERT INTO option_variant (id, name, recommended_price, is_deleted, group_id) VALUES (7587, 'Halloumi chips', 490, false, 1425) ON CONFLICT DO NOTHING;
INSERT INTO option_variant (id, name, recommended_price, is_deleted, group_id) VALUES (7588, 'Greek Fries', 350, false, 1425) ON CONFLICT DO NOTHING;
INSERT INTO option_variant (id, name, recommended_price, is_deleted, group_id) VALUES (7589, 'Bacon Fries', 500, false, 1425) ON CONFLICT DO NOTHING;
INSERT INTO option_variant (id, name, recommended_price, is_deleted, group_id) VALUES (7590, 'Cheddar Fries ', 350, false, 1425) ON CONFLICT DO NOTHING;
INSERT INTO option_group (id, name, is_deleted, max_selection, min_selection, restaurant_id) VALUES (1426, 'Shto Sides ', false, 1, 0, 18) ON CONFLICT DO NOTHING;
INSERT INTO option_variant (id, name, recommended_price, is_deleted, group_id) VALUES (7591, 'BBQ Chicken Wings (6 cope)', 400, false, 1426) ON CONFLICT DO NOTHING;
INSERT INTO option_variant (id, name, recommended_price, is_deleted, group_id) VALUES (7592, 'BBQ Chicken Wings (8 cope)', 570, false, 1426) ON CONFLICT DO NOTHING;
INSERT INTO option_variant (id, name, recommended_price, is_deleted, group_id) VALUES (7593, 'BBQ Chicken Wings (10 cope)', 720, false, 1426) ON CONFLICT DO NOTHING;
INSERT INTO option_variant (id, name, recommended_price, is_deleted, group_id) VALUES (7594, '2 pieces Kackavall Chips', 150, false, 1426) ON CONFLICT DO NOTHING;
INSERT INTO option_variant (id, name, recommended_price, is_deleted, group_id) VALUES (7595, 'Fried Zucchini Balls ', 280, false, 1426) ON CONFLICT DO NOTHING;
INSERT INTO option_variant (id, name, recommended_price, is_deleted, group_id) VALUES (7596, 'Kashkaval Chips', 490, false, 1426) ON CONFLICT DO NOTHING;
INSERT INTO option_variant (id, name, recommended_price, is_deleted, group_id) VALUES (7597, 'Moussaka Croquettes', 300, false, 1426) ON CONFLICT DO NOTHING;
INSERT INTO option_variant (id, name, recommended_price, is_deleted, group_id) VALUES (7598, 'Halloumi chips', 490, false, 1426) ON CONFLICT DO NOTHING;
INSERT INTO option_variant (id, name, recommended_price, is_deleted, group_id) VALUES (7599, 'Greek Fries', 350, false, 1426) ON CONFLICT DO NOTHING;
INSERT INTO option_variant (id, name, recommended_price, is_deleted, group_id) VALUES (7600, 'Bacon Fries', 500, false, 1426) ON CONFLICT DO NOTHING;
INSERT INTO option_variant (id, name, recommended_price, is_deleted, group_id) VALUES (7601, 'Cheddar Fries ', 350, false, 1426) ON CONFLICT DO NOTHING;
INSERT INTO option_group (id, name, is_deleted, max_selection, min_selection, restaurant_id) VALUES (1427, 'Shto (Extra)', false, 1, 0, 18) ON CONFLICT DO NOTHING;
INSERT INTO option_variant (id, name, recommended_price, is_deleted, group_id) VALUES (7602, 'Add Crispy Bacon', 150, false, 1427) ON CONFLICT DO NOTHING;
INSERT INTO option_variant (id, name, recommended_price, is_deleted, group_id) VALUES (7603, 'Add Jalapenos', 50, false, 1427) ON CONFLICT DO NOTHING;
INSERT INTO option_variant (id, name, recommended_price, is_deleted, group_id) VALUES (7604, 'Add Cheddar Cheese', 100, false, 1427) ON CONFLICT DO NOTHING;
INSERT INTO option_group (id, name, is_deleted, max_selection, min_selection, restaurant_id) VALUES (1428, 'Chicken Skepasti Big', false, 1, 0, 18) ON CONFLICT DO NOTHING;
INSERT INTO option_variant (id, name, recommended_price, is_deleted, group_id) VALUES (7605, 'Chicken Skepasti Big(Bacon Sauce)', 0, false, 1428) ON CONFLICT DO NOTHING;
INSERT INTO option_variant (id, name, recommended_price, is_deleted, group_id) VALUES (7606, 'Chicken Skepasti Big (Sos)', 0, false, 1428) ON CONFLICT DO NOTHING;
INSERT INTO option_group (id, name, is_deleted, max_selection, min_selection, restaurant_id) VALUES (1429, 'BBQ Chicken Wings (6 cope) ', false, 1, 0, 18) ON CONFLICT DO NOTHING;
INSERT INTO option_variant (id, name, recommended_price, is_deleted, group_id) VALUES (7607, 'BBQ Chicken Wings (6 cope)', 0, false, 1429) ON CONFLICT DO NOTHING;
INSERT INTO option_group (id, name, is_deleted, max_selection, min_selection, restaurant_id) VALUES (1430, 'Shto Sides ', false, 1, 0, 18) ON CONFLICT DO NOTHING;
INSERT INTO option_variant (id, name, recommended_price, is_deleted, group_id) VALUES (7608, 'BBQ Chicken Wings (8 cope)', 570, false, 1430) ON CONFLICT DO NOTHING;
INSERT INTO option_variant (id, name, recommended_price, is_deleted, group_id) VALUES (7609, 'BBQ Chicken Wings (10 cope)', 720, false, 1430) ON CONFLICT DO NOTHING;
INSERT INTO option_variant (id, name, recommended_price, is_deleted, group_id) VALUES (7610, '2 pieces Kackavall Chips', 150, false, 1430) ON CONFLICT DO NOTHING;
INSERT INTO option_variant (id, name, recommended_price, is_deleted, group_id) VALUES (7611, 'Fried Zucchini Balls ', 280, false, 1430) ON CONFLICT DO NOTHING;
INSERT INTO option_variant (id, name, recommended_price, is_deleted, group_id) VALUES (7612, 'Kashkaval Chips', 490, false, 1430) ON CONFLICT DO NOTHING;
INSERT INTO option_variant (id, name, recommended_price, is_deleted, group_id) VALUES (7613, 'Moussaka Croquettes', 300, false, 1430) ON CONFLICT DO NOTHING;
INSERT INTO option_variant (id, name, recommended_price, is_deleted, group_id) VALUES (7614, 'Halloumi chips', 490, false, 1430) ON CONFLICT DO NOTHING;
INSERT INTO option_variant (id, name, recommended_price, is_deleted, group_id) VALUES (7615, 'Greek Fries', 350, false, 1430) ON CONFLICT DO NOTHING;
INSERT INTO option_variant (id, name, recommended_price, is_deleted, group_id) VALUES (7616, 'Bacon Fries', 500, false, 1430) ON CONFLICT DO NOTHING;
INSERT INTO option_variant (id, name, recommended_price, is_deleted, group_id) VALUES (7617, 'Cheddar Fries ', 350, false, 1430) ON CONFLICT DO NOTHING;
INSERT INTO option_group (id, name, is_deleted, max_selection, min_selection, restaurant_id) VALUES (1431, 'Zgjidh madhësinë', false, 1, 0, 18) ON CONFLICT DO NOTHING;
INSERT INTO option_variant (id, name, recommended_price, is_deleted, group_id) VALUES (7618, 'Chicken Skepasti DEL (Sos)', 0, false, 1431) ON CONFLICT DO NOTHING;
INSERT INTO option_variant (id, name, recommended_price, is_deleted, group_id) VALUES (7619, 'Chicken Skepasti Big (Sos)', 170, false, 1431) ON CONFLICT DO NOTHING;
INSERT INTO option_group (id, name, is_deleted, max_selection, min_selection, restaurant_id) VALUES (1432, 'Minced Beef Skepasti', false, 1, 0, 18) ON CONFLICT DO NOTHING;
INSERT INTO option_variant (id, name, recommended_price, is_deleted, group_id) VALUES (7620, 'Minced Beef Skepasti', 0, false, 1432) ON CONFLICT DO NOTHING;
INSERT INTO option_group (id, name, is_deleted, max_selection, min_selection, restaurant_id) VALUES (1433, 'BBQ Chicken Wings (8 cope)', false, 1, 0, 18) ON CONFLICT DO NOTHING;
INSERT INTO option_variant (id, name, recommended_price, is_deleted, group_id) VALUES (7621, 'BBQ Chicken Wings (8 cope)', 0, false, 1433) ON CONFLICT DO NOTHING;
INSERT INTO option_group (id, name, is_deleted, max_selection, min_selection, restaurant_id) VALUES (1434, 'Shto Sides ', false, 1, 0, 18) ON CONFLICT DO NOTHING;
INSERT INTO option_variant (id, name, recommended_price, is_deleted, group_id) VALUES (7622, 'BBQ Chicken Wings (6 cope)', 400, false, 1434) ON CONFLICT DO NOTHING;
INSERT INTO option_variant (id, name, recommended_price, is_deleted, group_id) VALUES (7623, 'BBQ Chicken Wings (10 cope)', 720, false, 1434) ON CONFLICT DO NOTHING;
INSERT INTO option_variant (id, name, recommended_price, is_deleted, group_id) VALUES (7624, '2 pieces Kackavall Chips', 150, false, 1434) ON CONFLICT DO NOTHING;
INSERT INTO option_variant (id, name, recommended_price, is_deleted, group_id) VALUES (7625, 'Fried Zucchini Balls ', 280, false, 1434) ON CONFLICT DO NOTHING;
INSERT INTO option_variant (id, name, recommended_price, is_deleted, group_id) VALUES (7626, 'Kashkaval Chips', 490, false, 1434) ON CONFLICT DO NOTHING;
INSERT INTO option_variant (id, name, recommended_price, is_deleted, group_id) VALUES (7627, 'Moussaka Croquettes', 300, false, 1434) ON CONFLICT DO NOTHING;
INSERT INTO option_variant (id, name, recommended_price, is_deleted, group_id) VALUES (7628, 'Halloumi chips', 490, false, 1434) ON CONFLICT DO NOTHING;
INSERT INTO option_variant (id, name, recommended_price, is_deleted, group_id) VALUES (7629, 'Greek Fries', 350, false, 1434) ON CONFLICT DO NOTHING;
INSERT INTO option_variant (id, name, recommended_price, is_deleted, group_id) VALUES (7630, 'Bacon Fries', 500, false, 1434) ON CONFLICT DO NOTHING;
INSERT INTO option_variant (id, name, recommended_price, is_deleted, group_id) VALUES (7631, 'Cheddar Fries ', 350, false, 1434) ON CONFLICT DO NOTHING;
INSERT INTO option_group (id, name, is_deleted, max_selection, min_selection, restaurant_id) VALUES (1435, 'Pork Skepasti Big', false, 1, 0, 18) ON CONFLICT DO NOTHING;
INSERT INTO option_variant (id, name, recommended_price, is_deleted, group_id) VALUES (7632, 'Pork Skepasti Big ', 0, false, 1435) ON CONFLICT DO NOTHING;
INSERT INTO option_group (id, name, is_deleted, max_selection, min_selection, restaurant_id) VALUES (1436, 'Zgjidh madhësinë', false, 1, 0, 18) ON CONFLICT DO NOTHING;
INSERT INTO option_variant (id, name, recommended_price, is_deleted, group_id) VALUES (7633, 'Minced Beef Skepasti', 0, false, 1436) ON CONFLICT DO NOTHING;
INSERT INTO option_variant (id, name, recommended_price, is_deleted, group_id) VALUES (7634, 'Minced Beef Skepasti Big', 200, false, 1436) ON CONFLICT DO NOTHING;
INSERT INTO option_group (id, name, is_deleted, max_selection, min_selection, restaurant_id) VALUES (1437, 'Chicken Skepasti (Bacon Sos or Sos)', false, 1, 0, 18) ON CONFLICT DO NOTHING;
INSERT INTO option_variant (id, name, recommended_price, is_deleted, group_id) VALUES (7635, 'Chicken Skepasti (Bacon Sos)', 0, false, 1437) ON CONFLICT DO NOTHING;
INSERT INTO option_variant (id, name, recommended_price, is_deleted, group_id) VALUES (7636, 'Chicken Skepasti (Sos)', 0, false, 1437) ON CONFLICT DO NOTHING;
INSERT INTO option_group (id, name, is_deleted, max_selection, min_selection, restaurant_id) VALUES (1438, 'Shto Sides ', false, 1, 0, 18) ON CONFLICT DO NOTHING;
INSERT INTO option_variant (id, name, recommended_price, is_deleted, group_id) VALUES (7637, 'BBQ Chicken Wings (6 cope)', 400, false, 1438) ON CONFLICT DO NOTHING;
INSERT INTO option_variant (id, name, recommended_price, is_deleted, group_id) VALUES (7638, 'BBQ Chicken Wings (8 cope)', 570, false, 1438) ON CONFLICT DO NOTHING;
INSERT INTO option_variant (id, name, recommended_price, is_deleted, group_id) VALUES (7639, '2 pieces Kackavall Chips', 150, false, 1438) ON CONFLICT DO NOTHING;
INSERT INTO option_variant (id, name, recommended_price, is_deleted, group_id) VALUES (7640, 'Fried Zucchini Balls ', 280, false, 1438) ON CONFLICT DO NOTHING;
INSERT INTO option_variant (id, name, recommended_price, is_deleted, group_id) VALUES (7641, 'Kashkaval Chips', 490, false, 1438) ON CONFLICT DO NOTHING;
INSERT INTO option_variant (id, name, recommended_price, is_deleted, group_id) VALUES (7642, 'Moussaka Croquettes', 300, false, 1438) ON CONFLICT DO NOTHING;
INSERT INTO option_variant (id, name, recommended_price, is_deleted, group_id) VALUES (7643, 'Halloumi chips', 490, false, 1438) ON CONFLICT DO NOTHING;
INSERT INTO option_variant (id, name, recommended_price, is_deleted, group_id) VALUES (7644, 'Greek Fries', 350, false, 1438) ON CONFLICT DO NOTHING;
INSERT INTO option_variant (id, name, recommended_price, is_deleted, group_id) VALUES (7645, 'Bacon Fries', 500, false, 1438) ON CONFLICT DO NOTHING;
INSERT INTO option_variant (id, name, recommended_price, is_deleted, group_id) VALUES (7646, 'Cheddar Fries ', 350, false, 1438) ON CONFLICT DO NOTHING;
INSERT INTO option_group (id, name, is_deleted, max_selection, min_selection, restaurant_id) VALUES (1439, 'Pork Skepasti', false, 1, 0, 18) ON CONFLICT DO NOTHING;
INSERT INTO option_variant (id, name, recommended_price, is_deleted, group_id) VALUES (7647, 'Pork Skepasti', 0, false, 1439) ON CONFLICT DO NOTHING;
INSERT INTO option_group (id, name, is_deleted, max_selection, min_selection, restaurant_id) VALUES (1440, 'Medium Fries', false, 1, 0, 18) ON CONFLICT DO NOTHING;
INSERT INTO option_variant (id, name, recommended_price, is_deleted, group_id) VALUES (7648, 'Medium Fries', 0, false, 1440) ON CONFLICT DO NOTHING;
INSERT INTO option_group (id, name, is_deleted, max_selection, min_selection, restaurant_id) VALUES (1441, 'Zgjidh madhësinë', false, 1, 0, 18) ON CONFLICT DO NOTHING;
INSERT INTO option_variant (id, name, recommended_price, is_deleted, group_id) VALUES (7649, 'Chicken Skepasti DEL', 0, false, 1441) ON CONFLICT DO NOTHING;
INSERT INTO option_variant (id, name, recommended_price, is_deleted, group_id) VALUES (7650, 'Chicken Skepasti Big(Bacon Sauce)', 170, false, 1441) ON CONFLICT DO NOTHING;
INSERT INTO option_group (id, name, is_deleted, max_selection, min_selection, restaurant_id) VALUES (1442, 'Zgjidh madhësinë', false, 1, 0, 18) ON CONFLICT DO NOTHING;
INSERT INTO option_variant (id, name, recommended_price, is_deleted, group_id) VALUES (7651, 'OPA Smash Burger', 0, false, 1442) ON CONFLICT DO NOTHING;
INSERT INTO option_variant (id, name, recommended_price, is_deleted, group_id) VALUES (7652, 'Double OPA Smash Burger', 230, false, 1442) ON CONFLICT DO NOTHING;
INSERT INTO option_group (id, name, is_deleted, max_selection, min_selection, restaurant_id) VALUES (1443, 'Preferenca e mishit', false, 1, 0, 18) ON CONFLICT DO NOTHING;
INSERT INTO option_variant (id, name, recommended_price, is_deleted, group_id) VALUES (7653, 'Junior Chicken Tortilla Combo', 0, false, 1443) ON CONFLICT DO NOTHING;
INSERT INTO option_variant (id, name, recommended_price, is_deleted, group_id) VALUES (7654, 'Junior Pork Tortilla Combo', 0, false, 1443) ON CONFLICT DO NOTHING;
INSERT INTO option_group (id, name, is_deleted, max_selection, min_selection, restaurant_id) VALUES (1444, 'Zgjidh madhësinë', false, 1, 0, 18) ON CONFLICT DO NOTHING;
INSERT INTO option_variant (id, name, recommended_price, is_deleted, group_id) VALUES (7655, 'Pork Skepasti DEL', 0, false, 1444) ON CONFLICT DO NOTHING;
INSERT INTO option_variant (id, name, recommended_price, is_deleted, group_id) VALUES (7656, 'Pork Skepasti Big ', 170, false, 1444) ON CONFLICT DO NOTHING;
INSERT INTO option_group (id, name, is_deleted, max_selection, min_selection, restaurant_id) VALUES (1445, 'BBQ Chicken Wings (10 cope)', false, 1, 0, 18) ON CONFLICT DO NOTHING;
INSERT INTO option_variant (id, name, recommended_price, is_deleted, group_id) VALUES (7657, 'BBQ Chicken Wings (10 cope)', 0, false, 1445) ON CONFLICT DO NOTHING;
INSERT INTO option_group (id, name, is_deleted, max_selection, min_selection, restaurant_id) VALUES (1446, 'Minced Beef Skepasti Big', false, 1, 0, 18) ON CONFLICT DO NOTHING;
INSERT INTO option_variant (id, name, recommended_price, is_deleted, group_id) VALUES (7658, 'Minced Beef Skepasti Big', 0, false, 1446) ON CONFLICT DO NOTHING;
INSERT INTO option_group (id, name, is_deleted, max_selection, min_selection, restaurant_id) VALUES (1447, 'Preferenca e mishit', false, 1, 0, 18) ON CONFLICT DO NOTHING;
INSERT INTO option_variant (id, name, recommended_price, is_deleted, group_id) VALUES (7659, 'Junior Chicken Gyros Combo', 0, false, 1447) ON CONFLICT DO NOTHING;
INSERT INTO option_variant (id, name, recommended_price, is_deleted, group_id) VALUES (7660, 'Junior Pork Gyros Combo', 0, false, 1447) ON CONFLICT DO NOTHING;
INSERT INTO option_group (id, name, is_deleted, max_selection, min_selection, restaurant_id) VALUES (1448, 'Shto Sides ', false, 1, 0, 18) ON CONFLICT DO NOTHING;
INSERT INTO option_variant (id, name, recommended_price, is_deleted, group_id) VALUES (7661, 'BBQ Chicken Wings (6 cope)', 400, false, 1448) ON CONFLICT DO NOTHING;
INSERT INTO option_variant (id, name, recommended_price, is_deleted, group_id) VALUES (7662, 'BBQ Chicken Wings (8 cope)', 570, false, 1448) ON CONFLICT DO NOTHING;
INSERT INTO option_variant (id, name, recommended_price, is_deleted, group_id) VALUES (7663, 'BBQ Chicken Wings (10 cope)', 720, false, 1448) ON CONFLICT DO NOTHING;
INSERT INTO option_variant (id, name, recommended_price, is_deleted, group_id) VALUES (7664, '2 pieces Kackavall Chips', 150, false, 1448) ON CONFLICT DO NOTHING;
INSERT INTO option_variant (id, name, recommended_price, is_deleted, group_id) VALUES (7665, '2 pieces Halloumi Chips', 150, false, 1448) ON CONFLICT DO NOTHING;
INSERT INTO option_variant (id, name, recommended_price, is_deleted, group_id) VALUES (7666, 'Fried Zucchini Balls DEL', 280, false, 1448) ON CONFLICT DO NOTHING;
INSERT INTO option_variant (id, name, recommended_price, is_deleted, group_id) VALUES (7667, 'Kashkaval Chips', 490, false, 1448) ON CONFLICT DO NOTHING;
INSERT INTO option_variant (id, name, recommended_price, is_deleted, group_id) VALUES (7668, 'Moussaka Croquettes', 300, false, 1448) ON CONFLICT DO NOTHING;
INSERT INTO option_variant (id, name, recommended_price, is_deleted, group_id) VALUES (7669, 'Halloumi chips', 490, false, 1448) ON CONFLICT DO NOTHING;
INSERT INTO option_variant (id, name, recommended_price, is_deleted, group_id) VALUES (7670, 'Greek Fries', 350, false, 1448) ON CONFLICT DO NOTHING;
INSERT INTO option_variant (id, name, recommended_price, is_deleted, group_id) VALUES (7671, 'Bacon Fries', 500, false, 1448) ON CONFLICT DO NOTHING;
INSERT INTO option_variant (id, name, recommended_price, is_deleted, group_id) VALUES (7672, 'Cheddar Fries ', 350, false, 1448) ON CONFLICT DO NOTHING;
INSERT INTO option_group (id, name, is_deleted, max_selection, min_selection, restaurant_id) VALUES (1449, 'Shto pite', false, 1, 0, 18) ON CONFLICT DO NOTHING;
INSERT INTO option_variant (id, name, recommended_price, is_deleted, group_id) VALUES (7673, 'Pita Extra', 40, false, 1449) ON CONFLICT DO NOTHING;
INSERT INTO option_group (id, name, is_deleted, max_selection, min_selection, restaurant_id) VALUES (1450, 'Shto Sides ', false, 1, 0, 18) ON CONFLICT DO NOTHING;
INSERT INTO option_variant (id, name, recommended_price, is_deleted, group_id) VALUES (7674, 'BBQ Chicken Wings (6 cope)', 400, false, 1450) ON CONFLICT DO NOTHING;
INSERT INTO option_variant (id, name, recommended_price, is_deleted, group_id) VALUES (7675, 'BBQ Chicken Wings (8 cope)', 570, false, 1450) ON CONFLICT DO NOTHING;
INSERT INTO option_variant (id, name, recommended_price, is_deleted, group_id) VALUES (7676, 'BBQ Chicken Wings (10 cope)', 720, false, 1450) ON CONFLICT DO NOTHING;
INSERT INTO option_variant (id, name, recommended_price, is_deleted, group_id) VALUES (7677, '2 pieces Kackavall Chips', 150, false, 1450) ON CONFLICT DO NOTHING;
INSERT INTO option_variant (id, name, recommended_price, is_deleted, group_id) VALUES (7678, '2 pieces Halloumi Chips', 150, false, 1450) ON CONFLICT DO NOTHING;
INSERT INTO option_variant (id, name, recommended_price, is_deleted, group_id) VALUES (7679, 'Fried Zucchini Balls DEL', 280, false, 1450) ON CONFLICT DO NOTHING;
INSERT INTO option_variant (id, name, recommended_price, is_deleted, group_id) VALUES (7680, 'Kashkaval Chips', 490, false, 1450) ON CONFLICT DO NOTHING;
INSERT INTO option_variant (id, name, recommended_price, is_deleted, group_id) VALUES (7681, 'Moussaka Croquettes', 300, false, 1450) ON CONFLICT DO NOTHING;
INSERT INTO option_variant (id, name, recommended_price, is_deleted, group_id) VALUES (7682, 'Halloumi chips', 490, false, 1450) ON CONFLICT DO NOTHING;
INSERT INTO option_variant (id, name, recommended_price, is_deleted, group_id) VALUES (7683, 'Greek Fries', 350, false, 1450) ON CONFLICT DO NOTHING;
INSERT INTO option_variant (id, name, recommended_price, is_deleted, group_id) VALUES (7684, 'Bacon Fries', 500, false, 1450) ON CONFLICT DO NOTHING;
INSERT INTO option_variant (id, name, recommended_price, is_deleted, group_id) VALUES (7685, 'Cheddar Fries ', 350, false, 1450) ON CONFLICT DO NOTHING;
INSERT INTO option_group (id, name, is_deleted, max_selection, min_selection, restaurant_id) VALUES (1451, 'Kackavall Chips ', false, 1, 0, 18) ON CONFLICT DO NOTHING;
INSERT INTO option_variant (id, name, recommended_price, is_deleted, group_id) VALUES (7686, 'Kashkaval Chips', 0, false, 1451) ON CONFLICT DO NOTHING;
INSERT INTO option_group (id, name, is_deleted, max_selection, min_selection, restaurant_id) VALUES (1452, 'Patate e vogel', false, 1, 0, 18) ON CONFLICT DO NOTHING;
INSERT INTO option_variant (id, name, recommended_price, is_deleted, group_id) VALUES (7687, 'Small Fries ', 0, false, 1452) ON CONFLICT DO NOTHING;
INSERT INTO option_group (id, name, is_deleted, max_selection, min_selection, restaurant_id) VALUES (1453, 'Tzatziki Racion', false, 1, 0, 18) ON CONFLICT DO NOTHING;
INSERT INTO option_variant (id, name, recommended_price, is_deleted, group_id) VALUES (7688, 'Tzatziki Racion ', 0, false, 1453) ON CONFLICT DO NOTHING;
INSERT INTO option_group (id, name, is_deleted, max_selection, min_selection, restaurant_id) VALUES (1454, 'Zgjidh Sallaten Lunch', false, 1, 0, 18) ON CONFLICT DO NOTHING;
INSERT INTO option_variant (id, name, recommended_price, is_deleted, group_id) VALUES (7689, 'MD Greek Salad', 0, false, 1454) ON CONFLICT DO NOTHING;
INSERT INTO option_variant (id, name, recommended_price, is_deleted, group_id) VALUES (7690, 'MD Greek Ceasar Salad', 0, false, 1454) ON CONFLICT DO NOTHING;
INSERT INTO option_group (id, name, is_deleted, max_selection, min_selection, restaurant_id) VALUES (1455, 'Chicken Gyros', false, 1, 0, 18) ON CONFLICT DO NOTHING;
INSERT INTO option_variant (id, name, recommended_price, is_deleted, group_id) VALUES (7691, 'Chicken Gyros', 0, false, 1455) ON CONFLICT DO NOTHING;
INSERT INTO option_group (id, name, is_deleted, max_selection, min_selection, restaurant_id) VALUES (1456, 'Zgjidh bazën', false, 1, 0, 18) ON CONFLICT DO NOTHING;
INSERT INTO option_variant (id, name, recommended_price, is_deleted, group_id) VALUES (7692, 'Kebab Bowl (Rice)', 0, false, 1456) ON CONFLICT DO NOTHING;
INSERT INTO option_variant (id, name, recommended_price, is_deleted, group_id) VALUES (7693, 'Kebab Bowl (Fries)', 0, false, 1456) ON CONFLICT DO NOTHING;
INSERT INTO option_group (id, name, is_deleted, max_selection, min_selection, restaurant_id) VALUES (1457, 'Zgjidh Protein ', false, 1, 0, 18) ON CONFLICT DO NOTHING;
INSERT INTO option_variant (id, name, recommended_price, is_deleted, group_id) VALUES (7694, 'Gjiro Pule ', 420, false, 1457) ON CONFLICT DO NOTHING;
INSERT INTO option_variant (id, name, recommended_price, is_deleted, group_id) VALUES (7695, 'Gjiro Gici', 440, false, 1457) ON CONFLICT DO NOTHING;
INSERT INTO option_variant (id, name, recommended_price, is_deleted, group_id) VALUES (7696, 'Shnitzel Pule ', 460, false, 1457) ON CONFLICT DO NOTHING;
INSERT INTO option_variant (id, name, recommended_price, is_deleted, group_id) VALUES (7697, '2 Chicken Skewers ', 480, false, 1457) ON CONFLICT DO NOTHING;
INSERT INTO option_variant (id, name, recommended_price, is_deleted, group_id) VALUES (7698, '2 Pork Skewers', 480, false, 1457) ON CONFLICT DO NOTHING;
INSERT INTO option_variant (id, name, recommended_price, is_deleted, group_id) VALUES (7699, '2 Kebab Skewers', 480, false, 1457) ON CONFLICT DO NOTHING;
INSERT INTO option_group (id, name, is_deleted, max_selection, min_selection, restaurant_id) VALUES (1458, 'Zgjidh bazën', false, 1, 0, 18) ON CONFLICT DO NOTHING;
INSERT INTO option_variant (id, name, recommended_price, is_deleted, group_id) VALUES (7700, 'Athena Vegan Bowl (Rice)', 0, false, 1458) ON CONFLICT DO NOTHING;
INSERT INTO option_variant (id, name, recommended_price, is_deleted, group_id) VALUES (7701, 'Athena Vegan Bowl (Fries)', 0, false, 1458) ON CONFLICT DO NOTHING;
INSERT INTO option_group (id, name, is_deleted, max_selection, min_selection, restaurant_id) VALUES (1459, 'Zgjidh bazën', false, 1, 0, 18) ON CONFLICT DO NOTHING;
INSERT INTO option_variant (id, name, recommended_price, is_deleted, group_id) VALUES (7702, 'Leonidas Bowl(Rice) DEL', 0, false, 1459) ON CONFLICT DO NOTHING;
INSERT INTO option_variant (id, name, recommended_price, is_deleted, group_id) VALUES (7703, 'Leonidas Bowl(Fries)DEL', 0, false, 1459) ON CONFLICT DO NOTHING;
INSERT INTO option_group (id, name, is_deleted, max_selection, min_selection, restaurant_id) VALUES (1460, 'Drinks', false, 1, 0, 18) ON CONFLICT DO NOTHING;
INSERT INTO option_variant (id, name, recommended_price, is_deleted, group_id) VALUES (7704, 'Coca Cola 0.33l', 0, false, 1460) ON CONFLICT DO NOTHING;
INSERT INTO option_variant (id, name, recommended_price, is_deleted, group_id) VALUES (7705, 'Selita Uje natyral 0.5l', 0, false, 1460) ON CONFLICT DO NOTHING;
INSERT INTO option_variant (id, name, recommended_price, is_deleted, group_id) VALUES (7706, 'Selita Uje me gaz 0.5l', 0, false, 1460) ON CONFLICT DO NOTHING;
INSERT INTO option_variant (id, name, recommended_price, is_deleted, group_id) VALUES (7707, 'Fanta Lemon 0.33L', 0, false, 1460) ON CONFLICT DO NOTHING;
INSERT INTO option_variant (id, name, recommended_price, is_deleted, group_id) VALUES (7708, 'Fanta Orange 0.33L', 0, false, 1460) ON CONFLICT DO NOTHING;
INSERT INTO option_variant (id, name, recommended_price, is_deleted, group_id) VALUES (7709, 'Fanta Exotic 0.33L', 0, false, 1460) ON CONFLICT DO NOTHING;
INSERT INTO option_variant (id, name, recommended_price, is_deleted, group_id) VALUES (7710, 'Fanta Zero Lemon 0.33L', 0, false, 1460) ON CONFLICT DO NOTHING;
INSERT INTO option_variant (id, name, recommended_price, is_deleted, group_id) VALUES (7711, 'Lemon Soda 0.33', 0, false, 1460) ON CONFLICT DO NOTHING;
INSERT INTO option_variant (id, name, recommended_price, is_deleted, group_id) VALUES (7712, 'Orange Soda 0.33', 0, false, 1460) ON CONFLICT DO NOTHING;
INSERT INTO option_variant (id, name, recommended_price, is_deleted, group_id) VALUES (7713, 'Sprite 0.33l', 0, false, 1460) ON CONFLICT DO NOTHING;
INSERT INTO option_variant (id, name, recommended_price, is_deleted, group_id) VALUES (7714, 'Lipton Ice Tea Lemon 0.33', 0, false, 1460) ON CONFLICT DO NOTHING;
INSERT INTO option_variant (id, name, recommended_price, is_deleted, group_id) VALUES (7715, 'Lipton Ice Tea Peach 0.33', 0, false, 1460) ON CONFLICT DO NOTHING;
INSERT INTO option_group (id, name, is_deleted, max_selection, min_selection, restaurant_id) VALUES (1461, 'Zgjidh bazën', false, 1, 0, 18) ON CONFLICT DO NOTHING;
INSERT INTO option_variant (id, name, recommended_price, is_deleted, group_id) VALUES (7716, 'Pork Gyros Bowl(Rice) DEL', 0, false, 1461) ON CONFLICT DO NOTHING;
INSERT INTO option_variant (id, name, recommended_price, is_deleted, group_id) VALUES (7717, 'Pork Gyros Bowl (Fries) DEL', 0, false, 1461) ON CONFLICT DO NOTHING;
INSERT INTO option_group (id, name, is_deleted, max_selection, min_selection, restaurant_id) VALUES (1462, 'Shto pijet', false, 1, 0, 18) ON CONFLICT DO NOTHING;
INSERT INTO option_variant (id, name, recommended_price, is_deleted, group_id) VALUES (7718, 'Selita 0.5L Natyral DEL ', 120, false, 1462) ON CONFLICT DO NOTHING;
INSERT INTO option_variant (id, name, recommended_price, is_deleted, group_id) VALUES (7719, 'Selita 0.5l Gaz DEL', 120, false, 1462) ON CONFLICT DO NOTHING;
INSERT INTO option_variant (id, name, recommended_price, is_deleted, group_id) VALUES (7720, 'Coca Cola 0.33 Normale DEL', 180, false, 1462) ON CONFLICT DO NOTHING;
INSERT INTO option_variant (id, name, recommended_price, is_deleted, group_id) VALUES (7721, 'Coca Cola 0.33 Zero DEL', 180, false, 1462) ON CONFLICT DO NOTHING;
INSERT INTO option_variant (id, name, recommended_price, is_deleted, group_id) VALUES (7722, 'Fanta Ekzotik 0.33 DEL', 180, false, 1462) ON CONFLICT DO NOTHING;
INSERT INTO option_variant (id, name, recommended_price, is_deleted, group_id) VALUES (7723, 'Fanta Orange 0.33 DEL', 180, false, 1462) ON CONFLICT DO NOTHING;
INSERT INTO option_variant (id, name, recommended_price, is_deleted, group_id) VALUES (7724, 'Lipton Ice Tea Lemon 0.33 DEL', 180, false, 1462) ON CONFLICT DO NOTHING;
INSERT INTO option_variant (id, name, recommended_price, is_deleted, group_id) VALUES (7725, 'Schweppes Indian Tonic 0.33L', 180, false, 1462) ON CONFLICT DO NOTHING;
INSERT INTO option_variant (id, name, recommended_price, is_deleted, group_id) VALUES (7726, 'Peja 0.33L DEL', 300, false, 1462) ON CONFLICT DO NOTHING;
INSERT INTO option_variant (id, name, recommended_price, is_deleted, group_id) VALUES (7727, 'Heineken 0.33 DEL', 350, false, 1462) ON CONFLICT DO NOTHING;
INSERT INTO option_variant (id, name, recommended_price, is_deleted, group_id) VALUES (7728, 'Korça 0.33L DEL', 350, false, 1462) ON CONFLICT DO NOTHING;
INSERT INTO option_group (id, name, is_deleted, max_selection, min_selection, restaurant_id) VALUES (1463, 'Drinks', false, 1, 0, 18) ON CONFLICT DO NOTHING;
INSERT INTO option_variant (id, name, recommended_price, is_deleted, group_id) VALUES (7729, 'Coca Cola 0.33l', 0, false, 1463) ON CONFLICT DO NOTHING;
INSERT INTO option_variant (id, name, recommended_price, is_deleted, group_id) VALUES (7730, 'Selita Uje natyral 0.5l', 0, false, 1463) ON CONFLICT DO NOTHING;
INSERT INTO option_variant (id, name, recommended_price, is_deleted, group_id) VALUES (7731, 'Selita Uje me gaz 0.5l', 0, false, 1463) ON CONFLICT DO NOTHING;
INSERT INTO option_variant (id, name, recommended_price, is_deleted, group_id) VALUES (7732, 'Fanta Lemon 0.33L', 0, false, 1463) ON CONFLICT DO NOTHING;
INSERT INTO option_variant (id, name, recommended_price, is_deleted, group_id) VALUES (7733, 'Fanta Orange 0.33L', 0, false, 1463) ON CONFLICT DO NOTHING;
INSERT INTO option_variant (id, name, recommended_price, is_deleted, group_id) VALUES (7734, 'Fanta Exotic 0.33L', 0, false, 1463) ON CONFLICT DO NOTHING;
INSERT INTO option_variant (id, name, recommended_price, is_deleted, group_id) VALUES (7735, 'Fanta Zero Lemon 0.33L', 0, false, 1463) ON CONFLICT DO NOTHING;
INSERT INTO option_variant (id, name, recommended_price, is_deleted, group_id) VALUES (7736, 'Lemon Soda 0.33', 0, false, 1463) ON CONFLICT DO NOTHING;
INSERT INTO option_variant (id, name, recommended_price, is_deleted, group_id) VALUES (7737, 'Orange Soda 0.33', 0, false, 1463) ON CONFLICT DO NOTHING;
INSERT INTO option_variant (id, name, recommended_price, is_deleted, group_id) VALUES (7738, 'Sprite 0.33l', 0, false, 1463) ON CONFLICT DO NOTHING;
INSERT INTO option_group (id, name, is_deleted, max_selection, min_selection, restaurant_id) VALUES (1464, 'Drinks', false, 1, 0, 18) ON CONFLICT DO NOTHING;
INSERT INTO option_variant (id, name, recommended_price, is_deleted, group_id) VALUES (7739, 'Coca Cola 0.33l', 0, false, 1464) ON CONFLICT DO NOTHING;
INSERT INTO option_variant (id, name, recommended_price, is_deleted, group_id) VALUES (7740, 'Selita Uje natyral 0.5l', 0, false, 1464) ON CONFLICT DO NOTHING;
INSERT INTO option_variant (id, name, recommended_price, is_deleted, group_id) VALUES (7741, 'Selita Uje me gaz 0.5l', 0, false, 1464) ON CONFLICT DO NOTHING;
INSERT INTO option_variant (id, name, recommended_price, is_deleted, group_id) VALUES (7742, 'Fanta Lemon 0.33L', 0, false, 1464) ON CONFLICT DO NOTHING;
INSERT INTO option_variant (id, name, recommended_price, is_deleted, group_id) VALUES (7743, 'Fanta Orange 0.33L', 0, false, 1464) ON CONFLICT DO NOTHING;
INSERT INTO option_variant (id, name, recommended_price, is_deleted, group_id) VALUES (7744, 'Fanta Exotic 0.33L', 0, false, 1464) ON CONFLICT DO NOTHING;
INSERT INTO option_variant (id, name, recommended_price, is_deleted, group_id) VALUES (7745, 'Fanta Zero Lemon 0.33L', 0, false, 1464) ON CONFLICT DO NOTHING;
INSERT INTO option_variant (id, name, recommended_price, is_deleted, group_id) VALUES (7746, 'Lemon Soda 0.33', 0, false, 1464) ON CONFLICT DO NOTHING;
INSERT INTO option_variant (id, name, recommended_price, is_deleted, group_id) VALUES (7747, 'Orange Soda 0.33', 0, false, 1464) ON CONFLICT DO NOTHING;
INSERT INTO option_variant (id, name, recommended_price, is_deleted, group_id) VALUES (7748, 'Sprite 0.33l', 0, false, 1464) ON CONFLICT DO NOTHING;
INSERT INTO option_variant (id, name, recommended_price, is_deleted, group_id) VALUES (7749, 'Lipton Ice Tea Lemon 0.33', 0, false, 1464) ON CONFLICT DO NOTHING;
INSERT INTO option_group (id, name, is_deleted, max_selection, min_selection, restaurant_id) VALUES (1465, 'Drinks for Big', false, 1, 0, 18) ON CONFLICT DO NOTHING;
INSERT INTO option_variant (id, name, recommended_price, is_deleted, group_id) VALUES (7750, 'Selita Uje natyral 0.5l', 0, false, 1465) ON CONFLICT DO NOTHING;
INSERT INTO option_variant (id, name, recommended_price, is_deleted, group_id) VALUES (7751, 'Selita Uje me gaz 0.5l', 0, false, 1465) ON CONFLICT DO NOTHING;
INSERT INTO option_variant (id, name, recommended_price, is_deleted, group_id) VALUES (7752, 'Coca Cola 0.33l', 0, false, 1465) ON CONFLICT DO NOTHING;
INSERT INTO option_variant (id, name, recommended_price, is_deleted, group_id) VALUES (7753, 'Fanta Exotic 0.33L', 0, false, 1465) ON CONFLICT DO NOTHING;
INSERT INTO option_variant (id, name, recommended_price, is_deleted, group_id) VALUES (7754, 'Fanta Orange 0.33L', 0, false, 1465) ON CONFLICT DO NOTHING;
INSERT INTO option_variant (id, name, recommended_price, is_deleted, group_id) VALUES (7755, 'Lemon Soda 0.33', 0, false, 1465) ON CONFLICT DO NOTHING;
INSERT INTO option_variant (id, name, recommended_price, is_deleted, group_id) VALUES (7756, 'Orange Soda 0.33', 0, false, 1465) ON CONFLICT DO NOTHING;
INSERT INTO option_variant (id, name, recommended_price, is_deleted, group_id) VALUES (7757, 'Sprite 0.33l', 0, false, 1465) ON CONFLICT DO NOTHING;
INSERT INTO option_variant (id, name, recommended_price, is_deleted, group_id) VALUES (7758, 'Lipton Ice Tea Peach 0.33', 0, false, 1465) ON CONFLICT DO NOTHING;
INSERT INTO option_variant (id, name, recommended_price, is_deleted, group_id) VALUES (7759, 'Lipton Ice Tea Lemon 0.33', 0, false, 1465) ON CONFLICT DO NOTHING;
INSERT INTO option_variant (id, name, recommended_price, is_deleted, group_id) VALUES (7760, 'Sprite 0.5L Draft', 0, false, 1465) ON CONFLICT DO NOTHING;
INSERT INTO option_variant (id, name, recommended_price, is_deleted, group_id) VALUES (7761, 'Fanta Lemon 0.33L', 0, false, 1465) ON CONFLICT DO NOTHING;
INSERT INTO option_group (id, name, is_deleted, max_selection, min_selection, restaurant_id) VALUES (1466, 'Shto pijet', false, 1, 0, 18) ON CONFLICT DO NOTHING;
INSERT INTO option_variant (id, name, recommended_price, is_deleted, group_id) VALUES (7762, 'Selita 0.5L Natyral DEL ', 120, false, 1466) ON CONFLICT DO NOTHING;
INSERT INTO option_variant (id, name, recommended_price, is_deleted, group_id) VALUES (7763, 'Selita 0.5l Gaz DEL', 120, false, 1466) ON CONFLICT DO NOTHING;
INSERT INTO option_variant (id, name, recommended_price, is_deleted, group_id) VALUES (7764, 'Coca Cola 0.33 Normale DEL', 180, false, 1466) ON CONFLICT DO NOTHING;
INSERT INTO option_variant (id, name, recommended_price, is_deleted, group_id) VALUES (7765, 'Coca Cola 0.33 Zero DEL', 180, false, 1466) ON CONFLICT DO NOTHING;
INSERT INTO option_variant (id, name, recommended_price, is_deleted, group_id) VALUES (7766, 'Fanta Ekzotik 0.33 DEL', 180, false, 1466) ON CONFLICT DO NOTHING;
INSERT INTO option_variant (id, name, recommended_price, is_deleted, group_id) VALUES (7767, 'Fanta Orange 0.33 DEL', 180, false, 1466) ON CONFLICT DO NOTHING;
INSERT INTO option_variant (id, name, recommended_price, is_deleted, group_id) VALUES (7768, 'Lipton Ice Tea Lemon 0.33 DEL', 180, false, 1466) ON CONFLICT DO NOTHING;
INSERT INTO option_variant (id, name, recommended_price, is_deleted, group_id) VALUES (7769, 'Lipton Ice Tea Peach 0.33 DEL', 180, false, 1466) ON CONFLICT DO NOTHING;
INSERT INTO option_variant (id, name, recommended_price, is_deleted, group_id) VALUES (7770, 'Schweppes Indian Tonic 0.33L', 180, false, 1466) ON CONFLICT DO NOTHING;
INSERT INTO option_variant (id, name, recommended_price, is_deleted, group_id) VALUES (7771, 'Peja 0.33L DEL', 300, false, 1466) ON CONFLICT DO NOTHING;
INSERT INTO option_variant (id, name, recommended_price, is_deleted, group_id) VALUES (7772, 'Heineken 0.33 DEL', 350, false, 1466) ON CONFLICT DO NOTHING;
INSERT INTO option_variant (id, name, recommended_price, is_deleted, group_id) VALUES (7773, 'Korça 0.33L DEL', 350, false, 1466) ON CONFLICT DO NOTHING;
INSERT INTO option_group (id, name, is_deleted, max_selection, min_selection, restaurant_id) VALUES (1467, 'Zgjidh Piten Lunch', false, 1, 0, 18) ON CONFLICT DO NOTHING;
INSERT INTO option_variant (id, name, recommended_price, is_deleted, group_id) VALUES (7774, 'Chicken Gyros', 0, false, 1467) ON CONFLICT DO NOTHING;
INSERT INTO option_variant (id, name, recommended_price, is_deleted, group_id) VALUES (7775, 'Pork Gyros', 0, false, 1467) ON CONFLICT DO NOTHING;
INSERT INTO option_variant (id, name, recommended_price, is_deleted, group_id) VALUES (7776, 'Schnitzel Pita', 0, false, 1467) ON CONFLICT DO NOTHING;
INSERT INTO option_variant (id, name, recommended_price, is_deleted, group_id) VALUES (7777, 'Falafel Pita Yougurt', 0, false, 1467) ON CONFLICT DO NOTHING;
INSERT INTO option_variant (id, name, recommended_price, is_deleted, group_id) VALUES (7778, 'Falafel Pita Hummus', 0, false, 1467) ON CONFLICT DO NOTHING;
INSERT INTO option_group (id, name, is_deleted, max_selection, min_selection, restaurant_id) VALUES (1468, 'Zgjidh proteinën', false, 1, 0, 18) ON CONFLICT DO NOTHING;
INSERT INTO option_variant (id, name, recommended_price, is_deleted, group_id) VALUES (7779, 'Gjiro e Hapur Pule ', 0, false, 1468) ON CONFLICT DO NOTHING;
INSERT INTO option_variant (id, name, recommended_price, is_deleted, group_id) VALUES (7780, 'Gjiro e Hapur Gici ', 0, false, 1468) ON CONFLICT DO NOTHING;
INSERT INTO option_group (id, name, is_deleted, max_selection, min_selection, restaurant_id) VALUES (1469, 'Chicken Gyros', false, 1, 0, 18) ON CONFLICT DO NOTHING;
INSERT INTO option_variant (id, name, recommended_price, is_deleted, group_id) VALUES (7781, 'Chicken Gyros', 0, false, 1469) ON CONFLICT DO NOTHING;
INSERT INTO option_group (id, name, is_deleted, max_selection, min_selection, restaurant_id) VALUES (1470, 'Drinks', false, 1, 0, 18) ON CONFLICT DO NOTHING;
INSERT INTO option_variant (id, name, recommended_price, is_deleted, group_id) VALUES (7782, 'Coca Cola 0.33l', 0, false, 1470) ON CONFLICT DO NOTHING;
INSERT INTO option_variant (id, name, recommended_price, is_deleted, group_id) VALUES (7783, 'Selita Uje natyral 0.5l', 0, false, 1470) ON CONFLICT DO NOTHING;
INSERT INTO option_variant (id, name, recommended_price, is_deleted, group_id) VALUES (7784, 'Selita Uje me gaz 0.5l', 0, false, 1470) ON CONFLICT DO NOTHING;
INSERT INTO option_variant (id, name, recommended_price, is_deleted, group_id) VALUES (7785, 'Coca Cola Zero 0.33L', 0, false, 1470) ON CONFLICT DO NOTHING;
INSERT INTO option_variant (id, name, recommended_price, is_deleted, group_id) VALUES (7786, 'Fanta Lemon 0.33L', 0, false, 1470) ON CONFLICT DO NOTHING;
INSERT INTO option_variant (id, name, recommended_price, is_deleted, group_id) VALUES (7787, 'Fanta Orange 0.33L', 0, false, 1470) ON CONFLICT DO NOTHING;
INSERT INTO option_variant (id, name, recommended_price, is_deleted, group_id) VALUES (7788, 'Fanta Exotic 0.33L', 0, false, 1470) ON CONFLICT DO NOTHING;
INSERT INTO option_variant (id, name, recommended_price, is_deleted, group_id) VALUES (7789, 'Lemon Soda 0.33', 0, false, 1470) ON CONFLICT DO NOTHING;
INSERT INTO option_variant (id, name, recommended_price, is_deleted, group_id) VALUES (7790, 'Orange Soda 0.33', 0, false, 1470) ON CONFLICT DO NOTHING;
INSERT INTO option_variant (id, name, recommended_price, is_deleted, group_id) VALUES (7791, 'Sprite 0.33l', 0, false, 1470) ON CONFLICT DO NOTHING;
INSERT INTO option_variant (id, name, recommended_price, is_deleted, group_id) VALUES (7792, 'Lipton Ice Tea Lemon 0.33', 0, false, 1470) ON CONFLICT DO NOTHING;
INSERT INTO option_variant (id, name, recommended_price, is_deleted, group_id) VALUES (7793, 'Lipton Ice Tea Peach 0.33', 0, false, 1470) ON CONFLICT DO NOTHING;
INSERT INTO option_group (id, name, is_deleted, max_selection, min_selection, restaurant_id) VALUES (1471, 'Chicken Doner ', false, 1, 0, 18) ON CONFLICT DO NOTHING;
INSERT INTO option_variant (id, name, recommended_price, is_deleted, group_id) VALUES (7794, 'Chicken Doner ', 0, false, 1471) ON CONFLICT DO NOTHING;
INSERT INTO option_group (id, name, is_deleted, max_selection, min_selection, restaurant_id) VALUES (1472, 'Small Fries ', false, 1, 0, 18) ON CONFLICT DO NOTHING;
INSERT INTO option_variant (id, name, recommended_price, is_deleted, group_id) VALUES (7795, 'Small Fries ', 0, false, 1472) ON CONFLICT DO NOTHING;
INSERT INTO option_group (id, name, is_deleted, max_selection, min_selection, restaurant_id) VALUES (1473, 'Drinks for Big', false, 1, 0, 18) ON CONFLICT DO NOTHING;
INSERT INTO option_variant (id, name, recommended_price, is_deleted, group_id) VALUES (7796, 'Selita Uje natyral 0.5l', 0, false, 1473) ON CONFLICT DO NOTHING;
INSERT INTO option_variant (id, name, recommended_price, is_deleted, group_id) VALUES (7797, 'Selita Uje me gaz 0.5l', 0, false, 1473) ON CONFLICT DO NOTHING;
INSERT INTO option_variant (id, name, recommended_price, is_deleted, group_id) VALUES (7798, 'Coca Cola 0.33l', 0, false, 1473) ON CONFLICT DO NOTHING;
INSERT INTO option_variant (id, name, recommended_price, is_deleted, group_id) VALUES (7799, 'Coca Cola Zero 0.33L', 0, false, 1473) ON CONFLICT DO NOTHING;
INSERT INTO option_variant (id, name, recommended_price, is_deleted, group_id) VALUES (7800, 'Fanta Exotic 0.33L', 0, false, 1473) ON CONFLICT DO NOTHING;
INSERT INTO option_variant (id, name, recommended_price, is_deleted, group_id) VALUES (7801, 'Fanta Orange 0.33L', 0, false, 1473) ON CONFLICT DO NOTHING;
INSERT INTO option_variant (id, name, recommended_price, is_deleted, group_id) VALUES (7802, 'Lemon Soda 0.33', 0, false, 1473) ON CONFLICT DO NOTHING;
INSERT INTO option_variant (id, name, recommended_price, is_deleted, group_id) VALUES (7803, 'Orange Soda 0.33', 0, false, 1473) ON CONFLICT DO NOTHING;
INSERT INTO option_variant (id, name, recommended_price, is_deleted, group_id) VALUES (7804, 'Sprite 0.33l', 0, false, 1473) ON CONFLICT DO NOTHING;
INSERT INTO option_variant (id, name, recommended_price, is_deleted, group_id) VALUES (7805, 'Lipton Ice Tea Peach 0.33', 0, false, 1473) ON CONFLICT DO NOTHING;
INSERT INTO option_variant (id, name, recommended_price, is_deleted, group_id) VALUES (7806, 'Lipton Ice Tea Lemon 0.33', 0, false, 1473) ON CONFLICT DO NOTHING;
INSERT INTO option_variant (id, name, recommended_price, is_deleted, group_id) VALUES (7807, 'Fanta Lemon 0.33L', 0, false, 1473) ON CONFLICT DO NOTHING;
INSERT INTO option_group (id, name, is_deleted, max_selection, min_selection, restaurant_id) VALUES (1474, 'Choose Your Sauce ', false, 1, 0, 18) ON CONFLICT DO NOTHING;
INSERT INTO option_variant (id, name, recommended_price, is_deleted, group_id) VALUES (7808, 'Ketchup Bustine', 0, false, 1474) ON CONFLICT DO NOTHING;
INSERT INTO option_variant (id, name, recommended_price, is_deleted, group_id) VALUES (7809, 'Mustarde - bustine', 0, false, 1474) ON CONFLICT DO NOTHING;
INSERT INTO option_variant (id, name, recommended_price, is_deleted, group_id) VALUES (7810, 'Sweet chilli & tarragon sauce', 0, false, 1474) ON CONFLICT DO NOTHING;
INSERT INTO option_variant (id, name, recommended_price, is_deleted, group_id) VALUES (7811, 'Chili Garlic Mayo', 0, false, 1474) ON CONFLICT DO NOTHING;
INSERT INTO option_variant (id, name, recommended_price, is_deleted, group_id) VALUES (7812, 'Truffle Mayo', 0, false, 1474) ON CONFLICT DO NOTHING;
INSERT INTO option_variant (id, name, recommended_price, is_deleted, group_id) VALUES (7813, 'Bacon Mayo Sauce', 0, false, 1474) ON CONFLICT DO NOTHING;
INSERT INTO option_variant (id, name, recommended_price, is_deleted, group_id) VALUES (7814, 'Tzatziki Sauce', 0, false, 1474) ON CONFLICT DO NOTHING;
INSERT INTO option_variant (id, name, recommended_price, is_deleted, group_id) VALUES (7815, 'Homemade Pickled Cucumber', 0, false, 1474) ON CONFLICT DO NOTHING;
INSERT INTO option_variant (id, name, recommended_price, is_deleted, group_id) VALUES (7816, 'Cheddar Sauce ', 0, false, 1474) ON CONFLICT DO NOTHING;
INSERT INTO option_variant (id, name, recommended_price, is_deleted, group_id) VALUES (7817, 'Hummus Small', 0, false, 1474) ON CONFLICT DO NOTHING;
INSERT INTO option_variant (id, name, recommended_price, is_deleted, group_id) VALUES (7818, 'Mayonnaise Bustine', 0, false, 1474) ON CONFLICT DO NOTHING;
INSERT INTO option_variant (id, name, recommended_price, is_deleted, group_id) VALUES (7819, 'OPA Mayo', 0, false, 1474) ON CONFLICT DO NOTHING;
INSERT INTO option_variant (id, name, recommended_price, is_deleted, group_id) VALUES (7820, 'Yougurt Sauce ', 0, false, 1474) ON CONFLICT DO NOTHING;
INSERT INTO option_group (id, name, is_deleted, max_selection, min_selection, restaurant_id) VALUES (1475, 'Zgjidh madhësinë', false, 1, 0, 18) ON CONFLICT DO NOTHING;
INSERT INTO option_variant (id, name, recommended_price, is_deleted, group_id) VALUES (7821, 'Kebab Pita', 0, false, 1475) ON CONFLICT DO NOTHING;
INSERT INTO option_variant (id, name, recommended_price, is_deleted, group_id) VALUES (7822, 'Kebab Pita Big', 160, false, 1475) ON CONFLICT DO NOTHING;
INSERT INTO option_group (id, name, is_deleted, max_selection, min_selection, restaurant_id) VALUES (1476, 'Bëje vaktin më të madh', false, 1, 0, 18) ON CONFLICT DO NOTHING;
INSERT INTO option_variant (id, name, recommended_price, is_deleted, group_id) VALUES (7823, 'Add Fries& Red Bull', 300, false, 1476) ON CONFLICT DO NOTHING;
INSERT INTO option_variant (id, name, recommended_price, is_deleted, group_id) VALUES (7824, 'Add Fries and Drink 240 all', 240, false, 1476) ON CONFLICT DO NOTHING;
INSERT INTO option_group (id, name, is_deleted, max_selection, min_selection, restaurant_id) VALUES (1477, 'Falafel Pita Big ', false, 1, 0, 18) ON CONFLICT DO NOTHING;
INSERT INTO option_variant (id, name, recommended_price, is_deleted, group_id) VALUES (7825, 'Falafel Pita Big Yougurt', 0, false, 1477) ON CONFLICT DO NOTHING;
INSERT INTO option_variant (id, name, recommended_price, is_deleted, group_id) VALUES (7826, 'Falafel Pita Big Hummus', 0, false, 1477) ON CONFLICT DO NOTHING;
INSERT INTO option_group (id, name, is_deleted, max_selection, min_selection, restaurant_id) VALUES (1478, 'Preferenca e mishit', false, 1, 0, 18) ON CONFLICT DO NOTHING;
INSERT INTO option_variant (id, name, recommended_price, is_deleted, group_id) VALUES (7827, 'Junior Chicken Tortilla Combo', 0, false, 1478) ON CONFLICT DO NOTHING;
INSERT INTO option_group (id, name, is_deleted, max_selection, min_selection, restaurant_id) VALUES (1479, 'Select Fries', false, 1, 0, 18) ON CONFLICT DO NOTHING;
INSERT INTO option_variant (id, name, recommended_price, is_deleted, group_id) VALUES (7828, 'Medium Fries', 0, false, 1479) ON CONFLICT DO NOTHING;
INSERT INTO option_variant (id, name, recommended_price, is_deleted, group_id) VALUES (7829, 'French Fries Large ', 70, false, 1479) ON CONFLICT DO NOTHING;
INSERT INTO option_group (id, name, is_deleted, max_selection, min_selection, restaurant_id) VALUES (1480, 'Zgjidh bazën', false, 1, 0, 18) ON CONFLICT DO NOTHING;
INSERT INTO option_variant (id, name, recommended_price, is_deleted, group_id) VALUES (7830, 'Dias Bowl(Rice) DEL', 0, false, 1480) ON CONFLICT DO NOTHING;
INSERT INTO option_variant (id, name, recommended_price, is_deleted, group_id) VALUES (7831, 'Dias Bowl(Fries) DEL', 0, false, 1480) ON CONFLICT DO NOTHING;
INSERT INTO option_group (id, name, is_deleted, max_selection, min_selection, restaurant_id) VALUES (1481, 'Shto Sides ', false, 1, 0, 18) ON CONFLICT DO NOTHING;
INSERT INTO option_variant (id, name, recommended_price, is_deleted, group_id) VALUES (7832, 'BBQ Chicken Wings (6 cope)', 400, false, 1481) ON CONFLICT DO NOTHING;
INSERT INTO option_variant (id, name, recommended_price, is_deleted, group_id) VALUES (7833, 'BBQ Chicken Wings (8 cope)', 570, false, 1481) ON CONFLICT DO NOTHING;
INSERT INTO option_variant (id, name, recommended_price, is_deleted, group_id) VALUES (7834, 'BBQ Chicken Wings (10 cope)', 720, false, 1481) ON CONFLICT DO NOTHING;
INSERT INTO option_variant (id, name, recommended_price, is_deleted, group_id) VALUES (7835, '2 pieces Kackavall Chips', 150, false, 1481) ON CONFLICT DO NOTHING;
INSERT INTO option_variant (id, name, recommended_price, is_deleted, group_id) VALUES (7836, '2 pieces Halloumi Chips', 150, false, 1481) ON CONFLICT DO NOTHING;
INSERT INTO option_variant (id, name, recommended_price, is_deleted, group_id) VALUES (7837, 'Fried Zucchini Balls DEL', 280, false, 1481) ON CONFLICT DO NOTHING;
INSERT INTO option_variant (id, name, recommended_price, is_deleted, group_id) VALUES (7838, 'Kashkaval Chips', 490, false, 1481) ON CONFLICT DO NOTHING;
INSERT INTO option_variant (id, name, recommended_price, is_deleted, group_id) VALUES (7839, 'Moussaka Croquettes', 300, false, 1481) ON CONFLICT DO NOTHING;
INSERT INTO option_variant (id, name, recommended_price, is_deleted, group_id) VALUES (7840, 'Halloumi chips', 490, false, 1481) ON CONFLICT DO NOTHING;
INSERT INTO option_variant (id, name, recommended_price, is_deleted, group_id) VALUES (7841, 'Greek Fries', 350, false, 1481) ON CONFLICT DO NOTHING;
INSERT INTO option_variant (id, name, recommended_price, is_deleted, group_id) VALUES (7842, 'Bacon Fries', 500, false, 1481) ON CONFLICT DO NOTHING;
INSERT INTO option_variant (id, name, recommended_price, is_deleted, group_id) VALUES (7843, 'Cheddar Fries ', 350, false, 1481) ON CONFLICT DO NOTHING;
INSERT INTO option_group (id, name, is_deleted, max_selection, min_selection, restaurant_id) VALUES (1482, 'Preferenca e mishit', false, 1, 0, 18) ON CONFLICT DO NOTHING;
INSERT INTO option_variant (id, name, recommended_price, is_deleted, group_id) VALUES (7844, 'Junior Chicken Gyros Combo', 0, false, 1482) ON CONFLICT DO NOTHING;
INSERT INTO option_group (id, name, is_deleted, max_selection, min_selection, restaurant_id) VALUES (1483, 'Choose your Loukomades Ruspberry and Pistachio', false, 1, 0, 18) ON CONFLICT DO NOTHING;
INSERT INTO option_variant (id, name, recommended_price, is_deleted, group_id) VALUES (7845, 'Loukomadhes Ruspberry and Pistachio 1/2', 0, false, 1483) ON CONFLICT DO NOTHING;
INSERT INTO option_variant (id, name, recommended_price, is_deleted, group_id) VALUES (7846, 'Loukomadhes Ruspberry and Pistachio', 200, false, 1483) ON CONFLICT DO NOTHING;
INSERT INTO option_group (id, name, is_deleted, max_selection, min_selection, restaurant_id) VALUES (1484, 'Falafel Pita', false, 1, 0, 18) ON CONFLICT DO NOTHING;
INSERT INTO option_variant (id, name, recommended_price, is_deleted, group_id) VALUES (7847, 'Falafel Pita Yougurt', 0, false, 1484) ON CONFLICT DO NOTHING;
INSERT INTO option_variant (id, name, recommended_price, is_deleted, group_id) VALUES (7848, 'Falafel Pita Hummus', 0, false, 1484) ON CONFLICT DO NOTHING;
INSERT INTO option_group (id, name, is_deleted, max_selection, min_selection, restaurant_id) VALUES (1485, 'Zgjidh madhësinë', false, 1, 0, 18) ON CONFLICT DO NOTHING;
INSERT INTO option_variant (id, name, recommended_price, is_deleted, group_id) VALUES (7849, 'Schnitzel Pita', 0, false, 1485) ON CONFLICT DO NOTHING;
INSERT INTO option_variant (id, name, recommended_price, is_deleted, group_id) VALUES (7850, 'Schnitzel Pita Big', 140, false, 1485) ON CONFLICT DO NOTHING;
INSERT INTO option_group (id, name, is_deleted, max_selection, min_selection, restaurant_id) VALUES (1486, 'Zgjidh madhësinë', false, 1, 0, 18) ON CONFLICT DO NOTHING;
INSERT INTO option_variant (id, name, recommended_price, is_deleted, group_id) VALUES (7851, 'Apollo Pita', 0, false, 1486) ON CONFLICT DO NOTHING;
INSERT INTO option_variant (id, name, recommended_price, is_deleted, group_id) VALUES (7852, 'Apollo Pita Big', 100, false, 1486) ON CONFLICT DO NOTHING;
INSERT INTO option_group (id, name, is_deleted, max_selection, min_selection, restaurant_id) VALUES (1487, 'Select Fries', false, 1, 0, 18) ON CONFLICT DO NOTHING;
INSERT INTO option_variant (id, name, recommended_price, is_deleted, group_id) VALUES (7853, 'Medium Fries', 0, false, 1487) ON CONFLICT DO NOTHING;
INSERT INTO option_variant (id, name, recommended_price, is_deleted, group_id) VALUES (7854, 'French Fries Large ', 70, false, 1487) ON CONFLICT DO NOTHING;
INSERT INTO option_group (id, name, is_deleted, max_selection, min_selection, restaurant_id) VALUES (1488, 'Zgjidh madhësinë', false, 1, 0, 18) ON CONFLICT DO NOTHING;
INSERT INTO option_variant (id, name, recommended_price, is_deleted, group_id) VALUES (7855, 'Halloumi Pita', 0, false, 1488) ON CONFLICT DO NOTHING;
INSERT INTO option_variant (id, name, recommended_price, is_deleted, group_id) VALUES (7856, 'Halloumi Pita Big', 150, false, 1488) ON CONFLICT DO NOTHING;
INSERT INTO option_group (id, name, is_deleted, max_selection, min_selection, restaurant_id) VALUES (1489, 'Zgjidh madhësinë', false, 1, 0, 18) ON CONFLICT DO NOTHING;
INSERT INTO option_variant (id, name, recommended_price, is_deleted, group_id) VALUES (7857, 'Chicken Breast Pita', 0, false, 1489) ON CONFLICT DO NOTHING;
INSERT INTO option_variant (id, name, recommended_price, is_deleted, group_id) VALUES (7858, 'Chicken Breast Pita Big', 140, false, 1489) ON CONFLICT DO NOTHING;
INSERT INTO option_group (id, name, is_deleted, max_selection, min_selection, restaurant_id) VALUES (1490, 'Chicken Skepasti (Bacon Sos or Sos)', false, 1, 0, 18) ON CONFLICT DO NOTHING;
INSERT INTO option_variant (id, name, recommended_price, is_deleted, group_id) VALUES (7859, 'Chicken Skepasti (Bacon Sos)', 0, false, 1490) ON CONFLICT DO NOTHING;
INSERT INTO option_variant (id, name, recommended_price, is_deleted, group_id) VALUES (7860, 'Chicken Skepasti (Sos)', 0, false, 1490) ON CONFLICT DO NOTHING;
INSERT INTO option_group (id, name, is_deleted, max_selection, min_selection, restaurant_id) VALUES (1491, 'Zgjidh bazën', false, 1, 0, 18) ON CONFLICT DO NOTHING;
INSERT INTO option_variant (id, name, recommended_price, is_deleted, group_id) VALUES (7861, 'Schnitzel Bowl(Rice) DEL', 0, false, 1491) ON CONFLICT DO NOTHING;
INSERT INTO option_variant (id, name, recommended_price, is_deleted, group_id) VALUES (7862, ' Schnitzel Bowl (Fries) DEL', 0, false, 1491) ON CONFLICT DO NOTHING;
INSERT INTO option_group (id, name, is_deleted, max_selection, min_selection, restaurant_id) VALUES (1492, 'Zgjidh madhësinë', false, 1, 0, 18) ON CONFLICT DO NOTHING;
INSERT INTO option_variant (id, name, recommended_price, is_deleted, group_id) VALUES (7863, 'Hermes', 0, false, 1492) ON CONFLICT DO NOTHING;
INSERT INTO option_variant (id, name, recommended_price, is_deleted, group_id) VALUES (7864, 'Hermes Big', 90, false, 1492) ON CONFLICT DO NOTHING;
INSERT INTO option_group (id, name, is_deleted, max_selection, min_selection, restaurant_id) VALUES (1493, 'Zgjidh madhësinë', false, 1, 0, 18) ON CONFLICT DO NOTHING;
INSERT INTO option_variant (id, name, recommended_price, is_deleted, group_id) VALUES (7865, 'OPA Smash Burger', 0, false, 1493) ON CONFLICT DO NOTHING;
INSERT INTO option_variant (id, name, recommended_price, is_deleted, group_id) VALUES (7866, 'Double OPA Smash Burger', 230, false, 1493) ON CONFLICT DO NOTHING;
INSERT INTO option_group (id, name, is_deleted, max_selection, min_selection, restaurant_id) VALUES (1494, 'Zgjidh madhësinë', false, 1, 0, 18) ON CONFLICT DO NOTHING;
INSERT INTO option_variant (id, name, recommended_price, is_deleted, group_id) VALUES (7867, 'Chicken Gyros DEL', 0, false, 1494) ON CONFLICT DO NOTHING;
INSERT INTO option_variant (id, name, recommended_price, is_deleted, group_id) VALUES (7868, 'Chicken Gyros Big DEL', 110, false, 1494) ON CONFLICT DO NOTHING;
INSERT INTO option_group (id, name, is_deleted, max_selection, min_selection, restaurant_id) VALUES (1495, 'Chicken Skepasti Big', false, 1, 0, 18) ON CONFLICT DO NOTHING;
INSERT INTO option_variant (id, name, recommended_price, is_deleted, group_id) VALUES (7869, 'Chicken Skepasti Big(Bacon Sauce)', 0, false, 1495) ON CONFLICT DO NOTHING;
INSERT INTO option_variant (id, name, recommended_price, is_deleted, group_id) VALUES (7870, 'Chicken Skepasti Big (Sos)', 0, false, 1495) ON CONFLICT DO NOTHING;
INSERT INTO option_group (id, name, is_deleted, max_selection, min_selection, restaurant_id) VALUES (1496, 'Zgjidh madhësinë', false, 1, 0, 18) ON CONFLICT DO NOTHING;
INSERT INTO option_variant (id, name, recommended_price, is_deleted, group_id) VALUES (7871, 'Falafel Pita Yougurt', 0, false, 1496) ON CONFLICT DO NOTHING;
INSERT INTO option_variant (id, name, recommended_price, is_deleted, group_id) VALUES (7872, 'Falafel Pita Big Yougurt', 100, false, 1496) ON CONFLICT DO NOTHING;
INSERT INTO option_group (id, name, is_deleted, max_selection, min_selection, restaurant_id) VALUES (1497, 'Choose your Loukoumades me Nutella Dhe Lajthi', false, 1, 0, 18) ON CONFLICT DO NOTHING;
INSERT INTO option_variant (id, name, recommended_price, is_deleted, group_id) VALUES (7873, 'Loukoumades  with Nutella and Hazelnut 1/2', 0, false, 1497) ON CONFLICT DO NOTHING;
INSERT INTO option_variant (id, name, recommended_price, is_deleted, group_id) VALUES (7874, 'Loukoumades with Nutella and Hazelnut', 200, false, 1497) ON CONFLICT DO NOTHING;
INSERT INTO option_group (id, name, is_deleted, max_selection, min_selection, restaurant_id) VALUES (1498, 'Zgjidh Salcen', false, 1, 0, 18) ON CONFLICT DO NOTHING;
INSERT INTO option_variant (id, name, recommended_price, is_deleted, group_id) VALUES (7875, 'OPA Mayo', 50, false, 1498) ON CONFLICT DO NOTHING;
INSERT INTO option_variant (id, name, recommended_price, is_deleted, group_id) VALUES (7876, 'Chili Garlic Mayo', 50, false, 1498) ON CONFLICT DO NOTHING;
INSERT INTO option_variant (id, name, recommended_price, is_deleted, group_id) VALUES (7877, 'Tzatziki Sauce', 30, false, 1498) ON CONFLICT DO NOTHING;
INSERT INTO option_variant (id, name, recommended_price, is_deleted, group_id) VALUES (7878, 'Greekamole', 50, false, 1498) ON CONFLICT DO NOTHING;
INSERT INTO option_variant (id, name, recommended_price, is_deleted, group_id) VALUES (7879, 'Yougurt Sauce ', 50, false, 1498) ON CONFLICT DO NOTHING;
INSERT INTO option_variant (id, name, recommended_price, is_deleted, group_id) VALUES (7880, 'Bacon Mayo Sauce', 50, false, 1498) ON CONFLICT DO NOTHING;
INSERT INTO option_group (id, name, is_deleted, max_selection, min_selection, restaurant_id) VALUES (1499, 'Zgjidh bazën', false, 1, 0, 18) ON CONFLICT DO NOTHING;
INSERT INTO option_variant (id, name, recommended_price, is_deleted, group_id) VALUES (7881, 'Chicken Gyros Bowl(Rice) DEL', 0, false, 1499) ON CONFLICT DO NOTHING;
INSERT INTO option_variant (id, name, recommended_price, is_deleted, group_id) VALUES (7882, 'Chicken Gyros Bowl(Fries) DEL', 0, false, 1499) ON CONFLICT DO NOTHING;
INSERT INTO option_group (id, name, is_deleted, max_selection, min_selection, restaurant_id) VALUES (1500, 'Shto (Extra)', false, 1, 0, 18) ON CONFLICT DO NOTHING;
INSERT INTO option_variant (id, name, recommended_price, is_deleted, group_id) VALUES (7883, 'Add Crispy Bacon', 150, false, 1500) ON CONFLICT DO NOTHING;
INSERT INTO option_variant (id, name, recommended_price, is_deleted, group_id) VALUES (7884, 'Add Jalapenos', 50, false, 1500) ON CONFLICT DO NOTHING;
INSERT INTO option_variant (id, name, recommended_price, is_deleted, group_id) VALUES (7885, 'Add Cheddar Cheese', 100, false, 1500) ON CONFLICT DO NOTHING;
INSERT INTO option_group (id, name, is_deleted, max_selection, min_selection, restaurant_id) VALUES (1501, 'Shto Sides ', false, 1, 0, 18) ON CONFLICT DO NOTHING;
INSERT INTO option_variant (id, name, recommended_price, is_deleted, group_id) VALUES (7886, 'BBQ Chicken Wings (6 cope)', 400, false, 1501) ON CONFLICT DO NOTHING;
INSERT INTO option_variant (id, name, recommended_price, is_deleted, group_id) VALUES (7887, 'BBQ Chicken Wings (10 cope)', 720, false, 1501) ON CONFLICT DO NOTHING;
INSERT INTO option_variant (id, name, recommended_price, is_deleted, group_id) VALUES (7888, '2 pieces Kackavall Chips', 150, false, 1501) ON CONFLICT DO NOTHING;
INSERT INTO option_variant (id, name, recommended_price, is_deleted, group_id) VALUES (7889, '2 pieces Halloumi Chips', 150, false, 1501) ON CONFLICT DO NOTHING;
INSERT INTO option_variant (id, name, recommended_price, is_deleted, group_id) VALUES (7890, 'Fried Zucchini Balls DEL', 280, false, 1501) ON CONFLICT DO NOTHING;
INSERT INTO option_variant (id, name, recommended_price, is_deleted, group_id) VALUES (7891, 'Kashkaval Chips', 490, false, 1501) ON CONFLICT DO NOTHING;
INSERT INTO option_variant (id, name, recommended_price, is_deleted, group_id) VALUES (7892, 'Moussaka Croquettes', 300, false, 1501) ON CONFLICT DO NOTHING;
INSERT INTO option_variant (id, name, recommended_price, is_deleted, group_id) VALUES (7893, 'Halloumi chips', 490, false, 1501) ON CONFLICT DO NOTHING;
INSERT INTO option_variant (id, name, recommended_price, is_deleted, group_id) VALUES (7894, 'Greek Fries', 350, false, 1501) ON CONFLICT DO NOTHING;
INSERT INTO option_variant (id, name, recommended_price, is_deleted, group_id) VALUES (7895, 'Bacon Fries', 500, false, 1501) ON CONFLICT DO NOTHING;
INSERT INTO option_variant (id, name, recommended_price, is_deleted, group_id) VALUES (7896, 'Cheddar Fries ', 350, false, 1501) ON CONFLICT DO NOTHING;
INSERT INTO option_group (id, name, is_deleted, max_selection, min_selection, restaurant_id) VALUES (1502, 'Shto Sides ', false, 1, 0, 18) ON CONFLICT DO NOTHING;
INSERT INTO option_variant (id, name, recommended_price, is_deleted, group_id) VALUES (7897, 'BBQ Chicken Wings (6 cope)', 400, false, 1502) ON CONFLICT DO NOTHING;
INSERT INTO option_variant (id, name, recommended_price, is_deleted, group_id) VALUES (7898, 'BBQ Chicken Wings (8 cope)', 570, false, 1502) ON CONFLICT DO NOTHING;
INSERT INTO option_variant (id, name, recommended_price, is_deleted, group_id) VALUES (7899, '2 pieces Kackavall Chips', 150, false, 1502) ON CONFLICT DO NOTHING;
INSERT INTO option_variant (id, name, recommended_price, is_deleted, group_id) VALUES (7900, '2 pieces Halloumi Chips', 150, false, 1502) ON CONFLICT DO NOTHING;
INSERT INTO option_variant (id, name, recommended_price, is_deleted, group_id) VALUES (7901, 'Fried Zucchini Balls DEL', 280, false, 1502) ON CONFLICT DO NOTHING;
INSERT INTO option_variant (id, name, recommended_price, is_deleted, group_id) VALUES (7902, 'Kashkaval Chips', 490, false, 1502) ON CONFLICT DO NOTHING;
INSERT INTO option_variant (id, name, recommended_price, is_deleted, group_id) VALUES (7903, 'Moussaka Croquettes', 300, false, 1502) ON CONFLICT DO NOTHING;
INSERT INTO option_variant (id, name, recommended_price, is_deleted, group_id) VALUES (7904, 'Halloumi chips', 490, false, 1502) ON CONFLICT DO NOTHING;
INSERT INTO option_variant (id, name, recommended_price, is_deleted, group_id) VALUES (7905, 'Greek Fries', 350, false, 1502) ON CONFLICT DO NOTHING;
INSERT INTO option_variant (id, name, recommended_price, is_deleted, group_id) VALUES (7906, 'Bacon Fries', 500, false, 1502) ON CONFLICT DO NOTHING;
INSERT INTO option_variant (id, name, recommended_price, is_deleted, group_id) VALUES (7907, 'Cheddar Fries ', 350, false, 1502) ON CONFLICT DO NOTHING;
INSERT INTO option_group (id, name, is_deleted, max_selection, min_selection, restaurant_id) VALUES (1503, 'Zgjidh madhësinë', false, 1, 0, 18) ON CONFLICT DO NOTHING;
INSERT INTO option_variant (id, name, recommended_price, is_deleted, group_id) VALUES (7908, 'Zeus', 0, false, 1503) ON CONFLICT DO NOTHING;
INSERT INTO option_variant (id, name, recommended_price, is_deleted, group_id) VALUES (7909, 'Zeus Big', 60, false, 1503) ON CONFLICT DO NOTHING;
INSERT INTO option_group (id, name, is_deleted, max_selection, min_selection, restaurant_id) VALUES (1504, 'Zgjidh Sides', false, 1, 0, 18) ON CONFLICT DO NOTHING;
INSERT INTO option_variant (id, name, recommended_price, is_deleted, group_id) VALUES (7910, 'Oriz', 70, false, 1504) ON CONFLICT DO NOTHING;
INSERT INTO option_variant (id, name, recommended_price, is_deleted, group_id) VALUES (7911, 'Patate', 70, false, 1504) ON CONFLICT DO NOTHING;
INSERT INTO option_variant (id, name, recommended_price, is_deleted, group_id) VALUES (7912, 'Sallate Greke', 70, false, 1504) ON CONFLICT DO NOTHING;
INSERT INTO option_variant (id, name, recommended_price, is_deleted, group_id) VALUES (7913, 'Patate Crinkle', 90, false, 1504) ON CONFLICT DO NOTHING;
INSERT INTO option_variant (id, name, recommended_price, is_deleted, group_id) VALUES (7914, 'Traditional Pita', 40, false, 1504) ON CONFLICT DO NOTHING;
INSERT INTO option_group (id, name, is_deleted, max_selection, min_selection, restaurant_id) VALUES (1505, 'Shto Sides ', false, 1, 0, 18) ON CONFLICT DO NOTHING;
INSERT INTO option_variant (id, name, recommended_price, is_deleted, group_id) VALUES (7915, 'BBQ Chicken Wings (8 cope)', 570, false, 1505) ON CONFLICT DO NOTHING;
INSERT INTO option_variant (id, name, recommended_price, is_deleted, group_id) VALUES (7916, 'BBQ Chicken Wings (10 cope)', 720, false, 1505) ON CONFLICT DO NOTHING;
INSERT INTO option_variant (id, name, recommended_price, is_deleted, group_id) VALUES (7917, '2 pieces Kackavall Chips', 150, false, 1505) ON CONFLICT DO NOTHING;
INSERT INTO option_variant (id, name, recommended_price, is_deleted, group_id) VALUES (7918, '2 pieces Halloumi Chips', 150, false, 1505) ON CONFLICT DO NOTHING;
INSERT INTO option_variant (id, name, recommended_price, is_deleted, group_id) VALUES (7919, 'Fried Zucchini Balls DEL', 280, false, 1505) ON CONFLICT DO NOTHING;
INSERT INTO option_variant (id, name, recommended_price, is_deleted, group_id) VALUES (7920, 'Kashkaval Chips', 490, false, 1505) ON CONFLICT DO NOTHING;
INSERT INTO option_variant (id, name, recommended_price, is_deleted, group_id) VALUES (7921, 'Moussaka Croquettes', 300, false, 1505) ON CONFLICT DO NOTHING;
INSERT INTO option_variant (id, name, recommended_price, is_deleted, group_id) VALUES (7922, 'Halloumi chips', 490, false, 1505) ON CONFLICT DO NOTHING;
INSERT INTO option_variant (id, name, recommended_price, is_deleted, group_id) VALUES (7923, 'Greek Fries', 350, false, 1505) ON CONFLICT DO NOTHING;
INSERT INTO option_variant (id, name, recommended_price, is_deleted, group_id) VALUES (7924, 'Bacon Fries', 500, false, 1505) ON CONFLICT DO NOTHING;
INSERT INTO option_variant (id, name, recommended_price, is_deleted, group_id) VALUES (7925, 'Cheddar Fries ', 350, false, 1505) ON CONFLICT DO NOTHING;
INSERT INTO option_group (id, name, is_deleted, max_selection, min_selection, restaurant_id) VALUES (1506, 'Zgjidh madhësinë', false, 1, 0, 18) ON CONFLICT DO NOTHING;
INSERT INTO option_variant (id, name, recommended_price, is_deleted, group_id) VALUES (7926, 'Pork Skepasti DEL', 0, false, 1506) ON CONFLICT DO NOTHING;
INSERT INTO option_variant (id, name, recommended_price, is_deleted, group_id) VALUES (7927, 'Pork Skepasti Big ', 170, false, 1506) ON CONFLICT DO NOTHING;
INSERT INTO option_group (id, name, is_deleted, max_selection, min_selection, restaurant_id) VALUES (1507, 'Zgjidh madhësinë', false, 1, 0, 18) ON CONFLICT DO NOTHING;
INSERT INTO option_variant (id, name, recommended_price, is_deleted, group_id) VALUES (7928, 'Truffle Chicken Gyros ', 0, false, 1507) ON CONFLICT DO NOTHING;
INSERT INTO option_variant (id, name, recommended_price, is_deleted, group_id) VALUES (7929, 'Truffle Chicken Gyros Big ', 120, false, 1507) ON CONFLICT DO NOTHING;
INSERT INTO option_group (id, name, is_deleted, max_selection, min_selection, restaurant_id) VALUES (1508, 'Zgjidh madhësinë', false, 1, 0, 18) ON CONFLICT DO NOTHING;
INSERT INTO option_variant (id, name, recommended_price, is_deleted, group_id) VALUES (7930, 'Minced Beef Skepasti', 0, false, 1508) ON CONFLICT DO NOTHING;
INSERT INTO option_variant (id, name, recommended_price, is_deleted, group_id) VALUES (7931, 'Minced Beef Skepasti Big', 200, false, 1508) ON CONFLICT DO NOTHING;
INSERT INTO option_group (id, name, is_deleted, max_selection, min_selection, restaurant_id) VALUES (1509, 'Zgjidh madhësinë', false, 1, 0, 18) ON CONFLICT DO NOTHING;
INSERT INTO option_variant (id, name, recommended_price, is_deleted, group_id) VALUES (7932, 'Eros', 0, false, 1509) ON CONFLICT DO NOTHING;
INSERT INTO option_variant (id, name, recommended_price, is_deleted, group_id) VALUES (7933, 'Eros Big ', 130, false, 1509) ON CONFLICT DO NOTHING;
INSERT INTO option_group (id, name, is_deleted, max_selection, min_selection, restaurant_id) VALUES (1510, 'Zgjidh madhësinë', false, 1, 0, 18) ON CONFLICT DO NOTHING;
INSERT INTO option_variant (id, name, recommended_price, is_deleted, group_id) VALUES (7934, 'Pork Gyros DEL', 0, false, 1510) ON CONFLICT DO NOTHING;
INSERT INTO option_variant (id, name, recommended_price, is_deleted, group_id) VALUES (7935, 'Pork Gyros Big DEL', 100, false, 1510) ON CONFLICT DO NOTHING;
INSERT INTO option_group (id, name, is_deleted, max_selection, min_selection, restaurant_id) VALUES (1511, 'Zgjidh madhësinë', false, 1, 0, 18) ON CONFLICT DO NOTHING;
INSERT INTO option_variant (id, name, recommended_price, is_deleted, group_id) VALUES (7936, 'Chicken Skepasti DEL', 0, false, 1511) ON CONFLICT DO NOTHING;
INSERT INTO option_variant (id, name, recommended_price, is_deleted, group_id) VALUES (7937, 'Chicken Skepasti Big(Bacon Sauce)', 170, false, 1511) ON CONFLICT DO NOTHING;
INSERT INTO option_group (id, name, is_deleted, max_selection, min_selection, restaurant_id) VALUES (1512, 'Zgjidh madhësinë', false, 1, 0, 18) ON CONFLICT DO NOTHING;
INSERT INTO option_variant (id, name, recommended_price, is_deleted, group_id) VALUES (7938, 'Chicken Skepasti DEL (Sos)', 0, false, 1512) ON CONFLICT DO NOTHING;
INSERT INTO option_variant (id, name, recommended_price, is_deleted, group_id) VALUES (7939, 'Chicken Skepasti Big (Sos)', 170, false, 1512) ON CONFLICT DO NOTHING;
INSERT INTO option_group (id, name, is_deleted, max_selection, min_selection, restaurant_id) VALUES (1513, 'Choose your Loukomades me Mjalte dhe Arra', false, 1, 0, 18) ON CONFLICT DO NOTHING;
INSERT INTO option_variant (id, name, recommended_price, is_deleted, group_id) VALUES (7940, 'Loukoumades with Hoeny and Huts   1/2', 0, false, 1513) ON CONFLICT DO NOTHING;
INSERT INTO option_variant (id, name, recommended_price, is_deleted, group_id) VALUES (7941, 'Loukoumades with Honey and Nuts', 200, false, 1513) ON CONFLICT DO NOTHING;
INSERT INTO option_group (id, name, is_deleted, max_selection, min_selection, restaurant_id) VALUES (1514, 'Zgjidh madhësinë', false, 1, 0, 18) ON CONFLICT DO NOTHING;
INSERT INTO option_variant (id, name, recommended_price, is_deleted, group_id) VALUES (7942, 'Falafel Pita Hummus', 0, false, 1514) ON CONFLICT DO NOTHING;
INSERT INTO option_variant (id, name, recommended_price, is_deleted, group_id) VALUES (7943, 'Falafel Pita Big Hummus', 100, false, 1514) ON CONFLICT DO NOTHING;
INSERT INTO option_group (id, name, is_deleted, max_selection, min_selection, restaurant_id) VALUES (1515, 'Shto Sides ', false, 1, 0, 18) ON CONFLICT DO NOTHING;
INSERT INTO option_variant (id, name, recommended_price, is_deleted, group_id) VALUES (7944, 'BBQ Chicken Wings (6 cope)', 400, false, 1515) ON CONFLICT DO NOTHING;
INSERT INTO option_variant (id, name, recommended_price, is_deleted, group_id) VALUES (7945, 'BBQ Chicken Wings (8 cope)', 570, false, 1515) ON CONFLICT DO NOTHING;
INSERT INTO option_variant (id, name, recommended_price, is_deleted, group_id) VALUES (7946, 'BBQ Chicken Wings (10 cope)', 720, false, 1515) ON CONFLICT DO NOTHING;
INSERT INTO option_variant (id, name, recommended_price, is_deleted, group_id) VALUES (7947, '2 pieces Kackavall Chips', 150, false, 1515) ON CONFLICT DO NOTHING;
INSERT INTO option_variant (id, name, recommended_price, is_deleted, group_id) VALUES (7948, '2 pieces Halloumi Chips', 150, false, 1515) ON CONFLICT DO NOTHING;
INSERT INTO option_variant (id, name, recommended_price, is_deleted, group_id) VALUES (7949, 'Fried Zucchini Balls DEL', 280, false, 1515) ON CONFLICT DO NOTHING;
INSERT INTO option_variant (id, name, recommended_price, is_deleted, group_id) VALUES (7950, 'Kashkaval Chips', 490, false, 1515) ON CONFLICT DO NOTHING;
INSERT INTO option_variant (id, name, recommended_price, is_deleted, group_id) VALUES (7951, 'Moussaka Croquettes', 300, false, 1515) ON CONFLICT DO NOTHING;
INSERT INTO option_variant (id, name, recommended_price, is_deleted, group_id) VALUES (7952, 'Halloumi chips', 490, false, 1515) ON CONFLICT DO NOTHING;
INSERT INTO option_variant (id, name, recommended_price, is_deleted, group_id) VALUES (7953, 'Greek Fries', 350, false, 1515) ON CONFLICT DO NOTHING;
INSERT INTO option_variant (id, name, recommended_price, is_deleted, group_id) VALUES (7954, 'Bacon Fries', 500, false, 1515) ON CONFLICT DO NOTHING;
INSERT INTO option_variant (id, name, recommended_price, is_deleted, group_id) VALUES (7955, 'Cheddar Fries ', 350, false, 1515) ON CONFLICT DO NOTHING;
INSERT INTO option_group (id, name, is_deleted, max_selection, min_selection, restaurant_id) VALUES (1516, 'Shto Sides ', false, 1, 0, 18) ON CONFLICT DO NOTHING;
INSERT INTO option_variant (id, name, recommended_price, is_deleted, group_id) VALUES (7956, 'BBQ Chicken Wings (6 cope)', 400, false, 1516) ON CONFLICT DO NOTHING;
INSERT INTO option_variant (id, name, recommended_price, is_deleted, group_id) VALUES (7957, 'BBQ Chicken Wings (8 cope)', 570, false, 1516) ON CONFLICT DO NOTHING;
INSERT INTO option_variant (id, name, recommended_price, is_deleted, group_id) VALUES (7958, 'BBQ Chicken Wings (10 cope)', 720, false, 1516) ON CONFLICT DO NOTHING;
INSERT INTO option_variant (id, name, recommended_price, is_deleted, group_id) VALUES (7959, '2 pieces Kackavall Chips', 150, false, 1516) ON CONFLICT DO NOTHING;
INSERT INTO option_variant (id, name, recommended_price, is_deleted, group_id) VALUES (7960, '2 pieces Halloumi Chips', 150, false, 1516) ON CONFLICT DO NOTHING;
INSERT INTO option_variant (id, name, recommended_price, is_deleted, group_id) VALUES (7961, 'Fried Zucchini Balls DEL', 280, false, 1516) ON CONFLICT DO NOTHING;
INSERT INTO option_variant (id, name, recommended_price, is_deleted, group_id) VALUES (7962, 'Kashkaval Chips', 490, false, 1516) ON CONFLICT DO NOTHING;
INSERT INTO option_variant (id, name, recommended_price, is_deleted, group_id) VALUES (7963, 'Moussaka Croquettes', 300, false, 1516) ON CONFLICT DO NOTHING;
INSERT INTO option_variant (id, name, recommended_price, is_deleted, group_id) VALUES (7964, 'Halloumi chips', 490, false, 1516) ON CONFLICT DO NOTHING;
INSERT INTO option_variant (id, name, recommended_price, is_deleted, group_id) VALUES (7965, 'Greek Fries', 350, false, 1516) ON CONFLICT DO NOTHING;
INSERT INTO option_variant (id, name, recommended_price, is_deleted, group_id) VALUES (7966, 'Bacon Fries', 500, false, 1516) ON CONFLICT DO NOTHING;
INSERT INTO option_variant (id, name, recommended_price, is_deleted, group_id) VALUES (7967, 'Cheddar Fries ', 350, false, 1516) ON CONFLICT DO NOTHING;
INSERT INTO option_group (id, name, is_deleted, max_selection, min_selection, restaurant_id) VALUES (1517, 'Choose your Gaia', false, 1, 0, 18) ON CONFLICT DO NOTHING;
INSERT INTO option_variant (id, name, recommended_price, is_deleted, group_id) VALUES (7968, 'Gaia', 0, false, 1517) ON CONFLICT DO NOTHING;
INSERT INTO option_variant (id, name, recommended_price, is_deleted, group_id) VALUES (7969, 'Gaia Big', 60, false, 1517) ON CONFLICT DO NOTHING;
INSERT INTO option_group (id, name, is_deleted, max_selection, min_selection, restaurant_id) VALUES (1518, 'Select Fries 1', false, 1, 0, 18) ON CONFLICT DO NOTHING;
INSERT INTO option_variant (id, name, recommended_price, is_deleted, group_id) VALUES (7970, 'Large Fries ', 70, false, 1518) ON CONFLICT DO NOTHING;
INSERT INTO option_variant (id, name, recommended_price, is_deleted, group_id) VALUES (7971, 'No Extra Fries ', 0, false, 1518) ON CONFLICT DO NOTHING;
INSERT INTO option_group (id, name, is_deleted, max_selection, min_selection, restaurant_id) VALUES (1519, 'Shto Sides ', false, 1, 0, 18) ON CONFLICT DO NOTHING;
INSERT INTO option_variant (id, name, recommended_price, is_deleted, group_id) VALUES (7972, 'BBQ Chicken Wings (6 cope)', 400, false, 1519) ON CONFLICT DO NOTHING;
INSERT INTO option_variant (id, name, recommended_price, is_deleted, group_id) VALUES (7973, 'BBQ Chicken Wings (8 cope)', 570, false, 1519) ON CONFLICT DO NOTHING;
INSERT INTO option_variant (id, name, recommended_price, is_deleted, group_id) VALUES (7974, 'BBQ Chicken Wings (10 cope)', 720, false, 1519) ON CONFLICT DO NOTHING;
INSERT INTO option_variant (id, name, recommended_price, is_deleted, group_id) VALUES (7975, '2 pieces Kackavall Chips', 150, false, 1519) ON CONFLICT DO NOTHING;
INSERT INTO option_variant (id, name, recommended_price, is_deleted, group_id) VALUES (7976, '2 pieces Halloumi Chips', 150, false, 1519) ON CONFLICT DO NOTHING;
INSERT INTO option_variant (id, name, recommended_price, is_deleted, group_id) VALUES (7977, 'Fried Zucchini Balls ', 280, false, 1519) ON CONFLICT DO NOTHING;
INSERT INTO option_variant (id, name, recommended_price, is_deleted, group_id) VALUES (7978, 'Kashkaval Chips', 490, false, 1519) ON CONFLICT DO NOTHING;
INSERT INTO option_variant (id, name, recommended_price, is_deleted, group_id) VALUES (7979, 'Moussaka Croquettes', 300, false, 1519) ON CONFLICT DO NOTHING;
INSERT INTO option_variant (id, name, recommended_price, is_deleted, group_id) VALUES (7980, 'Halloumi chips', 490, false, 1519) ON CONFLICT DO NOTHING;
INSERT INTO option_variant (id, name, recommended_price, is_deleted, group_id) VALUES (7981, 'Greek Fries', 350, false, 1519) ON CONFLICT DO NOTHING;
INSERT INTO option_variant (id, name, recommended_price, is_deleted, group_id) VALUES (7982, 'Bacon Fries', 500, false, 1519) ON CONFLICT DO NOTHING;
INSERT INTO option_variant (id, name, recommended_price, is_deleted, group_id) VALUES (7983, 'Cheddar Fries ', 350, false, 1519) ON CONFLICT DO NOTHING;
INSERT INTO option_group (id, name, is_deleted, max_selection, min_selection, restaurant_id) VALUES (1520, 'Shto Sides ', false, 1, 0, 18) ON CONFLICT DO NOTHING;
INSERT INTO option_variant (id, name, recommended_price, is_deleted, group_id) VALUES (7984, 'BBQ Chicken Wings (6 cope)', 400, false, 1520) ON CONFLICT DO NOTHING;
INSERT INTO option_variant (id, name, recommended_price, is_deleted, group_id) VALUES (7985, 'BBQ Chicken Wings (8 cope)', 570, false, 1520) ON CONFLICT DO NOTHING;
INSERT INTO option_variant (id, name, recommended_price, is_deleted, group_id) VALUES (7986, 'BBQ Chicken Wings (10 cope)', 720, false, 1520) ON CONFLICT DO NOTHING;
INSERT INTO option_variant (id, name, recommended_price, is_deleted, group_id) VALUES (7987, '2 pieces Kackavall Chips', 150, false, 1520) ON CONFLICT DO NOTHING;
INSERT INTO option_variant (id, name, recommended_price, is_deleted, group_id) VALUES (7988, '2 pieces Halloumi Chips', 150, false, 1520) ON CONFLICT DO NOTHING;
INSERT INTO option_variant (id, name, recommended_price, is_deleted, group_id) VALUES (7989, 'Fried Zucchini Balls ', 280, false, 1520) ON CONFLICT DO NOTHING;
INSERT INTO option_variant (id, name, recommended_price, is_deleted, group_id) VALUES (7990, 'Kashkaval Chips', 490, false, 1520) ON CONFLICT DO NOTHING;
INSERT INTO option_variant (id, name, recommended_price, is_deleted, group_id) VALUES (7991, 'Moussaka Croquettes', 300, false, 1520) ON CONFLICT DO NOTHING;
INSERT INTO option_variant (id, name, recommended_price, is_deleted, group_id) VALUES (7992, 'Halloumi chips', 490, false, 1520) ON CONFLICT DO NOTHING;
INSERT INTO option_variant (id, name, recommended_price, is_deleted, group_id) VALUES (7993, 'Greek Fries', 350, false, 1520) ON CONFLICT DO NOTHING;
INSERT INTO option_variant (id, name, recommended_price, is_deleted, group_id) VALUES (7994, 'Bacon Fries', 500, false, 1520) ON CONFLICT DO NOTHING;
INSERT INTO option_variant (id, name, recommended_price, is_deleted, group_id) VALUES (7995, 'Cheddar Fries ', 350, false, 1520) ON CONFLICT DO NOTHING;
INSERT INTO option_group (id, name, is_deleted, max_selection, min_selection, restaurant_id) VALUES (1521, 'Shto Sides ', false, 1, 0, 18) ON CONFLICT DO NOTHING;
INSERT INTO option_variant (id, name, recommended_price, is_deleted, group_id) VALUES (7996, 'BBQ Chicken Wings (6 cope)', 400, false, 1521) ON CONFLICT DO NOTHING;
INSERT INTO option_variant (id, name, recommended_price, is_deleted, group_id) VALUES (7997, 'BBQ Chicken Wings (8 cope)', 570, false, 1521) ON CONFLICT DO NOTHING;
INSERT INTO option_variant (id, name, recommended_price, is_deleted, group_id) VALUES (7998, 'BBQ Chicken Wings (10 cope)', 720, false, 1521) ON CONFLICT DO NOTHING;
INSERT INTO option_variant (id, name, recommended_price, is_deleted, group_id) VALUES (7999, '2 pieces Kackavall Chips', 150, false, 1521) ON CONFLICT DO NOTHING;
INSERT INTO option_variant (id, name, recommended_price, is_deleted, group_id) VALUES (8000, '2 pieces Halloumi Chips', 150, false, 1521) ON CONFLICT DO NOTHING;
INSERT INTO option_variant (id, name, recommended_price, is_deleted, group_id) VALUES (8001, 'Fried Zucchini Balls ', 280, false, 1521) ON CONFLICT DO NOTHING;
INSERT INTO option_variant (id, name, recommended_price, is_deleted, group_id) VALUES (8002, 'Kashkaval Chips', 490, false, 1521) ON CONFLICT DO NOTHING;
INSERT INTO option_variant (id, name, recommended_price, is_deleted, group_id) VALUES (8003, 'Moussaka Croquettes', 300, false, 1521) ON CONFLICT DO NOTHING;
INSERT INTO option_variant (id, name, recommended_price, is_deleted, group_id) VALUES (8004, 'Halloumi chips', 490, false, 1521) ON CONFLICT DO NOTHING;
INSERT INTO option_variant (id, name, recommended_price, is_deleted, group_id) VALUES (8005, 'Greek Fries', 350, false, 1521) ON CONFLICT DO NOTHING;
INSERT INTO option_variant (id, name, recommended_price, is_deleted, group_id) VALUES (8006, 'Bacon Fries', 500, false, 1521) ON CONFLICT DO NOTHING;
INSERT INTO option_variant (id, name, recommended_price, is_deleted, group_id) VALUES (8007, 'Cheddar Fries ', 350, false, 1521) ON CONFLICT DO NOTHING;
INSERT INTO option_group (id, name, is_deleted, max_selection, min_selection, restaurant_id) VALUES (1522, 'Shto Sides ', false, 1, 0, 18) ON CONFLICT DO NOTHING;
INSERT INTO option_variant (id, name, recommended_price, is_deleted, group_id) VALUES (8008, 'BBQ Chicken Wings (6 cope)', 400, false, 1522) ON CONFLICT DO NOTHING;
INSERT INTO option_variant (id, name, recommended_price, is_deleted, group_id) VALUES (8009, 'BBQ Chicken Wings (10 cope)', 720, false, 1522) ON CONFLICT DO NOTHING;
INSERT INTO option_variant (id, name, recommended_price, is_deleted, group_id) VALUES (8010, '2 pieces Kackavall Chips', 150, false, 1522) ON CONFLICT DO NOTHING;
INSERT INTO option_variant (id, name, recommended_price, is_deleted, group_id) VALUES (8011, '2 pieces Halloumi Chips', 150, false, 1522) ON CONFLICT DO NOTHING;
INSERT INTO option_variant (id, name, recommended_price, is_deleted, group_id) VALUES (8012, 'Fried Zucchini Balls ', 280, false, 1522) ON CONFLICT DO NOTHING;
INSERT INTO option_variant (id, name, recommended_price, is_deleted, group_id) VALUES (8013, 'Kashkaval Chips', 490, false, 1522) ON CONFLICT DO NOTHING;
INSERT INTO option_variant (id, name, recommended_price, is_deleted, group_id) VALUES (8014, 'Moussaka Croquettes', 300, false, 1522) ON CONFLICT DO NOTHING;
INSERT INTO option_variant (id, name, recommended_price, is_deleted, group_id) VALUES (8015, 'Halloumi chips', 490, false, 1522) ON CONFLICT DO NOTHING;
INSERT INTO option_variant (id, name, recommended_price, is_deleted, group_id) VALUES (8016, 'Greek Fries', 350, false, 1522) ON CONFLICT DO NOTHING;
INSERT INTO option_variant (id, name, recommended_price, is_deleted, group_id) VALUES (8017, 'Bacon Fries', 500, false, 1522) ON CONFLICT DO NOTHING;
INSERT INTO option_variant (id, name, recommended_price, is_deleted, group_id) VALUES (8018, 'Cheddar Fries ', 350, false, 1522) ON CONFLICT DO NOTHING;
INSERT INTO option_group (id, name, is_deleted, max_selection, min_selection, restaurant_id) VALUES (1523, 'Shto Sides ', false, 1, 0, 18) ON CONFLICT DO NOTHING;
INSERT INTO option_variant (id, name, recommended_price, is_deleted, group_id) VALUES (8019, 'BBQ Chicken Wings (6 cope)', 400, false, 1523) ON CONFLICT DO NOTHING;
INSERT INTO option_variant (id, name, recommended_price, is_deleted, group_id) VALUES (8020, 'BBQ Chicken Wings (8 cope)', 570, false, 1523) ON CONFLICT DO NOTHING;
INSERT INTO option_variant (id, name, recommended_price, is_deleted, group_id) VALUES (8021, '2 pieces Kackavall Chips', 150, false, 1523) ON CONFLICT DO NOTHING;
INSERT INTO option_variant (id, name, recommended_price, is_deleted, group_id) VALUES (8022, '2 pieces Halloumi Chips', 150, false, 1523) ON CONFLICT DO NOTHING;
INSERT INTO option_variant (id, name, recommended_price, is_deleted, group_id) VALUES (8023, 'Fried Zucchini Balls ', 280, false, 1523) ON CONFLICT DO NOTHING;
INSERT INTO option_variant (id, name, recommended_price, is_deleted, group_id) VALUES (8024, 'Kashkaval Chips', 490, false, 1523) ON CONFLICT DO NOTHING;
INSERT INTO option_variant (id, name, recommended_price, is_deleted, group_id) VALUES (8025, 'Moussaka Croquettes', 300, false, 1523) ON CONFLICT DO NOTHING;
INSERT INTO option_variant (id, name, recommended_price, is_deleted, group_id) VALUES (8026, 'Halloumi chips', 490, false, 1523) ON CONFLICT DO NOTHING;
INSERT INTO option_variant (id, name, recommended_price, is_deleted, group_id) VALUES (8027, 'Greek Fries', 350, false, 1523) ON CONFLICT DO NOTHING;
INSERT INTO option_variant (id, name, recommended_price, is_deleted, group_id) VALUES (8028, 'Bacon Fries', 500, false, 1523) ON CONFLICT DO NOTHING;
INSERT INTO option_variant (id, name, recommended_price, is_deleted, group_id) VALUES (8029, 'Cheddar Fries ', 350, false, 1523) ON CONFLICT DO NOTHING;
INSERT INTO option_group (id, name, is_deleted, max_selection, min_selection, restaurant_id) VALUES (1524, 'Shto Sides ', false, 1, 0, 18) ON CONFLICT DO NOTHING;
INSERT INTO option_variant (id, name, recommended_price, is_deleted, group_id) VALUES (8030, 'BBQ Chicken Wings (8 cope)', 570, false, 1524) ON CONFLICT DO NOTHING;
INSERT INTO option_variant (id, name, recommended_price, is_deleted, group_id) VALUES (8031, 'BBQ Chicken Wings (10 cope)', 720, false, 1524) ON CONFLICT DO NOTHING;
INSERT INTO option_variant (id, name, recommended_price, is_deleted, group_id) VALUES (8032, '2 pieces Kackavall Chips', 150, false, 1524) ON CONFLICT DO NOTHING;
INSERT INTO option_variant (id, name, recommended_price, is_deleted, group_id) VALUES (8033, '2 pieces Halloumi Chips', 150, false, 1524) ON CONFLICT DO NOTHING;
INSERT INTO option_variant (id, name, recommended_price, is_deleted, group_id) VALUES (8034, 'Fried Zucchini Balls ', 280, false, 1524) ON CONFLICT DO NOTHING;
INSERT INTO option_variant (id, name, recommended_price, is_deleted, group_id) VALUES (8035, 'Kashkaval Chips', 490, false, 1524) ON CONFLICT DO NOTHING;
INSERT INTO option_variant (id, name, recommended_price, is_deleted, group_id) VALUES (8036, 'Moussaka Croquettes', 300, false, 1524) ON CONFLICT DO NOTHING;
INSERT INTO option_variant (id, name, recommended_price, is_deleted, group_id) VALUES (8037, 'Halloumi chips', 490, false, 1524) ON CONFLICT DO NOTHING;
INSERT INTO option_variant (id, name, recommended_price, is_deleted, group_id) VALUES (8038, 'Greek Fries', 350, false, 1524) ON CONFLICT DO NOTHING;
INSERT INTO option_variant (id, name, recommended_price, is_deleted, group_id) VALUES (8039, 'Bacon Fries', 500, false, 1524) ON CONFLICT DO NOTHING;
INSERT INTO option_variant (id, name, recommended_price, is_deleted, group_id) VALUES (8040, 'Cheddar Fries ', 350, false, 1524) ON CONFLICT DO NOTHING;
INSERT INTO option_group (id, name, is_deleted, max_selection, min_selection, restaurant_id) VALUES (1525, 'Shto përbërës', false, 1, 0, 18) ON CONFLICT DO NOTHING;
INSERT INTO option_variant (id, name, recommended_price, is_deleted, group_id) VALUES (8041, 'ADD FALAFEL', 100, false, 1525) ON CONFLICT DO NOTHING;
INSERT INTO option_group (id, name, is_deleted, max_selection, min_selection, restaurant_id) VALUES (1526, '2 pieces Kackavall Chips', false, 1, 0, 18) ON CONFLICT DO NOTHING;
INSERT INTO option_variant (id, name, recommended_price, is_deleted, group_id) VALUES (8042, '2 pieces Kackavall Chips', 0, false, 1526) ON CONFLICT DO NOTHING;
INSERT INTO option_group (id, name, is_deleted, max_selection, min_selection, restaurant_id) VALUES (1527, 'Small Fries ', false, 1, 0, 18) ON CONFLICT DO NOTHING;
INSERT INTO option_variant (id, name, recommended_price, is_deleted, group_id) VALUES (8043, 'Small Fries ', 0, false, 1527) ON CONFLICT DO NOTHING;
INSERT INTO option_group (id, name, is_deleted, max_selection, min_selection, restaurant_id) VALUES (1528, 'Shto salcë', false, 1, 0, 18) ON CONFLICT DO NOTHING;
INSERT INTO option_variant (id, name, recommended_price, is_deleted, group_id) VALUES (8044, 'Ketchup Bustine', 20, false, 1528) ON CONFLICT DO NOTHING;
INSERT INTO option_variant (id, name, recommended_price, is_deleted, group_id) VALUES (8045, 'OPA Mayo', 50, false, 1528) ON CONFLICT DO NOTHING;
INSERT INTO option_variant (id, name, recommended_price, is_deleted, group_id) VALUES (8046, 'Mayonnaise Bustine', 20, false, 1528) ON CONFLICT DO NOTHING;
INSERT INTO option_variant (id, name, recommended_price, is_deleted, group_id) VALUES (8047, 'Siraca - small', 60, false, 1528) ON CONFLICT DO NOTHING;
INSERT INTO option_variant (id, name, recommended_price, is_deleted, group_id) VALUES (8048, 'Tirokafteri - small', 70, false, 1528) ON CONFLICT DO NOTHING;
INSERT INTO option_variant (id, name, recommended_price, is_deleted, group_id) VALUES (8049, 'Truffle Mayo', 50, false, 1528) ON CONFLICT DO NOTHING;
INSERT INTO option_variant (id, name, recommended_price, is_deleted, group_id) VALUES (8050, 'Cheddar Sauce ', 50, false, 1528) ON CONFLICT DO NOTHING;
INSERT INTO option_variant (id, name, recommended_price, is_deleted, group_id) VALUES (8051, 'Chili Garlic Mayo', 50, false, 1528) ON CONFLICT DO NOTHING;
INSERT INTO option_variant (id, name, recommended_price, is_deleted, group_id) VALUES (8052, 'Homemade Pickled Cucumber', 50, false, 1528) ON CONFLICT DO NOTHING;
INSERT INTO option_variant (id, name, recommended_price, is_deleted, group_id) VALUES (8053, 'Hummus Small', 50, false, 1528) ON CONFLICT DO NOTHING;
INSERT INTO option_variant (id, name, recommended_price, is_deleted, group_id) VALUES (8054, 'Greekamole', 50, false, 1528) ON CONFLICT DO NOTHING;
INSERT INTO option_variant (id, name, recommended_price, is_deleted, group_id) VALUES (8055, 'Sweet chilli & tarragon sauce', 50, false, 1528) ON CONFLICT DO NOTHING;
INSERT INTO option_group (id, name, is_deleted, max_selection, min_selection, restaurant_id) VALUES (1529, 'Sauces', false, 1, 0, 18) ON CONFLICT DO NOTHING;
INSERT INTO option_variant (id, name, recommended_price, is_deleted, group_id) VALUES (8056, 'Ketchup Bustine', 0, false, 1529) ON CONFLICT DO NOTHING;
INSERT INTO option_group (id, name, is_deleted, max_selection, min_selection, restaurant_id) VALUES (1530, 'Chicken Gyros', false, 1, 0, 18) ON CONFLICT DO NOTHING;
INSERT INTO option_variant (id, name, recommended_price, is_deleted, group_id) VALUES (8057, 'Chicken Gyros', 0, false, 1530) ON CONFLICT DO NOTHING;
INSERT INTO option_group (id, name, is_deleted, max_selection, min_selection, restaurant_id) VALUES (1531, 'Select Fries', false, 1, 0, 18) ON CONFLICT DO NOTHING;
INSERT INTO option_variant (id, name, recommended_price, is_deleted, group_id) VALUES (8058, 'Medium Fries', 0, false, 1531) ON CONFLICT DO NOTHING;
INSERT INTO option_variant (id, name, recommended_price, is_deleted, group_id) VALUES (8059, 'French Fries Large ', 70, false, 1531) ON CONFLICT DO NOTHING;
INSERT INTO option_group (id, name, is_deleted, max_selection, min_selection, restaurant_id) VALUES (1532, 'Zgjidh bazën', false, 1, 0, 18) ON CONFLICT DO NOTHING;
INSERT INTO option_variant (id, name, recommended_price, is_deleted, group_id) VALUES (8060, 'Kebab Bowl (Rice)', 0, false, 1532) ON CONFLICT DO NOTHING;
INSERT INTO option_variant (id, name, recommended_price, is_deleted, group_id) VALUES (8061, 'Kebab Bowl (Fries)', 0, false, 1532) ON CONFLICT DO NOTHING;
INSERT INTO option_group (id, name, is_deleted, max_selection, min_selection, restaurant_id) VALUES (1533, 'Red Bull Infusion Berry Mix/Mango', false, 1, 0, 18) ON CONFLICT DO NOTHING;
INSERT INTO option_variant (id, name, recommended_price, is_deleted, group_id) VALUES (8062, 'Red Bull Infusion Berry Mix ', 0, false, 1533) ON CONFLICT DO NOTHING;
INSERT INTO option_variant (id, name, recommended_price, is_deleted, group_id) VALUES (8063, 'Red Bull Infusion Mango', 0, false, 1533) ON CONFLICT DO NOTHING;
INSERT INTO option_group (id, name, is_deleted, max_selection, min_selection, restaurant_id) VALUES (1534, 'Shto Sides ', false, 1, 0, 18) ON CONFLICT DO NOTHING;
INSERT INTO option_variant (id, name, recommended_price, is_deleted, group_id) VALUES (8064, 'BBQ Chicken Wings (6 cope)', 400, false, 1534) ON CONFLICT DO NOTHING;
INSERT INTO option_variant (id, name, recommended_price, is_deleted, group_id) VALUES (8065, 'BBQ Chicken Wings (8 cope)', 570, false, 1534) ON CONFLICT DO NOTHING;
INSERT INTO option_variant (id, name, recommended_price, is_deleted, group_id) VALUES (8066, '2 pieces Kackavall Chips', 150, false, 1534) ON CONFLICT DO NOTHING;
INSERT INTO option_variant (id, name, recommended_price, is_deleted, group_id) VALUES (8067, 'Fried Zucchini Balls ', 280, false, 1534) ON CONFLICT DO NOTHING;
INSERT INTO option_variant (id, name, recommended_price, is_deleted, group_id) VALUES (8068, 'Kashkaval Chips', 490, false, 1534) ON CONFLICT DO NOTHING;
INSERT INTO option_variant (id, name, recommended_price, is_deleted, group_id) VALUES (8069, 'Moussaka Croquettes', 300, false, 1534) ON CONFLICT DO NOTHING;
INSERT INTO option_variant (id, name, recommended_price, is_deleted, group_id) VALUES (8070, 'Halloumi chips', 490, false, 1534) ON CONFLICT DO NOTHING;
INSERT INTO option_variant (id, name, recommended_price, is_deleted, group_id) VALUES (8071, 'Greek Fries', 350, false, 1534) ON CONFLICT DO NOTHING;
INSERT INTO option_variant (id, name, recommended_price, is_deleted, group_id) VALUES (8072, 'Bacon Fries', 500, false, 1534) ON CONFLICT DO NOTHING;
INSERT INTO option_variant (id, name, recommended_price, is_deleted, group_id) VALUES (8073, 'Cheddar Fries ', 350, false, 1534) ON CONFLICT DO NOTHING;
INSERT INTO option_group (id, name, is_deleted, max_selection, min_selection, restaurant_id) VALUES (1535, 'Hermes', false, 1, 0, 18) ON CONFLICT DO NOTHING;
INSERT INTO option_variant (id, name, recommended_price, is_deleted, group_id) VALUES (8074, 'Hermes', 0, false, 1535) ON CONFLICT DO NOTHING;
INSERT INTO option_group (id, name, is_deleted, max_selection, min_selection, restaurant_id) VALUES (1536, 'Zgjidh madhësinë', false, 1, 0, 18) ON CONFLICT DO NOTHING;
INSERT INTO option_variant (id, name, recommended_price, is_deleted, group_id) VALUES (8075, 'Chicken Skepasti DEL (Sos)', 0, false, 1536) ON CONFLICT DO NOTHING;
INSERT INTO option_variant (id, name, recommended_price, is_deleted, group_id) VALUES (8076, 'Chicken Skepasti Big (Sos)', 170, false, 1536) ON CONFLICT DO NOTHING;
INSERT INTO option_group (id, name, is_deleted, max_selection, min_selection, restaurant_id) VALUES (1537, 'Zgjidh madhësinë', false, 1, 0, 18) ON CONFLICT DO NOTHING;
INSERT INTO option_variant (id, name, recommended_price, is_deleted, group_id) VALUES (8077, 'Falafel Pita Hummus', 0, false, 1537) ON CONFLICT DO NOTHING;
INSERT INTO option_variant (id, name, recommended_price, is_deleted, group_id) VALUES (8078, 'Falafel Pita Big Hummus', 100, false, 1537) ON CONFLICT DO NOTHING;
INSERT INTO option_group (id, name, is_deleted, max_selection, min_selection, restaurant_id) VALUES (1538, 'Kebap Pita', false, 1, 0, 18) ON CONFLICT DO NOTHING;
INSERT INTO option_variant (id, name, recommended_price, is_deleted, group_id) VALUES (8079, 'Kebab Pita', 0, false, 1538) ON CONFLICT DO NOTHING;
INSERT INTO option_group (id, name, is_deleted, max_selection, min_selection, restaurant_id) VALUES (1539, 'OPA Smash Burger', false, 1, 0, 18) ON CONFLICT DO NOTHING;
INSERT INTO option_variant (id, name, recommended_price, is_deleted, group_id) VALUES (8080, 'OPA Smash Burger', 0, false, 1539) ON CONFLICT DO NOTHING;
INSERT INTO option_group (id, name, is_deleted, max_selection, min_selection, restaurant_id) VALUES (1540, 'Shto Sides ', false, 1, 0, 18) ON CONFLICT DO NOTHING;
INSERT INTO option_variant (id, name, recommended_price, is_deleted, group_id) VALUES (8081, 'BBQ Chicken Wings (8 cope)', 570, false, 1540) ON CONFLICT DO NOTHING;
INSERT INTO option_variant (id, name, recommended_price, is_deleted, group_id) VALUES (8082, 'BBQ Chicken Wings (10 cope)', 720, false, 1540) ON CONFLICT DO NOTHING;
INSERT INTO option_variant (id, name, recommended_price, is_deleted, group_id) VALUES (8083, '2 pieces Kackavall Chips', 150, false, 1540) ON CONFLICT DO NOTHING;
INSERT INTO option_variant (id, name, recommended_price, is_deleted, group_id) VALUES (8084, 'Fried Zucchini Balls ', 280, false, 1540) ON CONFLICT DO NOTHING;
INSERT INTO option_variant (id, name, recommended_price, is_deleted, group_id) VALUES (8085, 'Kashkaval Chips', 490, false, 1540) ON CONFLICT DO NOTHING;
INSERT INTO option_variant (id, name, recommended_price, is_deleted, group_id) VALUES (8086, 'Moussaka Croquettes', 300, false, 1540) ON CONFLICT DO NOTHING;
INSERT INTO option_variant (id, name, recommended_price, is_deleted, group_id) VALUES (8087, 'Halloumi chips', 490, false, 1540) ON CONFLICT DO NOTHING;
INSERT INTO option_variant (id, name, recommended_price, is_deleted, group_id) VALUES (8088, 'Greek Fries', 350, false, 1540) ON CONFLICT DO NOTHING;
INSERT INTO option_variant (id, name, recommended_price, is_deleted, group_id) VALUES (8089, 'Bacon Fries', 500, false, 1540) ON CONFLICT DO NOTHING;
INSERT INTO option_variant (id, name, recommended_price, is_deleted, group_id) VALUES (8090, 'Cheddar Fries ', 350, false, 1540) ON CONFLICT DO NOTHING;
INSERT INTO option_group (id, name, is_deleted, max_selection, min_selection, restaurant_id) VALUES (1541, 'Shto salcë', false, 1, 0, 18) ON CONFLICT DO NOTHING;
INSERT INTO option_variant (id, name, recommended_price, is_deleted, group_id) VALUES (8091, 'Tzatziki Sauce', 50, false, 1541) ON CONFLICT DO NOTHING;
INSERT INTO option_variant (id, name, recommended_price, is_deleted, group_id) VALUES (8092, 'OPA Mayo', 50, false, 1541) ON CONFLICT DO NOTHING;
INSERT INTO option_variant (id, name, recommended_price, is_deleted, group_id) VALUES (8093, 'Chili Garlic Mayo', 50, false, 1541) ON CONFLICT DO NOTHING;
INSERT INTO option_variant (id, name, recommended_price, is_deleted, group_id) VALUES (8094, 'Hummus Small', 50, false, 1541) ON CONFLICT DO NOTHING;
INSERT INTO option_variant (id, name, recommended_price, is_deleted, group_id) VALUES (8095, 'Ketchup Bustine', 20, false, 1541) ON CONFLICT DO NOTHING;
INSERT INTO option_variant (id, name, recommended_price, is_deleted, group_id) VALUES (8096, 'Mustarde - bustine', 20, false, 1541) ON CONFLICT DO NOTHING;
INSERT INTO option_variant (id, name, recommended_price, is_deleted, group_id) VALUES (8097, 'Mayonnaise Bustine', 20, false, 1541) ON CONFLICT DO NOTHING;
INSERT INTO option_variant (id, name, recommended_price, is_deleted, group_id) VALUES (8098, 'Siraca - small', 60, false, 1541) ON CONFLICT DO NOTHING;
INSERT INTO option_variant (id, name, recommended_price, is_deleted, group_id) VALUES (8099, 'Tirokafteri - small', 70, false, 1541) ON CONFLICT DO NOTHING;
INSERT INTO option_variant (id, name, recommended_price, is_deleted, group_id) VALUES (8100, 'Truffle Mayo', 50, false, 1541) ON CONFLICT DO NOTHING;
INSERT INTO option_variant (id, name, recommended_price, is_deleted, group_id) VALUES (8101, 'Cheddar Sauce ', 50, false, 1541) ON CONFLICT DO NOTHING;
INSERT INTO option_variant (id, name, recommended_price, is_deleted, group_id) VALUES (8102, 'Homemade Pickled Cucumber', 50, false, 1541) ON CONFLICT DO NOTHING;
INSERT INTO option_variant (id, name, recommended_price, is_deleted, group_id) VALUES (8103, 'Greekamole', 50, false, 1541) ON CONFLICT DO NOTHING;
INSERT INTO option_variant (id, name, recommended_price, is_deleted, group_id) VALUES (8104, 'Sweet chilli & tarragon sauce', 50, false, 1541) ON CONFLICT DO NOTHING;
INSERT INTO option_group (id, name, is_deleted, max_selection, min_selection, restaurant_id) VALUES (1542, 'Shto Sides ', false, 1, 0, 18) ON CONFLICT DO NOTHING;
INSERT INTO option_variant (id, name, recommended_price, is_deleted, group_id) VALUES (8105, 'BBQ Chicken Wings (6 cope)', 400, false, 1542) ON CONFLICT DO NOTHING;
INSERT INTO option_variant (id, name, recommended_price, is_deleted, group_id) VALUES (8106, 'BBQ Chicken Wings (8 cope)', 570, false, 1542) ON CONFLICT DO NOTHING;
INSERT INTO option_variant (id, name, recommended_price, is_deleted, group_id) VALUES (8107, 'BBQ Chicken Wings (10 cope)', 720, false, 1542) ON CONFLICT DO NOTHING;
INSERT INTO option_variant (id, name, recommended_price, is_deleted, group_id) VALUES (8108, '2 pieces Kackavall Chips', 150, false, 1542) ON CONFLICT DO NOTHING;
INSERT INTO option_variant (id, name, recommended_price, is_deleted, group_id) VALUES (8109, 'Fried Zucchini Balls ', 280, false, 1542) ON CONFLICT DO NOTHING;
INSERT INTO option_variant (id, name, recommended_price, is_deleted, group_id) VALUES (8110, 'Kashkaval Chips', 490, false, 1542) ON CONFLICT DO NOTHING;
INSERT INTO option_variant (id, name, recommended_price, is_deleted, group_id) VALUES (8111, 'Moussaka Croquettes', 300, false, 1542) ON CONFLICT DO NOTHING;
INSERT INTO option_variant (id, name, recommended_price, is_deleted, group_id) VALUES (8112, 'Halloumi chips', 490, false, 1542) ON CONFLICT DO NOTHING;
INSERT INTO option_variant (id, name, recommended_price, is_deleted, group_id) VALUES (8113, 'Greek Fries', 350, false, 1542) ON CONFLICT DO NOTHING;
INSERT INTO option_variant (id, name, recommended_price, is_deleted, group_id) VALUES (8114, 'Bacon Fries', 500, false, 1542) ON CONFLICT DO NOTHING;
INSERT INTO option_variant (id, name, recommended_price, is_deleted, group_id) VALUES (8115, 'Cheddar Fries ', 350, false, 1542) ON CONFLICT DO NOTHING;
INSERT INTO option_group (id, name, is_deleted, max_selection, min_selection, restaurant_id) VALUES (1543, 'Shto salcë', false, 1, 0, 18) ON CONFLICT DO NOTHING;
INSERT INTO option_variant (id, name, recommended_price, is_deleted, group_id) VALUES (8116, 'Tzatziki Sauce', 50, false, 1543) ON CONFLICT DO NOTHING;
INSERT INTO option_variant (id, name, recommended_price, is_deleted, group_id) VALUES (8117, 'OPA Mayo', 50, false, 1543) ON CONFLICT DO NOTHING;
INSERT INTO option_variant (id, name, recommended_price, is_deleted, group_id) VALUES (8118, 'Chili Garlic Mayo', 50, false, 1543) ON CONFLICT DO NOTHING;
INSERT INTO option_variant (id, name, recommended_price, is_deleted, group_id) VALUES (8119, 'Hummus Small', 50, false, 1543) ON CONFLICT DO NOTHING;
INSERT INTO option_variant (id, name, recommended_price, is_deleted, group_id) VALUES (8120, 'Ketchup Bustine', 20, false, 1543) ON CONFLICT DO NOTHING;
INSERT INTO option_variant (id, name, recommended_price, is_deleted, group_id) VALUES (8121, 'Mustarde - bustine', 20, false, 1543) ON CONFLICT DO NOTHING;
INSERT INTO option_variant (id, name, recommended_price, is_deleted, group_id) VALUES (8122, 'Mayonnaise Bustine', 20, false, 1543) ON CONFLICT DO NOTHING;
INSERT INTO option_variant (id, name, recommended_price, is_deleted, group_id) VALUES (8123, 'Siraca - small', 60, false, 1543) ON CONFLICT DO NOTHING;
INSERT INTO option_variant (id, name, recommended_price, is_deleted, group_id) VALUES (8124, 'Tirokafteri - small', 70, false, 1543) ON CONFLICT DO NOTHING;
INSERT INTO option_variant (id, name, recommended_price, is_deleted, group_id) VALUES (8125, 'Truffle Mayo', 50, false, 1543) ON CONFLICT DO NOTHING;
INSERT INTO option_variant (id, name, recommended_price, is_deleted, group_id) VALUES (8126, 'Cheddar Sauce ', 50, false, 1543) ON CONFLICT DO NOTHING;
INSERT INTO option_variant (id, name, recommended_price, is_deleted, group_id) VALUES (8127, 'Homemade Pickled Cucumber', 50, false, 1543) ON CONFLICT DO NOTHING;
INSERT INTO option_variant (id, name, recommended_price, is_deleted, group_id) VALUES (8128, 'Greekamole', 50, false, 1543) ON CONFLICT DO NOTHING;
INSERT INTO option_variant (id, name, recommended_price, is_deleted, group_id) VALUES (8129, 'Sweet chilli & tarragon sauce', 50, false, 1543) ON CONFLICT DO NOTHING;
INSERT INTO option_group (id, name, is_deleted, max_selection, min_selection, restaurant_id) VALUES (1544, 'Roast Lamb Sandwich', false, 1, 0, 18) ON CONFLICT DO NOTHING;
INSERT INTO option_variant (id, name, recommended_price, is_deleted, group_id) VALUES (8130, 'Roast Lamb Sandwich ', 0, false, 1544) ON CONFLICT DO NOTHING;
INSERT INTO option_group (id, name, is_deleted, max_selection, min_selection, restaurant_id) VALUES (1545, 'Barbeque Pork Sandwich ', false, 1, 0, 18) ON CONFLICT DO NOTHING;
INSERT INTO option_variant (id, name, recommended_price, is_deleted, group_id) VALUES (8131, 'Barbeque Pork Sandwich', 0, false, 1545) ON CONFLICT DO NOTHING;
INSERT INTO option_group (id, name, is_deleted, max_selection, min_selection, restaurant_id) VALUES (1546, 'Shto pite', false, 1, 0, 18) ON CONFLICT DO NOTHING;
INSERT INTO option_variant (id, name, recommended_price, is_deleted, group_id) VALUES (8132, 'Pita Extra', 40, false, 1546) ON CONFLICT DO NOTHING;
INSERT INTO option_group (id, name, is_deleted, max_selection, min_selection, restaurant_id) VALUES (1547, 'Small Fries ', false, 1, 0, 18) ON CONFLICT DO NOTHING;
INSERT INTO option_variant (id, name, recommended_price, is_deleted, group_id) VALUES (8133, 'Small Fries ', 0, false, 1547) ON CONFLICT DO NOTHING;
INSERT INTO option_group (id, name, is_deleted, max_selection, min_selection, restaurant_id) VALUES (1548, 'Minced Beef Skepasti Big', false, 1, 0, 18) ON CONFLICT DO NOTHING;
INSERT INTO option_variant (id, name, recommended_price, is_deleted, group_id) VALUES (8134, 'Minced Beef Skepasti Big', 0, false, 1548) ON CONFLICT DO NOTHING;
INSERT INTO option_group (id, name, is_deleted, max_selection, min_selection, restaurant_id) VALUES (1549, 'Choose your Loukomades me Mjalte dhe Arra', false, 1, 0, 18) ON CONFLICT DO NOTHING;
INSERT INTO option_variant (id, name, recommended_price, is_deleted, group_id) VALUES (8135, 'Loukoumades with Hoeny and Huts   1/2', 0, false, 1549) ON CONFLICT DO NOTHING;
INSERT INTO option_variant (id, name, recommended_price, is_deleted, group_id) VALUES (8136, 'Loukoumades with Honey and Nuts', 200, false, 1549) ON CONFLICT DO NOTHING;
INSERT INTO option_group (id, name, is_deleted, max_selection, min_selection, restaurant_id) VALUES (1550, 'Shto proteine', false, 1, 0, 18) ON CONFLICT DO NOTHING;
INSERT INTO option_variant (id, name, recommended_price, is_deleted, group_id) VALUES (8137, 'Kebab Skewers 1 cope', 250, false, 1550) ON CONFLICT DO NOTHING;
INSERT INTO option_group (id, name, is_deleted, max_selection, min_selection, restaurant_id) VALUES (1551, 'Pork Doner ', false, 1, 0, 18) ON CONFLICT DO NOTHING;
INSERT INTO option_variant (id, name, recommended_price, is_deleted, group_id) VALUES (8138, 'Pork Doner ', 0, false, 1551) ON CONFLICT DO NOTHING;
INSERT INTO option_group (id, name, is_deleted, max_selection, min_selection, restaurant_id) VALUES (1552, 'Schnitzel Pita Big', false, 1, 0, 18) ON CONFLICT DO NOTHING;
INSERT INTO option_variant (id, name, recommended_price, is_deleted, group_id) VALUES (8139, 'Schnitzel Pita Big', 0, false, 1552) ON CONFLICT DO NOTHING;
INSERT INTO option_group (id, name, is_deleted, max_selection, min_selection, restaurant_id) VALUES (1553, 'Zgjidh bazën', false, 1, 0, 18) ON CONFLICT DO NOTHING;
INSERT INTO option_variant (id, name, recommended_price, is_deleted, group_id) VALUES (8140, 'Schnitzel Bowl(Rice) DEL', 0, false, 1553) ON CONFLICT DO NOTHING;
INSERT INTO option_variant (id, name, recommended_price, is_deleted, group_id) VALUES (8141, ' Schnitzel Bowl (Fries) DEL', 0, false, 1553) ON CONFLICT DO NOTHING;
INSERT INTO option_group (id, name, is_deleted, max_selection, min_selection, restaurant_id) VALUES (1554, 'Zgjidh madhësinë', false, 1, 0, 18) ON CONFLICT DO NOTHING;
INSERT INTO option_variant (id, name, recommended_price, is_deleted, group_id) VALUES (8142, 'Hermes', 0, false, 1554) ON CONFLICT DO NOTHING;
INSERT INTO option_variant (id, name, recommended_price, is_deleted, group_id) VALUES (8143, 'Hermes Big', 90, false, 1554) ON CONFLICT DO NOTHING;
INSERT INTO option_group (id, name, is_deleted, max_selection, min_selection, restaurant_id) VALUES (1555, 'Shto Sides ', false, 1, 0, 18) ON CONFLICT DO NOTHING;
INSERT INTO option_variant (id, name, recommended_price, is_deleted, group_id) VALUES (8144, 'BBQ Chicken Wings (6 cope)', 400, false, 1555) ON CONFLICT DO NOTHING;
INSERT INTO option_variant (id, name, recommended_price, is_deleted, group_id) VALUES (8145, 'BBQ Chicken Wings (10 cope)', 720, false, 1555) ON CONFLICT DO NOTHING;
INSERT INTO option_variant (id, name, recommended_price, is_deleted, group_id) VALUES (8146, '2 pieces Kackavall Chips', 150, false, 1555) ON CONFLICT DO NOTHING;
INSERT INTO option_variant (id, name, recommended_price, is_deleted, group_id) VALUES (8147, 'Fried Zucchini Balls ', 280, false, 1555) ON CONFLICT DO NOTHING;
INSERT INTO option_variant (id, name, recommended_price, is_deleted, group_id) VALUES (8148, 'Kashkaval Chips', 490, false, 1555) ON CONFLICT DO NOTHING;
INSERT INTO option_variant (id, name, recommended_price, is_deleted, group_id) VALUES (8149, 'Moussaka Croquettes', 300, false, 1555) ON CONFLICT DO NOTHING;
INSERT INTO option_variant (id, name, recommended_price, is_deleted, group_id) VALUES (8150, 'Halloumi chips', 490, false, 1555) ON CONFLICT DO NOTHING;
INSERT INTO option_variant (id, name, recommended_price, is_deleted, group_id) VALUES (8151, 'Greek Fries', 350, false, 1555) ON CONFLICT DO NOTHING;
INSERT INTO option_variant (id, name, recommended_price, is_deleted, group_id) VALUES (8152, 'Bacon Fries', 500, false, 1555) ON CONFLICT DO NOTHING;
INSERT INTO option_variant (id, name, recommended_price, is_deleted, group_id) VALUES (8153, 'Cheddar Fries ', 350, false, 1555) ON CONFLICT DO NOTHING;
INSERT INTO option_group (id, name, is_deleted, max_selection, min_selection, restaurant_id) VALUES (1556, 'Shto Sides ', false, 1, 0, 18) ON CONFLICT DO NOTHING;
INSERT INTO option_variant (id, name, recommended_price, is_deleted, group_id) VALUES (8154, 'BBQ Chicken Wings (6 cope)', 400, false, 1556) ON CONFLICT DO NOTHING;
INSERT INTO option_variant (id, name, recommended_price, is_deleted, group_id) VALUES (8155, 'BBQ Chicken Wings (8 cope)', 570, false, 1556) ON CONFLICT DO NOTHING;
INSERT INTO option_variant (id, name, recommended_price, is_deleted, group_id) VALUES (8156, 'BBQ Chicken Wings (10 cope)', 720, false, 1556) ON CONFLICT DO NOTHING;
INSERT INTO option_variant (id, name, recommended_price, is_deleted, group_id) VALUES (8157, '2 pieces Kackavall Chips', 150, false, 1556) ON CONFLICT DO NOTHING;
INSERT INTO option_variant (id, name, recommended_price, is_deleted, group_id) VALUES (8158, 'Fried Zucchini Balls ', 280, false, 1556) ON CONFLICT DO NOTHING;
INSERT INTO option_variant (id, name, recommended_price, is_deleted, group_id) VALUES (8159, 'Kashkaval Chips', 490, false, 1556) ON CONFLICT DO NOTHING;
INSERT INTO option_variant (id, name, recommended_price, is_deleted, group_id) VALUES (8160, 'Moussaka Croquettes', 300, false, 1556) ON CONFLICT DO NOTHING;
INSERT INTO option_variant (id, name, recommended_price, is_deleted, group_id) VALUES (8161, 'Halloumi chips', 490, false, 1556) ON CONFLICT DO NOTHING;
INSERT INTO option_variant (id, name, recommended_price, is_deleted, group_id) VALUES (8162, 'Greek Fries', 350, false, 1556) ON CONFLICT DO NOTHING;
INSERT INTO option_variant (id, name, recommended_price, is_deleted, group_id) VALUES (8163, 'Bacon Fries', 500, false, 1556) ON CONFLICT DO NOTHING;
INSERT INTO option_variant (id, name, recommended_price, is_deleted, group_id) VALUES (8164, 'Cheddar Fries ', 350, false, 1556) ON CONFLICT DO NOTHING;
INSERT INTO option_group (id, name, is_deleted, max_selection, min_selection, restaurant_id) VALUES (1557, 'Zgjidh Salcen', false, 1, 0, 18) ON CONFLICT DO NOTHING;
INSERT INTO option_variant (id, name, recommended_price, is_deleted, group_id) VALUES (8165, 'OPA Mayo', 50, false, 1557) ON CONFLICT DO NOTHING;
INSERT INTO option_variant (id, name, recommended_price, is_deleted, group_id) VALUES (8166, 'Chili Garlic Mayo', 50, false, 1557) ON CONFLICT DO NOTHING;
INSERT INTO option_variant (id, name, recommended_price, is_deleted, group_id) VALUES (8167, 'Tzatziki Sauce', 30, false, 1557) ON CONFLICT DO NOTHING;
INSERT INTO option_variant (id, name, recommended_price, is_deleted, group_id) VALUES (8168, 'Greekamole', 50, false, 1557) ON CONFLICT DO NOTHING;
INSERT INTO option_variant (id, name, recommended_price, is_deleted, group_id) VALUES (8169, 'Yougurt Sauce ', 50, false, 1557) ON CONFLICT DO NOTHING;
INSERT INTO option_variant (id, name, recommended_price, is_deleted, group_id) VALUES (8170, 'Bacon Mayo Sauce', 50, false, 1557) ON CONFLICT DO NOTHING;
INSERT INTO option_group (id, name, is_deleted, max_selection, min_selection, restaurant_id) VALUES (1558, 'Zgjidh bazën', false, 1, 0, 18) ON CONFLICT DO NOTHING;
INSERT INTO option_variant (id, name, recommended_price, is_deleted, group_id) VALUES (8171, 'Chicken Gyros Bowl(Rice) DEL', 0, false, 1558) ON CONFLICT DO NOTHING;
INSERT INTO option_variant (id, name, recommended_price, is_deleted, group_id) VALUES (8172, 'Chicken Gyros Bowl(Fries) DEL', 0, false, 1558) ON CONFLICT DO NOTHING;
INSERT INTO option_group (id, name, is_deleted, max_selection, min_selection, restaurant_id) VALUES (1559, 'Zgjidh madhësinë', false, 1, 0, 18) ON CONFLICT DO NOTHING;
INSERT INTO option_variant (id, name, recommended_price, is_deleted, group_id) VALUES (8173, 'Chicken Breast Pita', 0, false, 1559) ON CONFLICT DO NOTHING;
INSERT INTO option_variant (id, name, recommended_price, is_deleted, group_id) VALUES (8174, 'Chicken Breast Pita Big', 140, false, 1559) ON CONFLICT DO NOTHING;
INSERT INTO option_group (id, name, is_deleted, max_selection, min_selection, restaurant_id) VALUES (1560, 'Bëje vaktin më të madh', false, 1, 0, 18) ON CONFLICT DO NOTHING;
INSERT INTO option_variant (id, name, recommended_price, is_deleted, group_id) VALUES (8175, 'Add Fries& Red Bull', 300, false, 1560) ON CONFLICT DO NOTHING;
INSERT INTO option_variant (id, name, recommended_price, is_deleted, group_id) VALUES (8176, 'Add Fries and Drink 240 all', 240, false, 1560) ON CONFLICT DO NOTHING;
INSERT INTO option_group (id, name, is_deleted, max_selection, min_selection, restaurant_id) VALUES (1561, 'Shto Sides ', false, 1, 0, 18) ON CONFLICT DO NOTHING;
INSERT INTO option_variant (id, name, recommended_price, is_deleted, group_id) VALUES (8177, 'BBQ Chicken Wings (6 cope)', 400, false, 1561) ON CONFLICT DO NOTHING;
INSERT INTO option_variant (id, name, recommended_price, is_deleted, group_id) VALUES (8178, 'BBQ Chicken Wings (8 cope)', 570, false, 1561) ON CONFLICT DO NOTHING;
INSERT INTO option_variant (id, name, recommended_price, is_deleted, group_id) VALUES (8179, 'BBQ Chicken Wings (10 cope)', 720, false, 1561) ON CONFLICT DO NOTHING;
INSERT INTO option_variant (id, name, recommended_price, is_deleted, group_id) VALUES (8180, '2 pieces Kackavall Chips', 150, false, 1561) ON CONFLICT DO NOTHING;
INSERT INTO option_variant (id, name, recommended_price, is_deleted, group_id) VALUES (8181, 'Fried Zucchini Balls ', 280, false, 1561) ON CONFLICT DO NOTHING;
INSERT INTO option_variant (id, name, recommended_price, is_deleted, group_id) VALUES (8182, 'Kashkaval Chips', 490, false, 1561) ON CONFLICT DO NOTHING;
INSERT INTO option_variant (id, name, recommended_price, is_deleted, group_id) VALUES (8183, 'Moussaka Croquettes', 300, false, 1561) ON CONFLICT DO NOTHING;
INSERT INTO option_variant (id, name, recommended_price, is_deleted, group_id) VALUES (8184, 'Halloumi chips', 490, false, 1561) ON CONFLICT DO NOTHING;
INSERT INTO option_variant (id, name, recommended_price, is_deleted, group_id) VALUES (8185, 'Greek Fries', 350, false, 1561) ON CONFLICT DO NOTHING;
INSERT INTO option_variant (id, name, recommended_price, is_deleted, group_id) VALUES (8186, 'Bacon Fries', 500, false, 1561) ON CONFLICT DO NOTHING;
INSERT INTO option_variant (id, name, recommended_price, is_deleted, group_id) VALUES (8187, 'Cheddar Fries ', 350, false, 1561) ON CONFLICT DO NOTHING;
INSERT INTO option_group (id, name, is_deleted, max_selection, min_selection, restaurant_id) VALUES (1562, 'Red Bull Infusion Berry Mix/Mango', false, 1, 0, 18) ON CONFLICT DO NOTHING;
INSERT INTO option_variant (id, name, recommended_price, is_deleted, group_id) VALUES (8188, 'Red Bull Infusion Berry Mix ', 0, false, 1562) ON CONFLICT DO NOTHING;
INSERT INTO option_variant (id, name, recommended_price, is_deleted, group_id) VALUES (8189, 'Red Bull Infusion Mango', 0, false, 1562) ON CONFLICT DO NOTHING;
INSERT INTO option_group (id, name, is_deleted, max_selection, min_selection, restaurant_id) VALUES (1563, 'Sauces', false, 1, 0, 18) ON CONFLICT DO NOTHING;
INSERT INTO option_variant (id, name, recommended_price, is_deleted, group_id) VALUES (8190, 'Ketchup Bustine', 0, false, 1563) ON CONFLICT DO NOTHING;
INSERT INTO option_variant (id, name, recommended_price, is_deleted, group_id) VALUES (8191, 'Mustarde - bustine', 0, false, 1563) ON CONFLICT DO NOTHING;
INSERT INTO option_group (id, name, is_deleted, max_selection, min_selection, restaurant_id) VALUES (1564, 'Falafel Pita', false, 1, 0, 18) ON CONFLICT DO NOTHING;
INSERT INTO option_variant (id, name, recommended_price, is_deleted, group_id) VALUES (8192, 'Falafel Pita Yougurt', 0, false, 1564) ON CONFLICT DO NOTHING;
INSERT INTO option_variant (id, name, recommended_price, is_deleted, group_id) VALUES (8193, 'Falafel Pita Hummus', 0, false, 1564) ON CONFLICT DO NOTHING;
INSERT INTO option_group (id, name, is_deleted, max_selection, min_selection, restaurant_id) VALUES (1565, 'French Fries ', false, 1, 0, 18) ON CONFLICT DO NOTHING;
INSERT INTO option_variant (id, name, recommended_price, is_deleted, group_id) VALUES (8194, 'French Fries Large ', 0, false, 1565) ON CONFLICT DO NOTHING;
INSERT INTO option_group (id, name, is_deleted, max_selection, min_selection, restaurant_id) VALUES (1566, 'Zeus', false, 1, 0, 18) ON CONFLICT DO NOTHING;
INSERT INTO option_variant (id, name, recommended_price, is_deleted, group_id) VALUES (8195, 'Zeus', 0, false, 1566) ON CONFLICT DO NOTHING;
INSERT INTO option_group (id, name, is_deleted, max_selection, min_selection, restaurant_id) VALUES (1567, 'Chicken Doner ', false, 1, 0, 18) ON CONFLICT DO NOTHING;
INSERT INTO option_variant (id, name, recommended_price, is_deleted, group_id) VALUES (8196, 'Chicken Doner ', 0, false, 1567) ON CONFLICT DO NOTHING;
INSERT INTO option_group (id, name, is_deleted, max_selection, min_selection, restaurant_id) VALUES (1568, 'Medium Fries', false, 1, 0, 18) ON CONFLICT DO NOTHING;
INSERT INTO option_variant (id, name, recommended_price, is_deleted, group_id) VALUES (8197, 'Medium Fries', 0, false, 1568) ON CONFLICT DO NOTHING;
INSERT INTO option_group (id, name, is_deleted, max_selection, min_selection, restaurant_id) VALUES (1569, 'Schnitzel Pita', false, 1, 0, 18) ON CONFLICT DO NOTHING;
INSERT INTO option_variant (id, name, recommended_price, is_deleted, group_id) VALUES (8198, 'Schnitzel Pita', 0, false, 1569) ON CONFLICT DO NOTHING;
INSERT INTO option_group (id, name, is_deleted, max_selection, min_selection, restaurant_id) VALUES (1570, 'Pork Gyros', false, 1, 0, 18) ON CONFLICT DO NOTHING;
INSERT INTO option_variant (id, name, recommended_price, is_deleted, group_id) VALUES (8199, 'Pork Gyros', 0, false, 1570) ON CONFLICT DO NOTHING;
INSERT INTO option_group (id, name, is_deleted, max_selection, min_selection, restaurant_id) VALUES (1571, 'Minced Beef Skepasti', false, 1, 0, 18) ON CONFLICT DO NOTHING;
INSERT INTO option_variant (id, name, recommended_price, is_deleted, group_id) VALUES (8200, 'Minced Beef Skepasti', 0, false, 1571) ON CONFLICT DO NOTHING;
INSERT INTO option_group (id, name, is_deleted, max_selection, min_selection, restaurant_id) VALUES (1572, 'Shto proteine', false, 1, 0, 18) ON CONFLICT DO NOTHING;
INSERT INTO option_variant (id, name, recommended_price, is_deleted, group_id) VALUES (8201, 'Pork Skewers 1 cope ', 250, false, 1572) ON CONFLICT DO NOTHING;
INSERT INTO option_group (id, name, is_deleted, max_selection, min_selection, restaurant_id) VALUES (1573, 'Zgjidh madhësinë', false, 1, 0, 18) ON CONFLICT DO NOTHING;
INSERT INTO option_variant (id, name, recommended_price, is_deleted, group_id) VALUES (8202, 'Pork Gyros DEL', 0, false, 1573) ON CONFLICT DO NOTHING;
INSERT INTO option_variant (id, name, recommended_price, is_deleted, group_id) VALUES (8203, 'Pork Gyros Big DEL', 100, false, 1573) ON CONFLICT DO NOTHING;
INSERT INTO option_group (id, name, is_deleted, max_selection, min_selection, restaurant_id) VALUES (1574, 'Zgjidh madhësinë', false, 1, 0, 18) ON CONFLICT DO NOTHING;
INSERT INTO option_variant (id, name, recommended_price, is_deleted, group_id) VALUES (8204, 'Pork Skepasti DEL', 0, false, 1574) ON CONFLICT DO NOTHING;
INSERT INTO option_variant (id, name, recommended_price, is_deleted, group_id) VALUES (8205, 'Pork Skepasti Big ', 170, false, 1574) ON CONFLICT DO NOTHING;
INSERT INTO option_group (id, name, is_deleted, max_selection, min_selection, restaurant_id) VALUES (1575, 'Select Fries', false, 1, 0, 18) ON CONFLICT DO NOTHING;
INSERT INTO option_variant (id, name, recommended_price, is_deleted, group_id) VALUES (8206, 'Medium Fries', 0, false, 1575) ON CONFLICT DO NOTHING;
INSERT INTO option_group (id, name, is_deleted, max_selection, min_selection, restaurant_id) VALUES (1576, 'Double OPA Smash Burger', false, 1, 0, 18) ON CONFLICT DO NOTHING;
INSERT INTO option_variant (id, name, recommended_price, is_deleted, group_id) VALUES (8207, 'Double OPA Smash Burger', 0, false, 1576) ON CONFLICT DO NOTHING;
INSERT INTO option_group (id, name, is_deleted, max_selection, min_selection, restaurant_id) VALUES (1577, 'Truffle Gyros Pita', false, 1, 0, 18) ON CONFLICT DO NOTHING;
INSERT INTO option_variant (id, name, recommended_price, is_deleted, group_id) VALUES (8208, 'Truffle Chicken Gyros ', 0, false, 1577) ON CONFLICT DO NOTHING;
INSERT INTO option_group (id, name, is_deleted, max_selection, min_selection, restaurant_id) VALUES (1578, 'Halloumi Pita Big', false, 1, 0, 18) ON CONFLICT DO NOTHING;
INSERT INTO option_variant (id, name, recommended_price, is_deleted, group_id) VALUES (8209, 'Halloumi Pita Big', 0, false, 1578) ON CONFLICT DO NOTHING;
INSERT INTO option_group (id, name, is_deleted, max_selection, min_selection, restaurant_id) VALUES (1579, 'Pork Skepasti Big', false, 1, 0, 18) ON CONFLICT DO NOTHING;
INSERT INTO option_variant (id, name, recommended_price, is_deleted, group_id) VALUES (8210, 'Pork Skepasti Big ', 0, false, 1579) ON CONFLICT DO NOTHING;
INSERT INTO option_group (id, name, is_deleted, max_selection, min_selection, restaurant_id) VALUES (1580, 'Chicken Gyros Big', false, 1, 0, 18) ON CONFLICT DO NOTHING;
INSERT INTO option_variant (id, name, recommended_price, is_deleted, group_id) VALUES (8211, 'Chicken Gyros Big', 0, false, 1580) ON CONFLICT DO NOTHING;
INSERT INTO option_group (id, name, is_deleted, max_selection, min_selection, restaurant_id) VALUES (1581, 'Chicken Breast Pita Big', false, 1, 0, 18) ON CONFLICT DO NOTHING;
INSERT INTO option_variant (id, name, recommended_price, is_deleted, group_id) VALUES (8212, 'Chicken Breast Pita Big', 0, false, 1581) ON CONFLICT DO NOTHING;
INSERT INTO option_group (id, name, is_deleted, max_selection, min_selection, restaurant_id) VALUES (1582, 'Shto (Extra)', false, 1, 0, 18) ON CONFLICT DO NOTHING;
INSERT INTO option_variant (id, name, recommended_price, is_deleted, group_id) VALUES (8213, 'Add Cheddar Cheese', 100, false, 1582) ON CONFLICT DO NOTHING;
INSERT INTO option_group (id, name, is_deleted, max_selection, min_selection, restaurant_id) VALUES (1583, 'Apollo Pita Big', false, 1, 0, 18) ON CONFLICT DO NOTHING;
INSERT INTO option_variant (id, name, recommended_price, is_deleted, group_id) VALUES (8214, 'Apollo Pita Big', 0, false, 1583) ON CONFLICT DO NOTHING;
INSERT INTO option_group (id, name, is_deleted, max_selection, min_selection, restaurant_id) VALUES (1584, 'Pork Skepasti', false, 1, 0, 18) ON CONFLICT DO NOTHING;
INSERT INTO option_variant (id, name, recommended_price, is_deleted, group_id) VALUES (8215, 'Pork Skepasti', 0, false, 1584) ON CONFLICT DO NOTHING;
INSERT INTO option_group (id, name, is_deleted, max_selection, min_selection, restaurant_id) VALUES (1585, 'Eros', false, 1, 0, 18) ON CONFLICT DO NOTHING;
INSERT INTO option_variant (id, name, recommended_price, is_deleted, group_id) VALUES (8216, 'Eros', 0, false, 1585) ON CONFLICT DO NOTHING;
INSERT INTO option_group (id, name, is_deleted, max_selection, min_selection, restaurant_id) VALUES (1586, 'Shto përbërës', false, 1, 0, 18) ON CONFLICT DO NOTHING;
INSERT INTO option_variant (id, name, recommended_price, is_deleted, group_id) VALUES (8217, 'Add Chicken fillet DEL', 200, false, 1586) ON CONFLICT DO NOTHING;
INSERT INTO option_group (id, name, is_deleted, max_selection, min_selection, restaurant_id) VALUES (1587, 'Shto Proteine ', false, 1, 0, 18) ON CONFLICT DO NOTHING;
INSERT INTO option_variant (id, name, recommended_price, is_deleted, group_id) VALUES (8218, 'Chicken Skewers 1 cope DEL', 250, false, 1587) ON CONFLICT DO NOTHING;
INSERT INTO option_group (id, name, is_deleted, max_selection, min_selection, restaurant_id) VALUES (1588, 'Kebab Pita Big', false, 1, 0, 18) ON CONFLICT DO NOTHING;
INSERT INTO option_variant (id, name, recommended_price, is_deleted, group_id) VALUES (8219, 'Kebab Pita Big', 0, false, 1588) ON CONFLICT DO NOTHING;
INSERT INTO option_group (id, name, is_deleted, max_selection, min_selection, restaurant_id) VALUES (1589, 'BBQ Chicken Wings (6 cope) ', false, 1, 0, 18) ON CONFLICT DO NOTHING;
INSERT INTO option_variant (id, name, recommended_price, is_deleted, group_id) VALUES (8220, 'BBQ Chicken Wings (6 cope)', 0, false, 1589) ON CONFLICT DO NOTHING;
INSERT INTO option_group (id, name, is_deleted, max_selection, min_selection, restaurant_id) VALUES (1590, 'Hermes Big', false, 1, 0, 18) ON CONFLICT DO NOTHING;
INSERT INTO option_variant (id, name, recommended_price, is_deleted, group_id) VALUES (8221, 'Hermes Big', 0, false, 1590) ON CONFLICT DO NOTHING;
INSERT INTO option_group (id, name, is_deleted, max_selection, min_selection, restaurant_id) VALUES (1591, 'Halloumi Pita', false, 1, 0, 18) ON CONFLICT DO NOTHING;
INSERT INTO option_variant (id, name, recommended_price, is_deleted, group_id) VALUES (8222, 'Halloumi Pita', 0, false, 1591) ON CONFLICT DO NOTHING;
INSERT INTO option_group (id, name, is_deleted, max_selection, min_selection, restaurant_id) VALUES (1592, 'Pork Gyros Big', false, 1, 0, 18) ON CONFLICT DO NOTHING;
INSERT INTO option_variant (id, name, recommended_price, is_deleted, group_id) VALUES (8223, 'Pork Gyros Big', 0, false, 1592) ON CONFLICT DO NOTHING;
INSERT INTO option_group (id, name, is_deleted, max_selection, min_selection, restaurant_id) VALUES (1593, 'Gaia', false, 1, 0, 18) ON CONFLICT DO NOTHING;
INSERT INTO option_variant (id, name, recommended_price, is_deleted, group_id) VALUES (8224, 'Gaia', 0, false, 1593) ON CONFLICT DO NOTHING;
INSERT INTO option_group (id, name, is_deleted, max_selection, min_selection, restaurant_id) VALUES (1594, 'Eros Big', false, 1, 0, 18) ON CONFLICT DO NOTHING;
INSERT INTO option_variant (id, name, recommended_price, is_deleted, group_id) VALUES (8225, 'Eros Big ', 0, false, 1594) ON CONFLICT DO NOTHING;
INSERT INTO option_group (id, name, is_deleted, max_selection, min_selection, restaurant_id) VALUES (1595, 'BBQ Chicken Wings (8 cope)', false, 1, 0, 18) ON CONFLICT DO NOTHING;
INSERT INTO option_variant (id, name, recommended_price, is_deleted, group_id) VALUES (8226, 'BBQ Chicken Wings (8 cope)', 0, false, 1595) ON CONFLICT DO NOTHING;
INSERT INTO option_group (id, name, is_deleted, max_selection, min_selection, restaurant_id) VALUES (1596, 'Zgjidh bazën', false, 1, 0, 18) ON CONFLICT DO NOTHING;
INSERT INTO option_variant (id, name, recommended_price, is_deleted, group_id) VALUES (8227, 'Pork Gyros Bowl(Rice) DEL', 0, false, 1596) ON CONFLICT DO NOTHING;
INSERT INTO option_variant (id, name, recommended_price, is_deleted, group_id) VALUES (8228, 'Pork Gyros Bowl (Fries) DEL', 0, false, 1596) ON CONFLICT DO NOTHING;
INSERT INTO option_group (id, name, is_deleted, max_selection, min_selection, restaurant_id) VALUES (1597, 'Zgjidh madhësinë', false, 1, 0, 18) ON CONFLICT DO NOTHING;
INSERT INTO option_variant (id, name, recommended_price, is_deleted, group_id) VALUES (8229, 'Truffle Chicken Gyros ', 0, false, 1597) ON CONFLICT DO NOTHING;
INSERT INTO option_variant (id, name, recommended_price, is_deleted, group_id) VALUES (8230, 'Truffle Chicken Gyros Big ', 120, false, 1597) ON CONFLICT DO NOTHING;
INSERT INTO option_group (id, name, is_deleted, max_selection, min_selection, restaurant_id) VALUES (1598, 'Zgjidh madhësinë', false, 1, 0, 18) ON CONFLICT DO NOTHING;
INSERT INTO option_variant (id, name, recommended_price, is_deleted, group_id) VALUES (8231, 'Falafel Pita Yougurt', 0, false, 1598) ON CONFLICT DO NOTHING;
INSERT INTO option_variant (id, name, recommended_price, is_deleted, group_id) VALUES (8232, 'Falafel Pita Big Yougurt', 100, false, 1598) ON CONFLICT DO NOTHING;
INSERT INTO option_group (id, name, is_deleted, max_selection, min_selection, restaurant_id) VALUES (1599, 'Preferenca e mishit', false, 1, 0, 18) ON CONFLICT DO NOTHING;
INSERT INTO option_variant (id, name, recommended_price, is_deleted, group_id) VALUES (8233, 'Junior Chicken Gyros Combo', 0, false, 1599) ON CONFLICT DO NOTHING;
INSERT INTO option_variant (id, name, recommended_price, is_deleted, group_id) VALUES (8234, 'Junior Pork Gyros Combo', 0, false, 1599) ON CONFLICT DO NOTHING;
INSERT INTO option_group (id, name, is_deleted, max_selection, min_selection, restaurant_id) VALUES (1600, 'Choose your Loukomades Ruspberry and Pistachio', false, 1, 0, 18) ON CONFLICT DO NOTHING;
INSERT INTO option_variant (id, name, recommended_price, is_deleted, group_id) VALUES (8235, 'Loukomadhes Ruspberry and Pistachio 1/2', 0, false, 1600) ON CONFLICT DO NOTHING;
INSERT INTO option_variant (id, name, recommended_price, is_deleted, group_id) VALUES (8236, 'Loukomadhes Ruspberry and Pistachio', 200, false, 1600) ON CONFLICT DO NOTHING;
INSERT INTO option_group (id, name, is_deleted, max_selection, min_selection, restaurant_id) VALUES (1601, '4 Halloumi Fingers', false, 1, 0, 18) ON CONFLICT DO NOTHING;
INSERT INTO option_variant (id, name, recommended_price, is_deleted, group_id) VALUES (8237, '4 Halloumi Fingers', 0, false, 1601) ON CONFLICT DO NOTHING;
INSERT INTO option_group (id, name, is_deleted, max_selection, min_selection, restaurant_id) VALUES (1602, 'Shto (Extra)', false, 1, 0, 18) ON CONFLICT DO NOTHING;
INSERT INTO option_variant (id, name, recommended_price, is_deleted, group_id) VALUES (8238, 'Add Crispy Bacon', 150, false, 1602) ON CONFLICT DO NOTHING;
INSERT INTO option_variant (id, name, recommended_price, is_deleted, group_id) VALUES (8239, 'Add Jalapenos', 50, false, 1602) ON CONFLICT DO NOTHING;
INSERT INTO option_variant (id, name, recommended_price, is_deleted, group_id) VALUES (8240, 'Add Cheddar Cheese', 100, false, 1602) ON CONFLICT DO NOTHING;
INSERT INTO option_group (id, name, is_deleted, max_selection, min_selection, restaurant_id) VALUES (1603, 'BBQ Chicken Wings (10 cope)', false, 1, 0, 18) ON CONFLICT DO NOTHING;
INSERT INTO option_variant (id, name, recommended_price, is_deleted, group_id) VALUES (8241, 'BBQ Chicken Wings (10 cope)', 0, false, 1603) ON CONFLICT DO NOTHING;
INSERT INTO option_group (id, name, is_deleted, max_selection, min_selection, restaurant_id) VALUES (1604, 'Shto pijet', false, 1, 0, 18) ON CONFLICT DO NOTHING;
INSERT INTO option_variant (id, name, recommended_price, is_deleted, group_id) VALUES (8242, 'Selita 0.5L Natyral', 120, false, 1604) ON CONFLICT DO NOTHING;
INSERT INTO option_variant (id, name, recommended_price, is_deleted, group_id) VALUES (8243, 'Selita 0.5l Gaz ', 120, false, 1604) ON CONFLICT DO NOTHING;
INSERT INTO option_variant (id, name, recommended_price, is_deleted, group_id) VALUES (8244, 'Ayran ', 170, false, 1604) ON CONFLICT DO NOTHING;
INSERT INTO option_variant (id, name, recommended_price, is_deleted, group_id) VALUES (8245, 'Coca Cola 0.33 Normale ', 180, false, 1604) ON CONFLICT DO NOTHING;
INSERT INTO option_variant (id, name, recommended_price, is_deleted, group_id) VALUES (8246, 'Coca Cola 0.33 Zero', 180, false, 1604) ON CONFLICT DO NOTHING;
INSERT INTO option_variant (id, name, recommended_price, is_deleted, group_id) VALUES (8247, 'Fanta Ekzotik 0.33', 180, false, 1604) ON CONFLICT DO NOTHING;
INSERT INTO option_variant (id, name, recommended_price, is_deleted, group_id) VALUES (8248, 'Fanta Orange 0.33 ', 180, false, 1604) ON CONFLICT DO NOTHING;
INSERT INTO option_variant (id, name, recommended_price, is_deleted, group_id) VALUES (8249, 'Lipton Ice Tea Lemon 0.33 DEL', 180, false, 1604) ON CONFLICT DO NOTHING;
INSERT INTO option_variant (id, name, recommended_price, is_deleted, group_id) VALUES (8250, 'Lipton Ice Tea Peach 0.33 DEL', 180, false, 1604) ON CONFLICT DO NOTHING;
INSERT INTO option_variant (id, name, recommended_price, is_deleted, group_id) VALUES (8251, 'Schweppes Indian Tonic 0.33L', 180, false, 1604) ON CONFLICT DO NOTHING;
INSERT INTO option_variant (id, name, recommended_price, is_deleted, group_id) VALUES (8252, 'Peja 0.33L ', 300, false, 1604) ON CONFLICT DO NOTHING;
INSERT INTO option_variant (id, name, recommended_price, is_deleted, group_id) VALUES (8253, 'Heineken 0.33 ', 350, false, 1604) ON CONFLICT DO NOTHING;
INSERT INTO option_variant (id, name, recommended_price, is_deleted, group_id) VALUES (8254, 'Korça 0.33L ', 350, false, 1604) ON CONFLICT DO NOTHING;
INSERT INTO option_group (id, name, is_deleted, max_selection, min_selection, restaurant_id) VALUES (1605, 'Drinks', false, 1, 0, 18) ON CONFLICT DO NOTHING;
INSERT INTO option_variant (id, name, recommended_price, is_deleted, group_id) VALUES (8255, 'Coca Cola 0.33l', 0, false, 1605) ON CONFLICT DO NOTHING;
INSERT INTO option_variant (id, name, recommended_price, is_deleted, group_id) VALUES (8256, 'Selita Uje natyral 0.5l', 0, false, 1605) ON CONFLICT DO NOTHING;
INSERT INTO option_variant (id, name, recommended_price, is_deleted, group_id) VALUES (8257, 'Selita Uje me gaz 0.5l', 0, false, 1605) ON CONFLICT DO NOTHING;
INSERT INTO option_variant (id, name, recommended_price, is_deleted, group_id) VALUES (8258, 'Coca Cola Zero 0.33L', 0, false, 1605) ON CONFLICT DO NOTHING;
INSERT INTO option_variant (id, name, recommended_price, is_deleted, group_id) VALUES (8259, 'Fanta Lemon 0.33L', 0, false, 1605) ON CONFLICT DO NOTHING;
INSERT INTO option_variant (id, name, recommended_price, is_deleted, group_id) VALUES (8260, 'Fanta Orange 0.33L', 0, false, 1605) ON CONFLICT DO NOTHING;
INSERT INTO option_variant (id, name, recommended_price, is_deleted, group_id) VALUES (8261, 'Fanta Exotic 0.33L', 0, false, 1605) ON CONFLICT DO NOTHING;
INSERT INTO option_variant (id, name, recommended_price, is_deleted, group_id) VALUES (8262, 'Fanta Zero Lemon 0.33L', 0, false, 1605) ON CONFLICT DO NOTHING;
INSERT INTO option_variant (id, name, recommended_price, is_deleted, group_id) VALUES (8263, 'Lemon Soda 0.33', 0, false, 1605) ON CONFLICT DO NOTHING;
INSERT INTO option_variant (id, name, recommended_price, is_deleted, group_id) VALUES (8264, 'Orange Soda 0.33', 0, false, 1605) ON CONFLICT DO NOTHING;
INSERT INTO option_variant (id, name, recommended_price, is_deleted, group_id) VALUES (8265, 'Sprite 0.33l', 0, false, 1605) ON CONFLICT DO NOTHING;
INSERT INTO option_variant (id, name, recommended_price, is_deleted, group_id) VALUES (8266, 'Ayran/Dhalle', 0, false, 1605) ON CONFLICT DO NOTHING;
INSERT INTO option_variant (id, name, recommended_price, is_deleted, group_id) VALUES (8267, 'Lipton Ice Tea Lemon 0.33', 0, false, 1605) ON CONFLICT DO NOTHING;
INSERT INTO option_variant (id, name, recommended_price, is_deleted, group_id) VALUES (8268, 'Lipton Ice Tea Peach 0.33', 0, false, 1605) ON CONFLICT DO NOTHING;
INSERT INTO option_group (id, name, is_deleted, max_selection, min_selection, restaurant_id) VALUES (1606, 'Truffle Chicken Gyros Big', false, 1, 0, 18) ON CONFLICT DO NOTHING;
INSERT INTO option_variant (id, name, recommended_price, is_deleted, group_id) VALUES (8269, 'Truffle Chicken Gyros Big ', 0, false, 1606) ON CONFLICT DO NOTHING;
INSERT INTO option_group (id, name, is_deleted, max_selection, min_selection, restaurant_id) VALUES (1607, 'Select Fries', false, 1, 0, 18) ON CONFLICT DO NOTHING;
INSERT INTO option_variant (id, name, recommended_price, is_deleted, group_id) VALUES (8270, 'Medium Fries', 0, false, 1607) ON CONFLICT DO NOTHING;
INSERT INTO option_variant (id, name, recommended_price, is_deleted, group_id) VALUES (8271, 'French Fries Large ', 70, false, 1607) ON CONFLICT DO NOTHING;
INSERT INTO option_group (id, name, is_deleted, max_selection, min_selection, restaurant_id) VALUES (1608, 'Choose Your Sauce ', false, 1, 0, 18) ON CONFLICT DO NOTHING;
INSERT INTO option_variant (id, name, recommended_price, is_deleted, group_id) VALUES (8272, 'Ketchup Bustine', 0, false, 1608) ON CONFLICT DO NOTHING;
INSERT INTO option_variant (id, name, recommended_price, is_deleted, group_id) VALUES (8273, 'Mustarde - bustine', 0, false, 1608) ON CONFLICT DO NOTHING;
INSERT INTO option_variant (id, name, recommended_price, is_deleted, group_id) VALUES (8274, 'Sweet chilli & tarragon sauce', 0, false, 1608) ON CONFLICT DO NOTHING;
INSERT INTO option_variant (id, name, recommended_price, is_deleted, group_id) VALUES (8275, 'Chili Garlic Mayo', 0, false, 1608) ON CONFLICT DO NOTHING;
INSERT INTO option_variant (id, name, recommended_price, is_deleted, group_id) VALUES (8276, 'Truffle Mayo', 0, false, 1608) ON CONFLICT DO NOTHING;
INSERT INTO option_variant (id, name, recommended_price, is_deleted, group_id) VALUES (8277, 'Bacon Mayo Sauce', 0, false, 1608) ON CONFLICT DO NOTHING;
INSERT INTO option_variant (id, name, recommended_price, is_deleted, group_id) VALUES (8278, 'Tzatziki Sauce', 0, false, 1608) ON CONFLICT DO NOTHING;
INSERT INTO option_variant (id, name, recommended_price, is_deleted, group_id) VALUES (8279, 'Homemade Pickled Cucumber', 0, false, 1608) ON CONFLICT DO NOTHING;
INSERT INTO option_variant (id, name, recommended_price, is_deleted, group_id) VALUES (8280, 'Cheddar Sauce ', 0, false, 1608) ON CONFLICT DO NOTHING;
INSERT INTO option_variant (id, name, recommended_price, is_deleted, group_id) VALUES (8281, 'Hummus Small', 0, false, 1608) ON CONFLICT DO NOTHING;
INSERT INTO option_variant (id, name, recommended_price, is_deleted, group_id) VALUES (8282, 'Mayonnaise Bustine', 0, false, 1608) ON CONFLICT DO NOTHING;
INSERT INTO option_variant (id, name, recommended_price, is_deleted, group_id) VALUES (8283, 'OPA Mayo', 0, false, 1608) ON CONFLICT DO NOTHING;
INSERT INTO option_variant (id, name, recommended_price, is_deleted, group_id) VALUES (8284, 'Yougurt Sauce ', 0, false, 1608) ON CONFLICT DO NOTHING;
INSERT INTO option_group (id, name, is_deleted, max_selection, min_selection, restaurant_id) VALUES (1609, 'Drinks for Big', false, 1, 0, 18) ON CONFLICT DO NOTHING;
INSERT INTO option_variant (id, name, recommended_price, is_deleted, group_id) VALUES (8285, 'Selita Uje natyral 0.5l', 0, false, 1609) ON CONFLICT DO NOTHING;
INSERT INTO option_variant (id, name, recommended_price, is_deleted, group_id) VALUES (8286, 'Selita Uje me gaz 0.5l', 0, false, 1609) ON CONFLICT DO NOTHING;
INSERT INTO option_variant (id, name, recommended_price, is_deleted, group_id) VALUES (8287, 'Coca Cola 0.33l', 0, false, 1609) ON CONFLICT DO NOTHING;
INSERT INTO option_variant (id, name, recommended_price, is_deleted, group_id) VALUES (8288, 'Coca Cola Zero 0.33L', 0, false, 1609) ON CONFLICT DO NOTHING;
INSERT INTO option_variant (id, name, recommended_price, is_deleted, group_id) VALUES (8289, 'Fanta Exotic 0.33L', 0, false, 1609) ON CONFLICT DO NOTHING;
INSERT INTO option_variant (id, name, recommended_price, is_deleted, group_id) VALUES (8290, 'Fanta Orange 0.33L', 0, false, 1609) ON CONFLICT DO NOTHING;
INSERT INTO option_variant (id, name, recommended_price, is_deleted, group_id) VALUES (8291, 'Lemon Soda 0.33', 0, false, 1609) ON CONFLICT DO NOTHING;
INSERT INTO option_variant (id, name, recommended_price, is_deleted, group_id) VALUES (8292, 'Orange Soda 0.33', 0, false, 1609) ON CONFLICT DO NOTHING;
INSERT INTO option_variant (id, name, recommended_price, is_deleted, group_id) VALUES (8293, 'Sprite 0.33l', 0, false, 1609) ON CONFLICT DO NOTHING;
INSERT INTO option_variant (id, name, recommended_price, is_deleted, group_id) VALUES (8294, 'Ayran/Dhalle', 0, false, 1609) ON CONFLICT DO NOTHING;
INSERT INTO option_variant (id, name, recommended_price, is_deleted, group_id) VALUES (8295, 'Lipton Ice Tea Peach 0.33', 0, false, 1609) ON CONFLICT DO NOTHING;
INSERT INTO option_variant (id, name, recommended_price, is_deleted, group_id) VALUES (8296, 'Lipton Ice Tea Lemon 0.33', 0, false, 1609) ON CONFLICT DO NOTHING;
INSERT INTO option_variant (id, name, recommended_price, is_deleted, group_id) VALUES (8297, 'Fanta Lemon 0.33L', 0, false, 1609) ON CONFLICT DO NOTHING;
INSERT INTO option_group (id, name, is_deleted, max_selection, min_selection, restaurant_id) VALUES (1610, 'Schnitzel Wrap ', false, 1, 0, 18) ON CONFLICT DO NOTHING;
INSERT INTO option_variant (id, name, recommended_price, is_deleted, group_id) VALUES (8298, 'Schnitzel Wrap ', 0, false, 1610) ON CONFLICT DO NOTHING;
INSERT INTO option_group (id, name, is_deleted, max_selection, min_selection, restaurant_id) VALUES (1611, 'Shto pijet', false, 1, 0, 18) ON CONFLICT DO NOTHING;
INSERT INTO option_variant (id, name, recommended_price, is_deleted, group_id) VALUES (8299, 'Selita 0.5L Natyral', 120, false, 1611) ON CONFLICT DO NOTHING;
INSERT INTO option_variant (id, name, recommended_price, is_deleted, group_id) VALUES (8300, 'Selita 0.5l Gaz ', 120, false, 1611) ON CONFLICT DO NOTHING;
INSERT INTO option_variant (id, name, recommended_price, is_deleted, group_id) VALUES (8301, 'Ayran ', 170, false, 1611) ON CONFLICT DO NOTHING;
INSERT INTO option_variant (id, name, recommended_price, is_deleted, group_id) VALUES (8302, 'Coca Cola 0.33 Normale ', 180, false, 1611) ON CONFLICT DO NOTHING;
INSERT INTO option_variant (id, name, recommended_price, is_deleted, group_id) VALUES (8303, 'Coca Cola 0.33 Zero', 180, false, 1611) ON CONFLICT DO NOTHING;
INSERT INTO option_variant (id, name, recommended_price, is_deleted, group_id) VALUES (8304, 'Fanta Ekzotik 0.33', 180, false, 1611) ON CONFLICT DO NOTHING;
INSERT INTO option_variant (id, name, recommended_price, is_deleted, group_id) VALUES (8305, 'Fanta Orange 0.33 ', 180, false, 1611) ON CONFLICT DO NOTHING;
INSERT INTO option_variant (id, name, recommended_price, is_deleted, group_id) VALUES (8306, 'Lipton Ice Tea Lemon 0.33 DEL', 180, false, 1611) ON CONFLICT DO NOTHING;
INSERT INTO option_variant (id, name, recommended_price, is_deleted, group_id) VALUES (8307, 'Lipton Ice Tea Peach 0.33 DEL', 180, false, 1611) ON CONFLICT DO NOTHING;
INSERT INTO option_variant (id, name, recommended_price, is_deleted, group_id) VALUES (8308, 'Schweppes Indian Tonic 0.33L', 180, false, 1611) ON CONFLICT DO NOTHING;
INSERT INTO option_variant (id, name, recommended_price, is_deleted, group_id) VALUES (8309, 'Peja 0.33L ', 300, false, 1611) ON CONFLICT DO NOTHING;
INSERT INTO option_variant (id, name, recommended_price, is_deleted, group_id) VALUES (8310, 'Heineken 0.33 ', 350, false, 1611) ON CONFLICT DO NOTHING;
INSERT INTO option_variant (id, name, recommended_price, is_deleted, group_id) VALUES (8311, 'Korça 0.33L ', 350, false, 1611) ON CONFLICT DO NOTHING;
INSERT INTO option_group (id, name, is_deleted, max_selection, min_selection, restaurant_id) VALUES (1612, 'Choose Your Sauce ', false, 1, 0, 18) ON CONFLICT DO NOTHING;
INSERT INTO option_variant (id, name, recommended_price, is_deleted, group_id) VALUES (8312, 'Ketchup Bustine', 0, false, 1612) ON CONFLICT DO NOTHING;
INSERT INTO option_variant (id, name, recommended_price, is_deleted, group_id) VALUES (8313, 'Mustarde - bustine', 0, false, 1612) ON CONFLICT DO NOTHING;
INSERT INTO option_variant (id, name, recommended_price, is_deleted, group_id) VALUES (8314, 'Sweet chilli & tarragon sauce', 0, false, 1612) ON CONFLICT DO NOTHING;
INSERT INTO option_variant (id, name, recommended_price, is_deleted, group_id) VALUES (8315, 'Chili Garlic Mayo', 0, false, 1612) ON CONFLICT DO NOTHING;
INSERT INTO option_variant (id, name, recommended_price, is_deleted, group_id) VALUES (8316, 'Truffle Mayo', 0, false, 1612) ON CONFLICT DO NOTHING;
INSERT INTO option_variant (id, name, recommended_price, is_deleted, group_id) VALUES (8317, 'Bacon Mayo Sauce', 0, false, 1612) ON CONFLICT DO NOTHING;
INSERT INTO option_variant (id, name, recommended_price, is_deleted, group_id) VALUES (8318, 'Tzatziki Sauce', 0, false, 1612) ON CONFLICT DO NOTHING;
INSERT INTO option_variant (id, name, recommended_price, is_deleted, group_id) VALUES (8319, 'Homemade Pickled Cucumber', 0, false, 1612) ON CONFLICT DO NOTHING;
INSERT INTO option_variant (id, name, recommended_price, is_deleted, group_id) VALUES (8320, 'Cheddar Sauce ', 0, false, 1612) ON CONFLICT DO NOTHING;
INSERT INTO option_variant (id, name, recommended_price, is_deleted, group_id) VALUES (8321, 'Hummus Small', 0, false, 1612) ON CONFLICT DO NOTHING;
INSERT INTO option_variant (id, name, recommended_price, is_deleted, group_id) VALUES (8322, 'Mayonnaise Bustine', 0, false, 1612) ON CONFLICT DO NOTHING;
INSERT INTO option_variant (id, name, recommended_price, is_deleted, group_id) VALUES (8323, 'OPA Mayo', 0, false, 1612) ON CONFLICT DO NOTHING;
INSERT INTO option_variant (id, name, recommended_price, is_deleted, group_id) VALUES (8324, 'Yougurt Sauce ', 0, false, 1612) ON CONFLICT DO NOTHING;
INSERT INTO option_group (id, name, is_deleted, max_selection, min_selection, restaurant_id) VALUES (1613, 'Drinks', false, 1, 0, 18) ON CONFLICT DO NOTHING;
INSERT INTO option_variant (id, name, recommended_price, is_deleted, group_id) VALUES (8325, 'Coca Cola 0.33l', 0, false, 1613) ON CONFLICT DO NOTHING;
INSERT INTO option_variant (id, name, recommended_price, is_deleted, group_id) VALUES (8326, 'Selita Uje natyral 0.5l', 0, false, 1613) ON CONFLICT DO NOTHING;
INSERT INTO option_variant (id, name, recommended_price, is_deleted, group_id) VALUES (8327, 'Selita Uje me gaz 0.5l', 0, false, 1613) ON CONFLICT DO NOTHING;
INSERT INTO option_variant (id, name, recommended_price, is_deleted, group_id) VALUES (8328, 'Coca Cola Zero 0.33L', 0, false, 1613) ON CONFLICT DO NOTHING;
INSERT INTO option_variant (id, name, recommended_price, is_deleted, group_id) VALUES (8329, 'Fanta Lemon 0.33L', 0, false, 1613) ON CONFLICT DO NOTHING;
INSERT INTO option_variant (id, name, recommended_price, is_deleted, group_id) VALUES (8330, 'Fanta Orange 0.33L', 0, false, 1613) ON CONFLICT DO NOTHING;
INSERT INTO option_variant (id, name, recommended_price, is_deleted, group_id) VALUES (8331, 'Fanta Exotic 0.33L', 0, false, 1613) ON CONFLICT DO NOTHING;
INSERT INTO option_variant (id, name, recommended_price, is_deleted, group_id) VALUES (8332, 'Fanta Zero Lemon 0.33L', 0, false, 1613) ON CONFLICT DO NOTHING;
INSERT INTO option_variant (id, name, recommended_price, is_deleted, group_id) VALUES (8333, 'Lemon Soda 0.33', 0, false, 1613) ON CONFLICT DO NOTHING;
INSERT INTO option_variant (id, name, recommended_price, is_deleted, group_id) VALUES (8334, 'Orange Soda 0.33', 0, false, 1613) ON CONFLICT DO NOTHING;
INSERT INTO option_variant (id, name, recommended_price, is_deleted, group_id) VALUES (8335, 'Sprite 0.33l', 0, false, 1613) ON CONFLICT DO NOTHING;
INSERT INTO option_variant (id, name, recommended_price, is_deleted, group_id) VALUES (8336, 'Ayran/Dhalle', 0, false, 1613) ON CONFLICT DO NOTHING;
INSERT INTO option_variant (id, name, recommended_price, is_deleted, group_id) VALUES (8337, 'Lipton Ice Tea Lemon 0.33', 0, false, 1613) ON CONFLICT DO NOTHING;
INSERT INTO option_variant (id, name, recommended_price, is_deleted, group_id) VALUES (8338, 'Lipton Ice Tea Peach 0.33', 0, false, 1613) ON CONFLICT DO NOTHING;
INSERT INTO option_group (id, name, is_deleted, max_selection, min_selection, restaurant_id) VALUES (1614, 'Medium Fries', false, 1, 0, 18) ON CONFLICT DO NOTHING;
INSERT INTO option_variant (id, name, recommended_price, is_deleted, group_id) VALUES (8339, 'Medium Fries', 0, false, 1614) ON CONFLICT DO NOTHING;
INSERT INTO option_group (id, name, is_deleted, max_selection, min_selection, restaurant_id) VALUES (1615, 'Zgjidh madhësinë', false, 1, 0, 18) ON CONFLICT DO NOTHING;
INSERT INTO option_variant (id, name, recommended_price, is_deleted, group_id) VALUES (8340, 'Chicken Gyros DEL', 0, false, 1615) ON CONFLICT DO NOTHING;
INSERT INTO option_variant (id, name, recommended_price, is_deleted, group_id) VALUES (8341, 'Chicken Gyros Big DEL', 110, false, 1615) ON CONFLICT DO NOTHING;
INSERT INTO option_group (id, name, is_deleted, max_selection, min_selection, restaurant_id) VALUES (1616, 'BBQ Chicken Wings (4 cope)', false, 1, 0, 18) ON CONFLICT DO NOTHING;
INSERT INTO option_variant (id, name, recommended_price, is_deleted, group_id) VALUES (8342, 'BBQ Chicken Wings (4 cope)', 0, false, 1616) ON CONFLICT DO NOTHING;
INSERT INTO option_group (id, name, is_deleted, max_selection, min_selection, restaurant_id) VALUES (1617, 'Schnitzel Wrap Big', false, 1, 0, 18) ON CONFLICT DO NOTHING;
INSERT INTO option_variant (id, name, recommended_price, is_deleted, group_id) VALUES (8343, 'Schnitzel Wrap Big', 0, false, 1617) ON CONFLICT DO NOTHING;
INSERT INTO option_group (id, name, is_deleted, max_selection, min_selection, restaurant_id) VALUES (1618, 'Drinks for Big', false, 1, 0, 18) ON CONFLICT DO NOTHING;
INSERT INTO option_variant (id, name, recommended_price, is_deleted, group_id) VALUES (8344, 'Selita Uje natyral 0.5l', 0, false, 1618) ON CONFLICT DO NOTHING;
INSERT INTO option_variant (id, name, recommended_price, is_deleted, group_id) VALUES (8345, 'Selita Uje me gaz 0.5l', 0, false, 1618) ON CONFLICT DO NOTHING;
INSERT INTO option_variant (id, name, recommended_price, is_deleted, group_id) VALUES (8346, 'Coca Cola 0.33l', 0, false, 1618) ON CONFLICT DO NOTHING;
INSERT INTO option_variant (id, name, recommended_price, is_deleted, group_id) VALUES (8347, 'Coca Cola Zero 0.33L', 0, false, 1618) ON CONFLICT DO NOTHING;
INSERT INTO option_variant (id, name, recommended_price, is_deleted, group_id) VALUES (8348, 'Fanta Exotic 0.33L', 0, false, 1618) ON CONFLICT DO NOTHING;
INSERT INTO option_variant (id, name, recommended_price, is_deleted, group_id) VALUES (8349, 'Fanta Orange 0.33L', 0, false, 1618) ON CONFLICT DO NOTHING;
INSERT INTO option_variant (id, name, recommended_price, is_deleted, group_id) VALUES (8350, 'Lemon Soda 0.33', 0, false, 1618) ON CONFLICT DO NOTHING;
INSERT INTO option_variant (id, name, recommended_price, is_deleted, group_id) VALUES (8351, 'Orange Soda 0.33', 0, false, 1618) ON CONFLICT DO NOTHING;
INSERT INTO option_variant (id, name, recommended_price, is_deleted, group_id) VALUES (8352, 'Sprite 0.33l', 0, false, 1618) ON CONFLICT DO NOTHING;
INSERT INTO option_variant (id, name, recommended_price, is_deleted, group_id) VALUES (8353, 'Ayran/Dhalle', 0, false, 1618) ON CONFLICT DO NOTHING;
INSERT INTO option_variant (id, name, recommended_price, is_deleted, group_id) VALUES (8354, 'Lipton Ice Tea Peach 0.33', 0, false, 1618) ON CONFLICT DO NOTHING;
INSERT INTO option_variant (id, name, recommended_price, is_deleted, group_id) VALUES (8355, 'Lipton Ice Tea Lemon 0.33', 0, false, 1618) ON CONFLICT DO NOTHING;
INSERT INTO option_variant (id, name, recommended_price, is_deleted, group_id) VALUES (8356, 'Sprite 0.5L Draft', 0, false, 1618) ON CONFLICT DO NOTHING;
INSERT INTO option_variant (id, name, recommended_price, is_deleted, group_id) VALUES (8357, 'Fanta Lemon 0.33L', 0, false, 1618) ON CONFLICT DO NOTHING;
INSERT INTO option_group (id, name, is_deleted, max_selection, min_selection, restaurant_id) VALUES (1619, 'Falafel Pita Big ', false, 1, 0, 18) ON CONFLICT DO NOTHING;
INSERT INTO option_variant (id, name, recommended_price, is_deleted, group_id) VALUES (8358, 'Falafel Pita Big Yougurt', 0, false, 1619) ON CONFLICT DO NOTHING;
INSERT INTO option_variant (id, name, recommended_price, is_deleted, group_id) VALUES (8359, 'Falafel Pita Big Hummus', 0, false, 1619) ON CONFLICT DO NOTHING;
INSERT INTO option_group (id, name, is_deleted, max_selection, min_selection, restaurant_id) VALUES (1620, 'Chicken Skepasti Big', false, 1, 0, 18) ON CONFLICT DO NOTHING;
INSERT INTO option_variant (id, name, recommended_price, is_deleted, group_id) VALUES (8360, 'Chicken Skepasti Big(Bacon Sauce)', 0, false, 1620) ON CONFLICT DO NOTHING;
INSERT INTO option_variant (id, name, recommended_price, is_deleted, group_id) VALUES (8361, 'Chicken Skepasti Big (Sos)', 0, false, 1620) ON CONFLICT DO NOTHING;
INSERT INTO option_group (id, name, is_deleted, max_selection, min_selection, restaurant_id) VALUES (1621, 'Zgjidh madhësinë', false, 1, 0, 18) ON CONFLICT DO NOTHING;
INSERT INTO option_variant (id, name, recommended_price, is_deleted, group_id) VALUES (8362, 'OPA Smash Burger', 0, false, 1621) ON CONFLICT DO NOTHING;
INSERT INTO option_variant (id, name, recommended_price, is_deleted, group_id) VALUES (8363, 'Double OPA Smash Burger', 230, false, 1621) ON CONFLICT DO NOTHING;
INSERT INTO option_group (id, name, is_deleted, max_selection, min_selection, restaurant_id) VALUES (1622, 'Chicken Skepasti (Bacon Sos or Sos)', false, 1, 0, 18) ON CONFLICT DO NOTHING;
INSERT INTO option_variant (id, name, recommended_price, is_deleted, group_id) VALUES (8364, 'Chicken Skepasti (Bacon Sos)', 0, false, 1622) ON CONFLICT DO NOTHING;
INSERT INTO option_variant (id, name, recommended_price, is_deleted, group_id) VALUES (8365, 'Chicken Skepasti (Sos)', 0, false, 1622) ON CONFLICT DO NOTHING;
INSERT INTO option_group (id, name, is_deleted, max_selection, min_selection, restaurant_id) VALUES (1623, 'Select Fries 1', false, 1, 0, 18) ON CONFLICT DO NOTHING;
INSERT INTO option_variant (id, name, recommended_price, is_deleted, group_id) VALUES (8366, 'Large Fries ', 70, false, 1623) ON CONFLICT DO NOTHING;
INSERT INTO option_variant (id, name, recommended_price, is_deleted, group_id) VALUES (8367, 'No Extra Fries ', 0, false, 1623) ON CONFLICT DO NOTHING;
INSERT INTO option_group (id, name, is_deleted, max_selection, min_selection, restaurant_id) VALUES (1624, 'Zgjidh Protein ', false, 1, 0, 18) ON CONFLICT DO NOTHING;
INSERT INTO option_variant (id, name, recommended_price, is_deleted, group_id) VALUES (8368, 'Gjiro Pule ', 420, false, 1624) ON CONFLICT DO NOTHING;
INSERT INTO option_variant (id, name, recommended_price, is_deleted, group_id) VALUES (8369, 'Gjiro Gici', 440, false, 1624) ON CONFLICT DO NOTHING;
INSERT INTO option_variant (id, name, recommended_price, is_deleted, group_id) VALUES (8370, 'Shnitzel Pule ', 460, false, 1624) ON CONFLICT DO NOTHING;
INSERT INTO option_variant (id, name, recommended_price, is_deleted, group_id) VALUES (8371, '2 Chicken Skewers ', 480, false, 1624) ON CONFLICT DO NOTHING;
INSERT INTO option_variant (id, name, recommended_price, is_deleted, group_id) VALUES (8372, '2 Pork Skewers', 480, false, 1624) ON CONFLICT DO NOTHING;
INSERT INTO option_variant (id, name, recommended_price, is_deleted, group_id) VALUES (8373, '2 Kebab Skewers', 480, false, 1624) ON CONFLICT DO NOTHING;
INSERT INTO option_group (id, name, is_deleted, max_selection, min_selection, restaurant_id) VALUES (1625, 'Zgjidh bazën', false, 1, 0, 18) ON CONFLICT DO NOTHING;
INSERT INTO option_variant (id, name, recommended_price, is_deleted, group_id) VALUES (8374, 'Athena Vegan Bowl (Rice)', 0, false, 1625) ON CONFLICT DO NOTHING;
INSERT INTO option_variant (id, name, recommended_price, is_deleted, group_id) VALUES (8375, 'Athena Vegan Bowl (Fries)', 0, false, 1625) ON CONFLICT DO NOTHING;
INSERT INTO option_group (id, name, is_deleted, max_selection, min_selection, restaurant_id) VALUES (1626, 'Zgjidh Sides', false, 1, 0, 18) ON CONFLICT DO NOTHING;
INSERT INTO option_variant (id, name, recommended_price, is_deleted, group_id) VALUES (8376, 'Oriz', 70, false, 1626) ON CONFLICT DO NOTHING;
INSERT INTO option_variant (id, name, recommended_price, is_deleted, group_id) VALUES (8377, 'Patate', 70, false, 1626) ON CONFLICT DO NOTHING;
INSERT INTO option_variant (id, name, recommended_price, is_deleted, group_id) VALUES (8378, 'Sallate Greke', 70, false, 1626) ON CONFLICT DO NOTHING;
INSERT INTO option_variant (id, name, recommended_price, is_deleted, group_id) VALUES (8379, 'Patate Crinkle', 90, false, 1626) ON CONFLICT DO NOTHING;
INSERT INTO option_variant (id, name, recommended_price, is_deleted, group_id) VALUES (8380, 'Traditional Pita', 40, false, 1626) ON CONFLICT DO NOTHING;
INSERT INTO option_group (id, name, is_deleted, max_selection, min_selection, restaurant_id) VALUES (1627, 'Zgjidh madhësinë', false, 1, 0, 18) ON CONFLICT DO NOTHING;
INSERT INTO option_variant (id, name, recommended_price, is_deleted, group_id) VALUES (8381, 'Halloumi Pita', 0, false, 1627) ON CONFLICT DO NOTHING;
INSERT INTO option_variant (id, name, recommended_price, is_deleted, group_id) VALUES (8382, 'Halloumi Pita Big', 150, false, 1627) ON CONFLICT DO NOTHING;
INSERT INTO option_group (id, name, is_deleted, max_selection, min_selection, restaurant_id) VALUES (1628, 'Zgjidh bazën', false, 1, 0, 18) ON CONFLICT DO NOTHING;
INSERT INTO option_variant (id, name, recommended_price, is_deleted, group_id) VALUES (8383, 'Leonidas Bowl(Rice) DEL', 0, false, 1628) ON CONFLICT DO NOTHING;
INSERT INTO option_variant (id, name, recommended_price, is_deleted, group_id) VALUES (8384, 'Leonidas Bowl(Fries)DEL', 0, false, 1628) ON CONFLICT DO NOTHING;
INSERT INTO option_group (id, name, is_deleted, max_selection, min_selection, restaurant_id) VALUES (1629, 'Zgjidh madhësinë', false, 1, 0, 18) ON CONFLICT DO NOTHING;
INSERT INTO option_variant (id, name, recommended_price, is_deleted, group_id) VALUES (8385, 'Minced Beef Skepasti', 0, false, 1629) ON CONFLICT DO NOTHING;
INSERT INTO option_variant (id, name, recommended_price, is_deleted, group_id) VALUES (8386, 'Minced Beef Skepasti Big', 200, false, 1629) ON CONFLICT DO NOTHING;
INSERT INTO option_group (id, name, is_deleted, max_selection, min_selection, restaurant_id) VALUES (1630, 'Zgjidh madhësinë', false, 1, 0, 18) ON CONFLICT DO NOTHING;
INSERT INTO option_variant (id, name, recommended_price, is_deleted, group_id) VALUES (8387, 'Apollo Pita', 0, false, 1630) ON CONFLICT DO NOTHING;
INSERT INTO option_variant (id, name, recommended_price, is_deleted, group_id) VALUES (8388, 'Apollo Pita Big', 100, false, 1630) ON CONFLICT DO NOTHING;
INSERT INTO option_group (id, name, is_deleted, max_selection, min_selection, restaurant_id) VALUES (1631, 'Zgjidh madhësinë', false, 1, 0, 18) ON CONFLICT DO NOTHING;
INSERT INTO option_variant (id, name, recommended_price, is_deleted, group_id) VALUES (8389, 'Eros', 0, false, 1631) ON CONFLICT DO NOTHING;
INSERT INTO option_variant (id, name, recommended_price, is_deleted, group_id) VALUES (8390, 'Eros Big ', 130, false, 1631) ON CONFLICT DO NOTHING;
INSERT INTO option_group (id, name, is_deleted, max_selection, min_selection, restaurant_id) VALUES (1632, 'Zgjidh madhësinë', false, 1, 0, 18) ON CONFLICT DO NOTHING;
INSERT INTO option_variant (id, name, recommended_price, is_deleted, group_id) VALUES (8391, 'Schnitzel Pita', 0, false, 1632) ON CONFLICT DO NOTHING;
INSERT INTO option_variant (id, name, recommended_price, is_deleted, group_id) VALUES (8392, 'Schnitzel Pita Big', 140, false, 1632) ON CONFLICT DO NOTHING;
INSERT INTO option_group (id, name, is_deleted, max_selection, min_selection, restaurant_id) VALUES (1633, 'Zgjidh bazën', false, 1, 0, 18) ON CONFLICT DO NOTHING;
INSERT INTO option_variant (id, name, recommended_price, is_deleted, group_id) VALUES (8393, 'Dias Bowl(Rice) DEL', 0, false, 1633) ON CONFLICT DO NOTHING;
INSERT INTO option_variant (id, name, recommended_price, is_deleted, group_id) VALUES (8394, 'Dias Bowl(Fries) DEL', 0, false, 1633) ON CONFLICT DO NOTHING;
INSERT INTO option_group (id, name, is_deleted, max_selection, min_selection, restaurant_id) VALUES (1634, 'Zgjidh madhësinë', false, 1, 0, 18) ON CONFLICT DO NOTHING;
INSERT INTO option_variant (id, name, recommended_price, is_deleted, group_id) VALUES (8395, 'Kebab Pita', 0, false, 1634) ON CONFLICT DO NOTHING;
INSERT INTO option_variant (id, name, recommended_price, is_deleted, group_id) VALUES (8396, 'Kebab Pita Big', 160, false, 1634) ON CONFLICT DO NOTHING;
INSERT INTO option_group (id, name, is_deleted, max_selection, min_selection, restaurant_id) VALUES (1635, 'Coca Cola Draft 0.25l or 0.33l', false, 1, 0, 18) ON CONFLICT DO NOTHING;
INSERT INTO option_variant (id, name, recommended_price, is_deleted, group_id) VALUES (8397, 'Selita Uje natyral 0.5l', 0, false, 1635) ON CONFLICT DO NOTHING;
INSERT INTO option_variant (id, name, recommended_price, is_deleted, group_id) VALUES (8398, 'Coca Cola 0.33l', 0, false, 1635) ON CONFLICT DO NOTHING;
INSERT INTO option_variant (id, name, recommended_price, is_deleted, group_id) VALUES (8399, 'Coca Cola Zero 0.33L', 0, false, 1635) ON CONFLICT DO NOTHING;
INSERT INTO option_group (id, name, is_deleted, max_selection, min_selection, restaurant_id) VALUES (1636, 'Zgjidh madhësinë', false, 1, 0, 18) ON CONFLICT DO NOTHING;
INSERT INTO option_variant (id, name, recommended_price, is_deleted, group_id) VALUES (8400, 'Chicken Skepasti DEL', 0, false, 1636) ON CONFLICT DO NOTHING;
INSERT INTO option_variant (id, name, recommended_price, is_deleted, group_id) VALUES (8401, 'Chicken Skepasti Big(Bacon Sauce)', 170, false, 1636) ON CONFLICT DO NOTHING;
INSERT INTO option_group (id, name, is_deleted, max_selection, min_selection, restaurant_id) VALUES (1637, 'Preferenca e mishit', false, 1, 0, 18) ON CONFLICT DO NOTHING;
INSERT INTO option_variant (id, name, recommended_price, is_deleted, group_id) VALUES (8402, 'Junior Chicken Tortilla Combo', 0, false, 1637) ON CONFLICT DO NOTHING;
INSERT INTO option_variant (id, name, recommended_price, is_deleted, group_id) VALUES (8403, 'Junior Pork Tortilla Combo', 0, false, 1637) ON CONFLICT DO NOTHING;
INSERT INTO option_group (id, name, is_deleted, max_selection, min_selection, restaurant_id) VALUES (1638, 'Zgjidh madhësinë', false, 1, 0, 18) ON CONFLICT DO NOTHING;
INSERT INTO option_variant (id, name, recommended_price, is_deleted, group_id) VALUES (8404, 'Zeus', 0, false, 1638) ON CONFLICT DO NOTHING;
INSERT INTO option_variant (id, name, recommended_price, is_deleted, group_id) VALUES (8405, 'Zeus Big', 60, false, 1638) ON CONFLICT DO NOTHING;
INSERT INTO option_group (id, name, is_deleted, max_selection, min_selection, restaurant_id) VALUES (1639, 'Choose your Gaia', false, 1, 0, 18) ON CONFLICT DO NOTHING;
INSERT INTO option_variant (id, name, recommended_price, is_deleted, group_id) VALUES (8406, 'Gaia', 0, false, 1639) ON CONFLICT DO NOTHING;
INSERT INTO option_variant (id, name, recommended_price, is_deleted, group_id) VALUES (8407, 'Gaia Big', 60, false, 1639) ON CONFLICT DO NOTHING;
INSERT INTO option_group (id, name, is_deleted, max_selection, min_selection, restaurant_id) VALUES (1640, 'Choose your Loukoumades me Nutella Dhe Lajthi', false, 1, 0, 18) ON CONFLICT DO NOTHING;
INSERT INTO option_variant (id, name, recommended_price, is_deleted, group_id) VALUES (8408, 'Loukoumades  with Nutella and Hazelnut 1/2', 0, false, 1640) ON CONFLICT DO NOTHING;
INSERT INTO option_variant (id, name, recommended_price, is_deleted, group_id) VALUES (8409, 'Loukoumades with Nutella and Hazelnut', 200, false, 1640) ON CONFLICT DO NOTHING;
INSERT INTO option_group (id, name, is_deleted, max_selection, min_selection, restaurant_id) VALUES (1641, 'Zgjidh proteinën', false, 1, 0, 18) ON CONFLICT DO NOTHING;
INSERT INTO option_variant (id, name, recommended_price, is_deleted, group_id) VALUES (8410, 'Gjiro e Hapur Pule DEL', 0, false, 1641) ON CONFLICT DO NOTHING;
INSERT INTO option_variant (id, name, recommended_price, is_deleted, group_id) VALUES (8411, 'Gjiro e Hapur Gici DEL', 0, false, 1641) ON CONFLICT DO NOTHING;
INSERT INTO option_group (id, name, is_deleted, max_selection, min_selection, restaurant_id) VALUES (1642, 'Coca Cola Draft 0.25l or 0.33l', false, 1, 0, 18) ON CONFLICT DO NOTHING;
INSERT INTO option_variant (id, name, recommended_price, is_deleted, group_id) VALUES (8412, 'Selita Uje natyral 0.5l', 0, false, 1642) ON CONFLICT DO NOTHING;
INSERT INTO option_variant (id, name, recommended_price, is_deleted, group_id) VALUES (8413, 'Coca Cola 0.33l', 0, false, 1642) ON CONFLICT DO NOTHING;
INSERT INTO option_group (id, name, is_deleted, max_selection, min_selection, restaurant_id) VALUES (1643, 'OPA Smash Burger', false, 1, 0, 18) ON CONFLICT DO NOTHING;
INSERT INTO option_variant (id, name, recommended_price, is_deleted, group_id) VALUES (8414, 'OPA Smash Burger', 0, false, 1643) ON CONFLICT DO NOTHING;
INSERT INTO option_group (id, name, is_deleted, max_selection, min_selection, restaurant_id) VALUES (1644, 'Shto salcë', false, 1, 0, 18) ON CONFLICT DO NOTHING;
INSERT INTO option_variant (id, name, recommended_price, is_deleted, group_id) VALUES (8415, 'Ketchup Bustine', 20, false, 1644) ON CONFLICT DO NOTHING;
INSERT INTO option_variant (id, name, recommended_price, is_deleted, group_id) VALUES (8416, 'Mustarde - bustine', 20, false, 1644) ON CONFLICT DO NOTHING;
INSERT INTO option_variant (id, name, recommended_price, is_deleted, group_id) VALUES (8417, 'OPA Mayo', 50, false, 1644) ON CONFLICT DO NOTHING;
INSERT INTO option_variant (id, name, recommended_price, is_deleted, group_id) VALUES (8418, 'Mayonnaise Bustine', 20, false, 1644) ON CONFLICT DO NOTHING;
INSERT INTO option_variant (id, name, recommended_price, is_deleted, group_id) VALUES (8419, 'Siraca - small', 60, false, 1644) ON CONFLICT DO NOTHING;
INSERT INTO option_variant (id, name, recommended_price, is_deleted, group_id) VALUES (8420, 'Tirokafteri - small', 70, false, 1644) ON CONFLICT DO NOTHING;
INSERT INTO option_variant (id, name, recommended_price, is_deleted, group_id) VALUES (8421, 'Truffle Mayo', 50, false, 1644) ON CONFLICT DO NOTHING;
INSERT INTO option_variant (id, name, recommended_price, is_deleted, group_id) VALUES (8422, 'Cheddar Sauce ', 50, false, 1644) ON CONFLICT DO NOTHING;
INSERT INTO option_variant (id, name, recommended_price, is_deleted, group_id) VALUES (8423, 'Chili Garlic Mayo', 50, false, 1644) ON CONFLICT DO NOTHING;
INSERT INTO option_variant (id, name, recommended_price, is_deleted, group_id) VALUES (8424, 'Homemade Pickled Cucumber', 50, false, 1644) ON CONFLICT DO NOTHING;
INSERT INTO option_variant (id, name, recommended_price, is_deleted, group_id) VALUES (8425, 'Hummus Small', 50, false, 1644) ON CONFLICT DO NOTHING;
INSERT INTO option_variant (id, name, recommended_price, is_deleted, group_id) VALUES (8426, 'Greekamole', 50, false, 1644) ON CONFLICT DO NOTHING;
INSERT INTO option_variant (id, name, recommended_price, is_deleted, group_id) VALUES (8427, 'Sweet chilli & tarragon sauce', 50, false, 1644) ON CONFLICT DO NOTHING;
INSERT INTO option_group (id, name, is_deleted, max_selection, min_selection, restaurant_id) VALUES (1645, 'Shto salcë', false, 1, 0, 18) ON CONFLICT DO NOTHING;
INSERT INTO option_variant (id, name, recommended_price, is_deleted, group_id) VALUES (8428, 'Ketchup Bustine', 20, false, 1645) ON CONFLICT DO NOTHING;
INSERT INTO option_variant (id, name, recommended_price, is_deleted, group_id) VALUES (8429, 'Mustarde - bustine', 20, false, 1645) ON CONFLICT DO NOTHING;
INSERT INTO option_variant (id, name, recommended_price, is_deleted, group_id) VALUES (8430, 'OPA Mayo', 50, false, 1645) ON CONFLICT DO NOTHING;
INSERT INTO option_variant (id, name, recommended_price, is_deleted, group_id) VALUES (8431, 'Mayonnaise Bustine', 20, false, 1645) ON CONFLICT DO NOTHING;
INSERT INTO option_variant (id, name, recommended_price, is_deleted, group_id) VALUES (8432, 'Siraca - small', 60, false, 1645) ON CONFLICT DO NOTHING;
INSERT INTO option_variant (id, name, recommended_price, is_deleted, group_id) VALUES (8433, 'Tirokafteri - small', 70, false, 1645) ON CONFLICT DO NOTHING;
INSERT INTO option_variant (id, name, recommended_price, is_deleted, group_id) VALUES (8434, 'Truffle Mayo', 50, false, 1645) ON CONFLICT DO NOTHING;
INSERT INTO option_variant (id, name, recommended_price, is_deleted, group_id) VALUES (8435, 'Cheddar Sauce ', 50, false, 1645) ON CONFLICT DO NOTHING;
INSERT INTO option_variant (id, name, recommended_price, is_deleted, group_id) VALUES (8436, 'Chili Garlic Mayo', 50, false, 1645) ON CONFLICT DO NOTHING;
INSERT INTO option_variant (id, name, recommended_price, is_deleted, group_id) VALUES (8437, 'Homemade Pickled Cucumber', 50, false, 1645) ON CONFLICT DO NOTHING;
INSERT INTO option_variant (id, name, recommended_price, is_deleted, group_id) VALUES (8438, 'Hummus Small', 50, false, 1645) ON CONFLICT DO NOTHING;
INSERT INTO option_variant (id, name, recommended_price, is_deleted, group_id) VALUES (8439, 'Greekamole', 50, false, 1645) ON CONFLICT DO NOTHING;
INSERT INTO option_variant (id, name, recommended_price, is_deleted, group_id) VALUES (8440, 'Sweet chilli & tarragon sauce', 50, false, 1645) ON CONFLICT DO NOTHING;
INSERT INTO option_group (id, name, is_deleted, max_selection, min_selection, restaurant_id) VALUES (1646, 'Schnitzel Pita', false, 1, 0, 18) ON CONFLICT DO NOTHING;
INSERT INTO option_variant (id, name, recommended_price, is_deleted, group_id) VALUES (8441, 'Schnitzel Pita', 0, false, 1646) ON CONFLICT DO NOTHING;
INSERT INTO option_group (id, name, is_deleted, max_selection, min_selection, restaurant_id) VALUES (1647, 'Zgjidh Protein Lunch', false, 1, 0, 18) ON CONFLICT DO NOTHING;
INSERT INTO option_variant (id, name, recommended_price, is_deleted, group_id) VALUES (8442, 'Pork Skewers 1 cope ', 0, false, 1647) ON CONFLICT DO NOTHING;
INSERT INTO option_variant (id, name, recommended_price, is_deleted, group_id) VALUES (8443, 'Chicken Skewers 1 cope ', 0, false, 1647) ON CONFLICT DO NOTHING;
INSERT INTO option_group (id, name, is_deleted, max_selection, min_selection, restaurant_id) VALUES (1648, 'Small Fries ', false, 1, 0, 18) ON CONFLICT DO NOTHING;
INSERT INTO option_variant (id, name, recommended_price, is_deleted, group_id) VALUES (8444, 'Small Fries ', 0, false, 1648) ON CONFLICT DO NOTHING;
INSERT INTO option_group (id, name, is_deleted, max_selection, min_selection, restaurant_id) VALUES (1649, 'Zgjidh Sallaten Lunch', false, 1, 0, 18) ON CONFLICT DO NOTHING;
INSERT INTO option_variant (id, name, recommended_price, is_deleted, group_id) VALUES (8445, 'MD Greek Salad', 0, false, 1649) ON CONFLICT DO NOTHING;
INSERT INTO option_variant (id, name, recommended_price, is_deleted, group_id) VALUES (8446, 'MD Greek Ceasar Salad', 0, false, 1649) ON CONFLICT DO NOTHING;
INSERT INTO option_variant (id, name, recommended_price, is_deleted, group_id) VALUES (8447, 'MD Avocado Salad', 0, false, 1649) ON CONFLICT DO NOTHING;
INSERT INTO option_group (id, name, is_deleted, max_selection, min_selection, restaurant_id) VALUES (1650, 'Zgjidh madhësinë', false, 1, 0, 18) ON CONFLICT DO NOTHING;
INSERT INTO option_variant (id, name, recommended_price, is_deleted, group_id) VALUES (8448, 'Schnitzel Pita', 0, false, 1650) ON CONFLICT DO NOTHING;
INSERT INTO option_variant (id, name, recommended_price, is_deleted, group_id) VALUES (8449, 'Schnitzel Pita Big', 140, false, 1650) ON CONFLICT DO NOTHING;
INSERT INTO option_group (id, name, is_deleted, max_selection, min_selection, restaurant_id) VALUES (1651, 'Chicken Gyros', false, 1, 0, 18) ON CONFLICT DO NOTHING;
INSERT INTO option_variant (id, name, recommended_price, is_deleted, group_id) VALUES (8450, 'Chicken Gyros', 0, false, 1651) ON CONFLICT DO NOTHING;
INSERT INTO option_group (id, name, is_deleted, max_selection, min_selection, restaurant_id) VALUES (1652, 'Zgjidh Pijen Lunch', false, 1, 0, 18) ON CONFLICT DO NOTHING;
INSERT INTO option_variant (id, name, recommended_price, is_deleted, group_id) VALUES (8451, 'Selita Uje natyral 0.5l', 0, false, 1652) ON CONFLICT DO NOTHING;
INSERT INTO option_variant (id, name, recommended_price, is_deleted, group_id) VALUES (8452, 'Coca Cola 0.33l', 0, false, 1652) ON CONFLICT DO NOTHING;
INSERT INTO option_variant (id, name, recommended_price, is_deleted, group_id) VALUES (8453, 'Coca Cola Zero 0.33L', 0, false, 1652) ON CONFLICT DO NOTHING;
INSERT INTO option_group (id, name, is_deleted, max_selection, min_selection, restaurant_id) VALUES (1653, 'Sauces', false, 1, 0, 18) ON CONFLICT DO NOTHING;
INSERT INTO option_variant (id, name, recommended_price, is_deleted, group_id) VALUES (8454, 'Ketchup Bustine', 0, false, 1653) ON CONFLICT DO NOTHING;
INSERT INTO option_variant (id, name, recommended_price, is_deleted, group_id) VALUES (8455, 'Mustarde - bustine', 0, false, 1653) ON CONFLICT DO NOTHING;
INSERT INTO option_group (id, name, is_deleted, max_selection, min_selection, restaurant_id) VALUES (1654, 'Zgjidh madhësinë', false, 1, 0, 18) ON CONFLICT DO NOTHING;
INSERT INTO option_variant (id, name, recommended_price, is_deleted, group_id) VALUES (8456, 'Chicken Gyros DEL', 0, false, 1654) ON CONFLICT DO NOTHING;
INSERT INTO option_variant (id, name, recommended_price, is_deleted, group_id) VALUES (8457, 'Chicken Gyros Big DEL', 110, false, 1654) ON CONFLICT DO NOTHING;
INSERT INTO option_group (id, name, is_deleted, max_selection, min_selection, restaurant_id) VALUES (1655, 'Zgjidh Piten Lunch', false, 1, 0, 18) ON CONFLICT DO NOTHING;
INSERT INTO option_variant (id, name, recommended_price, is_deleted, group_id) VALUES (8458, 'Chicken Gyros', 0, false, 1655) ON CONFLICT DO NOTHING;
INSERT INTO option_variant (id, name, recommended_price, is_deleted, group_id) VALUES (8459, 'Pork Gyros', 0, false, 1655) ON CONFLICT DO NOTHING;
INSERT INTO option_variant (id, name, recommended_price, is_deleted, group_id) VALUES (8460, 'Schnitzel Pita', 0, false, 1655) ON CONFLICT DO NOTHING;
INSERT INTO option_variant (id, name, recommended_price, is_deleted, group_id) VALUES (8461, 'Falafel Pita Yougurt', 0, false, 1655) ON CONFLICT DO NOTHING;
INSERT INTO option_variant (id, name, recommended_price, is_deleted, group_id) VALUES (8462, 'Falafel Pita Hummus', 0, false, 1655) ON CONFLICT DO NOTHING;
INSERT INTO option_variant (id, name, recommended_price, is_deleted, group_id) VALUES (8463, 'Truffle Chicken Gyros ', 0, false, 1655) ON CONFLICT DO NOTHING;
INSERT INTO option_group (id, name, is_deleted, max_selection, min_selection, restaurant_id) VALUES (1656, 'Pite Tradicionale ', false, 1, 0, 18) ON CONFLICT DO NOTHING;
INSERT INTO option_variant (id, name, recommended_price, is_deleted, group_id) VALUES (8464, 'Traditional Pita', 0, false, 1656) ON CONFLICT DO NOTHING;
INSERT INTO option_group (id, name, is_deleted, max_selection, min_selection, restaurant_id) VALUES (1657, 'Gaia', false, 1, 0, 18) ON CONFLICT DO NOTHING;
INSERT INTO option_variant (id, name, recommended_price, is_deleted, group_id) VALUES (8465, 'Gaia', 0, false, 1657) ON CONFLICT DO NOTHING;
INSERT INTO option_group (id, name, is_deleted, max_selection, min_selection, restaurant_id) VALUES (1658, 'Eros Big', false, 1, 0, 18) ON CONFLICT DO NOTHING;
INSERT INTO option_variant (id, name, recommended_price, is_deleted, group_id) VALUES (8466, 'Eros Big ', 0, false, 1658) ON CONFLICT DO NOTHING;
INSERT INTO option_group (id, name, is_deleted, max_selection, min_selection, restaurant_id) VALUES (1659, 'BBQ Chicken Wings (8 cope)', false, 1, 0, 18) ON CONFLICT DO NOTHING;
INSERT INTO option_variant (id, name, recommended_price, is_deleted, group_id) VALUES (8467, 'BBQ Chicken Wings (8 cope)', 0, false, 1659) ON CONFLICT DO NOTHING;
INSERT INTO option_group (id, name, is_deleted, max_selection, min_selection, restaurant_id) VALUES (1660, 'Barbeque Pork Sandwich ', false, 1, 0, 18) ON CONFLICT DO NOTHING;
INSERT INTO option_variant (id, name, recommended_price, is_deleted, group_id) VALUES (8468, 'Barbeque Pork Sandwich', 0, false, 1660) ON CONFLICT DO NOTHING;
INSERT INTO option_group (id, name, is_deleted, max_selection, min_selection, restaurant_id) VALUES (1661, 'Medium Fries', false, 1, 0, 18) ON CONFLICT DO NOTHING;
INSERT INTO option_variant (id, name, recommended_price, is_deleted, group_id) VALUES (8469, 'Medium Fries', 0, false, 1661) ON CONFLICT DO NOTHING;
INSERT INTO option_group (id, name, is_deleted, max_selection, min_selection, restaurant_id) VALUES (1662, 'Zgjidh proteinën', false, 1, 0, 18) ON CONFLICT DO NOTHING;
INSERT INTO option_variant (id, name, recommended_price, is_deleted, group_id) VALUES (8470, 'Gjiro e Hapur Pule ', 0, false, 1662) ON CONFLICT DO NOTHING;
INSERT INTO option_variant (id, name, recommended_price, is_deleted, group_id) VALUES (8471, 'Gjiro e Hapur Gici ', 0, false, 1662) ON CONFLICT DO NOTHING;
INSERT INTO option_group (id, name, is_deleted, max_selection, min_selection, restaurant_id) VALUES (1663, 'Zgjidh madhësinë', false, 1, 0, 18) ON CONFLICT DO NOTHING;
INSERT INTO option_variant (id, name, recommended_price, is_deleted, group_id) VALUES (8472, 'Minced Beef Skepasti', 0, false, 1663) ON CONFLICT DO NOTHING;
INSERT INTO option_variant (id, name, recommended_price, is_deleted, group_id) VALUES (8473, 'Minced Beef Skepasti Big', 200, false, 1663) ON CONFLICT DO NOTHING;
INSERT INTO option_group (id, name, is_deleted, max_selection, min_selection, restaurant_id) VALUES (1664, 'Shto Sides ', false, 1, 0, 18) ON CONFLICT DO NOTHING;
INSERT INTO option_variant (id, name, recommended_price, is_deleted, group_id) VALUES (8474, 'BBQ Chicken Wings (6 cope)', 400, false, 1664) ON CONFLICT DO NOTHING;
INSERT INTO option_variant (id, name, recommended_price, is_deleted, group_id) VALUES (8475, 'BBQ Chicken Wings (8 cope)', 570, false, 1664) ON CONFLICT DO NOTHING;
INSERT INTO option_variant (id, name, recommended_price, is_deleted, group_id) VALUES (8476, '2 pieces Kackavall Chips', 150, false, 1664) ON CONFLICT DO NOTHING;
INSERT INTO option_variant (id, name, recommended_price, is_deleted, group_id) VALUES (8477, 'Fried Zucchini Balls ', 280, false, 1664) ON CONFLICT DO NOTHING;
INSERT INTO option_variant (id, name, recommended_price, is_deleted, group_id) VALUES (8478, 'Kashkaval Chips', 490, false, 1664) ON CONFLICT DO NOTHING;
INSERT INTO option_variant (id, name, recommended_price, is_deleted, group_id) VALUES (8479, 'Halloumi chips', 490, false, 1664) ON CONFLICT DO NOTHING;
INSERT INTO option_variant (id, name, recommended_price, is_deleted, group_id) VALUES (8480, 'Greek Fries', 350, false, 1664) ON CONFLICT DO NOTHING;
INSERT INTO option_variant (id, name, recommended_price, is_deleted, group_id) VALUES (8481, 'Bacon Fries', 500, false, 1664) ON CONFLICT DO NOTHING;
INSERT INTO option_variant (id, name, recommended_price, is_deleted, group_id) VALUES (8482, 'Cheddar Fries ', 350, false, 1664) ON CONFLICT DO NOTHING;
INSERT INTO option_group (id, name, is_deleted, max_selection, min_selection, restaurant_id) VALUES (1665, 'Chicken Skepasti Big', false, 1, 0, 18) ON CONFLICT DO NOTHING;
INSERT INTO option_variant (id, name, recommended_price, is_deleted, group_id) VALUES (8483, 'Chicken Skepasti Big(Bacon Sauce)', 0, false, 1665) ON CONFLICT DO NOTHING;
INSERT INTO option_variant (id, name, recommended_price, is_deleted, group_id) VALUES (8484, 'Chicken Skepasti Big (Sos)', 0, false, 1665) ON CONFLICT DO NOTHING;
INSERT INTO option_group (id, name, is_deleted, max_selection, min_selection, restaurant_id) VALUES (1666, '4 Halloumi Fingers', false, 1, 0, 18) ON CONFLICT DO NOTHING;
INSERT INTO option_variant (id, name, recommended_price, is_deleted, group_id) VALUES (8485, '4 Halloumi Fingers', 0, false, 1666) ON CONFLICT DO NOTHING;
INSERT INTO option_group (id, name, is_deleted, max_selection, min_selection, restaurant_id) VALUES (1667, 'Shto pijet', false, 1, 0, 18) ON CONFLICT DO NOTHING;
INSERT INTO option_variant (id, name, recommended_price, is_deleted, group_id) VALUES (8486, 'Selita 0.5L Natyral', 120, false, 1667) ON CONFLICT DO NOTHING;
INSERT INTO option_variant (id, name, recommended_price, is_deleted, group_id) VALUES (8487, 'Selita 0.5l Gaz ', 120, false, 1667) ON CONFLICT DO NOTHING;
INSERT INTO option_variant (id, name, recommended_price, is_deleted, group_id) VALUES (8488, 'Ayran ', 170, false, 1667) ON CONFLICT DO NOTHING;
INSERT INTO option_variant (id, name, recommended_price, is_deleted, group_id) VALUES (8489, 'Coca Cola 0.33 Normale ', 180, false, 1667) ON CONFLICT DO NOTHING;
INSERT INTO option_variant (id, name, recommended_price, is_deleted, group_id) VALUES (8490, 'Coca Cola 0.33 Zero', 180, false, 1667) ON CONFLICT DO NOTHING;
INSERT INTO option_variant (id, name, recommended_price, is_deleted, group_id) VALUES (8491, 'Fanta Ekzotik 0.33', 180, false, 1667) ON CONFLICT DO NOTHING;
INSERT INTO option_variant (id, name, recommended_price, is_deleted, group_id) VALUES (8492, 'Fanta Orange 0.33 ', 180, false, 1667) ON CONFLICT DO NOTHING;
INSERT INTO option_variant (id, name, recommended_price, is_deleted, group_id) VALUES (8493, 'Lipton Ice Tea Lemon 0.33 DEL', 180, false, 1667) ON CONFLICT DO NOTHING;
INSERT INTO option_variant (id, name, recommended_price, is_deleted, group_id) VALUES (8494, 'Lipton Ice Tea Peach 0.33 DEL', 180, false, 1667) ON CONFLICT DO NOTHING;
INSERT INTO option_group (id, name, is_deleted, max_selection, min_selection, restaurant_id) VALUES (1668, 'Shto pijet', false, 1, 0, 18) ON CONFLICT DO NOTHING;
INSERT INTO option_variant (id, name, recommended_price, is_deleted, group_id) VALUES (8495, 'Selita 0.5L Natyral', 120, false, 1668) ON CONFLICT DO NOTHING;
INSERT INTO option_variant (id, name, recommended_price, is_deleted, group_id) VALUES (8496, 'Selita 0.5l Gaz ', 120, false, 1668) ON CONFLICT DO NOTHING;
INSERT INTO option_variant (id, name, recommended_price, is_deleted, group_id) VALUES (8497, 'Ayran ', 170, false, 1668) ON CONFLICT DO NOTHING;
INSERT INTO option_variant (id, name, recommended_price, is_deleted, group_id) VALUES (8498, 'Coca Cola 0.33 Normale ', 180, false, 1668) ON CONFLICT DO NOTHING;
INSERT INTO option_variant (id, name, recommended_price, is_deleted, group_id) VALUES (8499, 'Coca Cola 0.33 Zero', 180, false, 1668) ON CONFLICT DO NOTHING;
INSERT INTO option_variant (id, name, recommended_price, is_deleted, group_id) VALUES (8500, 'Fanta Ekzotik 0.33', 180, false, 1668) ON CONFLICT DO NOTHING;
INSERT INTO option_variant (id, name, recommended_price, is_deleted, group_id) VALUES (8501, 'Fanta Orange 0.33 ', 180, false, 1668) ON CONFLICT DO NOTHING;
INSERT INTO option_variant (id, name, recommended_price, is_deleted, group_id) VALUES (8502, 'Lipton Ice Tea Lemon 0.33 DEL', 180, false, 1668) ON CONFLICT DO NOTHING;
INSERT INTO option_variant (id, name, recommended_price, is_deleted, group_id) VALUES (8503, 'Lipton Ice Tea Peach 0.33 DEL', 180, false, 1668) ON CONFLICT DO NOTHING;
INSERT INTO option_group (id, name, is_deleted, max_selection, min_selection, restaurant_id) VALUES (1669, 'Roast Lamb Sandwich', false, 1, 0, 18) ON CONFLICT DO NOTHING;
INSERT INTO option_variant (id, name, recommended_price, is_deleted, group_id) VALUES (8504, 'Roast Lamb Sandwich ', 0, false, 1669) ON CONFLICT DO NOTHING;
INSERT INTO option_group (id, name, is_deleted, max_selection, min_selection, restaurant_id) VALUES (1670, 'Small Fries ', false, 1, 0, 18) ON CONFLICT DO NOTHING;
INSERT INTO option_variant (id, name, recommended_price, is_deleted, group_id) VALUES (8505, 'Small Fries ', 0, false, 1670) ON CONFLICT DO NOTHING;
INSERT INTO option_group (id, name, is_deleted, max_selection, min_selection, restaurant_id) VALUES (1671, 'Shto Sides ', false, 1, 0, 18) ON CONFLICT DO NOTHING;
INSERT INTO option_variant (id, name, recommended_price, is_deleted, group_id) VALUES (8506, 'BBQ Chicken Wings (6 cope)', 400, false, 1671) ON CONFLICT DO NOTHING;
INSERT INTO option_variant (id, name, recommended_price, is_deleted, group_id) VALUES (8507, 'BBQ Chicken Wings (10 cope)', 720, false, 1671) ON CONFLICT DO NOTHING;
INSERT INTO option_variant (id, name, recommended_price, is_deleted, group_id) VALUES (8508, '2 pieces Kackavall Chips', 150, false, 1671) ON CONFLICT DO NOTHING;
INSERT INTO option_variant (id, name, recommended_price, is_deleted, group_id) VALUES (8509, 'Fried Zucchini Balls ', 280, false, 1671) ON CONFLICT DO NOTHING;
INSERT INTO option_variant (id, name, recommended_price, is_deleted, group_id) VALUES (8510, 'Kashkaval Chips', 490, false, 1671) ON CONFLICT DO NOTHING;
INSERT INTO option_variant (id, name, recommended_price, is_deleted, group_id) VALUES (8511, 'Halloumi chips', 490, false, 1671) ON CONFLICT DO NOTHING;
INSERT INTO option_variant (id, name, recommended_price, is_deleted, group_id) VALUES (8512, 'Greek Fries', 350, false, 1671) ON CONFLICT DO NOTHING;
INSERT INTO option_variant (id, name, recommended_price, is_deleted, group_id) VALUES (8513, 'Bacon Fries', 500, false, 1671) ON CONFLICT DO NOTHING;
INSERT INTO option_variant (id, name, recommended_price, is_deleted, group_id) VALUES (8514, 'Cheddar Fries ', 350, false, 1671) ON CONFLICT DO NOTHING;
INSERT INTO option_group (id, name, is_deleted, max_selection, min_selection, restaurant_id) VALUES (1672, 'Shto salcë', false, 1, 0, 18) ON CONFLICT DO NOTHING;
INSERT INTO option_variant (id, name, recommended_price, is_deleted, group_id) VALUES (8515, 'Tzatziki Sauce', 50, false, 1672) ON CONFLICT DO NOTHING;
INSERT INTO option_variant (id, name, recommended_price, is_deleted, group_id) VALUES (8516, 'OPA Mayo', 50, false, 1672) ON CONFLICT DO NOTHING;
INSERT INTO option_variant (id, name, recommended_price, is_deleted, group_id) VALUES (8517, 'Chili Garlic Mayo', 50, false, 1672) ON CONFLICT DO NOTHING;
INSERT INTO option_variant (id, name, recommended_price, is_deleted, group_id) VALUES (8518, 'Hummus Small', 50, false, 1672) ON CONFLICT DO NOTHING;
INSERT INTO option_variant (id, name, recommended_price, is_deleted, group_id) VALUES (8519, 'Ketchup Bustine', 20, false, 1672) ON CONFLICT DO NOTHING;
INSERT INTO option_variant (id, name, recommended_price, is_deleted, group_id) VALUES (8520, 'Mustarde - bustine', 20, false, 1672) ON CONFLICT DO NOTHING;
INSERT INTO option_variant (id, name, recommended_price, is_deleted, group_id) VALUES (8521, 'Mayonnaise Bustine', 20, false, 1672) ON CONFLICT DO NOTHING;
INSERT INTO option_variant (id, name, recommended_price, is_deleted, group_id) VALUES (8522, 'Siraca - small', 60, false, 1672) ON CONFLICT DO NOTHING;
INSERT INTO option_variant (id, name, recommended_price, is_deleted, group_id) VALUES (8523, 'Tirokafteri - small', 70, false, 1672) ON CONFLICT DO NOTHING;
INSERT INTO option_variant (id, name, recommended_price, is_deleted, group_id) VALUES (8524, 'Truffle Mayo', 50, false, 1672) ON CONFLICT DO NOTHING;
INSERT INTO option_variant (id, name, recommended_price, is_deleted, group_id) VALUES (8525, 'Cheddar Sauce ', 50, false, 1672) ON CONFLICT DO NOTHING;
INSERT INTO option_variant (id, name, recommended_price, is_deleted, group_id) VALUES (8526, 'Homemade Pickled Cucumber', 50, false, 1672) ON CONFLICT DO NOTHING;
INSERT INTO option_variant (id, name, recommended_price, is_deleted, group_id) VALUES (8527, 'Sweet chilli & tarragon sauce', 50, false, 1672) ON CONFLICT DO NOTHING;
INSERT INTO option_group (id, name, is_deleted, max_selection, min_selection, restaurant_id) VALUES (1673, 'Shto Sides ', false, 1, 0, 18) ON CONFLICT DO NOTHING;
INSERT INTO option_variant (id, name, recommended_price, is_deleted, group_id) VALUES (8528, 'BBQ Chicken Wings (8 cope)', 570, false, 1673) ON CONFLICT DO NOTHING;
INSERT INTO option_variant (id, name, recommended_price, is_deleted, group_id) VALUES (8529, 'BBQ Chicken Wings (10 cope)', 720, false, 1673) ON CONFLICT DO NOTHING;
INSERT INTO option_variant (id, name, recommended_price, is_deleted, group_id) VALUES (8530, '2 pieces Kackavall Chips', 150, false, 1673) ON CONFLICT DO NOTHING;
INSERT INTO option_variant (id, name, recommended_price, is_deleted, group_id) VALUES (8531, 'Fried Zucchini Balls ', 280, false, 1673) ON CONFLICT DO NOTHING;
INSERT INTO option_variant (id, name, recommended_price, is_deleted, group_id) VALUES (8532, 'Kashkaval Chips', 490, false, 1673) ON CONFLICT DO NOTHING;
INSERT INTO option_variant (id, name, recommended_price, is_deleted, group_id) VALUES (8533, 'Halloumi chips', 490, false, 1673) ON CONFLICT DO NOTHING;
INSERT INTO option_variant (id, name, recommended_price, is_deleted, group_id) VALUES (8534, 'Greek Fries', 350, false, 1673) ON CONFLICT DO NOTHING;
INSERT INTO option_variant (id, name, recommended_price, is_deleted, group_id) VALUES (8535, 'Bacon Fries', 500, false, 1673) ON CONFLICT DO NOTHING;
INSERT INTO option_variant (id, name, recommended_price, is_deleted, group_id) VALUES (8536, 'Cheddar Fries ', 350, false, 1673) ON CONFLICT DO NOTHING;
INSERT INTO option_group (id, name, is_deleted, max_selection, min_selection, restaurant_id) VALUES (1674, 'Shto salcë', false, 1, 0, 18) ON CONFLICT DO NOTHING;
INSERT INTO option_variant (id, name, recommended_price, is_deleted, group_id) VALUES (8537, 'Tzatziki Sauce', 50, false, 1674) ON CONFLICT DO NOTHING;
INSERT INTO option_variant (id, name, recommended_price, is_deleted, group_id) VALUES (8538, 'OPA Mayo', 50, false, 1674) ON CONFLICT DO NOTHING;
INSERT INTO option_variant (id, name, recommended_price, is_deleted, group_id) VALUES (8539, 'Chili Garlic Mayo', 50, false, 1674) ON CONFLICT DO NOTHING;
INSERT INTO option_variant (id, name, recommended_price, is_deleted, group_id) VALUES (8540, 'Hummus Small', 50, false, 1674) ON CONFLICT DO NOTHING;
INSERT INTO option_variant (id, name, recommended_price, is_deleted, group_id) VALUES (8541, 'Ketchup Bustine', 20, false, 1674) ON CONFLICT DO NOTHING;
INSERT INTO option_variant (id, name, recommended_price, is_deleted, group_id) VALUES (8542, 'Mustarde - bustine', 20, false, 1674) ON CONFLICT DO NOTHING;
INSERT INTO option_variant (id, name, recommended_price, is_deleted, group_id) VALUES (8543, 'Mayonnaise Bustine', 20, false, 1674) ON CONFLICT DO NOTHING;
INSERT INTO option_variant (id, name, recommended_price, is_deleted, group_id) VALUES (8544, 'Siraca - small', 60, false, 1674) ON CONFLICT DO NOTHING;
INSERT INTO option_variant (id, name, recommended_price, is_deleted, group_id) VALUES (8545, 'Tirokafteri - small', 70, false, 1674) ON CONFLICT DO NOTHING;
INSERT INTO option_variant (id, name, recommended_price, is_deleted, group_id) VALUES (8546, 'Truffle Mayo', 50, false, 1674) ON CONFLICT DO NOTHING;
INSERT INTO option_variant (id, name, recommended_price, is_deleted, group_id) VALUES (8547, 'Cheddar Sauce ', 50, false, 1674) ON CONFLICT DO NOTHING;
INSERT INTO option_variant (id, name, recommended_price, is_deleted, group_id) VALUES (8548, 'Homemade Pickled Cucumber', 50, false, 1674) ON CONFLICT DO NOTHING;
INSERT INTO option_variant (id, name, recommended_price, is_deleted, group_id) VALUES (8549, 'Sweet chilli & tarragon sauce', 50, false, 1674) ON CONFLICT DO NOTHING;
INSERT INTO option_group (id, name, is_deleted, max_selection, min_selection, restaurant_id) VALUES (1675, 'Choose Your Sauce ', false, 1, 0, 18) ON CONFLICT DO NOTHING;
INSERT INTO option_variant (id, name, recommended_price, is_deleted, group_id) VALUES (8550, 'Ketchup Bustine', 0, false, 1675) ON CONFLICT DO NOTHING;
INSERT INTO option_variant (id, name, recommended_price, is_deleted, group_id) VALUES (8551, 'Mustarde - bustine', 0, false, 1675) ON CONFLICT DO NOTHING;
INSERT INTO option_variant (id, name, recommended_price, is_deleted, group_id) VALUES (8552, 'Sweet chilli & tarragon sauce', 0, false, 1675) ON CONFLICT DO NOTHING;
INSERT INTO option_variant (id, name, recommended_price, is_deleted, group_id) VALUES (8553, 'Chili Garlic Mayo', 0, false, 1675) ON CONFLICT DO NOTHING;
INSERT INTO option_variant (id, name, recommended_price, is_deleted, group_id) VALUES (8554, 'Truffle Mayo', 0, false, 1675) ON CONFLICT DO NOTHING;
INSERT INTO option_variant (id, name, recommended_price, is_deleted, group_id) VALUES (8555, 'Bacon Mayo Sauce', 0, false, 1675) ON CONFLICT DO NOTHING;
INSERT INTO option_variant (id, name, recommended_price, is_deleted, group_id) VALUES (8556, 'Tzatziki Sauce', 0, false, 1675) ON CONFLICT DO NOTHING;
INSERT INTO option_variant (id, name, recommended_price, is_deleted, group_id) VALUES (8557, 'Homemade Pickled Cucumber', 0, false, 1675) ON CONFLICT DO NOTHING;
INSERT INTO option_variant (id, name, recommended_price, is_deleted, group_id) VALUES (8558, 'Cheddar Sauce ', 0, false, 1675) ON CONFLICT DO NOTHING;
INSERT INTO option_variant (id, name, recommended_price, is_deleted, group_id) VALUES (8559, 'Hummus Small', 0, false, 1675) ON CONFLICT DO NOTHING;
INSERT INTO option_variant (id, name, recommended_price, is_deleted, group_id) VALUES (8560, 'Mayonnaise Bustine', 0, false, 1675) ON CONFLICT DO NOTHING;
INSERT INTO option_variant (id, name, recommended_price, is_deleted, group_id) VALUES (8561, 'OPA Mayo', 0, false, 1675) ON CONFLICT DO NOTHING;
INSERT INTO option_variant (id, name, recommended_price, is_deleted, group_id) VALUES (8562, 'Yougurt Sauce ', 0, false, 1675) ON CONFLICT DO NOTHING;
INSERT INTO option_group (id, name, is_deleted, max_selection, min_selection, restaurant_id) VALUES (1676, 'Chicken Doner ', false, 1, 0, 18) ON CONFLICT DO NOTHING;
INSERT INTO option_variant (id, name, recommended_price, is_deleted, group_id) VALUES (8563, 'Chicken Doner ', 0, false, 1676) ON CONFLICT DO NOTHING;
INSERT INTO option_group (id, name, is_deleted, max_selection, min_selection, restaurant_id) VALUES (1677, 'Choose Your Sauce ', false, 1, 0, 18) ON CONFLICT DO NOTHING;
INSERT INTO option_variant (id, name, recommended_price, is_deleted, group_id) VALUES (8564, 'Ketchup Bustine', 0, false, 1677) ON CONFLICT DO NOTHING;
INSERT INTO option_variant (id, name, recommended_price, is_deleted, group_id) VALUES (8565, 'Mustarde - bustine', 0, false, 1677) ON CONFLICT DO NOTHING;
INSERT INTO option_variant (id, name, recommended_price, is_deleted, group_id) VALUES (8566, 'Sweet chilli & tarragon sauce', 0, false, 1677) ON CONFLICT DO NOTHING;
INSERT INTO option_variant (id, name, recommended_price, is_deleted, group_id) VALUES (8567, 'Chili Garlic Mayo', 0, false, 1677) ON CONFLICT DO NOTHING;
INSERT INTO option_variant (id, name, recommended_price, is_deleted, group_id) VALUES (8568, 'Truffle Mayo', 0, false, 1677) ON CONFLICT DO NOTHING;
INSERT INTO option_variant (id, name, recommended_price, is_deleted, group_id) VALUES (8569, 'Bacon Mayo Sauce', 0, false, 1677) ON CONFLICT DO NOTHING;
INSERT INTO option_variant (id, name, recommended_price, is_deleted, group_id) VALUES (8570, 'Tzatziki Sauce', 0, false, 1677) ON CONFLICT DO NOTHING;
INSERT INTO option_variant (id, name, recommended_price, is_deleted, group_id) VALUES (8571, 'Homemade Pickled Cucumber', 0, false, 1677) ON CONFLICT DO NOTHING;
INSERT INTO option_variant (id, name, recommended_price, is_deleted, group_id) VALUES (8572, 'Cheddar Sauce ', 0, false, 1677) ON CONFLICT DO NOTHING;
INSERT INTO option_variant (id, name, recommended_price, is_deleted, group_id) VALUES (8573, 'Hummus Small', 0, false, 1677) ON CONFLICT DO NOTHING;
INSERT INTO option_variant (id, name, recommended_price, is_deleted, group_id) VALUES (8574, 'Mayonnaise Bustine', 0, false, 1677) ON CONFLICT DO NOTHING;
INSERT INTO option_variant (id, name, recommended_price, is_deleted, group_id) VALUES (8575, 'OPA Mayo', 0, false, 1677) ON CONFLICT DO NOTHING;
INSERT INTO option_variant (id, name, recommended_price, is_deleted, group_id) VALUES (8576, 'Yougurt Sauce ', 0, false, 1677) ON CONFLICT DO NOTHING;
INSERT INTO option_group (id, name, is_deleted, max_selection, min_selection, restaurant_id) VALUES (1678, 'Crispy Chicken Burger', false, 1, 0, 18) ON CONFLICT DO NOTHING;
INSERT INTO option_variant (id, name, recommended_price, is_deleted, group_id) VALUES (8577, 'Crispy Chicken Burger', 0, false, 1678) ON CONFLICT DO NOTHING;
INSERT INTO option_group (id, name, is_deleted, max_selection, min_selection, restaurant_id) VALUES (1679, 'Sauces', false, 1, 0, 18) ON CONFLICT DO NOTHING;
INSERT INTO option_variant (id, name, recommended_price, is_deleted, group_id) VALUES (8578, 'Ketchup Bustine', 0, false, 1679) ON CONFLICT DO NOTHING;
INSERT INTO option_variant (id, name, recommended_price, is_deleted, group_id) VALUES (8579, 'Mustarde - bustine', 0, false, 1679) ON CONFLICT DO NOTHING;
INSERT INTO option_group (id, name, is_deleted, max_selection, min_selection, restaurant_id) VALUES (1680, 'Medium Fries', false, 1, 0, 18) ON CONFLICT DO NOTHING;
INSERT INTO option_variant (id, name, recommended_price, is_deleted, group_id) VALUES (8580, 'Medium Fries', 0, false, 1680) ON CONFLICT DO NOTHING;
INSERT INTO option_group (id, name, is_deleted, max_selection, min_selection, restaurant_id) VALUES (1681, 'Kebab Pita Big', false, 1, 0, 18) ON CONFLICT DO NOTHING;
INSERT INTO option_variant (id, name, recommended_price, is_deleted, group_id) VALUES (8581, 'Kebab Pita Big', 0, false, 1681) ON CONFLICT DO NOTHING;
INSERT INTO option_group (id, name, is_deleted, max_selection, min_selection, restaurant_id) VALUES (1682, 'Shto (Extra)', false, 1, 0, 18) ON CONFLICT DO NOTHING;
INSERT INTO option_variant (id, name, recommended_price, is_deleted, group_id) VALUES (8582, 'Add Crispy Bacon', 150, false, 1682) ON CONFLICT DO NOTHING;
INSERT INTO option_variant (id, name, recommended_price, is_deleted, group_id) VALUES (8583, 'Add Jalapenos', 50, false, 1682) ON CONFLICT DO NOTHING;
INSERT INTO option_variant (id, name, recommended_price, is_deleted, group_id) VALUES (8584, 'Add Cheddar Cheese', 100, false, 1682) ON CONFLICT DO NOTHING;
INSERT INTO option_group (id, name, is_deleted, max_selection, min_selection, restaurant_id) VALUES (1683, 'Falafel Pita', false, 1, 0, 18) ON CONFLICT DO NOTHING;
INSERT INTO option_variant (id, name, recommended_price, is_deleted, group_id) VALUES (8585, 'Falafel Pita Yougurt', 0, false, 1683) ON CONFLICT DO NOTHING;
INSERT INTO option_variant (id, name, recommended_price, is_deleted, group_id) VALUES (8586, 'Falafel Pita Hummus', 0, false, 1683) ON CONFLICT DO NOTHING;
INSERT INTO option_group (id, name, is_deleted, max_selection, min_selection, restaurant_id) VALUES (1684, 'Apollo Pita Big', false, 1, 0, 18) ON CONFLICT DO NOTHING;
INSERT INTO option_variant (id, name, recommended_price, is_deleted, group_id) VALUES (8587, 'Apollo Pita Big', 0, false, 1684) ON CONFLICT DO NOTHING;
INSERT INTO option_group (id, name, is_deleted, max_selection, min_selection, restaurant_id) VALUES (1685, 'Halloumi Pita', false, 1, 0, 18) ON CONFLICT DO NOTHING;
INSERT INTO option_variant (id, name, recommended_price, is_deleted, group_id) VALUES (8588, 'Halloumi Pita', 0, false, 1685) ON CONFLICT DO NOTHING;
INSERT INTO option_group (id, name, is_deleted, max_selection, min_selection, restaurant_id) VALUES (1686, 'Pork Gyros Big', false, 1, 0, 18) ON CONFLICT DO NOTHING;
INSERT INTO option_variant (id, name, recommended_price, is_deleted, group_id) VALUES (8589, 'Pork Gyros Big', 0, false, 1686) ON CONFLICT DO NOTHING;
INSERT INTO option_group (id, name, is_deleted, max_selection, min_selection, restaurant_id) VALUES (1687, 'BBQ Chicken Wings (4 cope)', false, 1, 0, 18) ON CONFLICT DO NOTHING;
INSERT INTO option_variant (id, name, recommended_price, is_deleted, group_id) VALUES (8590, 'BBQ Chicken Wings (4 cope)', 0, false, 1687) ON CONFLICT DO NOTHING;
INSERT INTO option_group (id, name, is_deleted, max_selection, min_selection, restaurant_id) VALUES (1688, 'Chicken Breast Pita Big', false, 1, 0, 18) ON CONFLICT DO NOTHING;
INSERT INTO option_variant (id, name, recommended_price, is_deleted, group_id) VALUES (8591, 'Chicken Breast Pita Big', 0, false, 1688) ON CONFLICT DO NOTHING;
INSERT INTO option_group (id, name, is_deleted, max_selection, min_selection, restaurant_id) VALUES (1689, 'Truffle Gyros Pita', false, 1, 0, 18) ON CONFLICT DO NOTHING;
INSERT INTO option_variant (id, name, recommended_price, is_deleted, group_id) VALUES (8592, 'Truffle Chicken Gyros ', 0, false, 1689) ON CONFLICT DO NOTHING;
INSERT INTO option_group (id, name, is_deleted, max_selection, min_selection, restaurant_id) VALUES (1690, 'Select Fries', false, 1, 0, 18) ON CONFLICT DO NOTHING;
INSERT INTO option_variant (id, name, recommended_price, is_deleted, group_id) VALUES (8593, 'Medium Fries', 0, false, 1690) ON CONFLICT DO NOTHING;
INSERT INTO option_variant (id, name, recommended_price, is_deleted, group_id) VALUES (8594, 'French Fries Large ', 70, false, 1690) ON CONFLICT DO NOTHING;
INSERT INTO option_group (id, name, is_deleted, max_selection, min_selection, restaurant_id) VALUES (1691, 'French Fries ', false, 1, 0, 18) ON CONFLICT DO NOTHING;
INSERT INTO option_variant (id, name, recommended_price, is_deleted, group_id) VALUES (8595, 'French Fries Large ', 0, false, 1691) ON CONFLICT DO NOTHING;
INSERT INTO option_group (id, name, is_deleted, max_selection, min_selection, restaurant_id) VALUES (1692, 'Chicken Gyros Big', false, 1, 0, 18) ON CONFLICT DO NOTHING;
INSERT INTO option_variant (id, name, recommended_price, is_deleted, group_id) VALUES (8596, 'Chicken Gyros Big', 0, false, 1692) ON CONFLICT DO NOTHING;
INSERT INTO option_group (id, name, is_deleted, max_selection, min_selection, restaurant_id) VALUES (1693, 'Shto (Extra)', false, 1, 0, 18) ON CONFLICT DO NOTHING;
INSERT INTO option_variant (id, name, recommended_price, is_deleted, group_id) VALUES (8597, 'Add Cheddar Cheese', 100, false, 1693) ON CONFLICT DO NOTHING;
INSERT INTO option_group (id, name, is_deleted, max_selection, min_selection, restaurant_id) VALUES (1694, 'Pork Gyros', false, 1, 0, 18) ON CONFLICT DO NOTHING;
INSERT INTO option_variant (id, name, recommended_price, is_deleted, group_id) VALUES (8598, 'Pork Gyros', 0, false, 1694) ON CONFLICT DO NOTHING;
INSERT INTO option_group (id, name, is_deleted, max_selection, min_selection, restaurant_id) VALUES (1695, 'Crispy Chicken Burger', false, 1, 0, 18) ON CONFLICT DO NOTHING;
INSERT INTO option_variant (id, name, recommended_price, is_deleted, group_id) VALUES (8599, 'Crispy Chicken Burger', 0, false, 1695) ON CONFLICT DO NOTHING;
INSERT INTO option_group (id, name, is_deleted, max_selection, min_selection, restaurant_id) VALUES (1696, 'OPA Smash Burger', false, 1, 0, 18) ON CONFLICT DO NOTHING;
INSERT INTO option_variant (id, name, recommended_price, is_deleted, group_id) VALUES (8600, 'OPA Smash Burger', 0, false, 1696) ON CONFLICT DO NOTHING;
INSERT INTO option_group (id, name, is_deleted, max_selection, min_selection, restaurant_id) VALUES (1697, 'Select Fries 1', false, 1, 0, 18) ON CONFLICT DO NOTHING;
INSERT INTO option_variant (id, name, recommended_price, is_deleted, group_id) VALUES (8601, 'Large Fries ', 70, false, 1697) ON CONFLICT DO NOTHING;
INSERT INTO option_variant (id, name, recommended_price, is_deleted, group_id) VALUES (8602, 'No Extra Fries ', 0, false, 1697) ON CONFLICT DO NOTHING;
INSERT INTO option_group (id, name, is_deleted, max_selection, min_selection, restaurant_id) VALUES (1698, 'Zeus', false, 1, 0, 18) ON CONFLICT DO NOTHING;
INSERT INTO option_variant (id, name, recommended_price, is_deleted, group_id) VALUES (8603, 'Zeus', 0, false, 1698) ON CONFLICT DO NOTHING;
INSERT INTO option_group (id, name, is_deleted, max_selection, min_selection, restaurant_id) VALUES (1699, 'Schnitzel Pita Big', false, 1, 0, 18) ON CONFLICT DO NOTHING;
INSERT INTO option_variant (id, name, recommended_price, is_deleted, group_id) VALUES (8604, 'Schnitzel Pita Big', 0, false, 1699) ON CONFLICT DO NOTHING;
INSERT INTO option_group (id, name, is_deleted, max_selection, min_selection, restaurant_id) VALUES (1700, 'Kebap Pita', false, 1, 0, 18) ON CONFLICT DO NOTHING;
INSERT INTO option_variant (id, name, recommended_price, is_deleted, group_id) VALUES (8605, 'Kebab Pita', 0, false, 1700) ON CONFLICT DO NOTHING;
INSERT INTO option_group (id, name, is_deleted, max_selection, min_selection, restaurant_id) VALUES (1701, 'Pork Skepasti', false, 1, 0, 18) ON CONFLICT DO NOTHING;
INSERT INTO option_variant (id, name, recommended_price, is_deleted, group_id) VALUES (8606, 'Pork Skepasti', 0, false, 1701) ON CONFLICT DO NOTHING;
INSERT INTO option_group (id, name, is_deleted, max_selection, min_selection, restaurant_id) VALUES (1702, 'Minced Beef Skepasti', false, 1, 0, 18) ON CONFLICT DO NOTHING;
INSERT INTO option_variant (id, name, recommended_price, is_deleted, group_id) VALUES (8607, 'Minced Beef Skepasti', 0, false, 1702) ON CONFLICT DO NOTHING;
INSERT INTO option_group (id, name, is_deleted, max_selection, min_selection, restaurant_id) VALUES (1703, 'Chicken Skepasti (Bacon Sos or Sos)', false, 1, 0, 18) ON CONFLICT DO NOTHING;
INSERT INTO option_variant (id, name, recommended_price, is_deleted, group_id) VALUES (8608, 'Chicken Skepasti (Bacon Sos)', 0, false, 1703) ON CONFLICT DO NOTHING;
INSERT INTO option_variant (id, name, recommended_price, is_deleted, group_id) VALUES (8609, 'Chicken Skepasti (Sos)', 0, false, 1703) ON CONFLICT DO NOTHING;
INSERT INTO option_group (id, name, is_deleted, max_selection, min_selection, restaurant_id) VALUES (1704, 'Hermes Big', false, 1, 0, 18) ON CONFLICT DO NOTHING;
INSERT INTO option_variant (id, name, recommended_price, is_deleted, group_id) VALUES (8610, 'Hermes Big', 0, false, 1704) ON CONFLICT DO NOTHING;
INSERT INTO option_group (id, name, is_deleted, max_selection, min_selection, restaurant_id) VALUES (1705, 'Select Fries', false, 1, 0, 18) ON CONFLICT DO NOTHING;
INSERT INTO option_variant (id, name, recommended_price, is_deleted, group_id) VALUES (8611, 'Medium Fries', 0, false, 1705) ON CONFLICT DO NOTHING;
INSERT INTO option_variant (id, name, recommended_price, is_deleted, group_id) VALUES (8612, 'French Fries Large ', 70, false, 1705) ON CONFLICT DO NOTHING;
INSERT INTO option_group (id, name, is_deleted, max_selection, min_selection, restaurant_id) VALUES (1706, 'Double OPA Smash Burger', false, 1, 0, 18) ON CONFLICT DO NOTHING;
INSERT INTO option_variant (id, name, recommended_price, is_deleted, group_id) VALUES (8613, 'Double OPA Smash Burger', 0, false, 1706) ON CONFLICT DO NOTHING;
INSERT INTO option_group (id, name, is_deleted, max_selection, min_selection, restaurant_id) VALUES (1707, 'Truffle Chicken Gyros Big', false, 1, 0, 18) ON CONFLICT DO NOTHING;
INSERT INTO option_variant (id, name, recommended_price, is_deleted, group_id) VALUES (8614, 'Truffle Chicken Gyros Big ', 0, false, 1707) ON CONFLICT DO NOTHING;
INSERT INTO option_group (id, name, is_deleted, max_selection, min_selection, restaurant_id) VALUES (1708, 'Halloumi Pita Big', false, 1, 0, 18) ON CONFLICT DO NOTHING;
INSERT INTO option_variant (id, name, recommended_price, is_deleted, group_id) VALUES (8615, 'Halloumi Pita Big', 0, false, 1708) ON CONFLICT DO NOTHING;
INSERT INTO option_group (id, name, is_deleted, max_selection, min_selection, restaurant_id) VALUES (1709, 'Falafel Pita Big ', false, 1, 0, 18) ON CONFLICT DO NOTHING;
INSERT INTO option_variant (id, name, recommended_price, is_deleted, group_id) VALUES (8616, 'Falafel Pita Big Yougurt', 0, false, 1709) ON CONFLICT DO NOTHING;
INSERT INTO option_variant (id, name, recommended_price, is_deleted, group_id) VALUES (8617, 'Falafel Pita Big Hummus', 0, false, 1709) ON CONFLICT DO NOTHING;
INSERT INTO option_group (id, name, is_deleted, max_selection, min_selection, restaurant_id) VALUES (1710, 'Pork Skepasti Big', false, 1, 0, 18) ON CONFLICT DO NOTHING;
INSERT INTO option_variant (id, name, recommended_price, is_deleted, group_id) VALUES (8618, 'Pork Skepasti Big ', 0, false, 1710) ON CONFLICT DO NOTHING;
INSERT INTO option_group (id, name, is_deleted, max_selection, min_selection, restaurant_id) VALUES (1711, 'Minced Beef Skepasti Big', false, 1, 0, 18) ON CONFLICT DO NOTHING;
INSERT INTO option_variant (id, name, recommended_price, is_deleted, group_id) VALUES (8619, 'Minced Beef Skepasti Big', 0, false, 1711) ON CONFLICT DO NOTHING;
INSERT INTO option_group (id, name, is_deleted, max_selection, min_selection, restaurant_id) VALUES (1712, 'BBQ Chicken Wings (10 cope)', false, 1, 0, 18) ON CONFLICT DO NOTHING;
INSERT INTO option_variant (id, name, recommended_price, is_deleted, group_id) VALUES (8620, 'BBQ Chicken Wings (10 cope)', 0, false, 1712) ON CONFLICT DO NOTHING;
INSERT INTO option_group (id, name, is_deleted, max_selection, min_selection, restaurant_id) VALUES (1713, 'Zgjidh bazën', false, 1, 0, 18) ON CONFLICT DO NOTHING;
INSERT INTO option_variant (id, name, recommended_price, is_deleted, group_id) VALUES (8621, 'Leonidas Bowl(Rice) DEL', 0, false, 1713) ON CONFLICT DO NOTHING;
INSERT INTO option_variant (id, name, recommended_price, is_deleted, group_id) VALUES (8622, 'Leonidas Bowl(Fries)DEL', 0, false, 1713) ON CONFLICT DO NOTHING;
INSERT INTO option_group (id, name, is_deleted, max_selection, min_selection, restaurant_id) VALUES (1714, 'Pork Doner ', false, 1, 0, 18) ON CONFLICT DO NOTHING;
INSERT INTO option_variant (id, name, recommended_price, is_deleted, group_id) VALUES (8623, 'Pork Doner ', 0, false, 1714) ON CONFLICT DO NOTHING;
INSERT INTO option_group (id, name, is_deleted, max_selection, min_selection, restaurant_id) VALUES (1715, 'Schnitzel Wrap ', false, 1, 0, 18) ON CONFLICT DO NOTHING;
INSERT INTO option_variant (id, name, recommended_price, is_deleted, group_id) VALUES (8624, 'Schnitzel Wrap ', 0, false, 1715) ON CONFLICT DO NOTHING;
INSERT INTO option_group (id, name, is_deleted, max_selection, min_selection, restaurant_id) VALUES (1716, 'Shto pite', false, 1, 0, 18) ON CONFLICT DO NOTHING;
INSERT INTO option_variant (id, name, recommended_price, is_deleted, group_id) VALUES (8625, 'Pita Extra', 40, false, 1716) ON CONFLICT DO NOTHING;
INSERT INTO option_group (id, name, is_deleted, max_selection, min_selection, restaurant_id) VALUES (1717, 'Hermes', false, 1, 0, 18) ON CONFLICT DO NOTHING;
INSERT INTO option_variant (id, name, recommended_price, is_deleted, group_id) VALUES (8626, 'Hermes', 0, false, 1717) ON CONFLICT DO NOTHING;
INSERT INTO option_group (id, name, is_deleted, max_selection, min_selection, restaurant_id) VALUES (1718, 'BBQ Chicken Wings (6 cope) ', false, 1, 0, 18) ON CONFLICT DO NOTHING;
INSERT INTO option_variant (id, name, recommended_price, is_deleted, group_id) VALUES (8627, 'BBQ Chicken Wings (6 cope)', 0, false, 1718) ON CONFLICT DO NOTHING;
INSERT INTO option_group (id, name, is_deleted, max_selection, min_selection, restaurant_id) VALUES (1719, 'Schnitzel Wrap Big', false, 1, 0, 18) ON CONFLICT DO NOTHING;
INSERT INTO option_variant (id, name, recommended_price, is_deleted, group_id) VALUES (8628, 'Schnitzel Wrap Big', 0, false, 1719) ON CONFLICT DO NOTHING;
INSERT INTO option_group (id, name, is_deleted, max_selection, min_selection, restaurant_id) VALUES (1720, 'Zgjidh madhësinë', false, 1, 0, 18) ON CONFLICT DO NOTHING;
INSERT INTO option_variant (id, name, recommended_price, is_deleted, group_id) VALUES (8629, 'Hermes', 0, false, 1720) ON CONFLICT DO NOTHING;
INSERT INTO option_variant (id, name, recommended_price, is_deleted, group_id) VALUES (8630, 'Hermes Big', 90, false, 1720) ON CONFLICT DO NOTHING;
INSERT INTO option_group (id, name, is_deleted, max_selection, min_selection, restaurant_id) VALUES (1721, 'Eros', false, 1, 0, 18) ON CONFLICT DO NOTHING;
INSERT INTO option_variant (id, name, recommended_price, is_deleted, group_id) VALUES (8631, 'Eros', 0, false, 1721) ON CONFLICT DO NOTHING;
INSERT INTO option_group (id, name, is_deleted, max_selection, min_selection, restaurant_id) VALUES (1722, 'Shto Proteine ', false, 1, 0, 18) ON CONFLICT DO NOTHING;
INSERT INTO option_variant (id, name, recommended_price, is_deleted, group_id) VALUES (8632, 'Chicken Skewers 1 cope DEL', 250, false, 1722) ON CONFLICT DO NOTHING;
INSERT INTO option_group (id, name, is_deleted, max_selection, min_selection, restaurant_id) VALUES (1723, 'Zgjidh bazën', false, 1, 0, 18) ON CONFLICT DO NOTHING;
INSERT INTO option_variant (id, name, recommended_price, is_deleted, group_id) VALUES (8633, 'Chicken Gyros Bowl(Rice) DEL', 0, false, 1723) ON CONFLICT DO NOTHING;
INSERT INTO option_variant (id, name, recommended_price, is_deleted, group_id) VALUES (8634, 'Chicken Gyros Bowl(Fries) DEL', 0, false, 1723) ON CONFLICT DO NOTHING;
INSERT INTO option_group (id, name, is_deleted, max_selection, min_selection, restaurant_id) VALUES (1724, 'Select Fries', false, 1, 0, 18) ON CONFLICT DO NOTHING;
INSERT INTO option_variant (id, name, recommended_price, is_deleted, group_id) VALUES (8635, 'Medium Fries', 0, false, 1724) ON CONFLICT DO NOTHING;
INSERT INTO option_group (id, name, is_deleted, max_selection, min_selection, restaurant_id) VALUES (1725, 'Zgjidh bazën', false, 1, 0, 18) ON CONFLICT DO NOTHING;
INSERT INTO option_variant (id, name, recommended_price, is_deleted, group_id) VALUES (8636, 'Kebab Bowl (Rice)', 0, false, 1725) ON CONFLICT DO NOTHING;
INSERT INTO option_variant (id, name, recommended_price, is_deleted, group_id) VALUES (8637, 'Kebab Bowl (Fries)', 0, false, 1725) ON CONFLICT DO NOTHING;
INSERT INTO option_group (id, name, is_deleted, max_selection, min_selection, restaurant_id) VALUES (1726, 'Zgjidh madhësinë', false, 1, 0, 18) ON CONFLICT DO NOTHING;
INSERT INTO option_variant (id, name, recommended_price, is_deleted, group_id) VALUES (8638, 'Chicken Skepasti DEL', 0, false, 1726) ON CONFLICT DO NOTHING;
INSERT INTO option_variant (id, name, recommended_price, is_deleted, group_id) VALUES (8639, 'Chicken Skepasti Big(Bacon Sauce)', 170, false, 1726) ON CONFLICT DO NOTHING;
INSERT INTO option_group (id, name, is_deleted, max_selection, min_selection, restaurant_id) VALUES (1727, 'Bëje vaktin më të madh', false, 1, 0, 18) ON CONFLICT DO NOTHING;
INSERT INTO option_variant (id, name, recommended_price, is_deleted, group_id) VALUES (8640, 'Add Fries& Red Bull', 300, false, 1727) ON CONFLICT DO NOTHING;
INSERT INTO option_variant (id, name, recommended_price, is_deleted, group_id) VALUES (8641, 'Add Fries and Drink 240 all', 240, false, 1727) ON CONFLICT DO NOTHING;
INSERT INTO option_group (id, name, is_deleted, max_selection, min_selection, restaurant_id) VALUES (1728, 'Zgjidh madhësinë', false, 1, 0, 18) ON CONFLICT DO NOTHING;
INSERT INTO option_variant (id, name, recommended_price, is_deleted, group_id) VALUES (8642, 'Truffle Chicken Gyros ', 0, false, 1728) ON CONFLICT DO NOTHING;
INSERT INTO option_variant (id, name, recommended_price, is_deleted, group_id) VALUES (8643, 'Truffle Chicken Gyros Big ', 120, false, 1728) ON CONFLICT DO NOTHING;
INSERT INTO option_group (id, name, is_deleted, max_selection, min_selection, restaurant_id) VALUES (1729, 'Zgjidh Protein ', false, 1, 0, 18) ON CONFLICT DO NOTHING;
INSERT INTO option_variant (id, name, recommended_price, is_deleted, group_id) VALUES (8644, 'Gjiro Pule ', 420, false, 1729) ON CONFLICT DO NOTHING;
INSERT INTO option_variant (id, name, recommended_price, is_deleted, group_id) VALUES (8645, 'Gjiro Gici', 440, false, 1729) ON CONFLICT DO NOTHING;
INSERT INTO option_variant (id, name, recommended_price, is_deleted, group_id) VALUES (8646, 'Shnitzel Pule ', 460, false, 1729) ON CONFLICT DO NOTHING;
INSERT INTO option_variant (id, name, recommended_price, is_deleted, group_id) VALUES (8647, '2 Chicken Skewers ', 480, false, 1729) ON CONFLICT DO NOTHING;
INSERT INTO option_variant (id, name, recommended_price, is_deleted, group_id) VALUES (8648, '2 Pork Skewers', 480, false, 1729) ON CONFLICT DO NOTHING;
INSERT INTO option_variant (id, name, recommended_price, is_deleted, group_id) VALUES (8649, '2 Kebab Skewers', 480, false, 1729) ON CONFLICT DO NOTHING;
INSERT INTO option_group (id, name, is_deleted, max_selection, min_selection, restaurant_id) VALUES (1730, 'Zgjidh Sides', false, 1, 0, 18) ON CONFLICT DO NOTHING;
INSERT INTO option_variant (id, name, recommended_price, is_deleted, group_id) VALUES (8650, 'Oriz', 70, false, 1730) ON CONFLICT DO NOTHING;
INSERT INTO option_variant (id, name, recommended_price, is_deleted, group_id) VALUES (8651, 'Patate', 70, false, 1730) ON CONFLICT DO NOTHING;
INSERT INTO option_variant (id, name, recommended_price, is_deleted, group_id) VALUES (8652, 'Sallate Greke', 70, false, 1730) ON CONFLICT DO NOTHING;
INSERT INTO option_variant (id, name, recommended_price, is_deleted, group_id) VALUES (8653, 'Patate Crinkle', 90, false, 1730) ON CONFLICT DO NOTHING;
INSERT INTO option_variant (id, name, recommended_price, is_deleted, group_id) VALUES (8654, 'Traditional Pita', 40, false, 1730) ON CONFLICT DO NOTHING;
INSERT INTO option_group (id, name, is_deleted, max_selection, min_selection, restaurant_id) VALUES (1731, 'Zgjidh bazën', false, 1, 0, 18) ON CONFLICT DO NOTHING;
INSERT INTO option_variant (id, name, recommended_price, is_deleted, group_id) VALUES (8655, 'Athena Vegan Bowl (Rice)', 0, false, 1731) ON CONFLICT DO NOTHING;
INSERT INTO option_variant (id, name, recommended_price, is_deleted, group_id) VALUES (8656, 'Athena Vegan Bowl (Fries)', 0, false, 1731) ON CONFLICT DO NOTHING;
INSERT INTO option_group (id, name, is_deleted, max_selection, min_selection, restaurant_id) VALUES (1732, 'Shto proteine', false, 1, 0, 18) ON CONFLICT DO NOTHING;
INSERT INTO option_variant (id, name, recommended_price, is_deleted, group_id) VALUES (8657, 'Pork Skewers 1 cope ', 250, false, 1732) ON CONFLICT DO NOTHING;
INSERT INTO option_group (id, name, is_deleted, max_selection, min_selection, restaurant_id) VALUES (1733, 'Zgjidh madhësinë', false, 1, 0, 18) ON CONFLICT DO NOTHING;
INSERT INTO option_variant (id, name, recommended_price, is_deleted, group_id) VALUES (8658, 'Pork Skepasti DEL', 0, false, 1733) ON CONFLICT DO NOTHING;
INSERT INTO option_variant (id, name, recommended_price, is_deleted, group_id) VALUES (8659, 'Pork Skepasti Big ', 170, false, 1733) ON CONFLICT DO NOTHING;
INSERT INTO option_group (id, name, is_deleted, max_selection, min_selection, restaurant_id) VALUES (1734, 'Zgjidh madhësinë', false, 1, 0, 18) ON CONFLICT DO NOTHING;
INSERT INTO option_variant (id, name, recommended_price, is_deleted, group_id) VALUES (8660, 'OPA Smash Burger', 0, false, 1734) ON CONFLICT DO NOTHING;
INSERT INTO option_variant (id, name, recommended_price, is_deleted, group_id) VALUES (8661, 'Double OPA Smash Burger', 230, false, 1734) ON CONFLICT DO NOTHING;
INSERT INTO option_group (id, name, is_deleted, max_selection, min_selection, restaurant_id) VALUES (1735, 'Shto proteine', false, 1, 0, 18) ON CONFLICT DO NOTHING;
INSERT INTO option_variant (id, name, recommended_price, is_deleted, group_id) VALUES (8662, 'Kebab Skewers 1 cope', 250, false, 1735) ON CONFLICT DO NOTHING;
INSERT INTO option_group (id, name, is_deleted, max_selection, min_selection, restaurant_id) VALUES (1736, 'Zgjidh madhësinë', false, 1, 0, 18) ON CONFLICT DO NOTHING;
INSERT INTO option_variant (id, name, recommended_price, is_deleted, group_id) VALUES (8663, 'Zeus', 0, false, 1736) ON CONFLICT DO NOTHING;
INSERT INTO option_variant (id, name, recommended_price, is_deleted, group_id) VALUES (8664, 'Zeus Big', 60, false, 1736) ON CONFLICT DO NOTHING;
INSERT INTO option_group (id, name, is_deleted, max_selection, min_selection, restaurant_id) VALUES (1737, 'Shto Sides ', false, 1, 0, 18) ON CONFLICT DO NOTHING;
INSERT INTO option_variant (id, name, recommended_price, is_deleted, group_id) VALUES (8665, 'BBQ Chicken Wings (6 cope)', 400, false, 1737) ON CONFLICT DO NOTHING;
INSERT INTO option_variant (id, name, recommended_price, is_deleted, group_id) VALUES (8666, 'BBQ Chicken Wings (8 cope)', 570, false, 1737) ON CONFLICT DO NOTHING;
INSERT INTO option_variant (id, name, recommended_price, is_deleted, group_id) VALUES (8667, 'BBQ Chicken Wings (10 cope)', 720, false, 1737) ON CONFLICT DO NOTHING;
INSERT INTO option_variant (id, name, recommended_price, is_deleted, group_id) VALUES (8668, '2 pieces Kackavall Chips', 150, false, 1737) ON CONFLICT DO NOTHING;
INSERT INTO option_variant (id, name, recommended_price, is_deleted, group_id) VALUES (8669, 'Fried Zucchini Balls ', 280, false, 1737) ON CONFLICT DO NOTHING;
INSERT INTO option_variant (id, name, recommended_price, is_deleted, group_id) VALUES (8670, 'Kashkaval Chips', 490, false, 1737) ON CONFLICT DO NOTHING;
INSERT INTO option_variant (id, name, recommended_price, is_deleted, group_id) VALUES (8671, 'Halloumi chips', 490, false, 1737) ON CONFLICT DO NOTHING;
INSERT INTO option_variant (id, name, recommended_price, is_deleted, group_id) VALUES (8672, 'Greek Fries', 350, false, 1737) ON CONFLICT DO NOTHING;
INSERT INTO option_variant (id, name, recommended_price, is_deleted, group_id) VALUES (8673, 'Bacon Fries', 500, false, 1737) ON CONFLICT DO NOTHING;
INSERT INTO option_variant (id, name, recommended_price, is_deleted, group_id) VALUES (8674, 'Cheddar Fries ', 350, false, 1737) ON CONFLICT DO NOTHING;
INSERT INTO option_group (id, name, is_deleted, max_selection, min_selection, restaurant_id) VALUES (1738, 'Zgjidh bazën', false, 1, 0, 18) ON CONFLICT DO NOTHING;
INSERT INTO option_variant (id, name, recommended_price, is_deleted, group_id) VALUES (8675, 'Pork Gyros Bowl(Rice) DEL', 0, false, 1738) ON CONFLICT DO NOTHING;
INSERT INTO option_variant (id, name, recommended_price, is_deleted, group_id) VALUES (8676, 'Pork Gyros Bowl (Fries) DEL', 0, false, 1738) ON CONFLICT DO NOTHING;
INSERT INTO option_group (id, name, is_deleted, max_selection, min_selection, restaurant_id) VALUES (1739, 'Zgjidh bazën', false, 1, 0, 18) ON CONFLICT DO NOTHING;
INSERT INTO option_variant (id, name, recommended_price, is_deleted, group_id) VALUES (8677, 'Schnitzel Bowl(Rice) DEL', 0, false, 1739) ON CONFLICT DO NOTHING;
INSERT INTO option_variant (id, name, recommended_price, is_deleted, group_id) VALUES (8678, ' Schnitzel Bowl (Fries) DEL', 0, false, 1739) ON CONFLICT DO NOTHING;
INSERT INTO option_group (id, name, is_deleted, max_selection, min_selection, restaurant_id) VALUES (1740, 'Zgjidh bazën', false, 1, 0, 18) ON CONFLICT DO NOTHING;
INSERT INTO option_variant (id, name, recommended_price, is_deleted, group_id) VALUES (8679, 'Dias Bowl(Rice) DEL', 0, false, 1740) ON CONFLICT DO NOTHING;
INSERT INTO option_variant (id, name, recommended_price, is_deleted, group_id) VALUES (8680, 'Dias Bowl(Fries) DEL', 0, false, 1740) ON CONFLICT DO NOTHING;
INSERT INTO option_group (id, name, is_deleted, max_selection, min_selection, restaurant_id) VALUES (1741, 'Zgjidh madhësinë', false, 1, 0, 18) ON CONFLICT DO NOTHING;
INSERT INTO option_variant (id, name, recommended_price, is_deleted, group_id) VALUES (8681, 'Chicken Breast Pita', 0, false, 1741) ON CONFLICT DO NOTHING;
INSERT INTO option_variant (id, name, recommended_price, is_deleted, group_id) VALUES (8682, 'Chicken Breast Pita Big', 140, false, 1741) ON CONFLICT DO NOTHING;
INSERT INTO option_group (id, name, is_deleted, max_selection, min_selection, restaurant_id) VALUES (1742, 'Zgjidh madhësinë', false, 1, 0, 18) ON CONFLICT DO NOTHING;
INSERT INTO option_variant (id, name, recommended_price, is_deleted, group_id) VALUES (8683, 'Apollo Pita', 0, false, 1742) ON CONFLICT DO NOTHING;
INSERT INTO option_variant (id, name, recommended_price, is_deleted, group_id) VALUES (8684, 'Apollo Pita Big', 100, false, 1742) ON CONFLICT DO NOTHING;
INSERT INTO option_group (id, name, is_deleted, max_selection, min_selection, restaurant_id) VALUES (1743, 'Zgjidh madhësinë', false, 1, 0, 18) ON CONFLICT DO NOTHING;
INSERT INTO option_variant (id, name, recommended_price, is_deleted, group_id) VALUES (8685, 'Falafel Pita Hummus', 0, false, 1743) ON CONFLICT DO NOTHING;
INSERT INTO option_variant (id, name, recommended_price, is_deleted, group_id) VALUES (8686, 'Falafel Pita Big Hummus', 100, false, 1743) ON CONFLICT DO NOTHING;
INSERT INTO option_group (id, name, is_deleted, max_selection, min_selection, restaurant_id) VALUES (1744, 'Zgjidh madhësinë', false, 1, 0, 18) ON CONFLICT DO NOTHING;
INSERT INTO option_variant (id, name, recommended_price, is_deleted, group_id) VALUES (8687, 'Chicken Skepasti DEL (Sos)', 0, false, 1744) ON CONFLICT DO NOTHING;
INSERT INTO option_variant (id, name, recommended_price, is_deleted, group_id) VALUES (8688, 'Chicken Skepasti Big (Sos)', 170, false, 1744) ON CONFLICT DO NOTHING;
INSERT INTO option_group (id, name, is_deleted, max_selection, min_selection, restaurant_id) VALUES (1745, 'Zgjidh madhësinë', false, 1, 0, 18) ON CONFLICT DO NOTHING;
INSERT INTO option_variant (id, name, recommended_price, is_deleted, group_id) VALUES (8689, 'Halloumi Pita', 0, false, 1745) ON CONFLICT DO NOTHING;
INSERT INTO option_variant (id, name, recommended_price, is_deleted, group_id) VALUES (8690, 'Halloumi Pita Big', 150, false, 1745) ON CONFLICT DO NOTHING;
INSERT INTO option_group (id, name, is_deleted, max_selection, min_selection, restaurant_id) VALUES (1746, 'Zgjidh madhësinë', false, 1, 0, 18) ON CONFLICT DO NOTHING;
INSERT INTO option_variant (id, name, recommended_price, is_deleted, group_id) VALUES (8691, 'Kebab Pita', 0, false, 1746) ON CONFLICT DO NOTHING;
INSERT INTO option_variant (id, name, recommended_price, is_deleted, group_id) VALUES (8692, 'Kebab Pita Big', 160, false, 1746) ON CONFLICT DO NOTHING;
INSERT INTO option_group (id, name, is_deleted, max_selection, min_selection, restaurant_id) VALUES (1747, 'Preferenca e mishit', false, 1, 0, 18) ON CONFLICT DO NOTHING;
INSERT INTO option_variant (id, name, recommended_price, is_deleted, group_id) VALUES (8693, 'Junior Chicken Gyros Combo', 0, false, 1747) ON CONFLICT DO NOTHING;
INSERT INTO option_variant (id, name, recommended_price, is_deleted, group_id) VALUES (8694, 'Junior Pork Gyros Combo', 0, false, 1747) ON CONFLICT DO NOTHING;
INSERT INTO option_group (id, name, is_deleted, max_selection, min_selection, restaurant_id) VALUES (1748, 'Zgjidh madhësinë', false, 1, 0, 18) ON CONFLICT DO NOTHING;
INSERT INTO option_variant (id, name, recommended_price, is_deleted, group_id) VALUES (8695, 'Pork Gyros DEL', 0, false, 1748) ON CONFLICT DO NOTHING;
INSERT INTO option_variant (id, name, recommended_price, is_deleted, group_id) VALUES (8696, 'Pork Gyros Big DEL', 100, false, 1748) ON CONFLICT DO NOTHING;
INSERT INTO option_group (id, name, is_deleted, max_selection, min_selection, restaurant_id) VALUES (1749, 'Choose your Loukomades me Mjalte dhe Arra', false, 1, 0, 18) ON CONFLICT DO NOTHING;
INSERT INTO option_variant (id, name, recommended_price, is_deleted, group_id) VALUES (8697, 'Loukoumades with Hoeny and Huts   1/2', 0, false, 1749) ON CONFLICT DO NOTHING;
INSERT INTO option_variant (id, name, recommended_price, is_deleted, group_id) VALUES (8698, 'Loukoumades with Honey and Nuts', 200, false, 1749) ON CONFLICT DO NOTHING;
INSERT INTO option_group (id, name, is_deleted, max_selection, min_selection, restaurant_id) VALUES (1750, 'Choose your Loukoumades me Nutella Dhe Lajthi', false, 1, 0, 18) ON CONFLICT DO NOTHING;
INSERT INTO option_variant (id, name, recommended_price, is_deleted, group_id) VALUES (8699, 'Loukoumades  with Nutella and Hazelnut 1/2', 0, false, 1750) ON CONFLICT DO NOTHING;
INSERT INTO option_variant (id, name, recommended_price, is_deleted, group_id) VALUES (8700, 'Loukoumades with Nutella and Hazelnut', 200, false, 1750) ON CONFLICT DO NOTHING;
INSERT INTO option_group (id, name, is_deleted, max_selection, min_selection, restaurant_id) VALUES (1751, 'Zgjidh madhësinë', false, 1, 0, 18) ON CONFLICT DO NOTHING;
INSERT INTO option_variant (id, name, recommended_price, is_deleted, group_id) VALUES (8701, 'Falafel Pita Yougurt', 0, false, 1751) ON CONFLICT DO NOTHING;
INSERT INTO option_variant (id, name, recommended_price, is_deleted, group_id) VALUES (8702, 'Falafel Pita Big Yougurt', 100, false, 1751) ON CONFLICT DO NOTHING;
INSERT INTO option_group (id, name, is_deleted, max_selection, min_selection, restaurant_id) VALUES (1752, 'Choose your Gaia', false, 1, 0, 18) ON CONFLICT DO NOTHING;
INSERT INTO option_variant (id, name, recommended_price, is_deleted, group_id) VALUES (8703, 'Gaia', 0, false, 1752) ON CONFLICT DO NOTHING;
INSERT INTO option_variant (id, name, recommended_price, is_deleted, group_id) VALUES (8704, 'Gaia Big', 60, false, 1752) ON CONFLICT DO NOTHING;
INSERT INTO option_group (id, name, is_deleted, max_selection, min_selection, restaurant_id) VALUES (1753, 'Coca Cola Draft 0.25l or 0.33l', false, 1, 0, 18) ON CONFLICT DO NOTHING;
INSERT INTO option_variant (id, name, recommended_price, is_deleted, group_id) VALUES (8705, 'Selita Uje natyral 0.5l', 0, false, 1753) ON CONFLICT DO NOTHING;
INSERT INTO option_variant (id, name, recommended_price, is_deleted, group_id) VALUES (8706, 'Coca Cola 0.33l', 0, false, 1753) ON CONFLICT DO NOTHING;
INSERT INTO option_variant (id, name, recommended_price, is_deleted, group_id) VALUES (8707, 'Coca Cola Zero 0.33L', 0, false, 1753) ON CONFLICT DO NOTHING;
INSERT INTO option_group (id, name, is_deleted, max_selection, min_selection, restaurant_id) VALUES (1754, 'Preferenca e mishit', false, 1, 0, 18) ON CONFLICT DO NOTHING;
INSERT INTO option_variant (id, name, recommended_price, is_deleted, group_id) VALUES (8708, 'Junior Chicken Tortilla Combo', 0, false, 1754) ON CONFLICT DO NOTHING;
INSERT INTO option_variant (id, name, recommended_price, is_deleted, group_id) VALUES (8709, 'Junior Pork Tortilla Combo', 0, false, 1754) ON CONFLICT DO NOTHING;
INSERT INTO option_group (id, name, is_deleted, max_selection, min_selection, restaurant_id) VALUES (1755, 'Shto përbërës', false, 1, 0, 18) ON CONFLICT DO NOTHING;
INSERT INTO option_variant (id, name, recommended_price, is_deleted, group_id) VALUES (8710, 'Add Chicken fillet DEL', 200, false, 1755) ON CONFLICT DO NOTHING;
INSERT INTO option_group (id, name, is_deleted, max_selection, min_selection, restaurant_id) VALUES (1756, 'Drinks for Big', false, 1, 0, 18) ON CONFLICT DO NOTHING;
INSERT INTO option_variant (id, name, recommended_price, is_deleted, group_id) VALUES (8711, 'Selita Uje natyral 0.5l', 0, false, 1756) ON CONFLICT DO NOTHING;
INSERT INTO option_variant (id, name, recommended_price, is_deleted, group_id) VALUES (8712, 'Selita Uje me gaz 0.5l', 0, false, 1756) ON CONFLICT DO NOTHING;
INSERT INTO option_variant (id, name, recommended_price, is_deleted, group_id) VALUES (8713, 'Coca Cola 0.33l', 0, false, 1756) ON CONFLICT DO NOTHING;
INSERT INTO option_variant (id, name, recommended_price, is_deleted, group_id) VALUES (8714, 'Coca Cola Zero 0.33L', 0, false, 1756) ON CONFLICT DO NOTHING;
INSERT INTO option_variant (id, name, recommended_price, is_deleted, group_id) VALUES (8715, 'Fanta Exotic 0.33L', 0, false, 1756) ON CONFLICT DO NOTHING;
INSERT INTO option_variant (id, name, recommended_price, is_deleted, group_id) VALUES (8716, 'Fanta Orange 0.33L', 0, false, 1756) ON CONFLICT DO NOTHING;
INSERT INTO option_variant (id, name, recommended_price, is_deleted, group_id) VALUES (8717, 'Lemon Soda 0.33', 0, false, 1756) ON CONFLICT DO NOTHING;
INSERT INTO option_variant (id, name, recommended_price, is_deleted, group_id) VALUES (8718, 'Orange Soda 0.33', 0, false, 1756) ON CONFLICT DO NOTHING;
INSERT INTO option_variant (id, name, recommended_price, is_deleted, group_id) VALUES (8719, 'Sprite 0.33l', 0, false, 1756) ON CONFLICT DO NOTHING;
INSERT INTO option_variant (id, name, recommended_price, is_deleted, group_id) VALUES (8720, 'Ayran/Dhalle', 0, false, 1756) ON CONFLICT DO NOTHING;
INSERT INTO option_variant (id, name, recommended_price, is_deleted, group_id) VALUES (8721, 'Lipton Ice Tea Peach 0.33', 0, false, 1756) ON CONFLICT DO NOTHING;
INSERT INTO option_variant (id, name, recommended_price, is_deleted, group_id) VALUES (8722, 'Lipton Ice Tea Lemon 0.33', 0, false, 1756) ON CONFLICT DO NOTHING;
INSERT INTO option_group (id, name, is_deleted, max_selection, min_selection, restaurant_id) VALUES (1757, 'Shto Sides ', false, 1, 0, 18) ON CONFLICT DO NOTHING;
INSERT INTO option_variant (id, name, recommended_price, is_deleted, group_id) VALUES (8723, 'BBQ Chicken Wings (6 cope)', 400, false, 1757) ON CONFLICT DO NOTHING;
INSERT INTO option_variant (id, name, recommended_price, is_deleted, group_id) VALUES (8724, 'BBQ Chicken Wings (8 cope)', 570, false, 1757) ON CONFLICT DO NOTHING;
INSERT INTO option_variant (id, name, recommended_price, is_deleted, group_id) VALUES (8725, 'BBQ Chicken Wings (10 cope)', 720, false, 1757) ON CONFLICT DO NOTHING;
INSERT INTO option_variant (id, name, recommended_price, is_deleted, group_id) VALUES (8726, '2 pieces Kackavall Chips', 150, false, 1757) ON CONFLICT DO NOTHING;
INSERT INTO option_variant (id, name, recommended_price, is_deleted, group_id) VALUES (8727, 'Fried Zucchini Balls ', 280, false, 1757) ON CONFLICT DO NOTHING;
INSERT INTO option_variant (id, name, recommended_price, is_deleted, group_id) VALUES (8728, 'Kashkaval Chips', 490, false, 1757) ON CONFLICT DO NOTHING;
INSERT INTO option_variant (id, name, recommended_price, is_deleted, group_id) VALUES (8729, 'Halloumi chips', 490, false, 1757) ON CONFLICT DO NOTHING;
INSERT INTO option_variant (id, name, recommended_price, is_deleted, group_id) VALUES (8730, 'Greek Fries', 350, false, 1757) ON CONFLICT DO NOTHING;
INSERT INTO option_variant (id, name, recommended_price, is_deleted, group_id) VALUES (8731, 'Bacon Fries', 500, false, 1757) ON CONFLICT DO NOTHING;
INSERT INTO option_variant (id, name, recommended_price, is_deleted, group_id) VALUES (8732, 'Cheddar Fries ', 350, false, 1757) ON CONFLICT DO NOTHING;
INSERT INTO option_group (id, name, is_deleted, max_selection, min_selection, restaurant_id) VALUES (1758, 'Drinks', false, 1, 0, 18) ON CONFLICT DO NOTHING;
INSERT INTO option_variant (id, name, recommended_price, is_deleted, group_id) VALUES (8733, 'Coca Cola 0.33l', 0, false, 1758) ON CONFLICT DO NOTHING;
INSERT INTO option_variant (id, name, recommended_price, is_deleted, group_id) VALUES (8734, 'Selita Uje natyral 0.5l', 0, false, 1758) ON CONFLICT DO NOTHING;
INSERT INTO option_variant (id, name, recommended_price, is_deleted, group_id) VALUES (8735, 'Selita Uje me gaz 0.5l', 0, false, 1758) ON CONFLICT DO NOTHING;
INSERT INTO option_variant (id, name, recommended_price, is_deleted, group_id) VALUES (8736, 'Coca Cola Zero 0.33L', 0, false, 1758) ON CONFLICT DO NOTHING;
INSERT INTO option_variant (id, name, recommended_price, is_deleted, group_id) VALUES (8737, 'Fanta Orange 0.33L', 0, false, 1758) ON CONFLICT DO NOTHING;
INSERT INTO option_variant (id, name, recommended_price, is_deleted, group_id) VALUES (8738, 'Fanta Exotic 0.33L', 0, false, 1758) ON CONFLICT DO NOTHING;
INSERT INTO option_variant (id, name, recommended_price, is_deleted, group_id) VALUES (8739, 'Lemon Soda 0.33', 0, false, 1758) ON CONFLICT DO NOTHING;
INSERT INTO option_variant (id, name, recommended_price, is_deleted, group_id) VALUES (8740, 'Orange Soda 0.33', 0, false, 1758) ON CONFLICT DO NOTHING;
INSERT INTO option_variant (id, name, recommended_price, is_deleted, group_id) VALUES (8741, 'Sprite 0.33l', 0, false, 1758) ON CONFLICT DO NOTHING;
INSERT INTO option_variant (id, name, recommended_price, is_deleted, group_id) VALUES (8742, 'Ayran/Dhalle', 0, false, 1758) ON CONFLICT DO NOTHING;
INSERT INTO option_variant (id, name, recommended_price, is_deleted, group_id) VALUES (8743, 'Lipton Ice Tea Lemon 0.33', 0, false, 1758) ON CONFLICT DO NOTHING;
INSERT INTO option_variant (id, name, recommended_price, is_deleted, group_id) VALUES (8744, 'Lipton Ice Tea Peach 0.33', 0, false, 1758) ON CONFLICT DO NOTHING;
INSERT INTO option_group (id, name, is_deleted, max_selection, min_selection, restaurant_id) VALUES (1759, 'Drinks', false, 1, 0, 18) ON CONFLICT DO NOTHING;
INSERT INTO option_variant (id, name, recommended_price, is_deleted, group_id) VALUES (8745, 'Coca Cola 0.33l', 0, false, 1759) ON CONFLICT DO NOTHING;
INSERT INTO option_variant (id, name, recommended_price, is_deleted, group_id) VALUES (8746, 'Selita Uje natyral 0.5l', 0, false, 1759) ON CONFLICT DO NOTHING;
INSERT INTO option_variant (id, name, recommended_price, is_deleted, group_id) VALUES (8747, 'Selita Uje me gaz 0.5l', 0, false, 1759) ON CONFLICT DO NOTHING;
INSERT INTO option_variant (id, name, recommended_price, is_deleted, group_id) VALUES (8748, 'Coca Cola Zero 0.33L', 0, false, 1759) ON CONFLICT DO NOTHING;
INSERT INTO option_variant (id, name, recommended_price, is_deleted, group_id) VALUES (8749, 'Fanta Orange 0.33L', 0, false, 1759) ON CONFLICT DO NOTHING;
INSERT INTO option_variant (id, name, recommended_price, is_deleted, group_id) VALUES (8750, 'Fanta Exotic 0.33L', 0, false, 1759) ON CONFLICT DO NOTHING;
INSERT INTO option_variant (id, name, recommended_price, is_deleted, group_id) VALUES (8751, 'Lemon Soda 0.33', 0, false, 1759) ON CONFLICT DO NOTHING;
INSERT INTO option_variant (id, name, recommended_price, is_deleted, group_id) VALUES (8752, 'Orange Soda 0.33', 0, false, 1759) ON CONFLICT DO NOTHING;
INSERT INTO option_variant (id, name, recommended_price, is_deleted, group_id) VALUES (8753, 'Sprite 0.33l', 0, false, 1759) ON CONFLICT DO NOTHING;
INSERT INTO option_variant (id, name, recommended_price, is_deleted, group_id) VALUES (8754, 'Ayran/Dhalle', 0, false, 1759) ON CONFLICT DO NOTHING;
INSERT INTO option_variant (id, name, recommended_price, is_deleted, group_id) VALUES (8755, 'Lipton Ice Tea Lemon 0.33', 0, false, 1759) ON CONFLICT DO NOTHING;
INSERT INTO option_variant (id, name, recommended_price, is_deleted, group_id) VALUES (8756, 'Lipton Ice Tea Peach 0.33', 0, false, 1759) ON CONFLICT DO NOTHING;
INSERT INTO option_group (id, name, is_deleted, max_selection, min_selection, restaurant_id) VALUES (1760, 'Shto Sides ', false, 1, 0, 18) ON CONFLICT DO NOTHING;
INSERT INTO option_variant (id, name, recommended_price, is_deleted, group_id) VALUES (8757, 'BBQ Chicken Wings (6 cope)', 400, false, 1760) ON CONFLICT DO NOTHING;
INSERT INTO option_variant (id, name, recommended_price, is_deleted, group_id) VALUES (8758, 'BBQ Chicken Wings (8 cope)', 570, false, 1760) ON CONFLICT DO NOTHING;
INSERT INTO option_variant (id, name, recommended_price, is_deleted, group_id) VALUES (8759, 'BBQ Chicken Wings (10 cope)', 720, false, 1760) ON CONFLICT DO NOTHING;
INSERT INTO option_variant (id, name, recommended_price, is_deleted, group_id) VALUES (8760, '2 pieces Kackavall Chips', 150, false, 1760) ON CONFLICT DO NOTHING;
INSERT INTO option_variant (id, name, recommended_price, is_deleted, group_id) VALUES (8761, 'Fried Zucchini Balls ', 280, false, 1760) ON CONFLICT DO NOTHING;
INSERT INTO option_variant (id, name, recommended_price, is_deleted, group_id) VALUES (8762, 'Kashkaval Chips', 490, false, 1760) ON CONFLICT DO NOTHING;
INSERT INTO option_variant (id, name, recommended_price, is_deleted, group_id) VALUES (8763, 'Halloumi chips', 490, false, 1760) ON CONFLICT DO NOTHING;
INSERT INTO option_variant (id, name, recommended_price, is_deleted, group_id) VALUES (8764, 'Greek Fries', 350, false, 1760) ON CONFLICT DO NOTHING;
INSERT INTO option_variant (id, name, recommended_price, is_deleted, group_id) VALUES (8765, 'Bacon Fries', 500, false, 1760) ON CONFLICT DO NOTHING;
INSERT INTO option_variant (id, name, recommended_price, is_deleted, group_id) VALUES (8766, 'Cheddar Fries ', 350, false, 1760) ON CONFLICT DO NOTHING;
INSERT INTO option_group (id, name, is_deleted, max_selection, min_selection, restaurant_id) VALUES (1761, 'Zgjidh madhësinë', false, 1, 0, 18) ON CONFLICT DO NOTHING;
INSERT INTO option_variant (id, name, recommended_price, is_deleted, group_id) VALUES (8767, 'Eros', 0, false, 1761) ON CONFLICT DO NOTHING;
INSERT INTO option_variant (id, name, recommended_price, is_deleted, group_id) VALUES (8768, 'Eros Big ', 130, false, 1761) ON CONFLICT DO NOTHING;
INSERT INTO option_group (id, name, is_deleted, max_selection, min_selection, restaurant_id) VALUES (1762, 'Drinks for Big', false, 1, 0, 18) ON CONFLICT DO NOTHING;
INSERT INTO option_variant (id, name, recommended_price, is_deleted, group_id) VALUES (8769, 'Selita Uje natyral 0.5l', 0, false, 1762) ON CONFLICT DO NOTHING;
INSERT INTO option_variant (id, name, recommended_price, is_deleted, group_id) VALUES (8770, 'Selita Uje me gaz 0.5l', 0, false, 1762) ON CONFLICT DO NOTHING;
INSERT INTO option_variant (id, name, recommended_price, is_deleted, group_id) VALUES (8771, 'Coca Cola 0.33l', 0, false, 1762) ON CONFLICT DO NOTHING;
INSERT INTO option_variant (id, name, recommended_price, is_deleted, group_id) VALUES (8772, 'Coca Cola Zero 0.33L', 0, false, 1762) ON CONFLICT DO NOTHING;
INSERT INTO option_variant (id, name, recommended_price, is_deleted, group_id) VALUES (8773, 'Fanta Exotic 0.33L', 0, false, 1762) ON CONFLICT DO NOTHING;
INSERT INTO option_variant (id, name, recommended_price, is_deleted, group_id) VALUES (8774, 'Fanta Orange 0.33L', 0, false, 1762) ON CONFLICT DO NOTHING;
INSERT INTO option_variant (id, name, recommended_price, is_deleted, group_id) VALUES (8775, 'Lemon Soda 0.33', 0, false, 1762) ON CONFLICT DO NOTHING;
INSERT INTO option_variant (id, name, recommended_price, is_deleted, group_id) VALUES (8776, 'Orange Soda 0.33', 0, false, 1762) ON CONFLICT DO NOTHING;
INSERT INTO option_variant (id, name, recommended_price, is_deleted, group_id) VALUES (8777, 'Sprite 0.33l', 0, false, 1762) ON CONFLICT DO NOTHING;
INSERT INTO option_variant (id, name, recommended_price, is_deleted, group_id) VALUES (8778, 'Ayran/Dhalle', 0, false, 1762) ON CONFLICT DO NOTHING;
INSERT INTO option_variant (id, name, recommended_price, is_deleted, group_id) VALUES (8779, 'Lipton Ice Tea Peach 0.33', 0, false, 1762) ON CONFLICT DO NOTHING;
INSERT INTO option_variant (id, name, recommended_price, is_deleted, group_id) VALUES (8780, 'Lipton Ice Tea Lemon 0.33', 0, false, 1762) ON CONFLICT DO NOTHING;
INSERT INTO option_variant (id, name, recommended_price, is_deleted, group_id) VALUES (8781, 'Sprite 0.5L Draft', 0, false, 1762) ON CONFLICT DO NOTHING;
INSERT INTO option_group (id, name, is_deleted, max_selection, min_selection, restaurant_id) VALUES (1763, 'Zgjidh Salcen', false, 1, 0, 18) ON CONFLICT DO NOTHING;
INSERT INTO option_variant (id, name, recommended_price, is_deleted, group_id) VALUES (8782, 'OPA Mayo', 50, false, 1763) ON CONFLICT DO NOTHING;
INSERT INTO option_variant (id, name, recommended_price, is_deleted, group_id) VALUES (8783, 'Chili Garlic Mayo', 50, false, 1763) ON CONFLICT DO NOTHING;
INSERT INTO option_variant (id, name, recommended_price, is_deleted, group_id) VALUES (8784, 'Tzatziki Sauce', 30, false, 1763) ON CONFLICT DO NOTHING;
INSERT INTO option_variant (id, name, recommended_price, is_deleted, group_id) VALUES (8785, 'Yougurt Sauce ', 50, false, 1763) ON CONFLICT DO NOTHING;
INSERT INTO option_variant (id, name, recommended_price, is_deleted, group_id) VALUES (8786, 'Bacon Mayo Sauce', 50, false, 1763) ON CONFLICT DO NOTHING;
INSERT INTO option_group (id, name, is_deleted, max_selection, min_selection, restaurant_id) VALUES (1764, 'Schnitzel Pita', false, 1, 0, 18) ON CONFLICT DO NOTHING;
INSERT INTO option_variant (id, name, recommended_price, is_deleted, group_id) VALUES (8787, 'Schnitzel Pita', 0, false, 1764) ON CONFLICT DO NOTHING;
INSERT INTO option_group (id, name, is_deleted, max_selection, min_selection, restaurant_id) VALUES (1765, 'Chicken Gyros', false, 1, 0, 18) ON CONFLICT DO NOTHING;
INSERT INTO option_variant (id, name, recommended_price, is_deleted, group_id) VALUES (8788, 'Chicken Gyros', 0, false, 1765) ON CONFLICT DO NOTHING;
INSERT INTO option_group (id, name, is_deleted, max_selection, min_selection, restaurant_id) VALUES (1766, 'Zgjidh madhësinë', false, 1, 0, 18) ON CONFLICT DO NOTHING;
INSERT INTO option_variant (id, name, recommended_price, is_deleted, group_id) VALUES (8789, 'Schnitzel Pita', 0, false, 1766) ON CONFLICT DO NOTHING;
INSERT INTO option_variant (id, name, recommended_price, is_deleted, group_id) VALUES (8790, 'Schnitzel Pita Big', 140, false, 1766) ON CONFLICT DO NOTHING;
INSERT INTO option_group (id, name, is_deleted, max_selection, min_selection, restaurant_id) VALUES (1767, 'Zgjidh madhësinë', false, 1, 0, 18) ON CONFLICT DO NOTHING;
INSERT INTO option_variant (id, name, recommended_price, is_deleted, group_id) VALUES (8791, 'Chicken Gyros DEL', 0, false, 1767) ON CONFLICT DO NOTHING;
INSERT INTO option_variant (id, name, recommended_price, is_deleted, group_id) VALUES (8792, 'Chicken Gyros Big DEL', 110, false, 1767) ON CONFLICT DO NOTHING;
INSERT INTO option_group (id, name, is_deleted, max_selection, min_selection, restaurant_id) VALUES (1768, 'Shto salcë', false, 1, 0, 18) ON CONFLICT DO NOTHING;
INSERT INTO option_variant (id, name, recommended_price, is_deleted, group_id) VALUES (8793, 'Tzatziki Sauce', 50, false, 1768) ON CONFLICT DO NOTHING;
INSERT INTO option_variant (id, name, recommended_price, is_deleted, group_id) VALUES (8794, 'OPA Mayo', 50, false, 1768) ON CONFLICT DO NOTHING;
INSERT INTO option_variant (id, name, recommended_price, is_deleted, group_id) VALUES (8795, 'Chili Garlic Mayo', 50, false, 1768) ON CONFLICT DO NOTHING;
INSERT INTO option_variant (id, name, recommended_price, is_deleted, group_id) VALUES (8796, 'Hummus Small', 50, false, 1768) ON CONFLICT DO NOTHING;
INSERT INTO option_variant (id, name, recommended_price, is_deleted, group_id) VALUES (8797, 'Ketchup Bustine', 20, false, 1768) ON CONFLICT DO NOTHING;
INSERT INTO option_variant (id, name, recommended_price, is_deleted, group_id) VALUES (8798, 'Mustarde - bustine', 20, false, 1768) ON CONFLICT DO NOTHING;
INSERT INTO option_variant (id, name, recommended_price, is_deleted, group_id) VALUES (8799, 'Mayonnaise Bustine', 20, false, 1768) ON CONFLICT DO NOTHING;
INSERT INTO option_variant (id, name, recommended_price, is_deleted, group_id) VALUES (8800, 'Siraca - small', 60, false, 1768) ON CONFLICT DO NOTHING;
INSERT INTO option_variant (id, name, recommended_price, is_deleted, group_id) VALUES (8801, 'Tirokafteri - small', 70, false, 1768) ON CONFLICT DO NOTHING;
INSERT INTO option_variant (id, name, recommended_price, is_deleted, group_id) VALUES (8802, 'Truffle Mayo', 50, false, 1768) ON CONFLICT DO NOTHING;
INSERT INTO option_variant (id, name, recommended_price, is_deleted, group_id) VALUES (8803, 'Cheddar Sauce ', 50, false, 1768) ON CONFLICT DO NOTHING;
INSERT INTO option_variant (id, name, recommended_price, is_deleted, group_id) VALUES (8804, 'Homemade Pickled Cucumber', 50, false, 1768) ON CONFLICT DO NOTHING;
INSERT INTO option_variant (id, name, recommended_price, is_deleted, group_id) VALUES (8805, 'Sweet chilli & tarragon sauce', 50, false, 1768) ON CONFLICT DO NOTHING;
INSERT INTO option_group (id, name, is_deleted, max_selection, min_selection, restaurant_id) VALUES (1769, 'Shto pijet', false, 1, 0, 18) ON CONFLICT DO NOTHING;
INSERT INTO option_variant (id, name, recommended_price, is_deleted, group_id) VALUES (8806, 'Selita 0.5L Natyral', 120, false, 1769) ON CONFLICT DO NOTHING;
INSERT INTO option_variant (id, name, recommended_price, is_deleted, group_id) VALUES (8807, 'Selita 0.5l Gaz ', 120, false, 1769) ON CONFLICT DO NOTHING;
INSERT INTO option_variant (id, name, recommended_price, is_deleted, group_id) VALUES (8808, 'Ayran ', 170, false, 1769) ON CONFLICT DO NOTHING;
INSERT INTO option_variant (id, name, recommended_price, is_deleted, group_id) VALUES (8809, 'Coca Cola 0.33 Normale ', 180, false, 1769) ON CONFLICT DO NOTHING;
INSERT INTO option_variant (id, name, recommended_price, is_deleted, group_id) VALUES (8810, 'Coca Cola 0.33 Zero', 180, false, 1769) ON CONFLICT DO NOTHING;
INSERT INTO option_variant (id, name, recommended_price, is_deleted, group_id) VALUES (8811, 'Fanta Ekzotik 0.33', 180, false, 1769) ON CONFLICT DO NOTHING;
INSERT INTO option_variant (id, name, recommended_price, is_deleted, group_id) VALUES (8812, 'Fanta Orange 0.33 ', 180, false, 1769) ON CONFLICT DO NOTHING;
INSERT INTO option_variant (id, name, recommended_price, is_deleted, group_id) VALUES (8813, 'Lipton Ice Tea Lemon 0.33 DEL', 180, false, 1769) ON CONFLICT DO NOTHING;
INSERT INTO option_variant (id, name, recommended_price, is_deleted, group_id) VALUES (8814, 'Lipton Ice Tea Peach 0.33 DEL', 180, false, 1769) ON CONFLICT DO NOTHING;
INSERT INTO option_group (id, name, is_deleted, max_selection, min_selection, restaurant_id) VALUES (1770, 'Shto Sides ', false, 1, 0, 18) ON CONFLICT DO NOTHING;
INSERT INTO option_variant (id, name, recommended_price, is_deleted, group_id) VALUES (8815, 'BBQ Chicken Wings (6 cope)', 400, false, 1770) ON CONFLICT DO NOTHING;
INSERT INTO option_group (id, name, is_deleted, max_selection, min_selection, restaurant_id) VALUES (1771, 'Shto (Extra)', false, 1, 0, 18) ON CONFLICT DO NOTHING;
INSERT INTO option_variant (id, name, recommended_price, is_deleted, group_id) VALUES (8816, 'Add Crispy Bacon', 150, false, 1771) ON CONFLICT DO NOTHING;
INSERT INTO option_variant (id, name, recommended_price, is_deleted, group_id) VALUES (8817, 'Add Jalapenos', 50, false, 1771) ON CONFLICT DO NOTHING;
INSERT INTO option_variant (id, name, recommended_price, is_deleted, group_id) VALUES (8818, 'Add Cheddar Cheese', 100, false, 1771) ON CONFLICT DO NOTHING;
INSERT INTO option_group (id, name, is_deleted, max_selection, min_selection, restaurant_id) VALUES (1772, 'Shto pite', false, 1, 0, 18) ON CONFLICT DO NOTHING;
INSERT INTO option_variant (id, name, recommended_price, is_deleted, group_id) VALUES (8819, 'Pita Extra', 40, false, 1772) ON CONFLICT DO NOTHING;
INSERT INTO option_group (id, name, is_deleted, max_selection, min_selection, restaurant_id) VALUES (1773, 'Medium Fries', false, 1, 0, 18) ON CONFLICT DO NOTHING;
INSERT INTO option_variant (id, name, recommended_price, is_deleted, group_id) VALUES (8820, 'Medium Fries', 0, false, 1773) ON CONFLICT DO NOTHING;
INSERT INTO option_group (id, name, is_deleted, max_selection, min_selection, restaurant_id) VALUES (1774, 'Pork Skepasti', false, 1, 0, 18) ON CONFLICT DO NOTHING;
INSERT INTO option_variant (id, name, recommended_price, is_deleted, group_id) VALUES (8821, 'Pork Skepasti', 0, false, 1774) ON CONFLICT DO NOTHING;
INSERT INTO option_group (id, name, is_deleted, max_selection, min_selection, restaurant_id) VALUES (1775, 'Pork Skepasti Big', false, 1, 0, 18) ON CONFLICT DO NOTHING;
INSERT INTO option_variant (id, name, recommended_price, is_deleted, group_id) VALUES (8822, 'Pork Skepasti Big ', 0, false, 1775) ON CONFLICT DO NOTHING;
INSERT INTO option_group (id, name, is_deleted, max_selection, min_selection, restaurant_id) VALUES (1776, 'Chicken Skepasti Big', false, 1, 0, 18) ON CONFLICT DO NOTHING;
INSERT INTO option_variant (id, name, recommended_price, is_deleted, group_id) VALUES (8823, 'Chicken Skepasti Big(Bacon Sauce)', 0, false, 1776) ON CONFLICT DO NOTHING;
INSERT INTO option_variant (id, name, recommended_price, is_deleted, group_id) VALUES (8824, 'Chicken Skepasti Big (Sos)', 0, false, 1776) ON CONFLICT DO NOTHING;
INSERT INTO option_group (id, name, is_deleted, max_selection, min_selection, restaurant_id) VALUES (1777, 'Shto (Extra)', false, 1, 0, 18) ON CONFLICT DO NOTHING;
INSERT INTO option_variant (id, name, recommended_price, is_deleted, group_id) VALUES (8825, 'Add Cheddar Cheese', 100, false, 1777) ON CONFLICT DO NOTHING;
INSERT INTO option_group (id, name, is_deleted, max_selection, min_selection, restaurant_id) VALUES (1778, 'Chicken Skepasti (Bacon Sos or Sos)', false, 1, 0, 18) ON CONFLICT DO NOTHING;
INSERT INTO option_variant (id, name, recommended_price, is_deleted, group_id) VALUES (8826, 'Chicken Skepasti (Bacon Sos)', 0, false, 1778) ON CONFLICT DO NOTHING;
INSERT INTO option_variant (id, name, recommended_price, is_deleted, group_id) VALUES (8827, 'Chicken Skepasti (Sos)', 0, false, 1778) ON CONFLICT DO NOTHING;
INSERT INTO option_group (id, name, is_deleted, max_selection, min_selection, restaurant_id) VALUES (1779, 'Crispy Chicken Burger', false, 1, 0, 18) ON CONFLICT DO NOTHING;
INSERT INTO option_variant (id, name, recommended_price, is_deleted, group_id) VALUES (8828, 'Crispy Chicken Burger', 0, false, 1779) ON CONFLICT DO NOTHING;
INSERT INTO option_group (id, name, is_deleted, max_selection, min_selection, restaurant_id) VALUES (1780, 'Shto Sides ', false, 1, 0, 18) ON CONFLICT DO NOTHING;
INSERT INTO option_variant (id, name, recommended_price, is_deleted, group_id) VALUES (8829, 'BBQ Chicken Wings (6 cope)', 400, false, 1780) ON CONFLICT DO NOTHING;
INSERT INTO option_variant (id, name, recommended_price, is_deleted, group_id) VALUES (8830, 'BBQ Chicken Wings (10 cope)', 720, false, 1780) ON CONFLICT DO NOTHING;
INSERT INTO option_variant (id, name, recommended_price, is_deleted, group_id) VALUES (8831, '2 pieces Kackavall Chips', 150, false, 1780) ON CONFLICT DO NOTHING;
INSERT INTO option_variant (id, name, recommended_price, is_deleted, group_id) VALUES (8832, 'Fried Zucchini Balls ', 280, false, 1780) ON CONFLICT DO NOTHING;
INSERT INTO option_variant (id, name, recommended_price, is_deleted, group_id) VALUES (8833, 'Kashkaval Chips', 490, false, 1780) ON CONFLICT DO NOTHING;
INSERT INTO option_variant (id, name, recommended_price, is_deleted, group_id) VALUES (8834, 'Halloumi chips', 490, false, 1780) ON CONFLICT DO NOTHING;
INSERT INTO option_variant (id, name, recommended_price, is_deleted, group_id) VALUES (8835, 'Greek Fries', 350, false, 1780) ON CONFLICT DO NOTHING;
INSERT INTO option_variant (id, name, recommended_price, is_deleted, group_id) VALUES (8836, 'Bacon Fries', 500, false, 1780) ON CONFLICT DO NOTHING;
INSERT INTO option_variant (id, name, recommended_price, is_deleted, group_id) VALUES (8837, 'Cheddar Fries ', 350, false, 1780) ON CONFLICT DO NOTHING;
INSERT INTO option_group (id, name, is_deleted, max_selection, min_selection, restaurant_id) VALUES (1781, 'Minced Beef Skepasti Big', false, 1, 0, 18) ON CONFLICT DO NOTHING;
INSERT INTO option_variant (id, name, recommended_price, is_deleted, group_id) VALUES (8838, 'Minced Beef Skepasti Big', 0, false, 1781) ON CONFLICT DO NOTHING;
INSERT INTO option_group (id, name, is_deleted, max_selection, min_selection, restaurant_id) VALUES (1782, 'BBQ Chicken Wings (6 cope) ', false, 1, 0, 18) ON CONFLICT DO NOTHING;
INSERT INTO option_variant (id, name, recommended_price, is_deleted, group_id) VALUES (8839, 'BBQ Chicken Wings (6 cope)', 0, false, 1782) ON CONFLICT DO NOTHING;
INSERT INTO option_group (id, name, is_deleted, max_selection, min_selection, restaurant_id) VALUES (1783, 'BBQ Chicken Wings (10 cope)', false, 1, 0, 18) ON CONFLICT DO NOTHING;
INSERT INTO option_variant (id, name, recommended_price, is_deleted, group_id) VALUES (8840, 'BBQ Chicken Wings (10 cope)', 0, false, 1783) ON CONFLICT DO NOTHING;
INSERT INTO option_group (id, name, is_deleted, max_selection, min_selection, restaurant_id) VALUES (1784, 'Shto Sides ', false, 1, 0, 18) ON CONFLICT DO NOTHING;
INSERT INTO option_variant (id, name, recommended_price, is_deleted, group_id) VALUES (8841, 'BBQ Chicken Wings (6 cope)', 400, false, 1784) ON CONFLICT DO NOTHING;
INSERT INTO option_variant (id, name, recommended_price, is_deleted, group_id) VALUES (8842, 'BBQ Chicken Wings (8 cope)', 570, false, 1784) ON CONFLICT DO NOTHING;
INSERT INTO option_variant (id, name, recommended_price, is_deleted, group_id) VALUES (8843, '2 pieces Kackavall Chips', 150, false, 1784) ON CONFLICT DO NOTHING;
INSERT INTO option_variant (id, name, recommended_price, is_deleted, group_id) VALUES (8844, 'Fried Zucchini Balls ', 280, false, 1784) ON CONFLICT DO NOTHING;
INSERT INTO option_variant (id, name, recommended_price, is_deleted, group_id) VALUES (8845, 'Kashkaval Chips', 490, false, 1784) ON CONFLICT DO NOTHING;
INSERT INTO option_variant (id, name, recommended_price, is_deleted, group_id) VALUES (8846, 'Halloumi chips', 490, false, 1784) ON CONFLICT DO NOTHING;
INSERT INTO option_variant (id, name, recommended_price, is_deleted, group_id) VALUES (8847, 'Greek Fries', 350, false, 1784) ON CONFLICT DO NOTHING;
INSERT INTO option_variant (id, name, recommended_price, is_deleted, group_id) VALUES (8848, 'Bacon Fries', 500, false, 1784) ON CONFLICT DO NOTHING;
INSERT INTO option_variant (id, name, recommended_price, is_deleted, group_id) VALUES (8849, 'Cheddar Fries ', 350, false, 1784) ON CONFLICT DO NOTHING;
INSERT INTO option_group (id, name, is_deleted, max_selection, min_selection, restaurant_id) VALUES (1785, 'Minced Beef Skepasti', false, 1, 0, 18) ON CONFLICT DO NOTHING;
INSERT INTO option_variant (id, name, recommended_price, is_deleted, group_id) VALUES (8850, 'Minced Beef Skepasti', 0, false, 1785) ON CONFLICT DO NOTHING;
INSERT INTO option_group (id, name, is_deleted, max_selection, min_selection, restaurant_id) VALUES (1786, 'BBQ Chicken Wings (8 cope)', false, 1, 0, 18) ON CONFLICT DO NOTHING;
INSERT INTO option_variant (id, name, recommended_price, is_deleted, group_id) VALUES (8851, 'BBQ Chicken Wings (8 cope)', 0, false, 1786) ON CONFLICT DO NOTHING;
INSERT INTO option_group (id, name, is_deleted, max_selection, min_selection, restaurant_id) VALUES (1787, 'Shto Sides ', false, 1, 0, 18) ON CONFLICT DO NOTHING;
INSERT INTO option_variant (id, name, recommended_price, is_deleted, group_id) VALUES (8852, 'BBQ Chicken Wings (8 cope)', 570, false, 1787) ON CONFLICT DO NOTHING;
INSERT INTO option_variant (id, name, recommended_price, is_deleted, group_id) VALUES (8853, 'BBQ Chicken Wings (10 cope)', 720, false, 1787) ON CONFLICT DO NOTHING;
INSERT INTO option_variant (id, name, recommended_price, is_deleted, group_id) VALUES (8854, '2 pieces Kackavall Chips', 150, false, 1787) ON CONFLICT DO NOTHING;
INSERT INTO option_variant (id, name, recommended_price, is_deleted, group_id) VALUES (8855, 'Fried Zucchini Balls ', 280, false, 1787) ON CONFLICT DO NOTHING;
INSERT INTO option_variant (id, name, recommended_price, is_deleted, group_id) VALUES (8856, 'Kashkaval Chips', 490, false, 1787) ON CONFLICT DO NOTHING;
INSERT INTO option_variant (id, name, recommended_price, is_deleted, group_id) VALUES (8857, 'Halloumi chips', 490, false, 1787) ON CONFLICT DO NOTHING;
INSERT INTO option_variant (id, name, recommended_price, is_deleted, group_id) VALUES (8858, 'Greek Fries', 350, false, 1787) ON CONFLICT DO NOTHING;
INSERT INTO option_variant (id, name, recommended_price, is_deleted, group_id) VALUES (8859, 'Bacon Fries', 500, false, 1787) ON CONFLICT DO NOTHING;
INSERT INTO option_variant (id, name, recommended_price, is_deleted, group_id) VALUES (8860, 'Cheddar Fries ', 350, false, 1787) ON CONFLICT DO NOTHING;
INSERT INTO option_group (id, name, is_deleted, max_selection, min_selection, restaurant_id) VALUES (1788, 'Shto Sides ', false, 1, 0, 18) ON CONFLICT DO NOTHING;
INSERT INTO option_variant (id, name, recommended_price, is_deleted, group_id) VALUES (8861, 'BBQ Chicken Wings (6 cope)', 400, false, 1788) ON CONFLICT DO NOTHING;
INSERT INTO option_variant (id, name, recommended_price, is_deleted, group_id) VALUES (8862, 'BBQ Chicken Wings (10 cope)', 720, false, 1788) ON CONFLICT DO NOTHING;
INSERT INTO option_variant (id, name, recommended_price, is_deleted, group_id) VALUES (8863, '2 pieces Kackavall Chips', 150, false, 1788) ON CONFLICT DO NOTHING;
INSERT INTO option_variant (id, name, recommended_price, is_deleted, group_id) VALUES (8864, 'Fried Zucchini Balls ', 280, false, 1788) ON CONFLICT DO NOTHING;
INSERT INTO option_variant (id, name, recommended_price, is_deleted, group_id) VALUES (8865, 'Kashkaval Chips', 490, false, 1788) ON CONFLICT DO NOTHING;
INSERT INTO option_variant (id, name, recommended_price, is_deleted, group_id) VALUES (8866, 'Halloumi chips', 490, false, 1788) ON CONFLICT DO NOTHING;
INSERT INTO option_variant (id, name, recommended_price, is_deleted, group_id) VALUES (8867, 'Greek Fries', 350, false, 1788) ON CONFLICT DO NOTHING;
INSERT INTO option_variant (id, name, recommended_price, is_deleted, group_id) VALUES (8868, 'Bacon Fries', 500, false, 1788) ON CONFLICT DO NOTHING;
INSERT INTO option_variant (id, name, recommended_price, is_deleted, group_id) VALUES (8869, 'Cheddar Fries ', 350, false, 1788) ON CONFLICT DO NOTHING;
INSERT INTO option_group (id, name, is_deleted, max_selection, min_selection, restaurant_id) VALUES (1789, 'Shto Sides ', false, 1, 0, 18) ON CONFLICT DO NOTHING;
INSERT INTO option_variant (id, name, recommended_price, is_deleted, group_id) VALUES (8870, 'BBQ Chicken Wings (8 cope)', 570, false, 1789) ON CONFLICT DO NOTHING;
INSERT INTO option_variant (id, name, recommended_price, is_deleted, group_id) VALUES (8871, 'BBQ Chicken Wings (10 cope)', 720, false, 1789) ON CONFLICT DO NOTHING;
INSERT INTO option_variant (id, name, recommended_price, is_deleted, group_id) VALUES (8872, '2 pieces Kackavall Chips', 150, false, 1789) ON CONFLICT DO NOTHING;
INSERT INTO option_variant (id, name, recommended_price, is_deleted, group_id) VALUES (8873, 'Fried Zucchini Balls ', 280, false, 1789) ON CONFLICT DO NOTHING;
INSERT INTO option_variant (id, name, recommended_price, is_deleted, group_id) VALUES (8874, 'Kashkaval Chips', 490, false, 1789) ON CONFLICT DO NOTHING;
INSERT INTO option_variant (id, name, recommended_price, is_deleted, group_id) VALUES (8875, 'Halloumi chips', 490, false, 1789) ON CONFLICT DO NOTHING;
INSERT INTO option_variant (id, name, recommended_price, is_deleted, group_id) VALUES (8876, 'Greek Fries', 350, false, 1789) ON CONFLICT DO NOTHING;
INSERT INTO option_variant (id, name, recommended_price, is_deleted, group_id) VALUES (8877, 'Bacon Fries', 500, false, 1789) ON CONFLICT DO NOTHING;
INSERT INTO option_variant (id, name, recommended_price, is_deleted, group_id) VALUES (8878, 'Cheddar Fries ', 350, false, 1789) ON CONFLICT DO NOTHING;
INSERT INTO option_group (id, name, is_deleted, max_selection, min_selection, restaurant_id) VALUES (1790, 'Zgjidh madhësinë', false, 1, 0, 18) ON CONFLICT DO NOTHING;
INSERT INTO option_variant (id, name, recommended_price, is_deleted, group_id) VALUES (8879, 'Pork Skepasti DEL', 0, false, 1790) ON CONFLICT DO NOTHING;
INSERT INTO option_variant (id, name, recommended_price, is_deleted, group_id) VALUES (8880, 'Pork Skepasti Big ', 170, false, 1790) ON CONFLICT DO NOTHING;
INSERT INTO option_group (id, name, is_deleted, max_selection, min_selection, restaurant_id) VALUES (1791, 'Shto Sides ', false, 1, 0, 18) ON CONFLICT DO NOTHING;
INSERT INTO option_variant (id, name, recommended_price, is_deleted, group_id) VALUES (8881, 'BBQ Chicken Wings (6 cope)', 400, false, 1791) ON CONFLICT DO NOTHING;
INSERT INTO option_variant (id, name, recommended_price, is_deleted, group_id) VALUES (8882, 'BBQ Chicken Wings (8 cope)', 570, false, 1791) ON CONFLICT DO NOTHING;
INSERT INTO option_variant (id, name, recommended_price, is_deleted, group_id) VALUES (8883, 'BBQ Chicken Wings (10 cope)', 720, false, 1791) ON CONFLICT DO NOTHING;
INSERT INTO option_variant (id, name, recommended_price, is_deleted, group_id) VALUES (8884, '2 pieces Kackavall Chips', 150, false, 1791) ON CONFLICT DO NOTHING;
INSERT INTO option_variant (id, name, recommended_price, is_deleted, group_id) VALUES (8885, 'Fried Zucchini Balls ', 280, false, 1791) ON CONFLICT DO NOTHING;
INSERT INTO option_variant (id, name, recommended_price, is_deleted, group_id) VALUES (8886, 'Kashkaval Chips', 490, false, 1791) ON CONFLICT DO NOTHING;
INSERT INTO option_variant (id, name, recommended_price, is_deleted, group_id) VALUES (8887, 'Halloumi chips', 490, false, 1791) ON CONFLICT DO NOTHING;
INSERT INTO option_variant (id, name, recommended_price, is_deleted, group_id) VALUES (8888, 'Greek Fries', 350, false, 1791) ON CONFLICT DO NOTHING;
INSERT INTO option_variant (id, name, recommended_price, is_deleted, group_id) VALUES (8889, 'Bacon Fries', 500, false, 1791) ON CONFLICT DO NOTHING;
INSERT INTO option_variant (id, name, recommended_price, is_deleted, group_id) VALUES (8890, 'Cheddar Fries ', 350, false, 1791) ON CONFLICT DO NOTHING;
INSERT INTO option_group (id, name, is_deleted, max_selection, min_selection, restaurant_id) VALUES (1792, 'Zgjidh madhësinë', false, 1, 0, 18) ON CONFLICT DO NOTHING;
INSERT INTO option_variant (id, name, recommended_price, is_deleted, group_id) VALUES (8891, 'Minced Beef Skepasti', 0, false, 1792) ON CONFLICT DO NOTHING;
INSERT INTO option_variant (id, name, recommended_price, is_deleted, group_id) VALUES (8892, 'Minced Beef Skepasti Big', 200, false, 1792) ON CONFLICT DO NOTHING;
INSERT INTO option_group (id, name, is_deleted, max_selection, min_selection, restaurant_id) VALUES (1793, 'Medium Fries', false, 1, 0, 18) ON CONFLICT DO NOTHING;
INSERT INTO option_variant (id, name, recommended_price, is_deleted, group_id) VALUES (8893, 'Medium Fries', 0, false, 1793) ON CONFLICT DO NOTHING;
INSERT INTO option_group (id, name, is_deleted, max_selection, min_selection, restaurant_id) VALUES (1794, 'Zgjidh madhësinë', false, 1, 0, 18) ON CONFLICT DO NOTHING;
INSERT INTO option_variant (id, name, recommended_price, is_deleted, group_id) VALUES (8894, 'Chicken Skepasti DEL (Sos)', 0, false, 1794) ON CONFLICT DO NOTHING;
INSERT INTO option_variant (id, name, recommended_price, is_deleted, group_id) VALUES (8895, 'Chicken Skepasti Big (Sos)', 170, false, 1794) ON CONFLICT DO NOTHING;
INSERT INTO option_group (id, name, is_deleted, max_selection, min_selection, restaurant_id) VALUES (1795, 'Shto Sides ', false, 1, 0, 18) ON CONFLICT DO NOTHING;
INSERT INTO option_variant (id, name, recommended_price, is_deleted, group_id) VALUES (8896, 'BBQ Chicken Wings (6 cope)', 400, false, 1795) ON CONFLICT DO NOTHING;
INSERT INTO option_variant (id, name, recommended_price, is_deleted, group_id) VALUES (8897, 'BBQ Chicken Wings (8 cope)', 570, false, 1795) ON CONFLICT DO NOTHING;
INSERT INTO option_variant (id, name, recommended_price, is_deleted, group_id) VALUES (8898, '2 pieces Kackavall Chips', 150, false, 1795) ON CONFLICT DO NOTHING;
INSERT INTO option_variant (id, name, recommended_price, is_deleted, group_id) VALUES (8899, 'Fried Zucchini Balls ', 280, false, 1795) ON CONFLICT DO NOTHING;
INSERT INTO option_variant (id, name, recommended_price, is_deleted, group_id) VALUES (8900, 'Kashkaval Chips', 490, false, 1795) ON CONFLICT DO NOTHING;
INSERT INTO option_variant (id, name, recommended_price, is_deleted, group_id) VALUES (8901, 'Halloumi chips', 490, false, 1795) ON CONFLICT DO NOTHING;
INSERT INTO option_variant (id, name, recommended_price, is_deleted, group_id) VALUES (8902, 'Greek Fries', 350, false, 1795) ON CONFLICT DO NOTHING;
INSERT INTO option_variant (id, name, recommended_price, is_deleted, group_id) VALUES (8903, 'Bacon Fries', 500, false, 1795) ON CONFLICT DO NOTHING;
INSERT INTO option_variant (id, name, recommended_price, is_deleted, group_id) VALUES (8904, 'Cheddar Fries ', 350, false, 1795) ON CONFLICT DO NOTHING;
INSERT INTO option_group (id, name, is_deleted, max_selection, min_selection, restaurant_id) VALUES (1796, 'Zgjidh madhësinë', false, 1, 0, 18) ON CONFLICT DO NOTHING;
INSERT INTO option_variant (id, name, recommended_price, is_deleted, group_id) VALUES (8905, 'OPA Smash Burger', 0, false, 1796) ON CONFLICT DO NOTHING;
INSERT INTO option_variant (id, name, recommended_price, is_deleted, group_id) VALUES (8906, 'Double OPA Smash Burger', 230, false, 1796) ON CONFLICT DO NOTHING;
INSERT INTO option_group (id, name, is_deleted, max_selection, min_selection, restaurant_id) VALUES (1797, 'Zgjidh madhësinë', false, 1, 0, 18) ON CONFLICT DO NOTHING;
INSERT INTO option_variant (id, name, recommended_price, is_deleted, group_id) VALUES (8907, 'Chicken Skepasti DEL', 0, false, 1797) ON CONFLICT DO NOTHING;
INSERT INTO option_variant (id, name, recommended_price, is_deleted, group_id) VALUES (8908, 'Chicken Skepasti Big(Bacon Sauce)', 170, false, 1797) ON CONFLICT DO NOTHING;
INSERT INTO option_group (id, name, is_deleted, max_selection, min_selection, restaurant_id) VALUES (1798, 'Preferenca e mishit', false, 1, 0, 18) ON CONFLICT DO NOTHING;
INSERT INTO option_variant (id, name, recommended_price, is_deleted, group_id) VALUES (8909, 'Junior Chicken Tortilla Combo', 0, false, 1798) ON CONFLICT DO NOTHING;
INSERT INTO option_variant (id, name, recommended_price, is_deleted, group_id) VALUES (8910, 'Junior Pork Tortilla Combo', 0, false, 1798) ON CONFLICT DO NOTHING;
INSERT INTO option_group (id, name, is_deleted, max_selection, min_selection, restaurant_id) VALUES (1799, 'Coca Cola Draft 0.25l or 0.33l', false, 1, 0, 18) ON CONFLICT DO NOTHING;
INSERT INTO option_variant (id, name, recommended_price, is_deleted, group_id) VALUES (8911, 'Selita Uje natyral 0.5l', 0, false, 1799) ON CONFLICT DO NOTHING;
INSERT INTO option_variant (id, name, recommended_price, is_deleted, group_id) VALUES (8912, 'Coca Cola 0.33l', 0, false, 1799) ON CONFLICT DO NOTHING;
INSERT INTO option_variant (id, name, recommended_price, is_deleted, group_id) VALUES (8913, 'Coca Cola Zero 0.33L', 0, false, 1799) ON CONFLICT DO NOTHING;
INSERT INTO option_group (id, name, is_deleted, max_selection, min_selection, restaurant_id) VALUES (1800, 'Shto Sides ', false, 1, 0, 18) ON CONFLICT DO NOTHING;
INSERT INTO option_variant (id, name, recommended_price, is_deleted, group_id) VALUES (8914, 'BBQ Chicken Wings (6 cope)', 400, false, 1800) ON CONFLICT DO NOTHING;
INSERT INTO option_variant (id, name, recommended_price, is_deleted, group_id) VALUES (8915, 'BBQ Chicken Wings (8 cope)', 570, false, 1800) ON CONFLICT DO NOTHING;
INSERT INTO option_variant (id, name, recommended_price, is_deleted, group_id) VALUES (8916, 'BBQ Chicken Wings (10 cope)', 720, false, 1800) ON CONFLICT DO NOTHING;
INSERT INTO option_variant (id, name, recommended_price, is_deleted, group_id) VALUES (8917, '2 pieces Kackavall Chips', 150, false, 1800) ON CONFLICT DO NOTHING;
INSERT INTO option_variant (id, name, recommended_price, is_deleted, group_id) VALUES (8918, 'Fried Zucchini Balls ', 280, false, 1800) ON CONFLICT DO NOTHING;
INSERT INTO option_variant (id, name, recommended_price, is_deleted, group_id) VALUES (8919, 'Kashkaval Chips', 490, false, 1800) ON CONFLICT DO NOTHING;
INSERT INTO option_variant (id, name, recommended_price, is_deleted, group_id) VALUES (8920, 'Halloumi chips', 490, false, 1800) ON CONFLICT DO NOTHING;
INSERT INTO option_variant (id, name, recommended_price, is_deleted, group_id) VALUES (8921, 'Greek Fries', 350, false, 1800) ON CONFLICT DO NOTHING;
INSERT INTO option_variant (id, name, recommended_price, is_deleted, group_id) VALUES (8922, 'Bacon Fries', 500, false, 1800) ON CONFLICT DO NOTHING;
INSERT INTO option_variant (id, name, recommended_price, is_deleted, group_id) VALUES (8923, 'Cheddar Fries ', 350, false, 1800) ON CONFLICT DO NOTHING;
INSERT INTO option_group (id, name, is_deleted, max_selection, min_selection, restaurant_id) VALUES (1801, 'Coca Cola Draft 0.25l or 0.33l', false, 1, 0, 18) ON CONFLICT DO NOTHING;
INSERT INTO option_variant (id, name, recommended_price, is_deleted, group_id) VALUES (8924, 'Selita Uje natyral 0.5l', 0, false, 1801) ON CONFLICT DO NOTHING;
INSERT INTO option_variant (id, name, recommended_price, is_deleted, group_id) VALUES (8925, 'Coca Cola 0.33l', 0, false, 1801) ON CONFLICT DO NOTHING;
INSERT INTO option_variant (id, name, recommended_price, is_deleted, group_id) VALUES (8926, 'Coca Cola Zero 0.33L', 0, false, 1801) ON CONFLICT DO NOTHING;
INSERT INTO option_group (id, name, is_deleted, max_selection, min_selection, restaurant_id) VALUES (1802, 'Preferenca e mishit', false, 1, 0, 18) ON CONFLICT DO NOTHING;
INSERT INTO option_variant (id, name, recommended_price, is_deleted, group_id) VALUES (8927, 'Junior Chicken Gyros Combo', 0, false, 1802) ON CONFLICT DO NOTHING;
INSERT INTO option_variant (id, name, recommended_price, is_deleted, group_id) VALUES (8928, 'Junior Pork Gyros Combo', 0, false, 1802) ON CONFLICT DO NOTHING;
INSERT INTO option_group (id, name, is_deleted, max_selection, min_selection, restaurant_id) VALUES (1803, 'Shto (Extra)', false, 1, 0, 18) ON CONFLICT DO NOTHING;
INSERT INTO option_variant (id, name, recommended_price, is_deleted, group_id) VALUES (8929, 'Add Crispy Bacon', 150, false, 1803) ON CONFLICT DO NOTHING;
INSERT INTO option_variant (id, name, recommended_price, is_deleted, group_id) VALUES (8930, 'Add Jalapenos', 50, false, 1803) ON CONFLICT DO NOTHING;
INSERT INTO option_variant (id, name, recommended_price, is_deleted, group_id) VALUES (8931, 'Add Cheddar Cheese', 100, false, 1803) ON CONFLICT DO NOTHING;
INSERT INTO option_group (id, name, is_deleted, max_selection, min_selection, restaurant_id) VALUES (1804, 'Small Fries ', false, 1, 0, 18) ON CONFLICT DO NOTHING;
INSERT INTO option_variant (id, name, recommended_price, is_deleted, group_id) VALUES (8932, 'Small Fries ', 0, false, 1804) ON CONFLICT DO NOTHING;
INSERT INTO option_group (id, name, is_deleted, max_selection, min_selection, restaurant_id) VALUES (1805, 'Chicken Doner ', false, 1, 0, 18) ON CONFLICT DO NOTHING;
INSERT INTO option_variant (id, name, recommended_price, is_deleted, group_id) VALUES (8933, 'Chicken Doner ', 0, false, 1805) ON CONFLICT DO NOTHING;
INSERT INTO option_group (id, name, is_deleted, max_selection, min_selection, restaurant_id) VALUES (1806, 'Drinks', false, 1, 0, 18) ON CONFLICT DO NOTHING;
INSERT INTO option_variant (id, name, recommended_price, is_deleted, group_id) VALUES (8934, 'Coca Cola 0.33l', 0, false, 1806) ON CONFLICT DO NOTHING;
INSERT INTO option_variant (id, name, recommended_price, is_deleted, group_id) VALUES (8935, 'Selita Uje natyral 0.5l', 0, false, 1806) ON CONFLICT DO NOTHING;
INSERT INTO option_variant (id, name, recommended_price, is_deleted, group_id) VALUES (8936, 'Selita Uje me gaz 0.5l', 0, false, 1806) ON CONFLICT DO NOTHING;
INSERT INTO option_variant (id, name, recommended_price, is_deleted, group_id) VALUES (8937, 'Coca Cola Zero 0.33L', 0, false, 1806) ON CONFLICT DO NOTHING;
INSERT INTO option_variant (id, name, recommended_price, is_deleted, group_id) VALUES (8938, 'Fanta Orange 0.33L', 0, false, 1806) ON CONFLICT DO NOTHING;
INSERT INTO option_variant (id, name, recommended_price, is_deleted, group_id) VALUES (8939, 'Fanta Exotic 0.33L', 0, false, 1806) ON CONFLICT DO NOTHING;
INSERT INTO option_variant (id, name, recommended_price, is_deleted, group_id) VALUES (8940, 'Lemon Soda 0.33', 0, false, 1806) ON CONFLICT DO NOTHING;
INSERT INTO option_variant (id, name, recommended_price, is_deleted, group_id) VALUES (8941, 'Orange Soda 0.33', 0, false, 1806) ON CONFLICT DO NOTHING;
INSERT INTO option_variant (id, name, recommended_price, is_deleted, group_id) VALUES (8942, 'Sprite 0.33l', 0, false, 1806) ON CONFLICT DO NOTHING;
INSERT INTO option_variant (id, name, recommended_price, is_deleted, group_id) VALUES (8943, 'Ayran/Dhalle', 0, false, 1806) ON CONFLICT DO NOTHING;
INSERT INTO option_variant (id, name, recommended_price, is_deleted, group_id) VALUES (8944, 'Lipton Ice Tea Lemon 0.33', 0, false, 1806) ON CONFLICT DO NOTHING;
INSERT INTO option_variant (id, name, recommended_price, is_deleted, group_id) VALUES (8945, 'Lipton Ice Tea Peach 0.33', 0, false, 1806) ON CONFLICT DO NOTHING;
INSERT INTO option_group (id, name, is_deleted, max_selection, min_selection, restaurant_id) VALUES (1807, 'Shto Sides ', false, 1, 0, 18) ON CONFLICT DO NOTHING;
INSERT INTO option_variant (id, name, recommended_price, is_deleted, group_id) VALUES (8946, 'BBQ Chicken Wings (8 cope)', 570, false, 1807) ON CONFLICT DO NOTHING;
INSERT INTO option_variant (id, name, recommended_price, is_deleted, group_id) VALUES (8947, 'BBQ Chicken Wings (10 cope)', 720, false, 1807) ON CONFLICT DO NOTHING;
INSERT INTO option_variant (id, name, recommended_price, is_deleted, group_id) VALUES (8948, '2 pieces Kackavall Chips', 150, false, 1807) ON CONFLICT DO NOTHING;
INSERT INTO option_variant (id, name, recommended_price, is_deleted, group_id) VALUES (8949, '2 pieces Halloumi Chips', 150, false, 1807) ON CONFLICT DO NOTHING;
INSERT INTO option_variant (id, name, recommended_price, is_deleted, group_id) VALUES (8950, 'Fried Zucchini Balls ', 280, false, 1807) ON CONFLICT DO NOTHING;
INSERT INTO option_variant (id, name, recommended_price, is_deleted, group_id) VALUES (8951, 'Kashkaval Chips', 490, false, 1807) ON CONFLICT DO NOTHING;
INSERT INTO option_variant (id, name, recommended_price, is_deleted, group_id) VALUES (8952, 'Halloumi chips', 490, false, 1807) ON CONFLICT DO NOTHING;
INSERT INTO option_variant (id, name, recommended_price, is_deleted, group_id) VALUES (8953, 'Greek Fries', 350, false, 1807) ON CONFLICT DO NOTHING;
INSERT INTO option_variant (id, name, recommended_price, is_deleted, group_id) VALUES (8954, 'Bacon Fries', 500, false, 1807) ON CONFLICT DO NOTHING;
INSERT INTO option_variant (id, name, recommended_price, is_deleted, group_id) VALUES (8955, 'Cheddar Fries ', 350, false, 1807) ON CONFLICT DO NOTHING;
INSERT INTO option_group (id, name, is_deleted, max_selection, min_selection, restaurant_id) VALUES (1808, 'Shto Sides ', false, 1, 0, 18) ON CONFLICT DO NOTHING;
INSERT INTO option_variant (id, name, recommended_price, is_deleted, group_id) VALUES (8956, 'BBQ Chicken Wings (6 cope)', 400, false, 1808) ON CONFLICT DO NOTHING;
INSERT INTO option_variant (id, name, recommended_price, is_deleted, group_id) VALUES (8957, 'BBQ Chicken Wings (10 cope)', 720, false, 1808) ON CONFLICT DO NOTHING;
INSERT INTO option_variant (id, name, recommended_price, is_deleted, group_id) VALUES (8958, '2 pieces Kackavall Chips', 150, false, 1808) ON CONFLICT DO NOTHING;
INSERT INTO option_variant (id, name, recommended_price, is_deleted, group_id) VALUES (8959, '2 pieces Halloumi Chips', 150, false, 1808) ON CONFLICT DO NOTHING;
INSERT INTO option_variant (id, name, recommended_price, is_deleted, group_id) VALUES (8960, 'Fried Zucchini Balls ', 280, false, 1808) ON CONFLICT DO NOTHING;
INSERT INTO option_variant (id, name, recommended_price, is_deleted, group_id) VALUES (8961, 'Kashkaval Chips', 490, false, 1808) ON CONFLICT DO NOTHING;
INSERT INTO option_variant (id, name, recommended_price, is_deleted, group_id) VALUES (8962, 'Halloumi chips', 490, false, 1808) ON CONFLICT DO NOTHING;
INSERT INTO option_variant (id, name, recommended_price, is_deleted, group_id) VALUES (8963, 'Greek Fries', 350, false, 1808) ON CONFLICT DO NOTHING;
INSERT INTO option_variant (id, name, recommended_price, is_deleted, group_id) VALUES (8964, 'Bacon Fries', 500, false, 1808) ON CONFLICT DO NOTHING;
INSERT INTO option_variant (id, name, recommended_price, is_deleted, group_id) VALUES (8965, 'Cheddar Fries ', 350, false, 1808) ON CONFLICT DO NOTHING;
INSERT INTO option_group (id, name, is_deleted, max_selection, min_selection, restaurant_id) VALUES (1809, 'Shto Sides ', false, 1, 0, 18) ON CONFLICT DO NOTHING;
INSERT INTO option_variant (id, name, recommended_price, is_deleted, group_id) VALUES (8966, 'BBQ Chicken Wings (6 cope)', 400, false, 1809) ON CONFLICT DO NOTHING;
INSERT INTO option_variant (id, name, recommended_price, is_deleted, group_id) VALUES (8967, 'BBQ Chicken Wings (8 cope)', 570, false, 1809) ON CONFLICT DO NOTHING;
INSERT INTO option_variant (id, name, recommended_price, is_deleted, group_id) VALUES (8968, '2 pieces Kackavall Chips', 150, false, 1809) ON CONFLICT DO NOTHING;
INSERT INTO option_variant (id, name, recommended_price, is_deleted, group_id) VALUES (8969, '2 pieces Halloumi Chips', 150, false, 1809) ON CONFLICT DO NOTHING;
INSERT INTO option_variant (id, name, recommended_price, is_deleted, group_id) VALUES (8970, 'Fried Zucchini Balls ', 280, false, 1809) ON CONFLICT DO NOTHING;
INSERT INTO option_variant (id, name, recommended_price, is_deleted, group_id) VALUES (8971, 'Kashkaval Chips', 490, false, 1809) ON CONFLICT DO NOTHING;
INSERT INTO option_variant (id, name, recommended_price, is_deleted, group_id) VALUES (8972, 'Halloumi chips', 490, false, 1809) ON CONFLICT DO NOTHING;
INSERT INTO option_variant (id, name, recommended_price, is_deleted, group_id) VALUES (8973, 'Greek Fries', 350, false, 1809) ON CONFLICT DO NOTHING;
INSERT INTO option_variant (id, name, recommended_price, is_deleted, group_id) VALUES (8974, 'Bacon Fries', 500, false, 1809) ON CONFLICT DO NOTHING;
INSERT INTO option_variant (id, name, recommended_price, is_deleted, group_id) VALUES (8975, 'Cheddar Fries ', 350, false, 1809) ON CONFLICT DO NOTHING;
INSERT INTO option_group (id, name, is_deleted, max_selection, min_selection, restaurant_id) VALUES (1810, 'Shto Sides ', false, 1, 0, 18) ON CONFLICT DO NOTHING;
INSERT INTO option_variant (id, name, recommended_price, is_deleted, group_id) VALUES (8976, 'BBQ Chicken Wings (6 cope)', 400, false, 1810) ON CONFLICT DO NOTHING;
INSERT INTO option_variant (id, name, recommended_price, is_deleted, group_id) VALUES (8977, 'BBQ Chicken Wings (8 cope)', 570, false, 1810) ON CONFLICT DO NOTHING;
INSERT INTO option_variant (id, name, recommended_price, is_deleted, group_id) VALUES (8978, 'BBQ Chicken Wings (10 cope)', 720, false, 1810) ON CONFLICT DO NOTHING;
INSERT INTO option_variant (id, name, recommended_price, is_deleted, group_id) VALUES (8979, '2 pieces Kackavall Chips', 150, false, 1810) ON CONFLICT DO NOTHING;
INSERT INTO option_variant (id, name, recommended_price, is_deleted, group_id) VALUES (8980, '2 pieces Halloumi Chips', 150, false, 1810) ON CONFLICT DO NOTHING;
INSERT INTO option_variant (id, name, recommended_price, is_deleted, group_id) VALUES (8981, 'Fried Zucchini Balls ', 280, false, 1810) ON CONFLICT DO NOTHING;
INSERT INTO option_variant (id, name, recommended_price, is_deleted, group_id) VALUES (8982, 'Kashkaval Chips', 490, false, 1810) ON CONFLICT DO NOTHING;
INSERT INTO option_variant (id, name, recommended_price, is_deleted, group_id) VALUES (8983, 'Halloumi chips', 490, false, 1810) ON CONFLICT DO NOTHING;
INSERT INTO option_variant (id, name, recommended_price, is_deleted, group_id) VALUES (8984, 'Greek Fries', 350, false, 1810) ON CONFLICT DO NOTHING;
INSERT INTO option_variant (id, name, recommended_price, is_deleted, group_id) VALUES (8985, 'Bacon Fries', 500, false, 1810) ON CONFLICT DO NOTHING;
INSERT INTO option_variant (id, name, recommended_price, is_deleted, group_id) VALUES (8986, 'Cheddar Fries ', 350, false, 1810) ON CONFLICT DO NOTHING;
INSERT INTO option_group (id, name, is_deleted, max_selection, min_selection, restaurant_id) VALUES (1811, 'Shto Sides ', false, 1, 0, 18) ON CONFLICT DO NOTHING;
INSERT INTO option_variant (id, name, recommended_price, is_deleted, group_id) VALUES (8987, 'BBQ Chicken Wings (6 cope)', 400, false, 1811) ON CONFLICT DO NOTHING;
INSERT INTO option_variant (id, name, recommended_price, is_deleted, group_id) VALUES (8988, 'BBQ Chicken Wings (8 cope)', 570, false, 1811) ON CONFLICT DO NOTHING;
INSERT INTO option_variant (id, name, recommended_price, is_deleted, group_id) VALUES (8989, 'BBQ Chicken Wings (10 cope)', 720, false, 1811) ON CONFLICT DO NOTHING;
INSERT INTO option_variant (id, name, recommended_price, is_deleted, group_id) VALUES (8990, '2 pieces Kackavall Chips', 150, false, 1811) ON CONFLICT DO NOTHING;
INSERT INTO option_variant (id, name, recommended_price, is_deleted, group_id) VALUES (8991, '2 pieces Halloumi Chips', 150, false, 1811) ON CONFLICT DO NOTHING;
INSERT INTO option_variant (id, name, recommended_price, is_deleted, group_id) VALUES (8992, 'Fried Zucchini Balls ', 280, false, 1811) ON CONFLICT DO NOTHING;
INSERT INTO option_variant (id, name, recommended_price, is_deleted, group_id) VALUES (8993, 'Kashkaval Chips', 490, false, 1811) ON CONFLICT DO NOTHING;
INSERT INTO option_variant (id, name, recommended_price, is_deleted, group_id) VALUES (8994, 'Halloumi chips', 490, false, 1811) ON CONFLICT DO NOTHING;
INSERT INTO option_variant (id, name, recommended_price, is_deleted, group_id) VALUES (8995, 'Greek Fries', 350, false, 1811) ON CONFLICT DO NOTHING;
INSERT INTO option_variant (id, name, recommended_price, is_deleted, group_id) VALUES (8996, 'Bacon Fries', 500, false, 1811) ON CONFLICT DO NOTHING;
INSERT INTO option_variant (id, name, recommended_price, is_deleted, group_id) VALUES (8997, 'Cheddar Fries ', 350, false, 1811) ON CONFLICT DO NOTHING;
INSERT INTO option_group (id, name, is_deleted, max_selection, min_selection, restaurant_id) VALUES (1812, 'Shto Sides ', false, 1, 0, 18) ON CONFLICT DO NOTHING;
INSERT INTO option_variant (id, name, recommended_price, is_deleted, group_id) VALUES (8998, 'BBQ Chicken Wings (6 cope)', 400, false, 1812) ON CONFLICT DO NOTHING;
INSERT INTO option_variant (id, name, recommended_price, is_deleted, group_id) VALUES (8999, 'BBQ Chicken Wings (8 cope)', 570, false, 1812) ON CONFLICT DO NOTHING;
INSERT INTO option_variant (id, name, recommended_price, is_deleted, group_id) VALUES (9000, 'BBQ Chicken Wings (10 cope)', 720, false, 1812) ON CONFLICT DO NOTHING;
INSERT INTO option_variant (id, name, recommended_price, is_deleted, group_id) VALUES (9001, '2 pieces Kackavall Chips', 150, false, 1812) ON CONFLICT DO NOTHING;
INSERT INTO option_variant (id, name, recommended_price, is_deleted, group_id) VALUES (9002, '2 pieces Halloumi Chips', 150, false, 1812) ON CONFLICT DO NOTHING;
INSERT INTO option_variant (id, name, recommended_price, is_deleted, group_id) VALUES (9003, 'Fried Zucchini Balls ', 280, false, 1812) ON CONFLICT DO NOTHING;
INSERT INTO option_variant (id, name, recommended_price, is_deleted, group_id) VALUES (9004, 'Kashkaval Chips', 490, false, 1812) ON CONFLICT DO NOTHING;
INSERT INTO option_variant (id, name, recommended_price, is_deleted, group_id) VALUES (9005, 'Halloumi chips', 490, false, 1812) ON CONFLICT DO NOTHING;
INSERT INTO option_variant (id, name, recommended_price, is_deleted, group_id) VALUES (9006, 'Greek Fries', 350, false, 1812) ON CONFLICT DO NOTHING;
INSERT INTO option_variant (id, name, recommended_price, is_deleted, group_id) VALUES (9007, 'Bacon Fries', 500, false, 1812) ON CONFLICT DO NOTHING;
INSERT INTO option_variant (id, name, recommended_price, is_deleted, group_id) VALUES (9008, 'Cheddar Fries ', 350, false, 1812) ON CONFLICT DO NOTHING;
INSERT INTO option_group (id, name, is_deleted, max_selection, min_selection, restaurant_id) VALUES (1813, 'Shto Sides ', false, 1, 0, 18) ON CONFLICT DO NOTHING;
INSERT INTO option_variant (id, name, recommended_price, is_deleted, group_id) VALUES (9009, 'BBQ Chicken Wings (6 cope)', 400, false, 1813) ON CONFLICT DO NOTHING;
INSERT INTO option_variant (id, name, recommended_price, is_deleted, group_id) VALUES (9010, 'BBQ Chicken Wings (8 cope)', 570, false, 1813) ON CONFLICT DO NOTHING;
INSERT INTO option_variant (id, name, recommended_price, is_deleted, group_id) VALUES (9011, 'BBQ Chicken Wings (10 cope)', 720, false, 1813) ON CONFLICT DO NOTHING;
INSERT INTO option_variant (id, name, recommended_price, is_deleted, group_id) VALUES (9012, '2 pieces Kackavall Chips', 150, false, 1813) ON CONFLICT DO NOTHING;
INSERT INTO option_variant (id, name, recommended_price, is_deleted, group_id) VALUES (9013, '2 pieces Halloumi Chips', 150, false, 1813) ON CONFLICT DO NOTHING;
INSERT INTO option_variant (id, name, recommended_price, is_deleted, group_id) VALUES (9014, 'Fried Zucchini Balls ', 280, false, 1813) ON CONFLICT DO NOTHING;
INSERT INTO option_variant (id, name, recommended_price, is_deleted, group_id) VALUES (9015, 'Kashkaval Chips', 490, false, 1813) ON CONFLICT DO NOTHING;
INSERT INTO option_variant (id, name, recommended_price, is_deleted, group_id) VALUES (9016, 'Moussaka Croquettes', 300, false, 1813) ON CONFLICT DO NOTHING;
INSERT INTO option_variant (id, name, recommended_price, is_deleted, group_id) VALUES (9017, 'Halloumi chips', 490, false, 1813) ON CONFLICT DO NOTHING;
INSERT INTO option_variant (id, name, recommended_price, is_deleted, group_id) VALUES (9018, 'Greek Fries', 350, false, 1813) ON CONFLICT DO NOTHING;
INSERT INTO option_variant (id, name, recommended_price, is_deleted, group_id) VALUES (9019, 'Bacon Fries', 500, false, 1813) ON CONFLICT DO NOTHING;
INSERT INTO option_variant (id, name, recommended_price, is_deleted, group_id) VALUES (9020, 'Cheddar Fries ', 350, false, 1813) ON CONFLICT DO NOTHING;
INSERT INTO option_group (id, name, is_deleted, max_selection, min_selection, restaurant_id) VALUES (1814, 'Shto Sides ', false, 1, 0, 18) ON CONFLICT DO NOTHING;
INSERT INTO option_variant (id, name, recommended_price, is_deleted, group_id) VALUES (9021, 'BBQ Chicken Wings (6 cope)', 400, false, 1814) ON CONFLICT DO NOTHING;
INSERT INTO option_variant (id, name, recommended_price, is_deleted, group_id) VALUES (9022, 'BBQ Chicken Wings (8 cope)', 570, false, 1814) ON CONFLICT DO NOTHING;
INSERT INTO option_variant (id, name, recommended_price, is_deleted, group_id) VALUES (9023, 'BBQ Chicken Wings (10 cope)', 720, false, 1814) ON CONFLICT DO NOTHING;
INSERT INTO option_variant (id, name, recommended_price, is_deleted, group_id) VALUES (9024, '2 pieces Kackavall Chips', 150, false, 1814) ON CONFLICT DO NOTHING;
INSERT INTO option_variant (id, name, recommended_price, is_deleted, group_id) VALUES (9025, '2 pieces Halloumi Chips', 150, false, 1814) ON CONFLICT DO NOTHING;
INSERT INTO option_variant (id, name, recommended_price, is_deleted, group_id) VALUES (9026, 'Fried Zucchini Balls ', 280, false, 1814) ON CONFLICT DO NOTHING;
INSERT INTO option_variant (id, name, recommended_price, is_deleted, group_id) VALUES (9027, 'Kashkaval Chips', 490, false, 1814) ON CONFLICT DO NOTHING;
INSERT INTO option_variant (id, name, recommended_price, is_deleted, group_id) VALUES (9028, 'Moussaka Croquettes', 300, false, 1814) ON CONFLICT DO NOTHING;
INSERT INTO option_variant (id, name, recommended_price, is_deleted, group_id) VALUES (9029, 'Halloumi chips', 490, false, 1814) ON CONFLICT DO NOTHING;
INSERT INTO option_variant (id, name, recommended_price, is_deleted, group_id) VALUES (9030, 'Greek Fries', 350, false, 1814) ON CONFLICT DO NOTHING;
INSERT INTO option_variant (id, name, recommended_price, is_deleted, group_id) VALUES (9031, 'Bacon Fries', 500, false, 1814) ON CONFLICT DO NOTHING;
INSERT INTO option_variant (id, name, recommended_price, is_deleted, group_id) VALUES (9032, 'Cheddar Fries ', 350, false, 1814) ON CONFLICT DO NOTHING;
INSERT INTO option_group (id, name, is_deleted, max_selection, min_selection, restaurant_id) VALUES (1815, 'Shto Sides ', false, 1, 0, 18) ON CONFLICT DO NOTHING;
INSERT INTO option_variant (id, name, recommended_price, is_deleted, group_id) VALUES (9033, 'BBQ Chicken Wings (6 cope)', 400, false, 1815) ON CONFLICT DO NOTHING;
INSERT INTO option_variant (id, name, recommended_price, is_deleted, group_id) VALUES (9034, 'BBQ Chicken Wings (8 cope)', 570, false, 1815) ON CONFLICT DO NOTHING;
INSERT INTO option_variant (id, name, recommended_price, is_deleted, group_id) VALUES (9035, 'BBQ Chicken Wings (10 cope)', 720, false, 1815) ON CONFLICT DO NOTHING;
INSERT INTO option_variant (id, name, recommended_price, is_deleted, group_id) VALUES (9036, '2 pieces Kackavall Chips', 150, false, 1815) ON CONFLICT DO NOTHING;
INSERT INTO option_variant (id, name, recommended_price, is_deleted, group_id) VALUES (9037, '2 pieces Halloumi Chips', 150, false, 1815) ON CONFLICT DO NOTHING;
INSERT INTO option_variant (id, name, recommended_price, is_deleted, group_id) VALUES (9038, 'Fried Zucchini Balls ', 280, false, 1815) ON CONFLICT DO NOTHING;
INSERT INTO option_variant (id, name, recommended_price, is_deleted, group_id) VALUES (9039, 'Kashkaval Chips', 490, false, 1815) ON CONFLICT DO NOTHING;
INSERT INTO option_variant (id, name, recommended_price, is_deleted, group_id) VALUES (9040, 'Moussaka Croquettes', 300, false, 1815) ON CONFLICT DO NOTHING;
INSERT INTO option_variant (id, name, recommended_price, is_deleted, group_id) VALUES (9041, 'Halloumi chips', 490, false, 1815) ON CONFLICT DO NOTHING;
INSERT INTO option_variant (id, name, recommended_price, is_deleted, group_id) VALUES (9042, 'Greek Fries', 350, false, 1815) ON CONFLICT DO NOTHING;
INSERT INTO option_variant (id, name, recommended_price, is_deleted, group_id) VALUES (9043, 'Bacon Fries', 500, false, 1815) ON CONFLICT DO NOTHING;
INSERT INTO option_variant (id, name, recommended_price, is_deleted, group_id) VALUES (9044, 'Cheddar Fries ', 350, false, 1815) ON CONFLICT DO NOTHING;
INSERT INTO option_group (id, name, is_deleted, max_selection, min_selection, restaurant_id) VALUES (1816, 'Shto pijet', false, 1, 0, 18) ON CONFLICT DO NOTHING;
INSERT INTO option_variant (id, name, recommended_price, is_deleted, group_id) VALUES (9045, 'Selita 0.5L Natyral', 120, false, 1816) ON CONFLICT DO NOTHING;
INSERT INTO option_variant (id, name, recommended_price, is_deleted, group_id) VALUES (9046, 'Selita 0.5l Gaz ', 120, false, 1816) ON CONFLICT DO NOTHING;
INSERT INTO option_variant (id, name, recommended_price, is_deleted, group_id) VALUES (9047, 'Ayran ', 170, false, 1816) ON CONFLICT DO NOTHING;
INSERT INTO option_variant (id, name, recommended_price, is_deleted, group_id) VALUES (9048, 'Coca Cola 0.33 Normale ', 180, false, 1816) ON CONFLICT DO NOTHING;
INSERT INTO option_variant (id, name, recommended_price, is_deleted, group_id) VALUES (9049, 'Coca Cola 0.33 Zero', 180, false, 1816) ON CONFLICT DO NOTHING;
INSERT INTO option_variant (id, name, recommended_price, is_deleted, group_id) VALUES (9050, 'Fanta Ekzotik 0.33', 180, false, 1816) ON CONFLICT DO NOTHING;
INSERT INTO option_variant (id, name, recommended_price, is_deleted, group_id) VALUES (9051, 'Fanta Orange 0.33 ', 180, false, 1816) ON CONFLICT DO NOTHING;
INSERT INTO option_variant (id, name, recommended_price, is_deleted, group_id) VALUES (9052, 'Fanta Zero Lemon 0.33 ', 180, false, 1816) ON CONFLICT DO NOTHING;
INSERT INTO option_variant (id, name, recommended_price, is_deleted, group_id) VALUES (9053, 'Lipton Ice Tea Lemon 0.33 DEL', 180, false, 1816) ON CONFLICT DO NOTHING;
INSERT INTO option_variant (id, name, recommended_price, is_deleted, group_id) VALUES (9054, 'Lipton Ice Tea Peach 0.33 DEL', 180, false, 1816) ON CONFLICT DO NOTHING;
INSERT INTO option_variant (id, name, recommended_price, is_deleted, group_id) VALUES (9055, 'Schweppes Indian Tonic 0.33L', 180, false, 1816) ON CONFLICT DO NOTHING;
INSERT INTO option_variant (id, name, recommended_price, is_deleted, group_id) VALUES (9056, 'Peja 0.33L ', 300, false, 1816) ON CONFLICT DO NOTHING;
INSERT INTO option_variant (id, name, recommended_price, is_deleted, group_id) VALUES (9057, 'Heineken 0.33 ', 350, false, 1816) ON CONFLICT DO NOTHING;
INSERT INTO option_variant (id, name, recommended_price, is_deleted, group_id) VALUES (9058, 'Korça 0.33L ', 350, false, 1816) ON CONFLICT DO NOTHING;
INSERT INTO option_group (id, name, is_deleted, max_selection, min_selection, restaurant_id) VALUES (1817, 'Shto Sides ', false, 1, 0, 18) ON CONFLICT DO NOTHING;
INSERT INTO option_variant (id, name, recommended_price, is_deleted, group_id) VALUES (9059, 'BBQ Chicken Wings (8 cope)', 570, false, 1817) ON CONFLICT DO NOTHING;
INSERT INTO option_variant (id, name, recommended_price, is_deleted, group_id) VALUES (9060, 'BBQ Chicken Wings (10 cope)', 720, false, 1817) ON CONFLICT DO NOTHING;
INSERT INTO option_variant (id, name, recommended_price, is_deleted, group_id) VALUES (9061, '2 pieces Kackavall Chips', 150, false, 1817) ON CONFLICT DO NOTHING;
INSERT INTO option_variant (id, name, recommended_price, is_deleted, group_id) VALUES (9062, '2 pieces Halloumi Chips', 150, false, 1817) ON CONFLICT DO NOTHING;
INSERT INTO option_variant (id, name, recommended_price, is_deleted, group_id) VALUES (9063, 'Fried Zucchini Balls ', 280, false, 1817) ON CONFLICT DO NOTHING;
INSERT INTO option_variant (id, name, recommended_price, is_deleted, group_id) VALUES (9064, 'Kashkaval Chips', 490, false, 1817) ON CONFLICT DO NOTHING;
INSERT INTO option_variant (id, name, recommended_price, is_deleted, group_id) VALUES (9065, 'Moussaka Croquettes', 300, false, 1817) ON CONFLICT DO NOTHING;
INSERT INTO option_variant (id, name, recommended_price, is_deleted, group_id) VALUES (9066, 'Halloumi chips', 490, false, 1817) ON CONFLICT DO NOTHING;
INSERT INTO option_variant (id, name, recommended_price, is_deleted, group_id) VALUES (9067, 'Greek Fries', 350, false, 1817) ON CONFLICT DO NOTHING;
INSERT INTO option_variant (id, name, recommended_price, is_deleted, group_id) VALUES (9068, 'Bacon Fries', 500, false, 1817) ON CONFLICT DO NOTHING;
INSERT INTO option_variant (id, name, recommended_price, is_deleted, group_id) VALUES (9069, 'Cheddar Fries ', 350, false, 1817) ON CONFLICT DO NOTHING;
INSERT INTO option_group (id, name, is_deleted, max_selection, min_selection, restaurant_id) VALUES (1818, 'Shto Sides ', false, 1, 0, 18) ON CONFLICT DO NOTHING;
INSERT INTO option_variant (id, name, recommended_price, is_deleted, group_id) VALUES (9070, 'BBQ Chicken Wings (6 cope)', 400, false, 1818) ON CONFLICT DO NOTHING;
INSERT INTO option_variant (id, name, recommended_price, is_deleted, group_id) VALUES (9071, 'BBQ Chicken Wings (10 cope)', 720, false, 1818) ON CONFLICT DO NOTHING;
INSERT INTO option_variant (id, name, recommended_price, is_deleted, group_id) VALUES (9072, '2 pieces Kackavall Chips', 150, false, 1818) ON CONFLICT DO NOTHING;
INSERT INTO option_variant (id, name, recommended_price, is_deleted, group_id) VALUES (9073, '2 pieces Halloumi Chips', 150, false, 1818) ON CONFLICT DO NOTHING;
INSERT INTO option_variant (id, name, recommended_price, is_deleted, group_id) VALUES (9074, 'Fried Zucchini Balls ', 280, false, 1818) ON CONFLICT DO NOTHING;
INSERT INTO option_variant (id, name, recommended_price, is_deleted, group_id) VALUES (9075, 'Kashkaval Chips', 490, false, 1818) ON CONFLICT DO NOTHING;
INSERT INTO option_variant (id, name, recommended_price, is_deleted, group_id) VALUES (9076, 'Moussaka Croquettes', 300, false, 1818) ON CONFLICT DO NOTHING;
INSERT INTO option_variant (id, name, recommended_price, is_deleted, group_id) VALUES (9077, 'Halloumi chips', 490, false, 1818) ON CONFLICT DO NOTHING;
INSERT INTO option_variant (id, name, recommended_price, is_deleted, group_id) VALUES (9078, 'Greek Fries', 350, false, 1818) ON CONFLICT DO NOTHING;
INSERT INTO option_variant (id, name, recommended_price, is_deleted, group_id) VALUES (9079, 'Bacon Fries', 500, false, 1818) ON CONFLICT DO NOTHING;
INSERT INTO option_variant (id, name, recommended_price, is_deleted, group_id) VALUES (9080, 'Cheddar Fries ', 350, false, 1818) ON CONFLICT DO NOTHING;
INSERT INTO option_group (id, name, is_deleted, max_selection, min_selection, restaurant_id) VALUES (1819, 'Shto Sides ', false, 1, 0, 18) ON CONFLICT DO NOTHING;
INSERT INTO option_variant (id, name, recommended_price, is_deleted, group_id) VALUES (9081, 'BBQ Chicken Wings (6 cope)', 400, false, 1819) ON CONFLICT DO NOTHING;
INSERT INTO option_variant (id, name, recommended_price, is_deleted, group_id) VALUES (9082, 'BBQ Chicken Wings (8 cope)', 570, false, 1819) ON CONFLICT DO NOTHING;
INSERT INTO option_variant (id, name, recommended_price, is_deleted, group_id) VALUES (9083, '2 pieces Kackavall Chips', 150, false, 1819) ON CONFLICT DO NOTHING;
INSERT INTO option_variant (id, name, recommended_price, is_deleted, group_id) VALUES (9084, '2 pieces Halloumi Chips', 150, false, 1819) ON CONFLICT DO NOTHING;
INSERT INTO option_variant (id, name, recommended_price, is_deleted, group_id) VALUES (9085, 'Fried Zucchini Balls ', 280, false, 1819) ON CONFLICT DO NOTHING;
INSERT INTO option_variant (id, name, recommended_price, is_deleted, group_id) VALUES (9086, 'Kashkaval Chips', 490, false, 1819) ON CONFLICT DO NOTHING;
INSERT INTO option_variant (id, name, recommended_price, is_deleted, group_id) VALUES (9087, 'Moussaka Croquettes', 300, false, 1819) ON CONFLICT DO NOTHING;
INSERT INTO option_variant (id, name, recommended_price, is_deleted, group_id) VALUES (9088, 'Halloumi chips', 490, false, 1819) ON CONFLICT DO NOTHING;
INSERT INTO option_variant (id, name, recommended_price, is_deleted, group_id) VALUES (9089, 'Greek Fries', 350, false, 1819) ON CONFLICT DO NOTHING;
INSERT INTO option_variant (id, name, recommended_price, is_deleted, group_id) VALUES (9090, 'Bacon Fries', 500, false, 1819) ON CONFLICT DO NOTHING;
INSERT INTO option_variant (id, name, recommended_price, is_deleted, group_id) VALUES (9091, 'Cheddar Fries ', 350, false, 1819) ON CONFLICT DO NOTHING;
INSERT INTO option_group (id, name, is_deleted, max_selection, min_selection, restaurant_id) VALUES (1820, 'Chicken Gyros', false, 1, 0, 18) ON CONFLICT DO NOTHING;
INSERT INTO option_variant (id, name, recommended_price, is_deleted, group_id) VALUES (9092, 'Chicken Gyros', 0, false, 1820) ON CONFLICT DO NOTHING;
INSERT INTO option_group (id, name, is_deleted, max_selection, min_selection, restaurant_id) VALUES (1821, 'Shto pijet', false, 1, 0, 18) ON CONFLICT DO NOTHING;
INSERT INTO option_variant (id, name, recommended_price, is_deleted, group_id) VALUES (9093, 'Selita 0.5L Natyral', 120, false, 1821) ON CONFLICT DO NOTHING;
INSERT INTO option_variant (id, name, recommended_price, is_deleted, group_id) VALUES (9094, 'Selita 0.5l Gaz ', 120, false, 1821) ON CONFLICT DO NOTHING;
INSERT INTO option_variant (id, name, recommended_price, is_deleted, group_id) VALUES (9095, 'Ayran ', 170, false, 1821) ON CONFLICT DO NOTHING;
INSERT INTO option_variant (id, name, recommended_price, is_deleted, group_id) VALUES (9096, 'Coca Cola 0.33 Normale ', 180, false, 1821) ON CONFLICT DO NOTHING;
INSERT INTO option_variant (id, name, recommended_price, is_deleted, group_id) VALUES (9097, 'Coca Cola 0.33 Zero', 180, false, 1821) ON CONFLICT DO NOTHING;
INSERT INTO option_variant (id, name, recommended_price, is_deleted, group_id) VALUES (9098, 'Fanta Ekzotik 0.33', 180, false, 1821) ON CONFLICT DO NOTHING;
INSERT INTO option_variant (id, name, recommended_price, is_deleted, group_id) VALUES (9099, 'Fanta Orange 0.33 ', 180, false, 1821) ON CONFLICT DO NOTHING;
INSERT INTO option_variant (id, name, recommended_price, is_deleted, group_id) VALUES (9100, 'Lipton Ice Tea Lemon 0.33 DEL', 180, false, 1821) ON CONFLICT DO NOTHING;
INSERT INTO option_variant (id, name, recommended_price, is_deleted, group_id) VALUES (9101, 'Lipton Ice Tea Peach 0.33 DEL', 180, false, 1821) ON CONFLICT DO NOTHING;
INSERT INTO option_variant (id, name, recommended_price, is_deleted, group_id) VALUES (9102, 'Schweppes Indian Tonic 0.33L', 180, false, 1821) ON CONFLICT DO NOTHING;
INSERT INTO option_variant (id, name, recommended_price, is_deleted, group_id) VALUES (9103, 'Peja 0.33L ', 300, false, 1821) ON CONFLICT DO NOTHING;
INSERT INTO option_variant (id, name, recommended_price, is_deleted, group_id) VALUES (9104, 'Heineken 0.33 ', 350, false, 1821) ON CONFLICT DO NOTHING;
INSERT INTO option_variant (id, name, recommended_price, is_deleted, group_id) VALUES (9105, 'Korça 0.33L ', 350, false, 1821) ON CONFLICT DO NOTHING;
INSERT INTO option_group (id, name, is_deleted, max_selection, min_selection, restaurant_id) VALUES (1822, 'Drinks', false, 1, 0, 18) ON CONFLICT DO NOTHING;
INSERT INTO option_variant (id, name, recommended_price, is_deleted, group_id) VALUES (9106, 'Coca Cola 0.33l', 0, false, 1822) ON CONFLICT DO NOTHING;
INSERT INTO option_variant (id, name, recommended_price, is_deleted, group_id) VALUES (9107, 'Selita Uje natyral 0.5l', 0, false, 1822) ON CONFLICT DO NOTHING;
INSERT INTO option_variant (id, name, recommended_price, is_deleted, group_id) VALUES (9108, 'Selita Uje me gaz 0.5l', 0, false, 1822) ON CONFLICT DO NOTHING;
INSERT INTO option_variant (id, name, recommended_price, is_deleted, group_id) VALUES (9109, 'Coca Cola Zero 0.33L', 0, false, 1822) ON CONFLICT DO NOTHING;
INSERT INTO option_variant (id, name, recommended_price, is_deleted, group_id) VALUES (9110, 'Fanta Lemon 0.33L', 0, false, 1822) ON CONFLICT DO NOTHING;
INSERT INTO option_variant (id, name, recommended_price, is_deleted, group_id) VALUES (9111, 'Fanta Orange 0.33L', 0, false, 1822) ON CONFLICT DO NOTHING;
INSERT INTO option_variant (id, name, recommended_price, is_deleted, group_id) VALUES (9112, 'Fanta Exotic 0.33L', 0, false, 1822) ON CONFLICT DO NOTHING;
INSERT INTO option_variant (id, name, recommended_price, is_deleted, group_id) VALUES (9113, 'Lemon Soda 0.33', 0, false, 1822) ON CONFLICT DO NOTHING;
INSERT INTO option_variant (id, name, recommended_price, is_deleted, group_id) VALUES (9114, 'Orange Soda 0.33', 0, false, 1822) ON CONFLICT DO NOTHING;
INSERT INTO option_variant (id, name, recommended_price, is_deleted, group_id) VALUES (9115, 'Sprite 0.33l', 0, false, 1822) ON CONFLICT DO NOTHING;
INSERT INTO option_variant (id, name, recommended_price, is_deleted, group_id) VALUES (9116, 'Ayran/Dhalle', 0, false, 1822) ON CONFLICT DO NOTHING;
INSERT INTO option_variant (id, name, recommended_price, is_deleted, group_id) VALUES (9117, 'Lipton Ice Tea Lemon 0.33', 0, false, 1822) ON CONFLICT DO NOTHING;
INSERT INTO option_variant (id, name, recommended_price, is_deleted, group_id) VALUES (9118, 'Lipton Ice Tea Peach 0.33', 0, false, 1822) ON CONFLICT DO NOTHING;
INSERT INTO option_group (id, name, is_deleted, max_selection, min_selection, restaurant_id) VALUES (1823, 'Drinks', false, 1, 0, 18) ON CONFLICT DO NOTHING;
INSERT INTO option_variant (id, name, recommended_price, is_deleted, group_id) VALUES (9119, 'Coca Cola 0.33l', 0, false, 1823) ON CONFLICT DO NOTHING;
INSERT INTO option_variant (id, name, recommended_price, is_deleted, group_id) VALUES (9120, 'Selita Uje natyral 0.5l', 0, false, 1823) ON CONFLICT DO NOTHING;
INSERT INTO option_variant (id, name, recommended_price, is_deleted, group_id) VALUES (9121, 'Selita Uje me gaz 0.5l', 0, false, 1823) ON CONFLICT DO NOTHING;
INSERT INTO option_variant (id, name, recommended_price, is_deleted, group_id) VALUES (9122, 'Coca Cola Zero 0.33L', 0, false, 1823) ON CONFLICT DO NOTHING;
INSERT INTO option_variant (id, name, recommended_price, is_deleted, group_id) VALUES (9123, 'Fanta Lemon 0.33L', 0, false, 1823) ON CONFLICT DO NOTHING;
INSERT INTO option_variant (id, name, recommended_price, is_deleted, group_id) VALUES (9124, 'Fanta Orange 0.33L', 0, false, 1823) ON CONFLICT DO NOTHING;
INSERT INTO option_variant (id, name, recommended_price, is_deleted, group_id) VALUES (9125, 'Fanta Exotic 0.33L', 0, false, 1823) ON CONFLICT DO NOTHING;
INSERT INTO option_variant (id, name, recommended_price, is_deleted, group_id) VALUES (9126, 'Lemon Soda 0.33', 0, false, 1823) ON CONFLICT DO NOTHING;
INSERT INTO option_variant (id, name, recommended_price, is_deleted, group_id) VALUES (9127, 'Orange Soda 0.33', 0, false, 1823) ON CONFLICT DO NOTHING;
INSERT INTO option_variant (id, name, recommended_price, is_deleted, group_id) VALUES (9128, 'Sprite 0.33l', 0, false, 1823) ON CONFLICT DO NOTHING;
INSERT INTO option_variant (id, name, recommended_price, is_deleted, group_id) VALUES (9129, 'Ayran/Dhalle', 0, false, 1823) ON CONFLICT DO NOTHING;
INSERT INTO option_variant (id, name, recommended_price, is_deleted, group_id) VALUES (9130, 'Lipton Ice Tea Lemon 0.33', 0, false, 1823) ON CONFLICT DO NOTHING;
INSERT INTO option_variant (id, name, recommended_price, is_deleted, group_id) VALUES (9131, 'Lipton Ice Tea Peach 0.33', 0, false, 1823) ON CONFLICT DO NOTHING;
INSERT INTO option_group (id, name, is_deleted, max_selection, min_selection, restaurant_id) VALUES (1824, 'Drinks', false, 1, 0, 18) ON CONFLICT DO NOTHING;
INSERT INTO option_variant (id, name, recommended_price, is_deleted, group_id) VALUES (9132, 'Coca Cola 0.33l', 0, false, 1824) ON CONFLICT DO NOTHING;
INSERT INTO option_variant (id, name, recommended_price, is_deleted, group_id) VALUES (9133, 'Selita Uje natyral 0.5l', 0, false, 1824) ON CONFLICT DO NOTHING;
INSERT INTO option_variant (id, name, recommended_price, is_deleted, group_id) VALUES (9134, 'Selita Uje me gaz 0.5l', 0, false, 1824) ON CONFLICT DO NOTHING;
INSERT INTO option_variant (id, name, recommended_price, is_deleted, group_id) VALUES (9135, 'Coca Cola Zero 0.33L', 0, false, 1824) ON CONFLICT DO NOTHING;
INSERT INTO option_variant (id, name, recommended_price, is_deleted, group_id) VALUES (9136, 'Fanta Lemon 0.33L', 0, false, 1824) ON CONFLICT DO NOTHING;
INSERT INTO option_variant (id, name, recommended_price, is_deleted, group_id) VALUES (9137, 'Fanta Orange 0.33L', 0, false, 1824) ON CONFLICT DO NOTHING;
INSERT INTO option_variant (id, name, recommended_price, is_deleted, group_id) VALUES (9138, 'Fanta Exotic 0.33L', 0, false, 1824) ON CONFLICT DO NOTHING;
INSERT INTO option_variant (id, name, recommended_price, is_deleted, group_id) VALUES (9139, 'Lemon Soda 0.33', 0, false, 1824) ON CONFLICT DO NOTHING;
INSERT INTO option_variant (id, name, recommended_price, is_deleted, group_id) VALUES (9140, 'Orange Soda 0.33', 0, false, 1824) ON CONFLICT DO NOTHING;
INSERT INTO option_variant (id, name, recommended_price, is_deleted, group_id) VALUES (9141, 'Sprite 0.33l', 0, false, 1824) ON CONFLICT DO NOTHING;
INSERT INTO option_variant (id, name, recommended_price, is_deleted, group_id) VALUES (9142, 'Ayran/Dhalle', 0, false, 1824) ON CONFLICT DO NOTHING;
INSERT INTO option_variant (id, name, recommended_price, is_deleted, group_id) VALUES (9143, 'Lipton Ice Tea Lemon 0.33', 0, false, 1824) ON CONFLICT DO NOTHING;
INSERT INTO option_variant (id, name, recommended_price, is_deleted, group_id) VALUES (9144, 'Lipton Ice Tea Peach 0.33', 0, false, 1824) ON CONFLICT DO NOTHING;
INSERT INTO option_group (id, name, is_deleted, max_selection, min_selection, restaurant_id) VALUES (1825, 'Drinks for Big', false, 1, 0, 18) ON CONFLICT DO NOTHING;
INSERT INTO option_variant (id, name, recommended_price, is_deleted, group_id) VALUES (9145, 'Selita Uje natyral 0.5l', 0, false, 1825) ON CONFLICT DO NOTHING;
INSERT INTO option_variant (id, name, recommended_price, is_deleted, group_id) VALUES (9146, 'Selita Uje me gaz 0.5l', 0, false, 1825) ON CONFLICT DO NOTHING;
INSERT INTO option_variant (id, name, recommended_price, is_deleted, group_id) VALUES (9147, 'Coca Cola 0.33l', 0, false, 1825) ON CONFLICT DO NOTHING;
INSERT INTO option_variant (id, name, recommended_price, is_deleted, group_id) VALUES (9148, 'Coca Cola Zero 0.33L', 0, false, 1825) ON CONFLICT DO NOTHING;
INSERT INTO option_variant (id, name, recommended_price, is_deleted, group_id) VALUES (9149, 'Fanta Exotic 0.33L', 0, false, 1825) ON CONFLICT DO NOTHING;
INSERT INTO option_variant (id, name, recommended_price, is_deleted, group_id) VALUES (9150, 'Fanta Orange 0.33L', 0, false, 1825) ON CONFLICT DO NOTHING;
INSERT INTO option_variant (id, name, recommended_price, is_deleted, group_id) VALUES (9151, 'Lemon Soda 0.33', 0, false, 1825) ON CONFLICT DO NOTHING;
INSERT INTO option_variant (id, name, recommended_price, is_deleted, group_id) VALUES (9152, 'Orange Soda 0.33', 0, false, 1825) ON CONFLICT DO NOTHING;
INSERT INTO option_variant (id, name, recommended_price, is_deleted, group_id) VALUES (9153, 'Sprite 0.33l', 0, false, 1825) ON CONFLICT DO NOTHING;
INSERT INTO option_variant (id, name, recommended_price, is_deleted, group_id) VALUES (9154, 'Ayran/Dhalle', 0, false, 1825) ON CONFLICT DO NOTHING;
INSERT INTO option_variant (id, name, recommended_price, is_deleted, group_id) VALUES (9155, 'Lipton Ice Tea Peach 0.33', 0, false, 1825) ON CONFLICT DO NOTHING;
INSERT INTO option_variant (id, name, recommended_price, is_deleted, group_id) VALUES (9156, 'Lipton Ice Tea Lemon 0.33', 0, false, 1825) ON CONFLICT DO NOTHING;
INSERT INTO option_variant (id, name, recommended_price, is_deleted, group_id) VALUES (9157, 'Fanta Lemon 0.33L', 0, false, 1825) ON CONFLICT DO NOTHING;
INSERT INTO option_group (id, name, is_deleted, max_selection, min_selection, restaurant_id) VALUES (1826, 'Choose your Loukomades Ruspberry and Pistachio', false, 1, 0, 18) ON CONFLICT DO NOTHING;
INSERT INTO option_variant (id, name, recommended_price, is_deleted, group_id) VALUES (9158, 'Loukomadhes Ruspberry and Pistachio 1/2', 0, false, 1826) ON CONFLICT DO NOTHING;
INSERT INTO option_variant (id, name, recommended_price, is_deleted, group_id) VALUES (9159, 'Loukomadhes Ruspberry and Pistachio', 200, false, 1826) ON CONFLICT DO NOTHING;
INSERT INTO option_group (id, name, is_deleted, max_selection, min_selection, restaurant_id) VALUES (1827, 'Drinks for Big', false, 1, 0, 18) ON CONFLICT DO NOTHING;
INSERT INTO option_variant (id, name, recommended_price, is_deleted, group_id) VALUES (9160, 'Selita Uje natyral 0.5l', 0, false, 1827) ON CONFLICT DO NOTHING;
INSERT INTO option_variant (id, name, recommended_price, is_deleted, group_id) VALUES (9161, 'Selita Uje me gaz 0.5l', 0, false, 1827) ON CONFLICT DO NOTHING;
INSERT INTO option_variant (id, name, recommended_price, is_deleted, group_id) VALUES (9162, 'Coca Cola 0.33l', 0, false, 1827) ON CONFLICT DO NOTHING;
INSERT INTO option_variant (id, name, recommended_price, is_deleted, group_id) VALUES (9163, 'Coca Cola Zero 0.33L', 0, false, 1827) ON CONFLICT DO NOTHING;
INSERT INTO option_variant (id, name, recommended_price, is_deleted, group_id) VALUES (9164, 'Fanta Exotic 0.33L', 0, false, 1827) ON CONFLICT DO NOTHING;
INSERT INTO option_variant (id, name, recommended_price, is_deleted, group_id) VALUES (9165, 'Fanta Orange 0.33L', 0, false, 1827) ON CONFLICT DO NOTHING;
INSERT INTO option_variant (id, name, recommended_price, is_deleted, group_id) VALUES (9166, 'Lemon Soda 0.33', 0, false, 1827) ON CONFLICT DO NOTHING;
INSERT INTO option_variant (id, name, recommended_price, is_deleted, group_id) VALUES (9167, 'Orange Soda 0.33', 0, false, 1827) ON CONFLICT DO NOTHING;
INSERT INTO option_variant (id, name, recommended_price, is_deleted, group_id) VALUES (9168, 'Sprite 0.33l', 0, false, 1827) ON CONFLICT DO NOTHING;
INSERT INTO option_variant (id, name, recommended_price, is_deleted, group_id) VALUES (9169, 'Ayran/Dhalle', 0, false, 1827) ON CONFLICT DO NOTHING;
INSERT INTO option_variant (id, name, recommended_price, is_deleted, group_id) VALUES (9170, 'Lipton Ice Tea Peach 0.33', 0, false, 1827) ON CONFLICT DO NOTHING;
INSERT INTO option_variant (id, name, recommended_price, is_deleted, group_id) VALUES (9171, 'Lipton Ice Tea Lemon 0.33', 0, false, 1827) ON CONFLICT DO NOTHING;
INSERT INTO option_variant (id, name, recommended_price, is_deleted, group_id) VALUES (9172, 'Sprite 0.5L Draft', 0, false, 1827) ON CONFLICT DO NOTHING;
INSERT INTO option_variant (id, name, recommended_price, is_deleted, group_id) VALUES (9173, 'Fanta Lemon 0.33L', 0, false, 1827) ON CONFLICT DO NOTHING;
INSERT INTO option_group (id, name, is_deleted, max_selection, min_selection, restaurant_id) VALUES (1828, 'Shto pijet', false, 1, 0, 18) ON CONFLICT DO NOTHING;
INSERT INTO option_variant (id, name, recommended_price, is_deleted, group_id) VALUES (9174, 'Selita 0.5L Natyral', 120, false, 1828) ON CONFLICT DO NOTHING;
INSERT INTO option_variant (id, name, recommended_price, is_deleted, group_id) VALUES (9175, 'Selita 0.5l Gaz ', 120, false, 1828) ON CONFLICT DO NOTHING;
INSERT INTO option_variant (id, name, recommended_price, is_deleted, group_id) VALUES (9176, 'Ayran ', 170, false, 1828) ON CONFLICT DO NOTHING;
INSERT INTO option_variant (id, name, recommended_price, is_deleted, group_id) VALUES (9177, 'Coca Cola 0.33 Normale ', 180, false, 1828) ON CONFLICT DO NOTHING;
INSERT INTO option_variant (id, name, recommended_price, is_deleted, group_id) VALUES (9178, 'Coca Cola 0.33 Zero', 180, false, 1828) ON CONFLICT DO NOTHING;
INSERT INTO option_variant (id, name, recommended_price, is_deleted, group_id) VALUES (9179, 'Fanta Ekzotik 0.33', 180, false, 1828) ON CONFLICT DO NOTHING;
INSERT INTO option_variant (id, name, recommended_price, is_deleted, group_id) VALUES (9180, 'Fanta Orange 0.33 ', 180, false, 1828) ON CONFLICT DO NOTHING;
INSERT INTO option_variant (id, name, recommended_price, is_deleted, group_id) VALUES (9181, 'Lipton Ice Tea Lemon 0.33 DEL', 180, false, 1828) ON CONFLICT DO NOTHING;
INSERT INTO option_variant (id, name, recommended_price, is_deleted, group_id) VALUES (9182, 'Lipton Ice Tea Peach 0.33 DEL', 180, false, 1828) ON CONFLICT DO NOTHING;
INSERT INTO option_variant (id, name, recommended_price, is_deleted, group_id) VALUES (9183, 'Korça 0.33L ', 350, false, 1828) ON CONFLICT DO NOTHING;
INSERT INTO option_group (id, name, is_deleted, max_selection, min_selection, restaurant_id) VALUES (1829, 'Shto pijet', false, 1, 0, 18) ON CONFLICT DO NOTHING;
INSERT INTO option_variant (id, name, recommended_price, is_deleted, group_id) VALUES (9184, 'Selita 0.5L Natyral', 120, false, 1829) ON CONFLICT DO NOTHING;
INSERT INTO option_variant (id, name, recommended_price, is_deleted, group_id) VALUES (9185, 'Selita 0.5l Gaz ', 120, false, 1829) ON CONFLICT DO NOTHING;
INSERT INTO option_variant (id, name, recommended_price, is_deleted, group_id) VALUES (9186, 'Ayran ', 170, false, 1829) ON CONFLICT DO NOTHING;
INSERT INTO option_variant (id, name, recommended_price, is_deleted, group_id) VALUES (9187, 'Coca Cola 0.33 Normale ', 180, false, 1829) ON CONFLICT DO NOTHING;
INSERT INTO option_variant (id, name, recommended_price, is_deleted, group_id) VALUES (9188, 'Coca Cola 0.33 Zero', 180, false, 1829) ON CONFLICT DO NOTHING;
INSERT INTO option_variant (id, name, recommended_price, is_deleted, group_id) VALUES (9189, 'Fanta Ekzotik 0.33', 180, false, 1829) ON CONFLICT DO NOTHING;
INSERT INTO option_variant (id, name, recommended_price, is_deleted, group_id) VALUES (9190, 'Fanta Orange 0.33 ', 180, false, 1829) ON CONFLICT DO NOTHING;
INSERT INTO option_variant (id, name, recommended_price, is_deleted, group_id) VALUES (9191, 'Lipton Ice Tea Lemon 0.33 DEL', 180, false, 1829) ON CONFLICT DO NOTHING;
INSERT INTO option_variant (id, name, recommended_price, is_deleted, group_id) VALUES (9192, 'Lipton Ice Tea Peach 0.33 DEL', 180, false, 1829) ON CONFLICT DO NOTHING;
INSERT INTO option_variant (id, name, recommended_price, is_deleted, group_id) VALUES (9193, 'Korça 0.33L ', 350, false, 1829) ON CONFLICT DO NOTHING;
INSERT INTO option_group (id, name, is_deleted, max_selection, min_selection, restaurant_id) VALUES (1830, 'Zgjidh Salcen', false, 1, 0, 18) ON CONFLICT DO NOTHING;
INSERT INTO option_variant (id, name, recommended_price, is_deleted, group_id) VALUES (9194, 'OPA Mayo', 50, false, 1830) ON CONFLICT DO NOTHING;
INSERT INTO option_variant (id, name, recommended_price, is_deleted, group_id) VALUES (9195, 'Chili Garlic Mayo', 50, false, 1830) ON CONFLICT DO NOTHING;
INSERT INTO option_variant (id, name, recommended_price, is_deleted, group_id) VALUES (9196, 'Tzatziki Sauce', 30, false, 1830) ON CONFLICT DO NOTHING;
INSERT INTO option_variant (id, name, recommended_price, is_deleted, group_id) VALUES (9197, 'Yougurt Sauce ', 50, false, 1830) ON CONFLICT DO NOTHING;
INSERT INTO option_variant (id, name, recommended_price, is_deleted, group_id) VALUES (9198, 'Bacon Mayo Sauce', 50, false, 1830) ON CONFLICT DO NOTHING;
INSERT INTO option_group (id, name, is_deleted, max_selection, min_selection, restaurant_id) VALUES (1831, 'Shto salcë', false, 1, 0, 18) ON CONFLICT DO NOTHING;
INSERT INTO option_variant (id, name, recommended_price, is_deleted, group_id) VALUES (9199, 'Ketchup Bustine', 20, false, 1831) ON CONFLICT DO NOTHING;
INSERT INTO option_variant (id, name, recommended_price, is_deleted, group_id) VALUES (9200, 'Mustarde - bustine', 20, false, 1831) ON CONFLICT DO NOTHING;
INSERT INTO option_variant (id, name, recommended_price, is_deleted, group_id) VALUES (9201, 'OPA Mayo', 50, false, 1831) ON CONFLICT DO NOTHING;
INSERT INTO option_variant (id, name, recommended_price, is_deleted, group_id) VALUES (9202, 'Mayonnaise Bustine', 20, false, 1831) ON CONFLICT DO NOTHING;
INSERT INTO option_variant (id, name, recommended_price, is_deleted, group_id) VALUES (9203, 'Siraca - small', 60, false, 1831) ON CONFLICT DO NOTHING;
INSERT INTO option_variant (id, name, recommended_price, is_deleted, group_id) VALUES (9204, 'Tirokafteri - small', 70, false, 1831) ON CONFLICT DO NOTHING;
INSERT INTO option_variant (id, name, recommended_price, is_deleted, group_id) VALUES (9205, 'Truffle Mayo', 50, false, 1831) ON CONFLICT DO NOTHING;
INSERT INTO option_variant (id, name, recommended_price, is_deleted, group_id) VALUES (9206, 'Cheddar Sauce ', 50, false, 1831) ON CONFLICT DO NOTHING;
INSERT INTO option_variant (id, name, recommended_price, is_deleted, group_id) VALUES (9207, 'Chili Garlic Mayo', 50, false, 1831) ON CONFLICT DO NOTHING;
INSERT INTO option_variant (id, name, recommended_price, is_deleted, group_id) VALUES (9208, 'Homemade Pickled Cucumber', 50, false, 1831) ON CONFLICT DO NOTHING;
INSERT INTO option_variant (id, name, recommended_price, is_deleted, group_id) VALUES (9209, 'Hummus Small', 50, false, 1831) ON CONFLICT DO NOTHING;
INSERT INTO option_variant (id, name, recommended_price, is_deleted, group_id) VALUES (9210, 'Sweet chilli & tarragon sauce', 50, false, 1831) ON CONFLICT DO NOTHING;
INSERT INTO option_group (id, name, is_deleted, max_selection, min_selection, restaurant_id) VALUES (1832, 'Shto salcë', false, 1, 0, 18) ON CONFLICT DO NOTHING;
INSERT INTO option_variant (id, name, recommended_price, is_deleted, group_id) VALUES (9211, 'Ketchup Bustine', 20, false, 1832) ON CONFLICT DO NOTHING;
INSERT INTO option_variant (id, name, recommended_price, is_deleted, group_id) VALUES (9212, 'Mustarde - bustine', 20, false, 1832) ON CONFLICT DO NOTHING;
INSERT INTO option_variant (id, name, recommended_price, is_deleted, group_id) VALUES (9213, 'OPA Mayo', 50, false, 1832) ON CONFLICT DO NOTHING;
INSERT INTO option_variant (id, name, recommended_price, is_deleted, group_id) VALUES (9214, 'Mayonnaise Bustine', 20, false, 1832) ON CONFLICT DO NOTHING;
INSERT INTO option_variant (id, name, recommended_price, is_deleted, group_id) VALUES (9215, 'Siraca - small', 60, false, 1832) ON CONFLICT DO NOTHING;
INSERT INTO option_variant (id, name, recommended_price, is_deleted, group_id) VALUES (9216, 'Tirokafteri - small', 70, false, 1832) ON CONFLICT DO NOTHING;
INSERT INTO option_variant (id, name, recommended_price, is_deleted, group_id) VALUES (9217, 'Truffle Mayo', 50, false, 1832) ON CONFLICT DO NOTHING;
INSERT INTO option_variant (id, name, recommended_price, is_deleted, group_id) VALUES (9218, 'Cheddar Sauce ', 50, false, 1832) ON CONFLICT DO NOTHING;
INSERT INTO option_variant (id, name, recommended_price, is_deleted, group_id) VALUES (9219, 'Chili Garlic Mayo', 50, false, 1832) ON CONFLICT DO NOTHING;
INSERT INTO option_variant (id, name, recommended_price, is_deleted, group_id) VALUES (9220, 'Homemade Pickled Cucumber', 50, false, 1832) ON CONFLICT DO NOTHING;
INSERT INTO option_variant (id, name, recommended_price, is_deleted, group_id) VALUES (9221, 'Hummus Small', 50, false, 1832) ON CONFLICT DO NOTHING;
INSERT INTO option_variant (id, name, recommended_price, is_deleted, group_id) VALUES (9222, 'Sweet chilli & tarragon sauce', 50, false, 1832) ON CONFLICT DO NOTHING;
INSERT INTO option_group (id, name, is_deleted, max_selection, min_selection, restaurant_id) VALUES (1833, 'OPA Smash Burger', false, 1, 0, 18) ON CONFLICT DO NOTHING;
INSERT INTO option_variant (id, name, recommended_price, is_deleted, group_id) VALUES (9223, 'OPA Smash Burger', 0, false, 1833) ON CONFLICT DO NOTHING;
INSERT INTO option_group (id, name, is_deleted, max_selection, min_selection, restaurant_id) VALUES (1834, 'Drinks', false, 1, 0, 18) ON CONFLICT DO NOTHING;
INSERT INTO option_variant (id, name, recommended_price, is_deleted, group_id) VALUES (9224, 'Fanta Lemon 0.33L', 0, false, 1834) ON CONFLICT DO NOTHING;
INSERT INTO option_group (id, name, is_deleted, max_selection, min_selection, restaurant_id) VALUES (1835, 'Drinks', false, 1, 0, 18) ON CONFLICT DO NOTHING;
INSERT INTO option_variant (id, name, recommended_price, is_deleted, group_id) VALUES (9225, 'Coca Cola 0.33l', 0, false, 1835) ON CONFLICT DO NOTHING;
INSERT INTO option_variant (id, name, recommended_price, is_deleted, group_id) VALUES (9226, 'Selita Uje natyral 0.5l', 0, false, 1835) ON CONFLICT DO NOTHING;
INSERT INTO option_variant (id, name, recommended_price, is_deleted, group_id) VALUES (9227, 'Selita Uje me gaz 0.5l', 0, false, 1835) ON CONFLICT DO NOTHING;
INSERT INTO option_variant (id, name, recommended_price, is_deleted, group_id) VALUES (9228, 'Coca Cola Zero 0.33L', 0, false, 1835) ON CONFLICT DO NOTHING;
INSERT INTO option_variant (id, name, recommended_price, is_deleted, group_id) VALUES (9229, 'Fanta Lemon 0.33L', 0, false, 1835) ON CONFLICT DO NOTHING;
INSERT INTO option_variant (id, name, recommended_price, is_deleted, group_id) VALUES (9230, 'Fanta Orange 0.33L', 0, false, 1835) ON CONFLICT DO NOTHING;
INSERT INTO option_variant (id, name, recommended_price, is_deleted, group_id) VALUES (9231, 'Fanta Exotic 0.33L', 0, false, 1835) ON CONFLICT DO NOTHING;
INSERT INTO option_variant (id, name, recommended_price, is_deleted, group_id) VALUES (9232, 'Fanta Zero Lemon 0.33L', 0, false, 1835) ON CONFLICT DO NOTHING;
INSERT INTO option_variant (id, name, recommended_price, is_deleted, group_id) VALUES (9233, 'Lemon Soda 0.33', 0, false, 1835) ON CONFLICT DO NOTHING;
INSERT INTO option_variant (id, name, recommended_price, is_deleted, group_id) VALUES (9234, 'Orange Soda 0.33', 0, false, 1835) ON CONFLICT DO NOTHING;
INSERT INTO option_variant (id, name, recommended_price, is_deleted, group_id) VALUES (9235, 'Sprite 0.33l', 0, false, 1835) ON CONFLICT DO NOTHING;
INSERT INTO option_variant (id, name, recommended_price, is_deleted, group_id) VALUES (9236, 'Ayran/Dhalle', 0, false, 1835) ON CONFLICT DO NOTHING;
INSERT INTO option_variant (id, name, recommended_price, is_deleted, group_id) VALUES (9237, 'Lipton Ice Tea Lemon 0.33', 0, false, 1835) ON CONFLICT DO NOTHING;
INSERT INTO option_variant (id, name, recommended_price, is_deleted, group_id) VALUES (9238, 'Lipton Ice Tea Peach 0.33', 0, false, 1835) ON CONFLICT DO NOTHING;
INSERT INTO option_group (id, name, is_deleted, max_selection, min_selection, restaurant_id) VALUES (1836, 'Drinks', false, 1, 0, 18) ON CONFLICT DO NOTHING;
INSERT INTO option_variant (id, name, recommended_price, is_deleted, group_id) VALUES (9239, 'Coca Cola 0.33l', 0, false, 1836) ON CONFLICT DO NOTHING;
INSERT INTO option_variant (id, name, recommended_price, is_deleted, group_id) VALUES (9240, 'Selita Uje natyral 0.5l', 0, false, 1836) ON CONFLICT DO NOTHING;
INSERT INTO option_variant (id, name, recommended_price, is_deleted, group_id) VALUES (9241, 'Selita Uje me gaz 0.5l', 0, false, 1836) ON CONFLICT DO NOTHING;
INSERT INTO option_variant (id, name, recommended_price, is_deleted, group_id) VALUES (9242, 'Coca Cola Zero 0.33L', 0, false, 1836) ON CONFLICT DO NOTHING;
INSERT INTO option_variant (id, name, recommended_price, is_deleted, group_id) VALUES (9243, 'Fanta Lemon 0.33L', 0, false, 1836) ON CONFLICT DO NOTHING;
INSERT INTO option_variant (id, name, recommended_price, is_deleted, group_id) VALUES (9244, 'Fanta Orange 0.33L', 0, false, 1836) ON CONFLICT DO NOTHING;
INSERT INTO option_variant (id, name, recommended_price, is_deleted, group_id) VALUES (9245, 'Fanta Exotic 0.33L', 0, false, 1836) ON CONFLICT DO NOTHING;
INSERT INTO option_variant (id, name, recommended_price, is_deleted, group_id) VALUES (9246, 'Fanta Zero Lemon 0.33L', 0, false, 1836) ON CONFLICT DO NOTHING;
INSERT INTO option_variant (id, name, recommended_price, is_deleted, group_id) VALUES (9247, 'Lemon Soda 0.33', 0, false, 1836) ON CONFLICT DO NOTHING;
INSERT INTO option_variant (id, name, recommended_price, is_deleted, group_id) VALUES (9248, 'Orange Soda 0.33', 0, false, 1836) ON CONFLICT DO NOTHING;
INSERT INTO option_variant (id, name, recommended_price, is_deleted, group_id) VALUES (9249, 'Sprite 0.33l', 0, false, 1836) ON CONFLICT DO NOTHING;
INSERT INTO option_variant (id, name, recommended_price, is_deleted, group_id) VALUES (9250, 'Ayran/Dhalle', 0, false, 1836) ON CONFLICT DO NOTHING;
INSERT INTO option_variant (id, name, recommended_price, is_deleted, group_id) VALUES (9251, 'Lipton Ice Tea Lemon 0.33', 0, false, 1836) ON CONFLICT DO NOTHING;
INSERT INTO option_variant (id, name, recommended_price, is_deleted, group_id) VALUES (9252, 'Lipton Ice Tea Peach 0.33', 0, false, 1836) ON CONFLICT DO NOTHING;
INSERT INTO option_group (id, name, is_deleted, max_selection, min_selection, restaurant_id) VALUES (1837, 'Shto salcë', false, 1, 0, 18) ON CONFLICT DO NOTHING;
INSERT INTO option_variant (id, name, recommended_price, is_deleted, group_id) VALUES (9253, 'Ketchup Bustine', 20, false, 1837) ON CONFLICT DO NOTHING;
INSERT INTO option_variant (id, name, recommended_price, is_deleted, group_id) VALUES (9254, 'Mustarde - bustine', 20, false, 1837) ON CONFLICT DO NOTHING;
INSERT INTO option_variant (id, name, recommended_price, is_deleted, group_id) VALUES (9255, 'OPA Mayo', 50, false, 1837) ON CONFLICT DO NOTHING;
INSERT INTO option_variant (id, name, recommended_price, is_deleted, group_id) VALUES (9256, 'Mayonnaise Bustine', 20, false, 1837) ON CONFLICT DO NOTHING;
INSERT INTO option_variant (id, name, recommended_price, is_deleted, group_id) VALUES (9257, 'Siraca - small', 60, false, 1837) ON CONFLICT DO NOTHING;
INSERT INTO option_variant (id, name, recommended_price, is_deleted, group_id) VALUES (9258, 'Tirokafteri - small', 70, false, 1837) ON CONFLICT DO NOTHING;
INSERT INTO option_variant (id, name, recommended_price, is_deleted, group_id) VALUES (9259, 'Truffle Mayo', 50, false, 1837) ON CONFLICT DO NOTHING;
INSERT INTO option_variant (id, name, recommended_price, is_deleted, group_id) VALUES (9260, 'Cheddar Sauce ', 50, false, 1837) ON CONFLICT DO NOTHING;
INSERT INTO option_variant (id, name, recommended_price, is_deleted, group_id) VALUES (9261, 'Chili Garlic Mayo', 50, false, 1837) ON CONFLICT DO NOTHING;
INSERT INTO option_variant (id, name, recommended_price, is_deleted, group_id) VALUES (9262, 'Homemade Pickled Cucumber', 50, false, 1837) ON CONFLICT DO NOTHING;
INSERT INTO option_variant (id, name, recommended_price, is_deleted, group_id) VALUES (9263, 'Hummus Small', 50, false, 1837) ON CONFLICT DO NOTHING;
INSERT INTO option_variant (id, name, recommended_price, is_deleted, group_id) VALUES (9264, 'Sweet chilli & tarragon sauce', 50, false, 1837) ON CONFLICT DO NOTHING;
INSERT INTO option_group (id, name, is_deleted, max_selection, min_selection, restaurant_id) VALUES (1838, 'Shto salcë', false, 1, 0, 18) ON CONFLICT DO NOTHING;
INSERT INTO option_variant (id, name, recommended_price, is_deleted, group_id) VALUES (9265, 'Ketchup Bustine', 20, false, 1838) ON CONFLICT DO NOTHING;
INSERT INTO option_variant (id, name, recommended_price, is_deleted, group_id) VALUES (9266, 'Mustarde - bustine', 20, false, 1838) ON CONFLICT DO NOTHING;
INSERT INTO option_variant (id, name, recommended_price, is_deleted, group_id) VALUES (9267, 'OPA Mayo', 50, false, 1838) ON CONFLICT DO NOTHING;
INSERT INTO option_variant (id, name, recommended_price, is_deleted, group_id) VALUES (9268, 'Mayonnaise Bustine', 20, false, 1838) ON CONFLICT DO NOTHING;
INSERT INTO option_variant (id, name, recommended_price, is_deleted, group_id) VALUES (9269, 'Siraca - small', 60, false, 1838) ON CONFLICT DO NOTHING;
INSERT INTO option_variant (id, name, recommended_price, is_deleted, group_id) VALUES (9270, 'Tirokafteri - small', 70, false, 1838) ON CONFLICT DO NOTHING;
INSERT INTO option_variant (id, name, recommended_price, is_deleted, group_id) VALUES (9271, 'Truffle Mayo', 50, false, 1838) ON CONFLICT DO NOTHING;
INSERT INTO option_variant (id, name, recommended_price, is_deleted, group_id) VALUES (9272, 'Cheddar Sauce ', 50, false, 1838) ON CONFLICT DO NOTHING;
INSERT INTO option_variant (id, name, recommended_price, is_deleted, group_id) VALUES (9273, 'Chili Garlic Mayo', 50, false, 1838) ON CONFLICT DO NOTHING;
INSERT INTO option_variant (id, name, recommended_price, is_deleted, group_id) VALUES (9274, 'Homemade Pickled Cucumber', 50, false, 1838) ON CONFLICT DO NOTHING;
INSERT INTO option_variant (id, name, recommended_price, is_deleted, group_id) VALUES (9275, 'Hummus Small', 50, false, 1838) ON CONFLICT DO NOTHING;
INSERT INTO option_variant (id, name, recommended_price, is_deleted, group_id) VALUES (9276, 'Sweet chilli & tarragon sauce', 50, false, 1838) ON CONFLICT DO NOTHING;
INSERT INTO option_group (id, name, is_deleted, max_selection, min_selection, restaurant_id) VALUES (1839, 'Zgjidh Piten Lunch', false, 1, 0, 18) ON CONFLICT DO NOTHING;
INSERT INTO option_variant (id, name, recommended_price, is_deleted, group_id) VALUES (9277, 'Chicken Gyros', 0, false, 1839) ON CONFLICT DO NOTHING;
INSERT INTO option_variant (id, name, recommended_price, is_deleted, group_id) VALUES (9278, 'Pork Gyros', 0, false, 1839) ON CONFLICT DO NOTHING;
INSERT INTO option_variant (id, name, recommended_price, is_deleted, group_id) VALUES (9279, 'Schnitzel Pita', 0, false, 1839) ON CONFLICT DO NOTHING;
INSERT INTO option_variant (id, name, recommended_price, is_deleted, group_id) VALUES (9280, 'Falafel Pita Yougurt', 0, false, 1839) ON CONFLICT DO NOTHING;
INSERT INTO option_variant (id, name, recommended_price, is_deleted, group_id) VALUES (9281, 'Falafel Pita Hummus', 0, false, 1839) ON CONFLICT DO NOTHING;
INSERT INTO option_group (id, name, is_deleted, max_selection, min_selection, restaurant_id) VALUES (1840, 'Zgjidh Sallaten Lunch', false, 1, 0, 18) ON CONFLICT DO NOTHING;
INSERT INTO option_variant (id, name, recommended_price, is_deleted, group_id) VALUES (9282, 'MD Greek Salad', 0, false, 1840) ON CONFLICT DO NOTHING;
INSERT INTO option_variant (id, name, recommended_price, is_deleted, group_id) VALUES (9283, 'MD Greek Ceasar Salad', 0, false, 1840) ON CONFLICT DO NOTHING;
INSERT INTO option_variant (id, name, recommended_price, is_deleted, group_id) VALUES (9284, 'MD Avocado Salad', 0, false, 1840) ON CONFLICT DO NOTHING;
INSERT INTO option_group (id, name, is_deleted, max_selection, min_selection, restaurant_id) VALUES (1841, 'Chicken Gyros', false, 1, 0, 18) ON CONFLICT DO NOTHING;
INSERT INTO option_variant (id, name, recommended_price, is_deleted, group_id) VALUES (9285, 'Chicken Gyros', 0, false, 1841) ON CONFLICT DO NOTHING;
INSERT INTO option_group (id, name, is_deleted, max_selection, min_selection, restaurant_id) VALUES (1842, 'Zgjidh Pijen Lunch', false, 1, 0, 18) ON CONFLICT DO NOTHING;
INSERT INTO option_variant (id, name, recommended_price, is_deleted, group_id) VALUES (9286, 'Selita Uje natyral 0.5l', 0, false, 1842) ON CONFLICT DO NOTHING;
INSERT INTO option_variant (id, name, recommended_price, is_deleted, group_id) VALUES (9287, 'Coca Cola 0.33l', 0, false, 1842) ON CONFLICT DO NOTHING;
INSERT INTO option_variant (id, name, recommended_price, is_deleted, group_id) VALUES (9288, 'Coca Cola Zero 0.33L', 0, false, 1842) ON CONFLICT DO NOTHING;
INSERT INTO option_group (id, name, is_deleted, max_selection, min_selection, restaurant_id) VALUES (1843, 'Zgjidh Piten Lunch', false, 1, 0, 18) ON CONFLICT DO NOTHING;
INSERT INTO option_variant (id, name, recommended_price, is_deleted, group_id) VALUES (9289, 'Chicken Gyros', 0, false, 1843) ON CONFLICT DO NOTHING;
INSERT INTO option_variant (id, name, recommended_price, is_deleted, group_id) VALUES (9290, 'Pork Gyros', 0, false, 1843) ON CONFLICT DO NOTHING;
INSERT INTO option_variant (id, name, recommended_price, is_deleted, group_id) VALUES (9291, 'Schnitzel Pita', 0, false, 1843) ON CONFLICT DO NOTHING;
INSERT INTO option_variant (id, name, recommended_price, is_deleted, group_id) VALUES (9292, 'Falafel Pita Yougurt', 0, false, 1843) ON CONFLICT DO NOTHING;
INSERT INTO option_variant (id, name, recommended_price, is_deleted, group_id) VALUES (9293, 'Falafel Pita Hummus', 0, false, 1843) ON CONFLICT DO NOTHING;
INSERT INTO option_variant (id, name, recommended_price, is_deleted, group_id) VALUES (9294, 'Truffle Chicken Gyros ', 0, false, 1843) ON CONFLICT DO NOTHING;
INSERT INTO option_group (id, name, is_deleted, max_selection, min_selection, restaurant_id) VALUES (1844, 'Small Fries ', false, 1, 0, 18) ON CONFLICT DO NOTHING;
INSERT INTO option_variant (id, name, recommended_price, is_deleted, group_id) VALUES (9295, 'Small Fries ', 0, false, 1844) ON CONFLICT DO NOTHING;
INSERT INTO option_group (id, name, is_deleted, max_selection, min_selection, restaurant_id) VALUES (1845, 'Zgjidh Protein Lunch', false, 1, 0, 18) ON CONFLICT DO NOTHING;
INSERT INTO option_variant (id, name, recommended_price, is_deleted, group_id) VALUES (9296, 'Pork Skewers 1 cope ', 0, false, 1845) ON CONFLICT DO NOTHING;
INSERT INTO option_variant (id, name, recommended_price, is_deleted, group_id) VALUES (9297, 'Chicken Skewers 1 cope ', 0, false, 1845) ON CONFLICT DO NOTHING;
INSERT INTO option_group (id, name, is_deleted, max_selection, min_selection, restaurant_id) VALUES (1846, 'Pite Tradicionale ', false, 1, 0, 18) ON CONFLICT DO NOTHING;
INSERT INTO option_variant (id, name, recommended_price, is_deleted, group_id) VALUES (9298, 'Traditional Pita', 0, false, 1846) ON CONFLICT DO NOTHING;
INSERT INTO option_group (id, name, is_deleted, max_selection, min_selection, restaurant_id) VALUES (1847, 'Sauces', false, 1, 0, 18) ON CONFLICT DO NOTHING;
INSERT INTO option_variant (id, name, recommended_price, is_deleted, group_id) VALUES (9299, 'Ketchup Bustine', 0, false, 1847) ON CONFLICT DO NOTHING;
INSERT INTO option_variant (id, name, recommended_price, is_deleted, group_id) VALUES (9300, 'Mustarde - bustine', 0, false, 1847) ON CONFLICT DO NOTHING;
INSERT INTO option_group (id, name, is_deleted, max_selection, min_selection, restaurant_id) VALUES (1848, 'Zgjidh madhësinë', false, 1, 0, 18) ON CONFLICT DO NOTHING;
INSERT INTO option_variant (id, name, recommended_price, is_deleted, group_id) VALUES (9301, 'Schnitzel Pita', 0, false, 1848) ON CONFLICT DO NOTHING;
INSERT INTO option_variant (id, name, recommended_price, is_deleted, group_id) VALUES (9302, 'Schnitzel Pita Big', 140, false, 1848) ON CONFLICT DO NOTHING;
INSERT INTO option_group (id, name, is_deleted, max_selection, min_selection, restaurant_id) VALUES (1849, 'Zgjidh madhësinë', false, 1, 0, 18) ON CONFLICT DO NOTHING;
INSERT INTO option_variant (id, name, recommended_price, is_deleted, group_id) VALUES (9303, 'Chicken Gyros DEL', 0, false, 1849) ON CONFLICT DO NOTHING;
INSERT INTO option_variant (id, name, recommended_price, is_deleted, group_id) VALUES (9304, 'Chicken Gyros Big DEL', 110, false, 1849) ON CONFLICT DO NOTHING;
INSERT INTO option_group (id, name, is_deleted, max_selection, min_selection, restaurant_id) VALUES (1850, 'Schnitzel Pita', false, 1, 0, 18) ON CONFLICT DO NOTHING;
INSERT INTO option_variant (id, name, recommended_price, is_deleted, group_id) VALUES (9305, 'Schnitzel Pita', 0, false, 1850) ON CONFLICT DO NOTHING;
INSERT INTO option_group (id, name, is_deleted, max_selection, min_selection, restaurant_id) VALUES (1851, 'Zgjidh bazën', false, 1, 0, 18) ON CONFLICT DO NOTHING;
INSERT INTO option_variant (id, name, recommended_price, is_deleted, group_id) VALUES (9306, 'Athena Vegan Bowl (Rice)', 0, false, 1851) ON CONFLICT DO NOTHING;
INSERT INTO option_variant (id, name, recommended_price, is_deleted, group_id) VALUES (9307, 'Athena Vegan Bowl (Fries)', 0, false, 1851) ON CONFLICT DO NOTHING;
INSERT INTO option_group (id, name, is_deleted, max_selection, min_selection, restaurant_id) VALUES (1852, 'Red Bull Infusion Berry Mix/Mango', false, 1, 0, 18) ON CONFLICT DO NOTHING;
INSERT INTO option_variant (id, name, recommended_price, is_deleted, group_id) VALUES (9308, 'Red Bull Infusion Berry Mix ', 0, false, 1852) ON CONFLICT DO NOTHING;
INSERT INTO option_variant (id, name, recommended_price, is_deleted, group_id) VALUES (9309, 'Red Bull Infusion Mango', 0, false, 1852) ON CONFLICT DO NOTHING;
INSERT INTO option_group (id, name, is_deleted, max_selection, min_selection, restaurant_id) VALUES (1853, 'Chicken Gyros', false, 1, 0, 18) ON CONFLICT DO NOTHING;
INSERT INTO option_variant (id, name, recommended_price, is_deleted, group_id) VALUES (9310, 'Chicken Gyros', 0, false, 1853) ON CONFLICT DO NOTHING;
INSERT INTO option_group (id, name, is_deleted, max_selection, min_selection, restaurant_id) VALUES (1854, 'Small Fries ', false, 1, 0, 18) ON CONFLICT DO NOTHING;
INSERT INTO option_variant (id, name, recommended_price, is_deleted, group_id) VALUES (9311, 'Small Fries ', 0, false, 1854) ON CONFLICT DO NOTHING;
INSERT INTO option_group (id, name, is_deleted, max_selection, min_selection, restaurant_id) VALUES (1855, '2 pieces Kackavall Chips', false, 1, 0, 18) ON CONFLICT DO NOTHING;
INSERT INTO option_variant (id, name, recommended_price, is_deleted, group_id) VALUES (9312, '2 pieces Kackavall Chips', 0, false, 1855) ON CONFLICT DO NOTHING;

-- MENUS & BRANCH MENU ITEMS & OPTIONS --
INSERT INTO menus (id, name, description, image_url, category_id) VALUES (2377, 'Mean Green ', 'Mollë, kastravec, selino, spinaq, xhinxher', 'https://d3u269mlo8clta.cloudfront.net/opa/a9f3bcb8-5810-11f1-8975-e2ee85ef9b09_ahr0chm6ly9zdg9yywdllmdvb2dszwfwaxmuy29tl2lrb25hlwj1y2tldc1wcm9kdwn0aw9ul2ltywdlcy82odgzm2e2mzaznmu4ztc3ntg4njbimzgvv29sdf9pueelmjbnzwfujtiwr3jlzw4tnjhhntg3mwrkmgzlnwu2mzkwnzizmdkylnbuzw__.jpeg.png', 222) ON CONFLICT DO NOTHING;
INSERT INTO menus (id, name, description, image_url, category_id) VALUES (2378, 'Chicken Breast Pita Big Combo', 'Chicken breast pita big, patate, pije, ketchup, mustard

', 'https://d3u269mlo8clta.cloudfront.net/opa/271f7dba-5b3d-11f1-a0ec-ce60ff2c0b4d_ahr0chm6ly9zdg9yywdllmdvb2dszwfwaxmuy29tl2lrb25hlwj1y2tldc1wcm9kdwn0aw9ul2ltywdlcy82odgzm2e2mzaznmu4ztc3ntg4njbimzgvv29sdf9pueelmjbdaglja2vujtiwqnjlyxn0jtiwugl0ysuymenvbwjvlty4ota3otnhmgeyztm5njuwywflytcwmi5wbmc_.jpeg.png', 207) ON CONFLICT DO NOTHING;
INSERT INTO menu_option_groups (menu_id, group_id) VALUES (2378, 1090) ON CONFLICT DO NOTHING;
INSERT INTO menu_option_groups (menu_id, group_id) VALUES (2378, 1117) ON CONFLICT DO NOTHING;
INSERT INTO menu_option_groups (menu_id, group_id) VALUES (2378, 1062) ON CONFLICT DO NOTHING;
INSERT INTO menu_option_groups (menu_id, group_id) VALUES (2378, 1089) ON CONFLICT DO NOTHING;
INSERT INTO menu_option_groups (menu_id, group_id) VALUES (2378, 1087) ON CONFLICT DO NOTHING;
INSERT INTO menu_option_groups (menu_id, group_id) VALUES (2378, 1119) ON CONFLICT DO NOTHING;
INSERT INTO menu_option_groups (menu_id, group_id) VALUES (2378, 1113) ON CONFLICT DO NOTHING;
INSERT INTO menus (id, name, description, image_url, category_id) VALUES (2379, 'OPA Mayo', 'OPA Mayo', 'https://d3u269mlo8clta.cloudfront.net/opa/2af548fc-5b3d-11f1-b255-66762f591619_ahr0chm6ly9zdg9yywdllmdvb2dszwfwaxmuy29tl2lrb25hlwj1y2tldc1wcm9kdwn0aw9ul2ltywdlcy82odgzm2e2mzaznmu4ztc3ntg4njbimzgvt1bbjtiwtwf5byuymfbmvsuymdewmda3mda5lty4yzk0mwjhm2vknta0odqxmju0ndrlzs5wbmc_.jpeg.png', 220) ON CONFLICT DO NOTHING;
INSERT INTO menus (id, name, description, image_url, category_id) VALUES (2380, 'BBQ Chicken Wings (6cope) Combo ', 'BBQ Chicken Wings (6cope) , fries, drink', 'https://d3u269mlo8clta.cloudfront.net/opa/83215cc6-5ccf-11f1-83e6-4e238d7eb25d_ahr0chm6ly9zdg9yywdllmdvb2dszwfwaxmuy29tl2lrb25hlwj1y2tldc1wcm9kdwn0aw9ul2ltywdlcy82odgzm2e2mzaznmu4ztc3ntg4njbimzgvv29sdf9daglja2vujtiwv2luz3mlmja0jtiwy29wzsuymgnvbwjvjtiwlty4zgq3mmy3zthjmwe4yjjhmmnjodnini5wbmc_.jpeg.png', 207) ON CONFLICT DO NOTHING;
INSERT INTO menu_option_groups (menu_id, group_id) VALUES (2380, 1060) ON CONFLICT DO NOTHING;
INSERT INTO menu_option_groups (menu_id, group_id) VALUES (2380, 1119) ON CONFLICT DO NOTHING;
INSERT INTO menu_option_groups (menu_id, group_id) VALUES (2380, 1113) ON CONFLICT DO NOTHING;
INSERT INTO menu_option_groups (menu_id, group_id) VALUES (2380, 1135) ON CONFLICT DO NOTHING;
INSERT INTO menu_option_groups (menu_id, group_id) VALUES (2380, 1139) ON CONFLICT DO NOTHING;
INSERT INTO menu_option_groups (menu_id, group_id) VALUES (2380, 1054) ON CONFLICT DO NOTHING;
INSERT INTO menu_option_groups (menu_id, group_id) VALUES (2380, 1087) ON CONFLICT DO NOTHING;
INSERT INTO menu_option_groups (menu_id, group_id) VALUES (2380, 1119) ON CONFLICT DO NOTHING;
INSERT INTO menu_option_groups (menu_id, group_id) VALUES (2380, 1113) ON CONFLICT DO NOTHING;
INSERT INTO menus (id, name, description, image_url, category_id) VALUES (2381, 'Crispy Chicken Burger ', 'Shnitzel krokant pule, bukë burgeri, djathë cheddar, sallatë, domate, majonezë burgeri', 'https://d3u269mlo8clta.cloudfront.net/opa/860db1b4-5ccf-11f1-91a3-aa50e5e38a2b_ahr0chm6ly9zdg9yywdllmdvb2dszwfwaxmuy29tl2lrb25hlwj1y2tldc1wcm9kdwn0aw9ul2ltywdlcy82odgzm2e2mzaznmu4ztc3ntg4njbimzgvv29sdf9pueelmjbdcmlzchklmjbdaglja2vulty4ota3ztkzyte2m2rkmzjjowi5nge0mi5wbmc_.jpeg.png', 211) ON CONFLICT DO NOTHING;
INSERT INTO menu_option_groups (menu_id, group_id) VALUES (2381, 1112) ON CONFLICT DO NOTHING;
INSERT INTO menu_option_groups (menu_id, group_id) VALUES (2381, 1087) ON CONFLICT DO NOTHING;
INSERT INTO menu_option_groups (menu_id, group_id) VALUES (2381, 1119) ON CONFLICT DO NOTHING;
INSERT INTO menu_option_groups (menu_id, group_id) VALUES (2381, 1113) ON CONFLICT DO NOTHING;
INSERT INTO menus (id, name, description, image_url, category_id) VALUES (2382, '4 Kebab Patatoes ', 'pita, 4 kebab skewers, tomatoes, onions, fries, tzatziki sauce, paprika, lemon', 'https://d3u269mlo8clta.cloudfront.net/opa/c9f7e3f4-59aa-11f1-99df-3e5ee5795ffd_ahr0chm6ly9zdg9yywdllmdvb2dszwfwaxmuy29tl2lrb25hlwj1y2tldc1wcm9kdwn0aw9ul2ltywdlcy82odgzm2e2mzaznmu4ztc3ntg4njbimzgvnhglmjblzwjhyiuymfbhdgf0b2vzlty4owq4otq1y2fkzja5zmzmnze0ognlmi5qcgc_.jpeg.png', 210) ON CONFLICT DO NOTHING;
INSERT INTO menu_option_groups (menu_id, group_id) VALUES (2382, 1081) ON CONFLICT DO NOTHING;
INSERT INTO menu_option_groups (menu_id, group_id) VALUES (2382, 1087) ON CONFLICT DO NOTHING;
INSERT INTO menu_option_groups (menu_id, group_id) VALUES (2382, 1119) ON CONFLICT DO NOTHING;
INSERT INTO menu_option_groups (menu_id, group_id) VALUES (2382, 1113) ON CONFLICT DO NOTHING;
INSERT INTO menus (id, name, description, image_url, category_id) VALUES (2383, 'Chili Garlic Mayo', 'Chili Garlic Mayo', 'https://d3u269mlo8clta.cloudfront.net/opa/bc5e9e08-4e02-11f1-b5fe-c24319c933ee_ahr0chm6ly9zdg9yywdllmdvb2dszwfwaxmuy29tl2lrb25hlwj1y2tldc1wcm9kdwn0aw9ul2ltywdlcy82odgzm2e2mzaznmu4ztc3ntg4njbimzgvq2hpbgklmjbhyxjsawmlmjbnyxlvjtiwuexvjtiwmtawmdcwmjmtnjhjotqxngrlotdmogm4yzgwntm1owywlnbuzw__.jpeg.png', 220) ON CONFLICT DO NOTHING;
INSERT INTO menus (id, name, description, image_url, category_id) VALUES (2384, 'Hermes', 'Tortilla, shishqebap pule i marinuar, sallatë romane, opa majonezë, qepë të kuqe & domate', 'https://d3u269mlo8clta.cloudfront.net/opa/87e2cd80-5ccf-11f1-9dc1-aa50e5e38a2b_ahr0chm6ly9zdg9yywdllmdvb2dszwfwaxmuy29tl2lrb25hlwj1y2tldc1wcm9kdwn0aw9ul2ltywdlcy82odgzm2e2mzaznmu4ztc3ntg4njbimzgvsgvybwvzlty4ownjotzhytvjzwy0nmvjztg2njy4nc5qcgc_.jpeg.png', 218) ON CONFLICT DO NOTHING;
INSERT INTO menu_option_groups (menu_id, group_id) VALUES (2384, 1097) ON CONFLICT DO NOTHING;
INSERT INTO menu_option_groups (menu_id, group_id) VALUES (2384, 1087) ON CONFLICT DO NOTHING;
INSERT INTO menu_option_groups (menu_id, group_id) VALUES (2384, 1119) ON CONFLICT DO NOTHING;
INSERT INTO menu_option_groups (menu_id, group_id) VALUES (2384, 1113) ON CONFLICT DO NOTHING;
INSERT INTO menus (id, name, description, image_url, category_id) VALUES (2385, 'Green Juice ', 'Apple, celery, mint, cucumber, ginger', '', 222) ON CONFLICT DO NOTHING;
INSERT INTO menus (id, name, description, image_url, category_id) VALUES (2386, 'Schnitzel Pita Combo ', 'Schnitzel pite, patate të skuqura, pije ketchup, mustardë', 'https://d3u269mlo8clta.cloudfront.net/opa/830227e8-5ccf-11f1-83e6-4e238d7eb25d_ahr0chm6ly9zdg9yywdllmdvb2dszwfwaxmuy29tl2lrb25hlwj1y2tldc1wcm9kdwn0aw9ul2ltywdlcy82odgzm2e2mzaznmu4ztc3ntg4njbimzgvu2nobml0emvsjtiwq29tym8tnjg5mddhzwy3m2rjmwu0zge2otvinzcylnbuzw__.jpeg.png', 207) ON CONFLICT DO NOTHING;
INSERT INTO menu_option_groups (menu_id, group_id) VALUES (2386, 978) ON CONFLICT DO NOTHING;
INSERT INTO menu_option_groups (menu_id, group_id) VALUES (2386, 1092) ON CONFLICT DO NOTHING;
INSERT INTO menu_option_groups (menu_id, group_id) VALUES (2386, 1054) ON CONFLICT DO NOTHING;
INSERT INTO menu_option_groups (menu_id, group_id) VALUES (2386, 1089) ON CONFLICT DO NOTHING;
INSERT INTO menu_option_groups (menu_id, group_id) VALUES (2386, 1087) ON CONFLICT DO NOTHING;
INSERT INTO menu_option_groups (menu_id, group_id) VALUES (2386, 1119) ON CONFLICT DO NOTHING;
INSERT INTO menu_option_groups (menu_id, group_id) VALUES (2386, 1113) ON CONFLICT DO NOTHING;
INSERT INTO menus (id, name, description, image_url, category_id) VALUES (2387, 'Baladin 0.33L ', 'Baladin 0.33L ', 'https://d3u269mlo8clta.cloudfront.net/opa/2b0b5872-5b3d-11f1-b20c-5a781360214a_ahr0chm6ly9zdg9yywdllmdvb2dszwfwaxmuy29tl2lrb25hlwj1y2tldc1wcm9kdwn0aw9ul2ltywdlcy82odgzm2e2mzaznmu4ztc3ntg4njbimzgvqkfmqurjti1ju0fbq185mdb4lty4zdnlnjvlyziyngq5mmfin2zlndy0zs5qcgc_.jpeg.png', 221) ON CONFLICT DO NOTHING;
INSERT INTO menus (id, name, description, image_url, category_id) VALUES (2388, 'Selita 0.5L Natyral', 'Selita 0.5L Natyral', 'https://d3u269mlo8clta.cloudfront.net/opa/4955dda6-5c06-11f1-b78f-821f4baea331_ahr0chm6ly9zdg9yywdllmdvb2dszwfwaxmuy29tl2lrb25hlwj1y2tldc1wcm9kdwn0aw9ul2ltywdlcy82odgzm2e2mzaznmu4ztc3ntg4njbimzgvymizmgmzztatzte0zc0xmwvlltg0ndgtzdyxmje3n2q4m2i2x2rvd25sb2fkx18xxy02ogqzzdyxnmfioti2ogrkodbknjm4mwyuanbn.jpeg.png', 219) ON CONFLICT DO NOTHING;
INSERT INTO menus (id, name, description, image_url, category_id) VALUES (2389, 'Fanta Orange 0.33 ', 'Fanta Orange 0.33 ', 'https://d3u269mlo8clta.cloudfront.net/opa/87eb12ba-5ccf-11f1-9dc1-aa50e5e38a2b_ahr0chm6ly9zdg9yywdllmdvb2dszwfwaxmuy29tl2lrb25hlwj1y2tldc1wcm9kdwn0aw9ul2ltywdlcy82odgzm2e2mzaznmu4ztc3ntg4njbimzgvmjk1zdqzyzatzgzlni0xmwvllwjhngitn2ezmjqyotqzzmi1x2zhbnrhx29yyw5nzwfkzs02ogqzzgnln2jmmzdlzte5yzbimtq1nzeucg5n.jpeg.png', 219) ON CONFLICT DO NOTHING;
INSERT INTO menus (id, name, description, image_url, category_id) VALUES (2390, 'Roast Lamb Sandwich Meal ', 'roast lamb sandwich, fries, drinks, sauces', 'https://d3u269mlo8clta.cloudfront.net/opa/f1ee32d8-55bc-11f1-9d1c-f20d2b669b14_ahr0chm6ly9zdg9yywdllmdvb2dszwfwaxmuy29tl2lrb25hlwj1y2tldc1wcm9kdwn0aw9ul2ltywdlcy82odgzm2e2mzaznmu4ztc3ntg4njbimzgvv29sdf9sb2fzdcuymexhbwilmjbdb21iby02yta0nzm0mzvknzrhyjfiyjzmndjlymiucg5n.jpeg.png', 204) ON CONFLICT DO NOTHING;
INSERT INTO menu_option_groups (menu_id, group_id) VALUES (2390, 1099) ON CONFLICT DO NOTHING;
INSERT INTO menu_option_groups (menu_id, group_id) VALUES (2390, 1092) ON CONFLICT DO NOTHING;
INSERT INTO menu_option_groups (menu_id, group_id) VALUES (2390, 1054) ON CONFLICT DO NOTHING;
INSERT INTO menu_option_groups (menu_id, group_id) VALUES (2390, 1089) ON CONFLICT DO NOTHING;
INSERT INTO menu_option_groups (menu_id, group_id) VALUES (2390, 1087) ON CONFLICT DO NOTHING;
INSERT INTO menu_option_groups (menu_id, group_id) VALUES (2390, 1113) ON CONFLICT DO NOTHING;
INSERT INTO menu_option_groups (menu_id, group_id) VALUES (2390, 1119) ON CONFLICT DO NOTHING;
INSERT INTO menus (id, name, description, image_url, category_id) VALUES (2391, 'Fanta Zero Lemon 0.33 ', 'Fanta Zero Lemon 0.33 ', 'https://d3u269mlo8clta.cloudfront.net/opa/2acecf2e-5b3d-11f1-b20c-5a781360214a_ahr0chm6ly9zdg9yywdllmdvb2dszwfwaxmuy29tl2lrb25hlwj1y2tldc1wcm9kdwn0aw9ul2ltywdlcy82odgzm2e2mzaznmu4ztc3ntg4njbimzgvnjhimtljztizy2ixnmrmywyxoda3yty0lty4zdnky2u3ymyzn2vlmtljmgixndu3oc5wbmc_.jpeg.png', 219) ON CONFLICT DO NOTHING;
INSERT INTO menus (id, name, description, image_url, category_id) VALUES (2392, 'Kebab Pita Big Combo', 'Qebap pita big, patate të skuqura, pije, ketchup, mustardë', 'https://d3u269mlo8clta.cloudfront.net/opa/82f58736-5ccf-11f1-83e6-4e238d7eb25d_ahr0chm6ly9zdg9yywdllmdvb2dszwfwaxmuy29tl2lrb25hlwj1y2tldc1wcm9kdwn0aw9ul2ltywdlcy82odgzm2e2mzaznmu4ztc3ntg4njbimzgvv29sdf9pueelmjblzwjhyiuymfbpdgetnjg5mdc5otjly2jiotk1zgfjngnmzjzmlnbuzw__.jpeg.png', 207) ON CONFLICT DO NOTHING;
INSERT INTO menu_option_groups (menu_id, group_id) VALUES (2392, 1095) ON CONFLICT DO NOTHING;
INSERT INTO menu_option_groups (menu_id, group_id) VALUES (2392, 1117) ON CONFLICT DO NOTHING;
INSERT INTO menu_option_groups (menu_id, group_id) VALUES (2392, 1062) ON CONFLICT DO NOTHING;
INSERT INTO menu_option_groups (menu_id, group_id) VALUES (2392, 1089) ON CONFLICT DO NOTHING;
INSERT INTO menu_option_groups (menu_id, group_id) VALUES (2392, 1087) ON CONFLICT DO NOTHING;
INSERT INTO menu_option_groups (menu_id, group_id) VALUES (2392, 1119) ON CONFLICT DO NOTHING;
INSERT INTO menu_option_groups (menu_id, group_id) VALUES (2392, 1113) ON CONFLICT DO NOTHING;
INSERT INTO menus (id, name, description, image_url, category_id) VALUES (2393, 'Feta Cheese', 'Feta Cheese', 'https://d3u269mlo8clta.cloudfront.net/opa/9f902f44-43cb-11f1-bf87-9291eb7f5333_ahr0chm6ly9zdg9yywdllmdvb2dszwfwaxmuy29tl2lrb25hlwj1y2tldc1wcm9kdwn0aw9ul2ltywdlcy82odgzm2e2mzaznmu4ztc3ntg4njbimzgvv29sdf9pueffrmv0ysuymenozwvzzs02ogm5mzqyzmjlmgvhytczyjkyyjljytcucg5n.jpeg.png', 212) ON CONFLICT DO NOTHING;
INSERT INTO menu_option_groups (menu_id, group_id) VALUES (2393, 1113) ON CONFLICT DO NOTHING;
INSERT INTO menu_option_groups (menu_id, group_id) VALUES (2393, 1104) ON CONFLICT DO NOTHING;
INSERT INTO menus (id, name, description, image_url, category_id) VALUES (2394, 'Chicken Gyros Bowl', 'Oriz me perime ose patate, gjiro pule, salcë opa majonezë, sallatë greke, pita, paprika', 'https://d3u269mlo8clta.cloudfront.net/opa/85fb2b8e-5ccf-11f1-91a3-aa50e5e38a2b_ahr0chm6ly9zdg9yywdllmdvb2dszwfwaxmuy29tl2lrb25hlwj1y2tldc1wcm9kdwn0aw9ul2ltywdlcy82odgzm2e2mzaznmu4ztc3ntg4njbimzgvnjg0mwjlmwy0ytc1ytdkymq3nti2njm3lty4zdnky2u3ymyzn2vlmtljmgixndu4ni5wbmc_.jpeg.png', 209) ON CONFLICT DO NOTHING;
INSERT INTO menu_option_groups (menu_id, group_id) VALUES (2394, 1048) ON CONFLICT DO NOTHING;
INSERT INTO menu_option_groups (menu_id, group_id) VALUES (2394, 1087) ON CONFLICT DO NOTHING;
INSERT INTO menu_option_groups (menu_id, group_id) VALUES (2394, 1113) ON CONFLICT DO NOTHING;
INSERT INTO menu_option_groups (menu_id, group_id) VALUES (2394, 1104) ON CONFLICT DO NOTHING;
INSERT INTO menu_option_groups (menu_id, group_id) VALUES (2394, 1119) ON CONFLICT DO NOTHING;
INSERT INTO menus (id, name, description, image_url, category_id) VALUES (2395, 'BBQ Chicken Wings (6cope) Combo ', 'BBQ Chicken Wings (6cope) , fries, drink', 'https://d3u269mlo8clta.cloudfront.net/opa/83215cc6-5ccf-11f1-83e6-4e238d7eb25d_ahr0chm6ly9zdg9yywdllmdvb2dszwfwaxmuy29tl2lrb25hlwj1y2tldc1wcm9kdwn0aw9ul2ltywdlcy82odgzm2e2mzaznmu4ztc3ntg4njbimzgvv29sdf9daglja2vujtiwv2luz3mlmja0jtiwy29wzsuymgnvbwjvjtiwlty4zgq3mmy3zthjmwe4yjjhmmnjodnini5wbmc_.jpeg.png', 208) ON CONFLICT DO NOTHING;
INSERT INTO menu_option_groups (menu_id, group_id) VALUES (2395, 1060) ON CONFLICT DO NOTHING;
INSERT INTO menu_option_groups (menu_id, group_id) VALUES (2395, 1119) ON CONFLICT DO NOTHING;
INSERT INTO menu_option_groups (menu_id, group_id) VALUES (2395, 1113) ON CONFLICT DO NOTHING;
INSERT INTO menu_option_groups (menu_id, group_id) VALUES (2395, 1135) ON CONFLICT DO NOTHING;
INSERT INTO menu_option_groups (menu_id, group_id) VALUES (2395, 1139) ON CONFLICT DO NOTHING;
INSERT INTO menu_option_groups (menu_id, group_id) VALUES (2395, 1054) ON CONFLICT DO NOTHING;
INSERT INTO menu_option_groups (menu_id, group_id) VALUES (2395, 1087) ON CONFLICT DO NOTHING;
INSERT INTO menu_option_groups (menu_id, group_id) VALUES (2395, 1119) ON CONFLICT DO NOTHING;
INSERT INTO menu_option_groups (menu_id, group_id) VALUES (2395, 1113) ON CONFLICT DO NOTHING;
INSERT INTO menus (id, name, description, image_url, category_id) VALUES (2396, 'Schnitzel Wrap Big ', 'tortilla, pule e skuqur krokante, domate, sallate, salce djegese me majoneze dhe hudher, djathe cedar', 'https://d3u269mlo8clta.cloudfront.net/opa/855df288-5ccf-11f1-91a3-aa50e5e38a2b_ahr0chm6ly9zdg9yywdllmdvb2dszwfwaxmuy29tl2lrb25hlwj1y2tldc1wcm9kdwn0aw9ul2ltywdlcy82odgzm2e2mzaznmu4ztc3ntg4njbimzgvv29sdf9fu2nobml0emvsjtiwv3jhcc02ogrknzjmn2u4yzfhogiyytjjyzgzyjuucg5n.jpeg.png', 208) ON CONFLICT DO NOTHING;
INSERT INTO menu_option_groups (menu_id, group_id) VALUES (2396, 1087) ON CONFLICT DO NOTHING;
INSERT INTO menu_option_groups (menu_id, group_id) VALUES (2396, 1119) ON CONFLICT DO NOTHING;
INSERT INTO menu_option_groups (menu_id, group_id) VALUES (2396, 1113) ON CONFLICT DO NOTHING;
INSERT INTO menus (id, name, description, image_url, category_id) VALUES (2397, 'Athena Vegan Bowl 🥬', 'Oriz me perime ose patate të skuqura, greekamole, falafel, misër, sallatë greke, rrepkë, pite, lajm ', 'https://d3u269mlo8clta.cloudfront.net/opa/85ecd16a-5ccf-11f1-91a3-aa50e5e38a2b_ahr0chm6ly9zdg9yywdllmdvb2dszwfwaxmuy29tl2lrb25hlwj1y2tldc1wcm9kdwn0aw9ul2ltywdlcy82odgzm2e2mzaznmu4ztc3ntg4njbimzgvnjg2ngzlmtaxmdqxztfjngmxotk5ntc3lty4zdnky2u3ymyzn2vlmtljmgixndu4ny5wbmc_.jpeg.png', 209) ON CONFLICT DO NOTHING;
INSERT INTO menu_option_groups (menu_id, group_id) VALUES (2397, 1147) ON CONFLICT DO NOTHING;
INSERT INTO menu_option_groups (menu_id, group_id) VALUES (2397, 1087) ON CONFLICT DO NOTHING;
INSERT INTO menu_option_groups (menu_id, group_id) VALUES (2397, 1113) ON CONFLICT DO NOTHING;
INSERT INTO menu_option_groups (menu_id, group_id) VALUES (2397, 1104) ON CONFLICT DO NOTHING;
INSERT INTO menu_option_groups (menu_id, group_id) VALUES (2397, 1119) ON CONFLICT DO NOTHING;
INSERT INTO menus (id, name, description, image_url, category_id) VALUES (2398, 'Homemade Pickled Cucumber', 'Homemade Pickled Cucumber', 'https://d3u269mlo8clta.cloudfront.net/opa/ceb46048-59aa-11f1-93ad-96266858967f_ahr0chm6ly9zdg9yywdllmdvb2dszwfwaxmuy29tl2lrb25hlwj1y2tldc1wcm9kdwn0aw9ul2ltywdlcy82odgzm2e2mzaznmu4ztc3ntg4njbimzgvsg9tzw1hzgulmjbqawnrbgulmjbddwn1bwjlciuymfbmvsuymdewmda3mdi0lty4y2e2yjm4njk4nznhowfkmta2zty4zi5wbmc_.jpeg.png', 220) ON CONFLICT DO NOTHING;
INSERT INTO menus (id, name, description, image_url, category_id) VALUES (2399, 'Eros Big Combo', 'Eros wrap big, patate të skuqura, pije, ketchup, mustardë
', 'https://d3u269mlo8clta.cloudfront.net/opa/830f2ede-5ccf-11f1-83e6-4e238d7eb25d_ahr0chm6ly9zdg9yywdllmdvb2dszwfwaxmuy29tl2lrb25hlwj1y2tldc1wcm9kdwn0aw9ul2ltywdlcy82odgzm2e2mzaznmu4ztc3ntg4njbimzgvrxjvcyuymenvbwjvlty4ota3odc5ytvjzwy0nmvjztg2m2vmoc5wbmc_.jpeg.png', 207) ON CONFLICT DO NOTHING;
INSERT INTO menu_option_groups (menu_id, group_id) VALUES (2399, 1130) ON CONFLICT DO NOTHING;
INSERT INTO menu_option_groups (menu_id, group_id) VALUES (2399, 1117) ON CONFLICT DO NOTHING;
INSERT INTO menu_option_groups (menu_id, group_id) VALUES (2399, 1062) ON CONFLICT DO NOTHING;
INSERT INTO menu_option_groups (menu_id, group_id) VALUES (2399, 1089) ON CONFLICT DO NOTHING;
INSERT INTO menu_option_groups (menu_id, group_id) VALUES (2399, 1087) ON CONFLICT DO NOTHING;
INSERT INTO menu_option_groups (menu_id, group_id) VALUES (2399, 1119) ON CONFLICT DO NOTHING;
INSERT INTO menu_option_groups (menu_id, group_id) VALUES (2399, 1113) ON CONFLICT DO NOTHING;
INSERT INTO menus (id, name, description, image_url, category_id) VALUES (2400, 'Lemon Soda 0.33', 'Lemon Soda 0.33', 'https://d3u269mlo8clta.cloudfront.net/opa/87f6c1dc-5ccf-11f1-9dc1-aa50e5e38a2b_ahr0chm6ly9zdg9yywdllmdvb2dszwfwaxmuy29tl2lrb25hlwj1y2tldc1wcm9kdwn0aw9ul2ltywdlcy82odgzm2e2mzaznmu4ztc3ntg4njbimzgvnjzlmde5yjk1mgzjnwu2nzg5zwe4mtnjlty4zdnky2u3ymyzn2vlmtljmgixndu3ni5qcgvn.jpeg.png', 219) ON CONFLICT DO NOTHING;
INSERT INTO menus (id, name, description, image_url, category_id) VALUES (2401, 'Red Roar ', 'Karrotë, panxhar, mollë, limon, xhinxher', 'https://d3u269mlo8clta.cloudfront.net/opa/4e09604a-55ec-11f1-96d9-324858f7876b_ahr0chm6ly9zdg9yywdllmdvb2dszwfwaxmuy29tl2lrb25hlwj1y2tldc1wcm9kdwn0aw9ul2ltywdlcy82odgzm2e2mzaznmu4ztc3ntg4njbimzgvv29sdf9pueelmjbszwqlmjbsb2fyjtiwyw5kjtiwsgfuz292zxitnjhhntg3mwrkmgzlnwu2mzkwnzizmdkwlnbuzw__.jpeg.png', 222) ON CONFLICT DO NOTHING;
INSERT INTO menus (id, name, description, image_url, category_id) VALUES (2402, 'Apollo Pita', 'Pite, shishqebap gici i marinuar, domate, qepë të kuqe, tirokafteri, paprika', 'https://d3u269mlo8clta.cloudfront.net/opa/3c035082-544c-11f1-ad33-2e1ca93508c8_ahr0chm6ly9zdg9yywdllmdvb2dszwfwaxmuy29tl2lrb25hlwj1y2tldc1wcm9kdwn0aw9ul2ltywdlcy82odgzm2e2mzaznmu4ztc3ntg4njbimzgvqxbvbgxvjtiwugl0ys02odkwn2m0nznmzmninjvmoddjzjixzgiucg5n.jpeg.png', 211) ON CONFLICT DO NOTHING;
INSERT INTO menu_option_groups (menu_id, group_id) VALUES (2402, 1105) ON CONFLICT DO NOTHING;
INSERT INTO menu_option_groups (menu_id, group_id) VALUES (2402, 1087) ON CONFLICT DO NOTHING;
INSERT INTO menu_option_groups (menu_id, group_id) VALUES (2402, 1119) ON CONFLICT DO NOTHING;
INSERT INTO menu_option_groups (menu_id, group_id) VALUES (2402, 1113) ON CONFLICT DO NOTHING;
INSERT INTO menus (id, name, description, image_url, category_id) VALUES (2403, 'Lipton Ice Tea Peach 0.33', 'Lipton Ice Tea Peach 0.33', 'https://d3u269mlo8clta.cloudfront.net/opa/d9b785d8-5770-11f1-a865-7acffcb6af02_ahr0chm6ly9zdg9yywdllmdvb2dszwfwaxmuy29tl2lrb25hlwj1y2tldc1wcm9kdwn0aw9ul2ltywdlcy82odgzm2e2mzaznmu4ztc3ntg4njbimzgvnjzlmde5mziwzta1mjq1zmriotawyjfilty4zdnky2u3ymyzn2vlmtljmgixndu3nc5wbmc_.jpeg.png', 219) ON CONFLICT DO NOTHING;
INSERT INTO menus (id, name, description, image_url, category_id) VALUES (2404, 'Chicken Gyros', 'Pite, gjiro pule, salcë opa majonezë, sallatë romane, patate të skuqura, paprika, domate', 'https://d3u269mlo8clta.cloudfront.net/opa/ca73639e-59aa-11f1-92b4-1ad39886056e_ahr0chm6ly9zdg9yywdllmdvb2dszwfwaxmuy29tl2lrb25hlwj1y2tldc1wcm9kdwn0aw9ul2ltywdlcy82odgzm2e2mzaznmu4ztc3ntg4njbimzgvy2hpy2tlbi1nexjvcy1waxrhlty4ogm4mmywm2zmy2i2nwy4n2nmmthios5qcgc_.jpeg.png', 213) ON CONFLICT DO NOTHING;
INSERT INTO menu_option_groups (menu_id, group_id) VALUES (2404, 974) ON CONFLICT DO NOTHING;
INSERT INTO menu_option_groups (menu_id, group_id) VALUES (2404, 1087) ON CONFLICT DO NOTHING;
INSERT INTO menu_option_groups (menu_id, group_id) VALUES (2404, 1119) ON CONFLICT DO NOTHING;
INSERT INTO menu_option_groups (menu_id, group_id) VALUES (2404, 1113) ON CONFLICT DO NOTHING;
INSERT INTO menus (id, name, description, image_url, category_id) VALUES (2405, 'Schnitzel Wrap Big Combo ', 'schnitzel wrap big, fries, drink, ketchup, mustard', 'https://d3u269mlo8clta.cloudfront.net/opa/831d654e-5ccf-11f1-83e6-4e238d7eb25d_ahr0chm6ly9zdg9yywdllmdvb2dszwfwaxmuy29tl2lrb25hlwj1y2tldc1wcm9kdwn0aw9ul2ltywdlcy82odgzm2e2mzaznmu4ztc3ntg4njbimzgvv29sdf9fu2nobml0emvsjtiwv3jhccuymgjpzyuymgnvbwjvjtiwlty4zgq3mmy3zthjmwe4yjjhmmnjodnimy5wbmc_.jpeg.png', 207) ON CONFLICT DO NOTHING;
INSERT INTO menu_option_groups (menu_id, group_id) VALUES (2405, 1125) ON CONFLICT DO NOTHING;
INSERT INTO menu_option_groups (menu_id, group_id) VALUES (2405, 1139) ON CONFLICT DO NOTHING;
INSERT INTO menu_option_groups (menu_id, group_id) VALUES (2405, 1123) ON CONFLICT DO NOTHING;
INSERT INTO menu_option_groups (menu_id, group_id) VALUES (2405, 1089) ON CONFLICT DO NOTHING;
INSERT INTO menu_option_groups (menu_id, group_id) VALUES (2405, 1087) ON CONFLICT DO NOTHING;
INSERT INTO menu_option_groups (menu_id, group_id) VALUES (2405, 1119) ON CONFLICT DO NOTHING;
INSERT INTO menu_option_groups (menu_id, group_id) VALUES (2405, 1113) ON CONFLICT DO NOTHING;
INSERT INTO menus (id, name, description, image_url, category_id) VALUES (2406, 'Aphrodite Pita', 'Aphrodite Pita', 'https://d3u269mlo8clta.cloudfront.net/opa/8617bca4-5ccf-11f1-91a3-aa50e5e38a2b_ahr0chm6ly9zdg9yywdllmdvb2dszwfwaxmuy29tl2lrb25hlwj1y2tldc1wcm9kdwn0aw9ul2ltywdlcy82odgzm2e2mzaznmu4ztc3ntg4njbimzgvnjg2ngzkztcxmdqxztfjngmxotk5ntzklty4zdnlmgyxymyzn2vlmtljmgixndvknc5wbmc_.jpeg.png', 211) ON CONFLICT DO NOTHING;
INSERT INTO menu_option_groups (menu_id, group_id) VALUES (2406, 1087) ON CONFLICT DO NOTHING;
INSERT INTO menu_option_groups (menu_id, group_id) VALUES (2406, 1119) ON CONFLICT DO NOTHING;
INSERT INTO menu_option_groups (menu_id, group_id) VALUES (2406, 1113) ON CONFLICT DO NOTHING;
INSERT INTO menus (id, name, description, image_url, category_id) VALUES (2407, 'Power Combo', 'chicken gyros, crispy chicken burger, fries, sauce, drinks 🔥🚀', 'https://d3u269mlo8clta.cloudfront.net/opa/939608ca-542a-11f1-b96e-929cbda32991_ahr0chm6ly9zdg9yywdllmdvb2dszwfwaxmuy29tl2lrb25hlwj1y2tldc1wcm9kdwn0aw9ul2ltywdlcy82odgzm2e2mzaznmu4ztc3ntg4njbimzgvv29sdf9qb3dlciuymenvbwjvlty5zjq2zme0ntk1yjnmytc1ywu0n2u3zc5wbmc_.jpeg.png', 205) ON CONFLICT DO NOTHING;
INSERT INTO menu_option_groups (menu_id, group_id) VALUES (2407, 976) ON CONFLICT DO NOTHING;
INSERT INTO menu_option_groups (menu_id, group_id) VALUES (2407, 979) ON CONFLICT DO NOTHING;
INSERT INTO menu_option_groups (menu_id, group_id) VALUES (2407, 1111) ON CONFLICT DO NOTHING;
INSERT INTO menu_option_groups (menu_id, group_id) VALUES (2407, 1109) ON CONFLICT DO NOTHING;
INSERT INTO menu_option_groups (menu_id, group_id) VALUES (2407, 1063) ON CONFLICT DO NOTHING;
INSERT INTO menus (id, name, description, image_url, category_id) VALUES (2408, 'Falafel Pita Big Combo', 'Falafal pita big, patate të skuqura, pije, ketchup, mustardë', 'https://d3u269mlo8clta.cloudfront.net/opa/0dc686d2-4f95-11f1-8de9-ae2b87b01858_ahr0chm6ly9zdg9yywdllmdvb2dszwfwaxmuy29tl2lrb25hlwj1y2tldc1wcm9kdwn0aw9ul2ltywdlcy82odgzm2e2mzaznmu4ztc3ntg4njbimzgvrmfsywzltcuymenptujplty4ota3oge1zdvmmdqxzdhhyzbhntc4mi5wbmc_.jpeg.png', 207) ON CONFLICT DO NOTHING;
INSERT INTO menu_option_groups (menu_id, group_id) VALUES (2408, 1108) ON CONFLICT DO NOTHING;
INSERT INTO menu_option_groups (menu_id, group_id) VALUES (2408, 1117) ON CONFLICT DO NOTHING;
INSERT INTO menu_option_groups (menu_id, group_id) VALUES (2408, 1062) ON CONFLICT DO NOTHING;
INSERT INTO menu_option_groups (menu_id, group_id) VALUES (2408, 1089) ON CONFLICT DO NOTHING;
INSERT INTO menu_option_groups (menu_id, group_id) VALUES (2408, 1087) ON CONFLICT DO NOTHING;
INSERT INTO menu_option_groups (menu_id, group_id) VALUES (2408, 1119) ON CONFLICT DO NOTHING;
INSERT INTO menu_option_groups (menu_id, group_id) VALUES (2408, 1113) ON CONFLICT DO NOTHING;
INSERT INTO menus (id, name, description, image_url, category_id) VALUES (2409, 'Schnitzel Pita Big Combo', 'Schnitzel pite big, patate të skuqura, pije ketchup, mustardë', 'https://d3u269mlo8clta.cloudfront.net/opa/830227e8-5ccf-11f1-83e6-4e238d7eb25d_ahr0chm6ly9zdg9yywdllmdvb2dszwfwaxmuy29tl2lrb25hlwj1y2tldc1wcm9kdwn0aw9ul2ltywdlcy82odgzm2e2mzaznmu4ztc3ntg4njbimzgvu2nobml0emvsjtiwq29tym8tnjg5mddhzwy3m2rjmwu0zge2otvinzcylnbuzw__.jpeg.png', 207) ON CONFLICT DO NOTHING;
INSERT INTO menu_option_groups (menu_id, group_id) VALUES (2409, 1121) ON CONFLICT DO NOTHING;
INSERT INTO menu_option_groups (menu_id, group_id) VALUES (2409, 1117) ON CONFLICT DO NOTHING;
INSERT INTO menu_option_groups (menu_id, group_id) VALUES (2409, 1062) ON CONFLICT DO NOTHING;
INSERT INTO menu_option_groups (menu_id, group_id) VALUES (2409, 1089) ON CONFLICT DO NOTHING;
INSERT INTO menu_option_groups (menu_id, group_id) VALUES (2409, 1142) ON CONFLICT DO NOTHING;
INSERT INTO menu_option_groups (menu_id, group_id) VALUES (2409, 1115) ON CONFLICT DO NOTHING;
INSERT INTO menu_option_groups (menu_id, group_id) VALUES (2409, 1129) ON CONFLICT DO NOTHING;
INSERT INTO menus (id, name, description, image_url, category_id) VALUES (2410, 'Zeus', 'Tortilla, gjiro gici, tzatziki, sallatë romane, qepë të kuqe & domate', 'https://d3u269mlo8clta.cloudfront.net/opa/865094f2-5ccf-11f1-91a3-aa50e5e38a2b_ahr0chm6ly9zdg9yywdllmdvb2dszwfwaxmuy29tl2lrb25hlwj1y2tldc1wcm9kdwn0aw9ul2ltywdlcy82odgzm2e2mzaznmu4ztc3ntg4njbimzgvwmv1cy02odljyzk2ywe1y2vmndzly2u4njy2oduuanbn.jpeg.png', 218) ON CONFLICT DO NOTHING;
INSERT INTO menu_option_groups (menu_id, group_id) VALUES (2410, 1084) ON CONFLICT DO NOTHING;
INSERT INTO menu_option_groups (menu_id, group_id) VALUES (2410, 1087) ON CONFLICT DO NOTHING;
INSERT INTO menu_option_groups (menu_id, group_id) VALUES (2410, 1119) ON CONFLICT DO NOTHING;
INSERT INTO menu_option_groups (menu_id, group_id) VALUES (2410, 1113) ON CONFLICT DO NOTHING;
INSERT INTO menus (id, name, description, image_url, category_id) VALUES (2411, 'Minced Beef Skepasti', 'Pite, qofte viçi, domate, qepë të kuqe, majonezë burgeri, salcë BBQ, paprika, patate të skuqura, kastravec turshi të bërë në shtëpi', 'https://d3u269mlo8clta.cloudfront.net/opa/860a4d80-5ccf-11f1-91a3-aa50e5e38a2b_ahr0chm6ly9zdg9yywdllmdvb2dszwfwaxmuy29tl2lrb25hlwj1y2tldc1wcm9kdwn0aw9ul2ltywdlcy82odgzm2e2mzaznmu4ztc3ntg4njbimzgvtwluy2vkjtiwqmvlziuymfnrzxbhc3rplty4ota3zta0zwniyjk5nwrhyzrjzmy4oc5wbmc_.jpeg.png', 211) ON CONFLICT DO NOTHING;
INSERT INTO menu_option_groups (menu_id, group_id) VALUES (2411, 1053) ON CONFLICT DO NOTHING;
INSERT INTO menu_option_groups (menu_id, group_id) VALUES (2411, 1049) ON CONFLICT DO NOTHING;
INSERT INTO menu_option_groups (menu_id, group_id) VALUES (2411, 1087) ON CONFLICT DO NOTHING;
INSERT INTO menu_option_groups (menu_id, group_id) VALUES (2411, 1119) ON CONFLICT DO NOTHING;
INSERT INTO menu_option_groups (menu_id, group_id) VALUES (2411, 1113) ON CONFLICT DO NOTHING;
INSERT INTO menus (id, name, description, image_url, category_id) VALUES (2412, 'Halloumi Pita Big Combo', 'Pita halloumi big, patate të skuqura, pije, ketchup, mustardë', 'https://d3u269mlo8clta.cloudfront.net/opa/83007b46-5ccf-11f1-83e6-4e238d7eb25d_ahr0chm6ly9zdg9yywdllmdvb2dszwfwaxmuy29tl2lrb25hlwj1y2tldc1wcm9kdwn0aw9ul2ltywdlcy82odgzm2e2mzaznmu4ztc3ntg4njbimzgvv29sdf9pueelmjbiywxsb3vtasuymfbpdgetnjg5mdc4zjdhnwnlzjq2zwnlodyzzwzilnbuzw__.jpeg.png', 207) ON CONFLICT DO NOTHING;
INSERT INTO menu_option_groups (menu_id, group_id) VALUES (2412, 1058) ON CONFLICT DO NOTHING;
INSERT INTO menu_option_groups (menu_id, group_id) VALUES (2412, 1117) ON CONFLICT DO NOTHING;
INSERT INTO menu_option_groups (menu_id, group_id) VALUES (2412, 1062) ON CONFLICT DO NOTHING;
INSERT INTO menu_option_groups (menu_id, group_id) VALUES (2412, 1089) ON CONFLICT DO NOTHING;
INSERT INTO menu_option_groups (menu_id, group_id) VALUES (2412, 1087) ON CONFLICT DO NOTHING;
INSERT INTO menu_option_groups (menu_id, group_id) VALUES (2412, 1119) ON CONFLICT DO NOTHING;
INSERT INTO menu_option_groups (menu_id, group_id) VALUES (2412, 1113) ON CONFLICT DO NOTHING;
INSERT INTO menus (id, name, description, image_url, category_id) VALUES (2413, 'Moussaka Croquettes', 'Kroketa krokante me ragu viçi, mollë jeshile, pastë domate dhe djathë parmigiano', 'https://d3u269mlo8clta.cloudfront.net/opa/86217b18-5ccf-11f1-91a3-aa50e5e38a2b_ahr0chm6ly9zdg9yywdllmdvb2dszwfwaxmuy29tl2lrb25hlwj1y2tldc1wcm9kdwn0aw9ul2ltywdlcy82odgzm2e2mzaznmu4ztc3ntg4njbimzgvtw91c3nha2etnjg5y2nkodcwytjlmzk2ntbhywvjzjq2lmpwzw__.jpeg.png', 212) ON CONFLICT DO NOTHING;
INSERT INTO menu_option_groups (menu_id, group_id) VALUES (2413, 1113) ON CONFLICT DO NOTHING;
INSERT INTO menu_option_groups (menu_id, group_id) VALUES (2413, 1104) ON CONFLICT DO NOTHING;
INSERT INTO menus (id, name, description, image_url, category_id) VALUES (2414, 'OPA Junior Burger Combo', 'Qofte me mish viçi, bukë burgeri, djathë çedari, ketchup, patate të skuqura, coca-cola 0.25l', 'https://d3u269mlo8clta.cloudfront.net/opa/3e552afe-544c-11f1-8f56-0a821d6f233c_ahr0chm6ly9zdg9yywdllmdvb2dszwfwaxmuy29tl2lrb25hlwj1y2tldc1wcm9kdwn0aw9ul2ltywdlcy82odgzm2e2mzaznmu4ztc3ntg4njbimzgvt3bhlup1bmlvci1cdxjnzxitnjg5y2nkodywytjlmzk2ntbhywvjzjnmlmpwzw__.jpeg.png', 217) ON CONFLICT DO NOTHING;
INSERT INTO menu_option_groups (menu_id, group_id) VALUES (2414, 1092) ON CONFLICT DO NOTHING;
INSERT INTO menu_option_groups (menu_id, group_id) VALUES (2414, 1107) ON CONFLICT DO NOTHING;
INSERT INTO menu_option_groups (menu_id, group_id) VALUES (2414, 1104) ON CONFLICT DO NOTHING;
INSERT INTO menu_option_groups (menu_id, group_id) VALUES (2414, 1113) ON CONFLICT DO NOTHING;
INSERT INTO menus (id, name, description, image_url, category_id) VALUES (2415, 'Hummus Small', 'Hummus', 'https://d3u269mlo8clta.cloudfront.net/opa/4deb71d4-55ec-11f1-96d9-324858f7876b_ahr0chm6ly9zdg9yywdllmdvb2dszwfwaxmuy29tl2lrb25hlwj1y2tldc1wcm9kdwn0aw9ul2ltywdlcy82odgzm2e2mzaznmu4ztc3ntg4njbimzgvshvtbxvzjtiwcgx1jtiwmtawmdcwmjutnjhjotqxngrlotdmogm4yzgwntm1owvllnbuzw__.jpeg.png', 220) ON CONFLICT DO NOTHING;
INSERT INTO menus (id, name, description, image_url, category_id) VALUES (2416, 'Chicken Skewers 1 cope DEL', 'Chicken Skewers 1 cope', 'https://d3u269mlo8clta.cloudfront.net/opa/a88b36bc-5810-11f1-84b4-363dd4c82eca_ahr0chm6ly9zdg9yywdllmdvb2dszwfwaxmuy29tl2lrb25hlwj1y2tldc1wcm9kdwn0aw9ul2ltywdlcy82odgzm2e2mzaznmu4ztc3ntg4njbimzgvq2hpy2tlbiuymfnrzxdlcnmtnjg5y2mxnzqzm2jhy2ezy2jhnzyyzdzllmpwzw__.jpeg.png', 216) ON CONFLICT DO NOTHING;
INSERT INTO menu_option_groups (menu_id, group_id) VALUES (2416, 1087) ON CONFLICT DO NOTHING;
INSERT INTO menu_option_groups (menu_id, group_id) VALUES (2416, 1104) ON CONFLICT DO NOTHING;
INSERT INTO menu_option_groups (menu_id, group_id) VALUES (2416, 1119) ON CONFLICT DO NOTHING;
INSERT INTO menu_option_groups (menu_id, group_id) VALUES (2416, 1113) ON CONFLICT DO NOTHING;
INSERT INTO menus (id, name, description, image_url, category_id) VALUES (2417, 'Kashkaval Chips', 'Djathë saganaq i skuqur, shoqëruar me salcë kosi', 'https://d3u269mlo8clta.cloudfront.net/opa/e57014c6-4c4e-11f1-ac1d-3222dff8c841_ahr0chm6ly9zdg9yywdllmdvb2dszwfwaxmuy29tl2lrb25hlwj1y2tldc1wcm9kdwn0aw9ul2ltywdlcy82odgzm2e2mzaznmu4ztc3ntg4njbimzgvs2fjjundjue3a2f2ywxsjtiwq2hpchmtnjg5zdg3ytk4zda4yjnjnzi3zjmxmmy2lmpwzw__.jpeg.png', 212) ON CONFLICT DO NOTHING;
INSERT INTO menu_option_groups (menu_id, group_id) VALUES (2417, 1119) ON CONFLICT DO NOTHING;
INSERT INTO menu_option_groups (menu_id, group_id) VALUES (2417, 1113) ON CONFLICT DO NOTHING;
INSERT INTO menu_option_groups (menu_id, group_id) VALUES (2417, 1104) ON CONFLICT DO NOTHING;
INSERT INTO menus (id, name, description, image_url, category_id) VALUES (2418, 'BBQ Chicken Wings (8 cope) Combo ', 'BBQ Chicken Wings (8 cope), fries, drink', 'https://d3u269mlo8clta.cloudfront.net/opa/831fa2be-5ccf-11f1-83e6-4e238d7eb25d_ahr0chm6ly9zdg9yywdllmdvb2dszwfwaxmuy29tl2lrb25hlwj1y2tldc1wcm9kdwn0aw9ul2ltywdlcy82odgzm2e2mzaznmu4ztc3ntg4njbimzgvv29sdf9daglja2vujtiwv2luz3mlmja2jtiwy29wzsuymgnvbwjvjtiwlty4zgq3mmy3zthjmwe4yjjhmmnjodnioc5wbmc_.jpeg.png', 208) ON CONFLICT DO NOTHING;
INSERT INTO menu_option_groups (menu_id, group_id) VALUES (2418, 1151) ON CONFLICT DO NOTHING;
INSERT INTO menu_option_groups (menu_id, group_id) VALUES (2418, 1119) ON CONFLICT DO NOTHING;
INSERT INTO menu_option_groups (menu_id, group_id) VALUES (2418, 1113) ON CONFLICT DO NOTHING;
INSERT INTO menu_option_groups (menu_id, group_id) VALUES (2418, 1050) ON CONFLICT DO NOTHING;
INSERT INTO menu_option_groups (menu_id, group_id) VALUES (2418, 1139) ON CONFLICT DO NOTHING;
INSERT INTO menu_option_groups (menu_id, group_id) VALUES (2418, 1054) ON CONFLICT DO NOTHING;
INSERT INTO menu_option_groups (menu_id, group_id) VALUES (2418, 1087) ON CONFLICT DO NOTHING;
INSERT INTO menu_option_groups (menu_id, group_id) VALUES (2418, 1119) ON CONFLICT DO NOTHING;
INSERT INTO menu_option_groups (menu_id, group_id) VALUES (2418, 1113) ON CONFLICT DO NOTHING;
INSERT INTO menus (id, name, description, image_url, category_id) VALUES (2419, 'Amstel 0.33L ', 'Amstel 0.33L ', 'https://d3u269mlo8clta.cloudfront.net/opa/1195ebea-4f95-11f1-93f5-8aa8321e7242_ahr0chm6ly9zdg9yywdllmdvb2dszwfwaxmuy29tl2lrb25hlwj1y2tldc1wcm9kdwn0aw9ul2ltywdlcy82odgzm2e2mzaznmu4ztc3ntg4njbimzgvnjdkzdyxnduynwuzowe0mjhhnjyzmgfjlty4zdnky2u3ymyzn2vlmtljmgixndu3yi5wbmc_.jpeg.png', 221) ON CONFLICT DO NOTHING;
INSERT INTO menus (id, name, description, image_url, category_id) VALUES (2420, 'Chicken Doner ', 'buke doneri, gjiro pule, OPA Mayo, patate, domate, sallate, paprika', 'https://d3u269mlo8clta.cloudfront.net/opa/8328ba3e-5ccf-11f1-83e6-4e238d7eb25d_ahr0chm6ly9zdg9yywdllmdvb2dszwfwaxmuy29tl2lrb25hlwj1y2tldc1wcm9kdwn0aw9ul2ltywdlcy82odgzm2e2mzaznmu4ztc3ntg4njbimzgvv29sdf9fq2hpy2tlbiuymervbmvylty4zgq3mmy3zthjmwe4yjjhmmnjodnhzi5wbmc_.jpeg.png', 208) ON CONFLICT DO NOTHING;
INSERT INTO menu_option_groups (menu_id, group_id) VALUES (2420, 1087) ON CONFLICT DO NOTHING;
INSERT INTO menu_option_groups (menu_id, group_id) VALUES (2420, 1119) ON CONFLICT DO NOTHING;
INSERT INTO menu_option_groups (menu_id, group_id) VALUES (2420, 1113) ON CONFLICT DO NOTHING;
INSERT INTO menus (id, name, description, image_url, category_id) VALUES (2421, 'Gaia', 'Tortilla, gjiro pule, salcë opa majonezë, sallatë romane, qepë të kuqe & domate', 'https://d3u269mlo8clta.cloudfront.net/opa/a9d27544-5810-11f1-a4cc-f27f12c3e0fa_ahr0chm6ly9zdg9yywdllmdvb2dszwfwaxmuy29tl2lrb25hlwj1y2tldc1wcm9kdwn0aw9ul2ltywdlcy82odgzm2e2mzaznmu4ztc3ntg4njbimzgvr2fpys02odljyzk2ywe1y2vmndzly2u4njy2odyuanbn.jpeg.png', 218) ON CONFLICT DO NOTHING;
INSERT INTO menu_option_groups (menu_id, group_id) VALUES (2421, 1052) ON CONFLICT DO NOTHING;
INSERT INTO menu_option_groups (menu_id, group_id) VALUES (2421, 1087) ON CONFLICT DO NOTHING;
INSERT INTO menu_option_groups (menu_id, group_id) VALUES (2421, 1119) ON CONFLICT DO NOTHING;
INSERT INTO menu_option_groups (menu_id, group_id) VALUES (2421, 1113) ON CONFLICT DO NOTHING;
INSERT INTO menus (id, name, description, image_url, category_id) VALUES (2422, 'Pork Gyros Combo ', 'pork gyros, patate të skuqura, pije, ketchup, mustardë', 'https://d3u269mlo8clta.cloudfront.net/opa/ca3197f2-59aa-11f1-adea-f2cb67d275e0_ahr0chm6ly9zdg9yywdllmdvb2dszwfwaxmuy29tl2lrb25hlwj1y2tldc1wcm9kdwn0aw9ul2ltywdlcy82odgzm2e2mzaznmu4ztc3ntg4njbimzgvug9yayuymed5cm9zjtiwq09nqk8lmjbub3jtywxljtiwzwrozsuymgjpzy02odkwnzgwzwq1zja0mwq4ywmwytu3njeucg5n.jpeg.png', 207) ON CONFLICT DO NOTHING;
INSERT INTO menu_option_groups (menu_id, group_id) VALUES (2422, 1110) ON CONFLICT DO NOTHING;
INSERT INTO menu_option_groups (menu_id, group_id) VALUES (2422, 1092) ON CONFLICT DO NOTHING;
INSERT INTO menu_option_groups (menu_id, group_id) VALUES (2422, 1054) ON CONFLICT DO NOTHING;
INSERT INTO menu_option_groups (menu_id, group_id) VALUES (2422, 1089) ON CONFLICT DO NOTHING;
INSERT INTO menu_option_groups (menu_id, group_id) VALUES (2422, 1087) ON CONFLICT DO NOTHING;
INSERT INTO menu_option_groups (menu_id, group_id) VALUES (2422, 1119) ON CONFLICT DO NOTHING;
INSERT INTO menu_option_groups (menu_id, group_id) VALUES (2422, 1113) ON CONFLICT DO NOTHING;
INSERT INTO menus (id, name, description, image_url, category_id) VALUES (2423, 'Yougurt Sauce ', 'Yougurt Sauce ', 'https://d3u269mlo8clta.cloudfront.net/opa/881afe26-5ccf-11f1-9dc1-aa50e5e38a2b_ahr0chm6ly9zdg9yywdllmdvb2dszwfwaxmuy29tl2lrb25hlwj1y2tldc1wcm9kdwn0aw9ul2ltywdlcy82odgzm2e2mzaznmu4ztc3ntg4njbimzgvww91z3vydcuymfnhdwnljtiwuexvjtiwmtawmdcwmditnjhjotqwnzzlmzaxzjljmdaxytgynmfllnbuzw__.jpeg.png', 220) ON CONFLICT DO NOTHING;
INSERT INTO menus (id, name, description, image_url, category_id) VALUES (2424, 'Pork Gyros Bowl', 'Oriz me perime ose patate, gjiro  gici, salcë tzatziki, sallatë greke, pita, paprika', 'https://d3u269mlo8clta.cloudfront.net/opa/ca3322b6-59aa-11f1-92b4-1ad39886056e_ahr0chm6ly9zdg9yywdllmdvb2dszwfwaxmuy29tl2lrb25hlwj1y2tldc1wcm9kdwn0aw9ul2ltywdlcy82odgzm2e2mzaznmu4ztc3ntg4njbimzgvv29sdf9pueelmjbqb3jrjtiwr3lyb3mlmjalmjbcb3dslty4ota3zju5zjizm2uzndm2ngzhmwqymy5wbmc_.jpeg.png', 209) ON CONFLICT DO NOTHING;
INSERT INTO menu_option_groups (menu_id, group_id) VALUES (2424, 1069) ON CONFLICT DO NOTHING;
INSERT INTO menu_option_groups (menu_id, group_id) VALUES (2424, 1087) ON CONFLICT DO NOTHING;
INSERT INTO menu_option_groups (menu_id, group_id) VALUES (2424, 1113) ON CONFLICT DO NOTHING;
INSERT INTO menu_option_groups (menu_id, group_id) VALUES (2424, 1104) ON CONFLICT DO NOTHING;
INSERT INTO menu_option_groups (menu_id, group_id) VALUES (2424, 1119) ON CONFLICT DO NOTHING;
INSERT INTO menus (id, name, description, image_url, category_id) VALUES (2425, 'Junior Tortilla Combo', 'Tortilla, gjiro, djathë çedar, patate të skuqura, pije', 'https://d3u269mlo8clta.cloudfront.net/opa/8647c2b4-5ccf-11f1-91a3-aa50e5e38a2b_ahr0chm6ly9zdg9yywdllmdvb2dszwfwaxmuy29tl2lrb25hlwj1y2tldc1wcm9kdwn0aw9ul2ltywdlcy82odgzm2e2mzaznmu4ztc3ntg4njbimzgvsnvuaw9yjtiwvg9ydglsbgelmjbdb21iby02odljy2i1mdmzymfjytnjyme3njjkzjyuanbn.jpeg.png', 217) ON CONFLICT DO NOTHING;
INSERT INTO menu_option_groups (menu_id, group_id) VALUES (2425, 1103) ON CONFLICT DO NOTHING;
INSERT INTO menu_option_groups (menu_id, group_id) VALUES (2425, 1092) ON CONFLICT DO NOTHING;
INSERT INTO menu_option_groups (menu_id, group_id) VALUES (2425, 1107) ON CONFLICT DO NOTHING;
INSERT INTO menu_option_groups (menu_id, group_id) VALUES (2425, 1104) ON CONFLICT DO NOTHING;
INSERT INTO menu_option_groups (menu_id, group_id) VALUES (2425, 1113) ON CONFLICT DO NOTHING;
INSERT INTO menus (id, name, description, image_url, category_id) VALUES (2426, 'Traditional Bakllava ', 'Një version i mbështjellë i bakllavasë tradicionale, 1 copë', 'https://d3u269mlo8clta.cloudfront.net/opa/2ae5325a-5b3d-11f1-b20c-5a781360214a_ahr0chm6ly9zdg9yywdllmdvb2dszwfwaxmuy29tl2lrb25hlwj1y2tldc1wcm9kdwn0aw9ul2ltywdlcy82odgzm2e2mzaznmu4ztc3ntg4njbimzgvqmfrbgxhdmetnjhkmjzjmwfizjm3zwuxowmwyjezzdi1lmpwzw__.jpeg.png', 214) ON CONFLICT DO NOTHING;
INSERT INTO menu_option_groups (menu_id, group_id) VALUES (2426, 1113) ON CONFLICT DO NOTHING;
INSERT INTO menus (id, name, description, image_url, category_id) VALUES (2427, 'Kebap Pita Combo', 'Qebap pita, patate të skuqura, pije, ketchup, mustardë', 'https://d3u269mlo8clta.cloudfront.net/opa/82f58736-5ccf-11f1-83e6-4e238d7eb25d_ahr0chm6ly9zdg9yywdllmdvb2dszwfwaxmuy29tl2lrb25hlwj1y2tldc1wcm9kdwn0aw9ul2ltywdlcy82odgzm2e2mzaznmu4ztc3ntg4njbimzgvv29sdf9pueelmjblzwjhyiuymfbpdgetnjg5mdc5otjly2jiotk1zgfjngnmzjzmlnbuzw__.jpeg.png', 207) ON CONFLICT DO NOTHING;
INSERT INTO menu_option_groups (menu_id, group_id) VALUES (2427, 1064) ON CONFLICT DO NOTHING;
INSERT INTO menu_option_groups (menu_id, group_id) VALUES (2427, 1092) ON CONFLICT DO NOTHING;
INSERT INTO menu_option_groups (menu_id, group_id) VALUES (2427, 1054) ON CONFLICT DO NOTHING;
INSERT INTO menu_option_groups (menu_id, group_id) VALUES (2427, 1089) ON CONFLICT DO NOTHING;
INSERT INTO menu_option_groups (menu_id, group_id) VALUES (2427, 1087) ON CONFLICT DO NOTHING;
INSERT INTO menu_option_groups (menu_id, group_id) VALUES (2427, 1119) ON CONFLICT DO NOTHING;
INSERT INTO menu_option_groups (menu_id, group_id) VALUES (2427, 1113) ON CONFLICT DO NOTHING;
INSERT INTO menus (id, name, description, image_url, category_id) VALUES (2428, 'OPA Bowl ', 'Zgjidh 1 Proteine, Zgjidh Sides, dhe Zgjidh Salcen.', 'https://d3u269mlo8clta.cloudfront.net/opa/250ea302-5b3d-11f1-9091-6275ffac7d4a_ahr0chm6ly9zdg9yywdllmdvb2dszwfwaxmuy29tl2lrb25hlwj1y2tldc1wcm9kdwn0aw9ul2ltywdlcy82odgzm2e2mzaznmu4ztc3ntg4njbimzgvv29sdf9pueelmjbqb3jrjtiwr3lyb3mlmjalmjbcb3dslty4ota3zju5zjizm2uzndm2ngzhmwqymy02ogriytqwmwq2ytvjnjm1zmfkmzy1mmmucg5n.jpeg.png', 208) ON CONFLICT DO NOTHING;
INSERT INTO menu_option_groups (menu_id, group_id) VALUES (2428, 1143) ON CONFLICT DO NOTHING;
INSERT INTO menu_option_groups (menu_id, group_id) VALUES (2428, 1138) ON CONFLICT DO NOTHING;
INSERT INTO menu_option_groups (menu_id, group_id) VALUES (2428, 1078) ON CONFLICT DO NOTHING;
INSERT INTO menu_option_groups (menu_id, group_id) VALUES (2428, 1140) ON CONFLICT DO NOTHING;
INSERT INTO menus (id, name, description, image_url, category_id) VALUES (2429, 'Chicken Gyros Combo ', 'Gjiro pule, patate të skuqura, pije, ketchup, mustardë', 'https://d3u269mlo8clta.cloudfront.net/opa/ca341572-59aa-11f1-adea-f2cb67d275e0_ahr0chm6ly9zdg9yywdllmdvb2dszwfwaxmuy29tl2lrb25hlwj1y2tldc1wcm9kdwn0aw9ul2ltywdlcy82odgzm2e2mzaznmu4ztc3ntg4njbimzgvy2hpy2tlbi1nexjvcy1jb21iby02odhjodrkotczzgmxztrkyty5nwflntiuanbn.jpeg.png', 207) ON CONFLICT DO NOTHING;
INSERT INTO menu_option_groups (menu_id, group_id) VALUES (2429, 976) ON CONFLICT DO NOTHING;
INSERT INTO menu_option_groups (menu_id, group_id) VALUES (2429, 1054) ON CONFLICT DO NOTHING;
INSERT INTO menu_option_groups (menu_id, group_id) VALUES (2429, 1092) ON CONFLICT DO NOTHING;
INSERT INTO menu_option_groups (menu_id, group_id) VALUES (2429, 1089) ON CONFLICT DO NOTHING;
INSERT INTO menu_option_groups (menu_id, group_id) VALUES (2429, 1087) ON CONFLICT DO NOTHING;
INSERT INTO menu_option_groups (menu_id, group_id) VALUES (2429, 1119) ON CONFLICT DO NOTHING;
INSERT INTO menu_option_groups (menu_id, group_id) VALUES (2429, 1113) ON CONFLICT DO NOTHING;
INSERT INTO menus (id, name, description, image_url, category_id) VALUES (2430, 'Bacon Fries', 'Patate të skuqura, salcë djathi cheddar, proshutë e pjekur në skarë', 'https://d3u269mlo8clta.cloudfront.net/opa/29584576-5b3d-11f1-ba7d-6621ae8bd004_ahr0chm6ly9zdg9yywdllmdvb2dszwfwaxmuy29tl2lrb25hlwj1y2tldc1wcm9kdwn0aw9ul2ltywdlcy82odgzm2e2mzaznmu4ztc3ntg4njbimzgvqmfjb24trnjpzxmtnjg5y2nkodywytjlmzk2ntbhywvjzjqxlmpwzw__.jpeg.png', 212) ON CONFLICT DO NOTHING;
INSERT INTO menu_option_groups (menu_id, group_id) VALUES (2430, 1119) ON CONFLICT DO NOTHING;
INSERT INTO menu_option_groups (menu_id, group_id) VALUES (2430, 1113) ON CONFLICT DO NOTHING;
INSERT INTO menu_option_groups (menu_id, group_id) VALUES (2430, 1104) ON CONFLICT DO NOTHING;
INSERT INTO menus (id, name, description, image_url, category_id) VALUES (2431, 'Sweet chilli & tarragon sauce', 'Sweet chilli & tarragon sauce', 'https://d3u269mlo8clta.cloudfront.net/opa/880735d0-5ccf-11f1-9dc1-aa50e5e38a2b_ahr0chm6ly9zdg9yywdllmdvb2dszwfwaxmuy29tl2lrb25hlwj1y2tldc1wcm9kdwn0aw9ul2ltywdlcy82odgzm2e2mzaznmu4ztc3ntg4njbimzgvu3dlzxqlmjbdaglsasuynlrhcnjhz29ujtiwu2f1y2ulmjbqtfulmjaxmdawnzayny02ogm5ndfkytliowjhmwi4yjk4mmm0n2uucg5n.jpeg.png', 220) ON CONFLICT DO NOTHING;
INSERT INTO menus (id, name, description, image_url, category_id) VALUES (2432, 'Chicken Breast Pita Combo ', 'Chicken breast pita, patate, pije, ketchup, mustard', 'https://d3u269mlo8clta.cloudfront.net/opa/271f7dba-5b3d-11f1-a0ec-ce60ff2c0b4d_ahr0chm6ly9zdg9yywdllmdvb2dszwfwaxmuy29tl2lrb25hlwj1y2tldc1wcm9kdwn0aw9ul2ltywdlcy82odgzm2e2mzaznmu4ztc3ntg4njbimzgvv29sdf9pueelmjbdaglja2vujtiwqnjlyxn0jtiwugl0ysuymenvbwjvlty4ota3otnhmgeyztm5njuwywflytcwmi5wbmc_.jpeg.png', 207) ON CONFLICT DO NOTHING;
INSERT INTO menu_option_groups (menu_id, group_id) VALUES (2432, 1054) ON CONFLICT DO NOTHING;
INSERT INTO menu_option_groups (menu_id, group_id) VALUES (2432, 1092) ON CONFLICT DO NOTHING;
INSERT INTO menu_option_groups (menu_id, group_id) VALUES (2432, 1089) ON CONFLICT DO NOTHING;
INSERT INTO menu_option_groups (menu_id, group_id) VALUES (2432, 1087) ON CONFLICT DO NOTHING;
INSERT INTO menu_option_groups (menu_id, group_id) VALUES (2432, 1119) ON CONFLICT DO NOTHING;
INSERT INTO menu_option_groups (menu_id, group_id) VALUES (2432, 1113) ON CONFLICT DO NOTHING;
INSERT INTO menus (id, name, description, image_url, category_id) VALUES (2433, 'OPA Smash Burger Combo', 'Opa smash burger, patate të skuqura, pije, ketchup, mustardë', 'https://d3u269mlo8clta.cloudfront.net/opa/830c4eda-5ccf-11f1-83e6-4e238d7eb25d_ahr0chm6ly9zdg9yywdllmdvb2dszwfwaxmuy29tl2lrb25hlwj1y2tldc1wcm9kdwn0aw9ul2ltywdlcy82odgzm2e2mzaznmu4ztc3ntg4njbimzgvv29sdf9pueelmjbtaw5nbgulmjbtbwfzacuymej1cmdlciuymenvbwjvlty4ota3yti5zjizm2uzndm2ngzhmwnlzi5wbmc_.jpeg.png', 207) ON CONFLICT DO NOTHING;
INSERT INTO menu_option_groups (menu_id, group_id) VALUES (2433, 1047) ON CONFLICT DO NOTHING;
INSERT INTO menu_option_groups (menu_id, group_id) VALUES (2433, 1092) ON CONFLICT DO NOTHING;
INSERT INTO menu_option_groups (menu_id, group_id) VALUES (2433, 1054) ON CONFLICT DO NOTHING;
INSERT INTO menu_option_groups (menu_id, group_id) VALUES (2433, 1089) ON CONFLICT DO NOTHING;
INSERT INTO menu_option_groups (menu_id, group_id) VALUES (2433, 1087) ON CONFLICT DO NOTHING;
INSERT INTO menu_option_groups (menu_id, group_id) VALUES (2433, 1119) ON CONFLICT DO NOTHING;
INSERT INTO menu_option_groups (menu_id, group_id) VALUES (2433, 1113) ON CONFLICT DO NOTHING;
INSERT INTO menus (id, name, description, image_url, category_id) VALUES (2434, 'Paulaner 0.5L ', 'Paulaner 0.5L ', 'https://d3u269mlo8clta.cloudfront.net/opa/d2f0e6f6-52b9-11f1-b9b1-e6c6cce2a848_ahr0chm6ly9zdg9yywdllmdvb2dszwfwaxmuy29tl2lrb25hlwj1y2tldc1wcm9kdwn0aw9ul2ltywdlcy82odgzm2e2mzaznmu4ztc3ntg4njbimzgvnjdkzdyxnduynwuzowe0mjhhnjyzmgfilty4zdnky2u3ymyzn2vlmtljmgixndu3zs5wbmc_.jpeg.png', 221) ON CONFLICT DO NOTHING;
INSERT INTO menus (id, name, description, image_url, category_id) VALUES (2435, 'Cretan Salad ', 'domate, kaperi, vaj ulliri me hudher, djath i bardhe feta, rigon, buke krokante', 'https://d3u269mlo8clta.cloudfront.net/opa/86415e7e-5ccf-11f1-91a3-aa50e5e38a2b_ahr0chm6ly9zdg9yywdllmdvb2dszwfwaxmuy29tl2lrb25hlwj1y2tldc1wcm9kdwn0aw9ul2ltywdlcy82odgzm2e2mzaznmu4ztc3ntg4njbimzgvy3jldgfulxnhbgfklty4ogm4mmywm2zmy2i2nwy4n2nmmthiys5qcgc_.jpeg.png', 215) ON CONFLICT DO NOTHING;
INSERT INTO menu_option_groups (menu_id, group_id) VALUES (2435, 1087) ON CONFLICT DO NOTHING;
INSERT INTO menu_option_groups (menu_id, group_id) VALUES (2435, 1104) ON CONFLICT DO NOTHING;
INSERT INTO menu_option_groups (menu_id, group_id) VALUES (2435, 1113) ON CONFLICT DO NOTHING;
INSERT INTO menus (id, name, description, image_url, category_id) VALUES (2436, 'Dias Bowl', 'Oriz me perime greke ose patate të skuqura, 2 shishqebapë gici të pjekur në skarë, tzatziki, sallatë greke, qepë të kuqe, bukë pite', 'https://d3u269mlo8clta.cloudfront.net/opa/274481b4-5b3d-11f1-a0ec-ce60ff2c0b4d_ahr0chm6ly9zdg9yywdllmdvb2dszwfwaxmuy29tl2lrb25hlwj1y2tldc1wcm9kdwn0aw9ul2ltywdlcy82odgzm2e2mzaznmu4ztc3ntg4njbimzgvnjg2ngzmnwvimdfmowe3odm1mtu2ngvhlty4zdnky2u3ymyzn2vlmtljmgixndu4mi5wbmc_.jpeg.png', 209) ON CONFLICT DO NOTHING;
INSERT INTO menu_option_groups (menu_id, group_id) VALUES (2436, 1068) ON CONFLICT DO NOTHING;
INSERT INTO menu_option_groups (menu_id, group_id) VALUES (2436, 1083) ON CONFLICT DO NOTHING;
INSERT INTO menu_option_groups (menu_id, group_id) VALUES (2436, 1087) ON CONFLICT DO NOTHING;
INSERT INTO menu_option_groups (menu_id, group_id) VALUES (2436, 1113) ON CONFLICT DO NOTHING;
INSERT INTO menu_option_groups (menu_id, group_id) VALUES (2436, 1104) ON CONFLICT DO NOTHING;
INSERT INTO menu_option_groups (menu_id, group_id) VALUES (2436, 1119) ON CONFLICT DO NOTHING;
INSERT INTO menus (id, name, description, image_url, category_id) VALUES (2437, 'Chicken Doner Combo ', 'chicken doner, fries, drink, ketchup, mustard', 'https://d3u269mlo8clta.cloudfront.net/opa/a66c8bec-42df-11f1-879e-3a1d0684e0bc_ahr0chm6ly9zdg9yywdllmdvb2dszwfwaxmuy29tl2lrb25hlwj1y2tldc1wcm9kdwn0aw9ul2ltywdlcy82odgzm2e2mzaznmu4ztc3ntg4njbimzgvv29sdf9fq2hpy2tlbiuymervbmvyjtiwy29tyiuymc02ogrknzjmn2u4yzfhogiyytjjyzgzywuucg5n.jpeg.png', 207) ON CONFLICT DO NOTHING;
INSERT INTO menu_option_groups (menu_id, group_id) VALUES (2437, 1065) ON CONFLICT DO NOTHING;
INSERT INTO menu_option_groups (menu_id, group_id) VALUES (2437, 1092) ON CONFLICT DO NOTHING;
INSERT INTO menu_option_groups (menu_id, group_id) VALUES (2437, 1054) ON CONFLICT DO NOTHING;
INSERT INTO menu_option_groups (menu_id, group_id) VALUES (2437, 1089) ON CONFLICT DO NOTHING;
INSERT INTO menu_option_groups (menu_id, group_id) VALUES (2437, 1087) ON CONFLICT DO NOTHING;
INSERT INTO menu_option_groups (menu_id, group_id) VALUES (2437, 1119) ON CONFLICT DO NOTHING;
INSERT INTO menu_option_groups (menu_id, group_id) VALUES (2437, 1113) ON CONFLICT DO NOTHING;
INSERT INTO menus (id, name, description, image_url, category_id) VALUES (2438, 'Pork Gyros', 'Pite, gjiro gici, tzatziki, domate, qepë e kuqe, patate të skuqura, paprika', 'https://d3u269mlo8clta.cloudfront.net/opa/86383d44-5ccf-11f1-91a3-aa50e5e38a2b_ahr0chm6ly9zdg9yywdllmdvb2dszwfwaxmuy29tl2lrb25hlwj1y2tldc1wcm9kdwn0aw9ul2ltywdlcy82odgzm2e2mzaznmu4ztc3ntg4njbimzgvcg9yay1nexjvcy1waxrhlty4ogm4mmywm2zmy2i2nwy4n2nmmthiyy5qcgc_.jpeg.png', 213) ON CONFLICT DO NOTHING;
INSERT INTO menu_option_groups (menu_id, group_id) VALUES (2438, 1086) ON CONFLICT DO NOTHING;
INSERT INTO menu_option_groups (menu_id, group_id) VALUES (2438, 1087) ON CONFLICT DO NOTHING;
INSERT INTO menu_option_groups (menu_id, group_id) VALUES (2438, 1119) ON CONFLICT DO NOTHING;
INSERT INTO menu_option_groups (menu_id, group_id) VALUES (2438, 1113) ON CONFLICT DO NOTHING;
INSERT INTO menus (id, name, description, image_url, category_id) VALUES (2439, 'Crispy Energy Combo ', 'crispy chicken burger, red bull infusion drink, fries, ketchup, mustard ', 'https://d3u269mlo8clta.cloudfront.net/opa/25ca27f8-5b3d-11f1-b7a5-5a781360214a_ahr0chm6ly9zdg9yywdllmdvb2dszwfwaxmuy29tl2lrb25hlwj1y2tldc1wcm9kdwn0aw9ul2ltywdlcy82odgzm2e2mzaznmu4ztc3ntg4njbimzgvumvkjtiwqnvsbcuymeluznvzaw9ujtiwq29tym9fmditnjlmywyyodu3ntfhztuwmtkyodnkzmyylnbuzw__.jpeg.png', 206) ON CONFLICT DO NOTHING;
INSERT INTO menu_option_groups (menu_id, group_id) VALUES (2439, 979) ON CONFLICT DO NOTHING;
INSERT INTO menu_option_groups (menu_id, group_id) VALUES (2439, 1092) ON CONFLICT DO NOTHING;
INSERT INTO menu_option_groups (menu_id, group_id) VALUES (2439, 1100) ON CONFLICT DO NOTHING;
INSERT INTO menu_option_groups (menu_id, group_id) VALUES (2439, 1089) ON CONFLICT DO NOTHING;
INSERT INTO menus (id, name, description, image_url, category_id) VALUES (2440, 'Schnitzel Wrap ', 'tortilla, pule e skuqur krokante, domate, sallate, salce djegese me majoneze dhe hudher, djathe cedar', 'https://d3u269mlo8clta.cloudfront.net/opa/855df288-5ccf-11f1-91a3-aa50e5e38a2b_ahr0chm6ly9zdg9yywdllmdvb2dszwfwaxmuy29tl2lrb25hlwj1y2tldc1wcm9kdwn0aw9ul2ltywdlcy82odgzm2e2mzaznmu4ztc3ntg4njbimzgvv29sdf9fu2nobml0emvsjtiwv3jhcc02ogrknzjmn2u4yzfhogiyytjjyzgzyjuucg5n.jpeg.png', 208) ON CONFLICT DO NOTHING;
INSERT INTO menu_option_groups (menu_id, group_id) VALUES (2440, 1087) ON CONFLICT DO NOTHING;
INSERT INTO menu_option_groups (menu_id, group_id) VALUES (2440, 1119) ON CONFLICT DO NOTHING;
INSERT INTO menu_option_groups (menu_id, group_id) VALUES (2440, 1113) ON CONFLICT DO NOTHING;
INSERT INTO menus (id, name, description, image_url, category_id) VALUES (2441, 'Siraca - small', 'Siraca', 'https://d3u269mlo8clta.cloudfront.net/opa/44f2f4f4-46f0-11f1-87bf-4603c4ef4e2a_ahr0chm6ly9zdg9yywdllmdvb2dszwfwaxmuy29tl2lrb25hlwj1y2tldc1wcm9kdwn0aw9ul2ltywdlcy82odgzm2e2mzaznmu4ztc3ntg4njbimzgvu2lyywnhlty4y2e2yjywotc3ztbimzkxyjhjyznhni5wbmc_.jpeg.png', 220) ON CONFLICT DO NOTHING;
INSERT INTO menus (id, name, description, image_url, category_id) VALUES (2442, 'Peja 0.33L ', 'Peja 0.33L ', 'https://d3u269mlo8clta.cloudfront.net/opa/aa212d9c-5810-11f1-a4cc-f27f12c3e0fa_ahr0chm6ly9zdg9yywdllmdvb2dszwfwaxmuy29tl2lrb25hlwj1y2tldc1wcm9kdwn0aw9ul2ltywdlcy82odgzm2e2mzaznmu4ztc3ntg4njbimzgvugvqysuymdiwmdaxmdaylty4zdnjyjy0nwqymzkxy2m5zta3nwjhzi5wbmc_.jpeg.png', 221) ON CONFLICT DO NOTHING;
INSERT INTO menus (id, name, description, image_url, category_id) VALUES (2443, 'Lipton Ice Tea Lemon 0.33', 'Lipton Ice Tea Lemon 0.33', 'https://d3u269mlo8clta.cloudfront.net/opa/d9b785d8-5770-11f1-a865-7acffcb6af02_ahr0chm6ly9zdg9yywdllmdvb2dszwfwaxmuy29tl2lrb25hlwj1y2tldc1wcm9kdwn0aw9ul2ltywdlcy82odgzm2e2mzaznmu4ztc3ntg4njbimzgvnjzlmde5mziwzta1mjq1zmriotawyjfilty4zdnky2u3ymyzn2vlmtljmgixndu3nc5wbmc_.jpeg.png', 219) ON CONFLICT DO NOTHING;
INSERT INTO menus (id, name, description, image_url, category_id) VALUES (2444, 'Pork Skepasti', 'Dy pite, gjiro gici, tzatziki, domate, qepë të kuqe, patate të skuqura', 'https://d3u269mlo8clta.cloudfront.net/opa/e54be98e-4c4e-11f1-ac1d-3222dff8c841_ahr0chm6ly9zdg9yywdllmdvb2dszwfwaxmuy29tl2lrb25hlwj1y2tldc1wcm9kdwn0aw9ul2ltywdlcy82odgzm2e2mzaznmu4ztc3ntg4njbimzgvug9yayuymfnrzxbhc3rplty4ota3zgvhyte2m2rkmzjjowi5ngezyi5wbmc_.jpeg.png', 211) ON CONFLICT DO NOTHING;
INSERT INTO menu_option_groups (menu_id, group_id) VALUES (2444, 1146) ON CONFLICT DO NOTHING;
INSERT INTO menu_option_groups (menu_id, group_id) VALUES (2444, 1049) ON CONFLICT DO NOTHING;
INSERT INTO menu_option_groups (menu_id, group_id) VALUES (2444, 1119) ON CONFLICT DO NOTHING;
INSERT INTO menu_option_groups (menu_id, group_id) VALUES (2444, 1113) ON CONFLICT DO NOTHING;
INSERT INTO menu_option_groups (menu_id, group_id) VALUES (2444, 1087) ON CONFLICT DO NOTHING;
INSERT INTO menus (id, name, description, image_url, category_id) VALUES (2445, 'Tzatziki Racion ', 'Kos grek, kastravec, konfit hudhër dhe kopër', 'https://d3u269mlo8clta.cloudfront.net/opa/2959e3d6-5b3d-11f1-ba7d-6621ae8bd004_ahr0chm6ly9zdg9yywdllmdvb2dszwfwaxmuy29tl2lrb25hlwj1y2tldc1wcm9kdwn0aw9ul2ltywdlcy82odgzm2e2mzaznmu4ztc3ntg4njbimzgvvhphdhppa2ktnjg5y2nkodywytjlmzk2ntbhywvjzjq0lmpwzw__.jpeg.png', 212) ON CONFLICT DO NOTHING;
INSERT INTO menu_option_groups (menu_id, group_id) VALUES (2445, 1113) ON CONFLICT DO NOTHING;
INSERT INTO menu_option_groups (menu_id, group_id) VALUES (2445, 1104) ON CONFLICT DO NOTHING;
INSERT INTO menus (id, name, description, image_url, category_id) VALUES (2446, 'Truffle Chicken Gyros Big Combo', 'Truffle chicken gyros big, patate të skuqura, pije, ketchup, mustardë', 'https://d3u269mlo8clta.cloudfront.net/opa/ca3c08cc-59aa-11f1-adea-f2cb67d275e0_ahr0chm6ly9zdg9yywdllmdvb2dszwfwaxmuy29tl2lrb25hlwj1y2tldc1wcm9kdwn0aw9ul2ltywdlcy82odgzm2e2mzaznmu4ztc3ntg4njbimzgvvhj1zmzszsuymgnvbwjvlty4ota3yjbhytvjzwy0nmvjztg2m2yxmy5wbmc_.jpeg.png', 207) ON CONFLICT DO NOTHING;
INSERT INTO menu_option_groups (menu_id, group_id) VALUES (2446, 1133) ON CONFLICT DO NOTHING;
INSERT INTO menu_option_groups (menu_id, group_id) VALUES (2446, 1117) ON CONFLICT DO NOTHING;
INSERT INTO menu_option_groups (menu_id, group_id) VALUES (2446, 1062) ON CONFLICT DO NOTHING;
INSERT INTO menu_option_groups (menu_id, group_id) VALUES (2446, 1089) ON CONFLICT DO NOTHING;
INSERT INTO menu_option_groups (menu_id, group_id) VALUES (2446, 1087) ON CONFLICT DO NOTHING;
INSERT INTO menu_option_groups (menu_id, group_id) VALUES (2446, 1119) ON CONFLICT DO NOTHING;
INSERT INTO menu_option_groups (menu_id, group_id) VALUES (2446, 1113) ON CONFLICT DO NOTHING;
INSERT INTO menus (id, name, description, image_url, category_id) VALUES (2447, 'Gaia Big Combo', 'Gaia wrap big, patate të skuqura, pije ketchup, mustardë', 'https://d3u269mlo8clta.cloudfront.net/opa/272a6ed2-5b3d-11f1-a0ec-ce60ff2c0b4d_ahr0chm6ly9zdg9yywdllmdvb2dszwfwaxmuy29tl2lrb25hlwj1y2tldc1wcm9kdwn0aw9ul2ltywdlcy82odgzm2e2mzaznmu4ztc3ntg4njbimzgvr2fpysuymgnvbwjvlty4ota3ognlnznkyzflngrhnjk1yjc1zi5wbmc_.jpeg.png', 207) ON CONFLICT DO NOTHING;
INSERT INTO menu_option_groups (menu_id, group_id) VALUES (2447, 1117) ON CONFLICT DO NOTHING;
INSERT INTO menu_option_groups (menu_id, group_id) VALUES (2447, 1062) ON CONFLICT DO NOTHING;
INSERT INTO menu_option_groups (menu_id, group_id) VALUES (2447, 1089) ON CONFLICT DO NOTHING;
INSERT INTO menu_option_groups (menu_id, group_id) VALUES (2447, 1087) ON CONFLICT DO NOTHING;
INSERT INTO menu_option_groups (menu_id, group_id) VALUES (2447, 1119) ON CONFLICT DO NOTHING;
INSERT INTO menu_option_groups (menu_id, group_id) VALUES (2447, 1113) ON CONFLICT DO NOTHING;
INSERT INTO menus (id, name, description, image_url, category_id) VALUES (2448, 'Chicken Skepasti Bacon Sauce', 'Pite, gjoks pule i marinuar, sallatë romane, lakër e bardhë, domate, salcë mustard me mjaltë, salcë bacon, majonezë burgeri, patate të skuqura, paprika', 'https://d3u269mlo8clta.cloudfront.net/opa/a82d78ba-5810-11f1-84b4-363dd4c82eca_ahr0chm6ly9zdg9yywdllmdvb2dszwfwaxmuy29tl2lrb25hlwj1y2tldc1wcm9kdwn0aw9ul2ltywdlcy82odgzm2e2mzaznmu4ztc3ntg4njbimzgvq2hpy2tlbiuymfnrzxbhc3rplty4ota3zgm3mgeyztm5njuwywflytcyyi5wbmc_.jpeg.png', 211) ON CONFLICT DO NOTHING;
INSERT INTO menu_option_groups (menu_id, group_id) VALUES (2448, 1152) ON CONFLICT DO NOTHING;
INSERT INTO menu_option_groups (menu_id, group_id) VALUES (2448, 1049) ON CONFLICT DO NOTHING;
INSERT INTO menu_option_groups (menu_id, group_id) VALUES (2448, 1087) ON CONFLICT DO NOTHING;
INSERT INTO menu_option_groups (menu_id, group_id) VALUES (2448, 1119) ON CONFLICT DO NOTHING;
INSERT INTO menu_option_groups (menu_id, group_id) VALUES (2448, 1113) ON CONFLICT DO NOTHING;
INSERT INTO menus (id, name, description, image_url, category_id) VALUES (2449, 'Minced Beef Skepasti Combo', 'Pite, qofte viçi, domate, qepë të kuqe, majonezë burgeri, salcë BBQ, paprika, patate të skuqura, kastravec turshi të bërë në shtëpi', 'https://d3u269mlo8clta.cloudfront.net/opa/2723be2a-5b3d-11f1-a0ec-ce60ff2c0b4d_ahr0chm6ly9zdg9yywdllmdvb2dszwfwaxmuy29tl2lrb25hlwj1y2tldc1wcm9kdwn0aw9ul2ltywdlcy82odgzm2e2mzaznmu4ztc3ntg4njbimzgvtwluy2vkjtiwqmvlziuymenvbwitnjg5mdc5zgzmmjmzztm0mzy0zmexy2vjlnbuzw__.jpeg.png', 207) ON CONFLICT DO NOTHING;
INSERT INTO menu_option_groups (menu_id, group_id) VALUES (2449, 1067) ON CONFLICT DO NOTHING;
INSERT INTO menu_option_groups (menu_id, group_id) VALUES (2449, 1049) ON CONFLICT DO NOTHING;
INSERT INTO menu_option_groups (menu_id, group_id) VALUES (2449, 1054) ON CONFLICT DO NOTHING;
INSERT INTO menu_option_groups (menu_id, group_id) VALUES (2449, 1089) ON CONFLICT DO NOTHING;
INSERT INTO menu_option_groups (menu_id, group_id) VALUES (2449, 1087) ON CONFLICT DO NOTHING;
INSERT INTO menu_option_groups (menu_id, group_id) VALUES (2449, 1119) ON CONFLICT DO NOTHING;
INSERT INTO menu_option_groups (menu_id, group_id) VALUES (2449, 1113) ON CONFLICT DO NOTHING;
INSERT INTO menus (id, name, description, image_url, category_id) VALUES (2450, 'Greekamole', 'Greekamole', 'https://d3u269mlo8clta.cloudfront.net/opa/880b2dc0-5ccf-11f1-9dc1-aa50e5e38a2b_ahr0chm6ly9zdg9yywdllmdvb2dszwfwaxmuy29tl2lrb25hlwj1y2tldc1wcm9kdwn0aw9ul2ltywdlcy82odgzm2e2mzaznmu4ztc3ntg4njbimzgvr3jlzwthbw9szsuymfbmvsuymdewmda3mdi2lty4yzk0mje2nti1nznjy2eyntg2owmync5wbmc_.jpeg.png', 220) ON CONFLICT DO NOTHING;
INSERT INTO menus (id, name, description, image_url, category_id) VALUES (2451, 'Mustarde - bustine', 'Mustarde', 'https://d3u269mlo8clta.cloudfront.net/opa/cebb2b26-59aa-11f1-93ad-96266858967f_ahr0chm6ly9zdg9yywdllmdvb2dszwfwaxmuy29tl2lrb25hlwj1y2tldc1wcm9kdwn0aw9ul2ltywdlcy82odgzm2e2mzaznmu4ztc3ntg4njbimzgvtxvzdgfyzcuymej1c3rpbmulmjaxmdawnzaxmy02ogm5nde0zgu5n2y4yzhjoda1mzu5zjiucg5n.jpeg.png', 220) ON CONFLICT DO NOTHING;
INSERT INTO menus (id, name, description, image_url, category_id) VALUES (2452, 'Apollo Big Combo', 'Apollo pita big, patate të skuqura, pije, ketchup, mustardë
', 'https://d3u269mlo8clta.cloudfront.net/opa/25d9f84a-5b3d-11f1-b7a5-5a781360214a_ahr0chm6ly9zdg9yywdllmdvb2dszwfwaxmuy29tl2lrb25hlwj1y2tldc1wcm9kdwn0aw9ul2ltywdlcy82odgzm2e2mzaznmu4ztc3ntg4njbimzgvyxbvbgxvlxbpdgety29tym8tnjg4yzg0zdk3m2rjmwu0zge2otvhztuxlmpwzw__.jpeg.png', 207) ON CONFLICT DO NOTHING;
INSERT INTO menu_option_groups (menu_id, group_id) VALUES (2452, 1118) ON CONFLICT DO NOTHING;
INSERT INTO menu_option_groups (menu_id, group_id) VALUES (2452, 1117) ON CONFLICT DO NOTHING;
INSERT INTO menu_option_groups (menu_id, group_id) VALUES (2452, 1062) ON CONFLICT DO NOTHING;
INSERT INTO menu_option_groups (menu_id, group_id) VALUES (2452, 1089) ON CONFLICT DO NOTHING;
INSERT INTO menu_option_groups (menu_id, group_id) VALUES (2452, 1087) ON CONFLICT DO NOTHING;
INSERT INTO menu_option_groups (menu_id, group_id) VALUES (2452, 1119) ON CONFLICT DO NOTHING;
INSERT INTO menu_option_groups (menu_id, group_id) VALUES (2452, 1113) ON CONFLICT DO NOTHING;
INSERT INTO menus (id, name, description, image_url, category_id) VALUES (2453, 'Super Bock 0% ', 'Super Bock 0% ', 'https://d3u269mlo8clta.cloudfront.net/opa/ceca9dd6-59aa-11f1-93ad-96266858967f_ahr0chm6ly9zdg9yywdllmdvb2dszwfwaxmuy29tl2lrb25hlwj1y2tldc1wcm9kdwn0aw9ul2ltywdlcy82odgzm2e2mzaznmu4ztc3ntg4njbimzgvnjdkzdyxnduynwuzowe0mjhhnjyzmgixlty4zdnky2u3ymyzn2vlmtljmgixndu3zc5wbmc_.jpeg.png', 221) ON CONFLICT DO NOTHING;
INSERT INTO menus (id, name, description, image_url, category_id) VALUES (2454, 'Eros Combo', 'Eros wrap, patate të skuqura, pije, ketchup, mustardë', 'https://d3u269mlo8clta.cloudfront.net/opa/830f2ede-5ccf-11f1-83e6-4e238d7eb25d_ahr0chm6ly9zdg9yywdllmdvb2dszwfwaxmuy29tl2lrb25hlwj1y2tldc1wcm9kdwn0aw9ul2ltywdlcy82odgzm2e2mzaznmu4ztc3ntg4njbimzgvrxjvcyuymenvbwjvlty4ota3odc5ytvjzwy0nmvjztg2m2vmoc5wbmc_.jpeg.png', 207) ON CONFLICT DO NOTHING;
INSERT INTO menu_option_groups (menu_id, group_id) VALUES (2454, 1127) ON CONFLICT DO NOTHING;
INSERT INTO menu_option_groups (menu_id, group_id) VALUES (2454, 1092) ON CONFLICT DO NOTHING;
INSERT INTO menu_option_groups (menu_id, group_id) VALUES (2454, 1054) ON CONFLICT DO NOTHING;
INSERT INTO menu_option_groups (menu_id, group_id) VALUES (2454, 1089) ON CONFLICT DO NOTHING;
INSERT INTO menu_option_groups (menu_id, group_id) VALUES (2454, 1087) ON CONFLICT DO NOTHING;
INSERT INTO menu_option_groups (menu_id, group_id) VALUES (2454, 1119) ON CONFLICT DO NOTHING;
INSERT INTO menu_option_groups (menu_id, group_id) VALUES (2454, 1113) ON CONFLICT DO NOTHING;
INSERT INTO menus (id, name, description, image_url, category_id) VALUES (2455, 'Barbeque sauce', 'Barbeque sauce', 'https://d3u269mlo8clta.cloudfront.net/opa/880735d0-5ccf-11f1-9dc1-aa50e5e38a2b_ahr0chm6ly9zdg9yywdllmdvb2dszwfwaxmuy29tl2lrb25hlwj1y2tldc1wcm9kdwn0aw9ul2ltywdlcy82odgzm2e2mzaznmu4ztc3ntg4njbimzgvu3dlzxqlmjbdaglsasuynlrhcnjhz29ujtiwu2f1y2ulmjbqtfulmjaxmdawnzayny02ogm5ndfkytliowjhmwi4yjk4mmm0n2uucg5n.jpeg.png', 220) ON CONFLICT DO NOTHING;
INSERT INTO menus (id, name, description, image_url, category_id) VALUES (2456, 'Schnitzel Bowl ', 'Oriz me perime ose patate të skuqura, schnitzel pule i skuqur, majonezë me hudhër & spec djegës, sallatë greke, pita', 'https://d3u269mlo8clta.cloudfront.net/opa/85fd196c-5ccf-11f1-91a3-aa50e5e38a2b_ahr0chm6ly9zdg9yywdllmdvb2dszwfwaxmuy29tl2lrb25hlwj1y2tldc1wcm9kdwn0aw9ul2ltywdlcy82odgzm2e2mzaznmu4ztc3ntg4njbimzgvnjg0mwjkn2njztrhyzvhnje3mmyymwq0lty4zdnky2u3ymyzn2vlmtljmgixndu4nc5wbmc_.jpeg.png', 209) ON CONFLICT DO NOTHING;
INSERT INTO menu_option_groups (menu_id, group_id) VALUES (2456, 1080) ON CONFLICT DO NOTHING;
INSERT INTO menu_option_groups (menu_id, group_id) VALUES (2456, 1087) ON CONFLICT DO NOTHING;
INSERT INTO menu_option_groups (menu_id, group_id) VALUES (2456, 1113) ON CONFLICT DO NOTHING;
INSERT INTO menu_option_groups (menu_id, group_id) VALUES (2456, 1104) ON CONFLICT DO NOTHING;
INSERT INTO menu_option_groups (menu_id, group_id) VALUES (2456, 1119) ON CONFLICT DO NOTHING;
INSERT INTO menus (id, name, description, image_url, category_id) VALUES (2457, 'Schweppes Indian Tonic 0.33L', 'Schweppes Indian Tonic 0.33L', 'https://d3u269mlo8clta.cloudfront.net/opa/87fb2e8e-5ccf-11f1-9dc1-aa50e5e38a2b_ahr0chm6ly9zdg9yywdllmdvb2dszwfwaxmuy29tl2lrb25hlwj1y2tldc1wcm9kdwn0aw9ul2ltywdlcy82odgzm2e2mzaznmu4ztc3ntg4njbimzgvnjhimtljztizy2ixnmrmywyxoda3yty1lty4zdnky2u3ymyzn2vlmtljmgixndu3os5wbmc_.jpeg.png', 219) ON CONFLICT DO NOTHING;
INSERT INTO menus (id, name, description, image_url, category_id) VALUES (2458, 'OPA Smash Burger ', 'Bukë burgeri, qofte viçi, djathë cheddar, kastravec turshi i bërë në shtëpi, majonezë burger, sallatë romane', 'https://d3u269mlo8clta.cloudfront.net/opa/ce8a2028-52b9-11f1-a0a8-02fc71c6f102_ahr0chm6ly9zdg9yywdllmdvb2dszwfwaxmuy29tl2lrb25hlwj1y2tldc1wcm9kdwn0aw9ul2ltywdlcy82odgzm2e2mzaznmu4ztc3ntg4njbimzgvt3bhjtiwyxbwx09qqsuymfnpbmdszsuymfntyxnolty4ota3ztm2ndm2ody3mjfhztewymvhzs5wbmc_.jpeg.png', 211) ON CONFLICT DO NOTHING;
INSERT INTO menu_option_groups (menu_id, group_id) VALUES (2458, 1149) ON CONFLICT DO NOTHING;
INSERT INTO menu_option_groups (menu_id, group_id) VALUES (2458, 1112) ON CONFLICT DO NOTHING;
INSERT INTO menu_option_groups (menu_id, group_id) VALUES (2458, 1087) ON CONFLICT DO NOTHING;
INSERT INTO menu_option_groups (menu_id, group_id) VALUES (2458, 1119) ON CONFLICT DO NOTHING;
INSERT INTO menu_option_groups (menu_id, group_id) VALUES (2458, 1113) ON CONFLICT DO NOTHING;
INSERT INTO menus (id, name, description, image_url, category_id) VALUES (2459, 'Traditional Pita', 'Traditional Pita', 'https://d3u269mlo8clta.cloudfront.net/opa/862fbc0a-5ccf-11f1-91a3-aa50e5e38a2b_ahr0chm6ly9zdg9yywdllmdvb2dszwfwaxmuy29tl2lrb25hlwj1y2tldc1wcm9kdwn0aw9ul2ltywdlcy82odgzm2e2mzaznmu4ztc3ntg4njbimzgvcgl0zsuymgv4dhjhlty5mtqzzjjmymq2ntnlztqwntvjngfmns5wbmc_.jpeg.png', 212) ON CONFLICT DO NOTHING;
INSERT INTO menus (id, name, description, image_url, category_id) VALUES (2460, 'Truffle Mayo', 'Truffle Mayo', 'https://d3u269mlo8clta.cloudfront.net/opa/bc8783cc-4e02-11f1-b5fe-c24319c933ee_ahr0chm6ly9zdg9yywdllmdvb2dszwfwaxmuy29tl2lrb25hlwj1y2tldc1wcm9kdwn0aw9ul2ltywdlcy82odgzm2e2mzaznmu4ztc3ntg4njbimzgvvhj1zmzszsuyme1hew8lmjbwbhulmjaxmdawnzaxnc02ogm5nda3nmuzmdfmowmwmdfhodi2ywmucg5n.jpeg.png', 220) ON CONFLICT DO NOTHING;
INSERT INTO menus (id, name, description, image_url, category_id) VALUES (2461, 'Eat Big with OPA', 'chicken gyros big, BBQ chicken wings (4cope), french fries, sauce, drink💥💥', 'https://d3u269mlo8clta.cloudfront.net/opa/82da2f40-5ccf-11f1-83e6-4e238d7eb25d_ahr0chm6ly9zdg9yywdllmdvb2dszwfwaxmuy29tl2lrb25hlwj1y2tldc1wcm9kdwn0aw9ul2ltywdlcy82odgzm2e2mzaznmu4ztc3ntg4njbimzgvv29sdf9fyxqlmjbcawctnjlizda4mzfmzwi0mjuwymm1zgq5yjaylnbuzw__.jpeg.png', 205) ON CONFLICT DO NOTHING;
INSERT INTO menu_option_groups (menu_id, group_id) VALUES (2461, 1055) ON CONFLICT DO NOTHING;
INSERT INTO menu_option_groups (menu_id, group_id) VALUES (2461, 1094) ON CONFLICT DO NOTHING;
INSERT INTO menu_option_groups (menu_id, group_id) VALUES (2461, 1056) ON CONFLICT DO NOTHING;
INSERT INTO menu_option_groups (menu_id, group_id) VALUES (2461, 1054) ON CONFLICT DO NOTHING;
INSERT INTO menu_option_groups (menu_id, group_id) VALUES (2461, 1096) ON CONFLICT DO NOTHING;
INSERT INTO menu_option_groups (menu_id, group_id) VALUES (2461, 1087) ON CONFLICT DO NOTHING;
INSERT INTO menu_option_groups (menu_id, group_id) VALUES (2461, 1113) ON CONFLICT DO NOTHING;
INSERT INTO menu_option_groups (menu_id, group_id) VALUES (2461, 1119) ON CONFLICT DO NOTHING;
INSERT INTO menus (id, name, description, image_url, category_id) VALUES (2462, 'Schnitzel Wrap Combo ', 'schnitzel wrap, fries, drink, ketchup, mustard', 'https://d3u269mlo8clta.cloudfront.net/opa/83198c9e-5ccf-11f1-83e6-4e238d7eb25d_ahr0chm6ly9zdg9yywdllmdvb2dszwfwaxmuy29tl2lrb25hlwj1y2tldc1wcm9kdwn0aw9ul2ltywdlcy82odgzm2e2mzaznmu4ztc3ntg4njbimzgvv29sdf9fu2nobml0emvsjtiwv3jhccuymenvbwjvjtiwbm9ybwfszsuymc02ogrknzjmn2u4yzfhogiyytjjyzgzyjqucg5n.jpeg.png', 207) ON CONFLICT DO NOTHING;
INSERT INTO menu_option_groups (menu_id, group_id) VALUES (2462, 1145) ON CONFLICT DO NOTHING;
INSERT INTO menu_option_groups (menu_id, group_id) VALUES (2462, 1092) ON CONFLICT DO NOTHING;
INSERT INTO menu_option_groups (menu_id, group_id) VALUES (2462, 1054) ON CONFLICT DO NOTHING;
INSERT INTO menu_option_groups (menu_id, group_id) VALUES (2462, 1089) ON CONFLICT DO NOTHING;
INSERT INTO menu_option_groups (menu_id, group_id) VALUES (2462, 1087) ON CONFLICT DO NOTHING;
INSERT INTO menu_option_groups (menu_id, group_id) VALUES (2462, 1119) ON CONFLICT DO NOTHING;
INSERT INTO menu_option_groups (menu_id, group_id) VALUES (2462, 1113) ON CONFLICT DO NOTHING;
INSERT INTO menus (id, name, description, image_url, category_id) VALUES (2463, 'Pite Extra Large ', 'Pite Extra Large ', 'https://d3u269mlo8clta.cloudfront.net/opa/862fbc0a-5ccf-11f1-91a3-aa50e5e38a2b_ahr0chm6ly9zdg9yywdllmdvb2dszwfwaxmuy29tl2lrb25hlwj1y2tldc1wcm9kdwn0aw9ul2ltywdlcy82odgzm2e2mzaznmu4ztc3ntg4njbimzgvcgl0zsuymgv4dhjhlty5mtqzzjjmymq2ntnlztqwntvjngfmns5wbmc_.jpeg.png', 212) ON CONFLICT DO NOTHING;
INSERT INTO menus (id, name, description, image_url, category_id) VALUES (2464, 'Barbeque Pork Sandwich ', 'buke, sallate greek slaw, salce barbeque, mish gici i pjekur me ngadale', 'https://d3u269mlo8clta.cloudfront.net/opa/e80741a6-4ecd-11f1-a706-46801cf61cb0_ahr0chm6ly9zdg9yywdllmdvb2dszwfwaxmuy29tl2lrb25hlwj1y2tldc1wcm9kdwn0aw9ul2ltywdlcy82odgzm2e2mzaznmu4ztc3ntg4njbimzgvv29sdf9cyxjizxf1zsuymfbvcmstnmewndc0ntg1zdc0ywixymi2zjqyzwnmlnbuzw__.jpeg.png', 204) ON CONFLICT DO NOTHING;
INSERT INTO menu_option_groups (menu_id, group_id) VALUES (2464, 1087) ON CONFLICT DO NOTHING;
INSERT INTO menu_option_groups (menu_id, group_id) VALUES (2464, 1113) ON CONFLICT DO NOTHING;
INSERT INTO menu_option_groups (menu_id, group_id) VALUES (2464, 1119) ON CONFLICT DO NOTHING;
INSERT INTO menus (id, name, description, image_url, category_id) VALUES (2465, 'Fanta Ekzotik 0.33', 'Fanta Ekzotik 0.33 ', 'https://d3u269mlo8clta.cloudfront.net/opa/87e9c9aa-5ccf-11f1-9dc1-aa50e5e38a2b_ahr0chm6ly9zdg9yywdllmdvb2dszwfwaxmuy29tl2lrb25hlwj1y2tldc1wcm9kdwn0aw9ul2ltywdlcy82odgzm2e2mzaznmu4ztc3ntg4njbimzgvnjcxzjy1mde5ngjmoti2nguxzdliztvjlty4zdnky2u3ymyzn2vlmtljmgixndu3mi5wbmc_.jpeg.png', 219) ON CONFLICT DO NOTHING;
INSERT INTO menus (id, name, description, image_url, category_id) VALUES (2466, 'Pork Skepasti Big Combo', 'Skepasti gici big, patate të skuqura, pije, ketchup, mustardë', 'https://d3u269mlo8clta.cloudfront.net/opa/830960f8-5ccf-11f1-83e6-4e238d7eb25d_ahr0chm6ly9zdg9yywdllmdvb2dszwfwaxmuy29tl2lrb25hlwj1y2tldc1wcm9kdwn0aw9ul2ltywdlcy82odgzm2e2mzaznmu4ztc3ntg4njbimzgvug9yayuymfnrzxbhc3rpjtiwq29tym8tnjg5mddhywnknwywndfkogfjmge1n2exlnbuzw__.jpeg.png', 207) ON CONFLICT DO NOTHING;
INSERT INTO menu_option_groups (menu_id, group_id) VALUES (2466, 1126) ON CONFLICT DO NOTHING;
INSERT INTO menu_option_groups (menu_id, group_id) VALUES (2466, 1049) ON CONFLICT DO NOTHING;
INSERT INTO menu_option_groups (menu_id, group_id) VALUES (2466, 1062) ON CONFLICT DO NOTHING;
INSERT INTO menu_option_groups (menu_id, group_id) VALUES (2466, 1089) ON CONFLICT DO NOTHING;
INSERT INTO menu_option_groups (menu_id, group_id) VALUES (2466, 1059) ON CONFLICT DO NOTHING;
INSERT INTO menu_option_groups (menu_id, group_id) VALUES (2466, 1087) ON CONFLICT DO NOTHING;
INSERT INTO menu_option_groups (menu_id, group_id) VALUES (2466, 1119) ON CONFLICT DO NOTHING;
INSERT INTO menu_option_groups (menu_id, group_id) VALUES (2466, 1113) ON CONFLICT DO NOTHING;
INSERT INTO menus (id, name, description, image_url, category_id) VALUES (2467, 'Crispy Chicken Burger Combo ', 'Crispy chicken burger, patate të skuqura, pije, ketchup, mustardë', 'https://d3u269mlo8clta.cloudfront.net/opa/272653b0-5b3d-11f1-a0ec-ce60ff2c0b4d_ahr0chm6ly9zdg9yywdllmdvb2dszwfwaxmuy29tl2lrb25hlwj1y2tldc1wcm9kdwn0aw9ul2ltywdlcy82odgzm2e2mzaznmu4ztc3ntg4njbimzgvv29sdf9pueelmjbdcmlzchklmjbdaglja2vujtiwq29tym8tnjg5mddintrknwywndfkogfjmge1n2fmlnbuzw__.jpeg.png', 207) ON CONFLICT DO NOTHING;
INSERT INTO menu_option_groups (menu_id, group_id) VALUES (2467, 979) ON CONFLICT DO NOTHING;
INSERT INTO menu_option_groups (menu_id, group_id) VALUES (2467, 1092) ON CONFLICT DO NOTHING;
INSERT INTO menu_option_groups (menu_id, group_id) VALUES (2467, 1054) ON CONFLICT DO NOTHING;
INSERT INTO menu_option_groups (menu_id, group_id) VALUES (2467, 1089) ON CONFLICT DO NOTHING;
INSERT INTO menu_option_groups (menu_id, group_id) VALUES (2467, 1087) ON CONFLICT DO NOTHING;
INSERT INTO menu_option_groups (menu_id, group_id) VALUES (2467, 1119) ON CONFLICT DO NOTHING;
INSERT INTO menu_option_groups (menu_id, group_id) VALUES (2467, 1113) ON CONFLICT DO NOTHING;
INSERT INTO menus (id, name, description, image_url, category_id) VALUES (2468, 'Hermes Combo', 'Hermes wrap, patate të skuqura, pije, ketchup, mustardë', 'https://d3u269mlo8clta.cloudfront.net/opa/3bb7b898-544c-11f1-ad33-2e1ca93508c8_ahr0chm6ly9zdg9yywdllmdvb2dszwfwaxmuy29tl2lrb25hlwj1y2tldc1wcm9kdwn0aw9ul2ltywdlcy82odgzm2e2mzaznmu4ztc3ntg4njbimzgvsgvybwvzjtiwq29tym8tnjg5mdc5nmmxyjg1ztjlngm4yjjmodbklnbuzw__.jpeg.png', 207) ON CONFLICT DO NOTHING;
INSERT INTO menu_option_groups (menu_id, group_id) VALUES (2468, 1134) ON CONFLICT DO NOTHING;
INSERT INTO menu_option_groups (menu_id, group_id) VALUES (2468, 1092) ON CONFLICT DO NOTHING;
INSERT INTO menu_option_groups (menu_id, group_id) VALUES (2468, 1054) ON CONFLICT DO NOTHING;
INSERT INTO menu_option_groups (menu_id, group_id) VALUES (2468, 1089) ON CONFLICT DO NOTHING;
INSERT INTO menu_option_groups (menu_id, group_id) VALUES (2468, 1087) ON CONFLICT DO NOTHING;
INSERT INTO menu_option_groups (menu_id, group_id) VALUES (2468, 1119) ON CONFLICT DO NOTHING;
INSERT INTO menu_option_groups (menu_id, group_id) VALUES (2468, 1113) ON CONFLICT DO NOTHING;
INSERT INTO menus (id, name, description, image_url, category_id) VALUES (2469, 'BBQ Chicken Wings (10 cope) Combo ', 'BBQ Chicken Wings (10 cope), fries, drink', 'https://d3u269mlo8clta.cloudfront.net/opa/a7f45972-5810-11f1-84b4-363dd4c82eca_ahr0chm6ly9zdg9yywdllmdvb2dszwfwaxmuy29tl2lrb25hlwj1y2tldc1wcm9kdwn0aw9ul2ltywdlcy82odgzm2e2mzaznmu4ztc3ntg4njbimzgvv29sdf9daglja2vujtiwv2luz3mlmja4jtiwy29wzsuymgnvbwjvjtiwlty4zgq3mmy3zthjmwe4yjjhmmnjodniys5wbmc_.jpeg.png', 207) ON CONFLICT DO NOTHING;
INSERT INTO menu_option_groups (menu_id, group_id) VALUES (2469, 1079) ON CONFLICT DO NOTHING;
INSERT INTO menu_option_groups (menu_id, group_id) VALUES (2469, 1119) ON CONFLICT DO NOTHING;
INSERT INTO menu_option_groups (menu_id, group_id) VALUES (2469, 1113) ON CONFLICT DO NOTHING;
INSERT INTO menu_option_groups (menu_id, group_id) VALUES (2469, 1114) ON CONFLICT DO NOTHING;
INSERT INTO menu_option_groups (menu_id, group_id) VALUES (2469, 1139) ON CONFLICT DO NOTHING;
INSERT INTO menu_option_groups (menu_id, group_id) VALUES (2469, 1054) ON CONFLICT DO NOTHING;
INSERT INTO menu_option_groups (menu_id, group_id) VALUES (2469, 1087) ON CONFLICT DO NOTHING;
INSERT INTO menu_option_groups (menu_id, group_id) VALUES (2469, 1119) ON CONFLICT DO NOTHING;
INSERT INTO menu_option_groups (menu_id, group_id) VALUES (2469, 1113) ON CONFLICT DO NOTHING;
INSERT INTO menus (id, name, description, image_url, category_id) VALUES (2470, 'Chicken Gyros Big DEL', 'Chicken Gyros Big ', 'https://d3u269mlo8clta.cloudfront.net/opa/ca73639e-59aa-11f1-92b4-1ad39886056e_ahr0chm6ly9zdg9yywdllmdvb2dszwfwaxmuy29tl2lrb25hlwj1y2tldc1wcm9kdwn0aw9ul2ltywdlcy82odgzm2e2mzaznmu4ztc3ntg4njbimzgvy2hpy2tlbi1nexjvcy1waxrhlty4ogm4mmywm2zmy2i2nwy4n2nmmthios5qcgc_.jpeg.png', 213) ON CONFLICT DO NOTHING;
INSERT INTO menus (id, name, description, image_url, category_id) VALUES (2471, 'Zeus Combo', 'Zeus wrap, patate të skuqura, pije, ketchup, mustardë', 'https://d3u269mlo8clta.cloudfront.net/opa/8313370e-5ccf-11f1-83e6-4e238d7eb25d_ahr0chm6ly9zdg9yywdllmdvb2dszwfwaxmuy29tl2lrb25hlwj1y2tldc1wcm9kdwn0aw9ul2ltywdlcy82odgzm2e2mzaznmu4ztc3ntg4njbimzgvwmv1cyuymenvbwjvlty4ota3yjiyzdvmmdqxzdhhyzbhntdhoc5wbmc_.jpeg.png', 207) ON CONFLICT DO NOTHING;
INSERT INTO menu_option_groups (menu_id, group_id) VALUES (2471, 1077) ON CONFLICT DO NOTHING;
INSERT INTO menu_option_groups (menu_id, group_id) VALUES (2471, 1092) ON CONFLICT DO NOTHING;
INSERT INTO menu_option_groups (menu_id, group_id) VALUES (2471, 1054) ON CONFLICT DO NOTHING;
INSERT INTO menu_option_groups (menu_id, group_id) VALUES (2471, 1089) ON CONFLICT DO NOTHING;
INSERT INTO menu_option_groups (menu_id, group_id) VALUES (2471, 1087) ON CONFLICT DO NOTHING;
INSERT INTO menu_option_groups (menu_id, group_id) VALUES (2471, 1119) ON CONFLICT DO NOTHING;
INSERT INTO menu_option_groups (menu_id, group_id) VALUES (2471, 1113) ON CONFLICT DO NOTHING;
INSERT INTO menus (id, name, description, image_url, category_id) VALUES (2472, 'Chicken Skepasti Big Combo', 'Skepasti pule big, patate të skuqura, pije, ketchup, mustardë

', 'https://d3u269mlo8clta.cloudfront.net/opa/83077aea-5ccf-11f1-83e6-4e238d7eb25d_ahr0chm6ly9zdg9yywdllmdvb2dszwfwaxmuy29tl2lrb25hlwj1y2tldc1wcm9kdwn0aw9ul2ltywdlcy82odgzm2e2mzaznmu4ztc3ntg4njbimzgvq2hpy2tlbiuymfnrzxbhc3rpjtiwy29tym8tnjg5mdc4nthhnwnlzjq2zwnlodyzzwy0lnbuzw__.jpeg.png', 207) ON CONFLICT DO NOTHING;
INSERT INTO menu_option_groups (menu_id, group_id) VALUES (2472, 1137) ON CONFLICT DO NOTHING;
INSERT INTO menu_option_groups (menu_id, group_id) VALUES (2472, 1049) ON CONFLICT DO NOTHING;
INSERT INTO menu_option_groups (menu_id, group_id) VALUES (2472, 1059) ON CONFLICT DO NOTHING;
INSERT INTO menu_option_groups (menu_id, group_id) VALUES (2472, 1062) ON CONFLICT DO NOTHING;
INSERT INTO menu_option_groups (menu_id, group_id) VALUES (2472, 1089) ON CONFLICT DO NOTHING;
INSERT INTO menu_option_groups (menu_id, group_id) VALUES (2472, 1087) ON CONFLICT DO NOTHING;
INSERT INTO menu_option_groups (menu_id, group_id) VALUES (2472, 1119) ON CONFLICT DO NOTHING;
INSERT INTO menu_option_groups (menu_id, group_id) VALUES (2472, 1113) ON CONFLICT DO NOTHING;
INSERT INTO menus (id, name, description, image_url, category_id) VALUES (2473, 'Crinkle Truffle Fries ', 'Crinkle fries, truffle mayo, parmigiano', 'https://d3u269mlo8clta.cloudfront.net/opa/f6f863c0-55bc-11f1-9f6c-6e54898b6448_ahr0chm6ly9zdg9yywdllmdvb2dszwfwaxmuy29tl2lrb25hlwj1y2tldc1wcm9kdwn0aw9ul2ltywdlcy82odgzm2e2mzaznmu4ztc3ntg4njbimzgvq3jpbmtszsuymfrydwzmbgulmjbgcmllcy02odljy2q4nzbhmmuzoty1mgfhzwnmndkuanbn.jpeg.png', 212) ON CONFLICT DO NOTHING;
INSERT INTO menu_option_groups (menu_id, group_id) VALUES (2473, 1119) ON CONFLICT DO NOTHING;
INSERT INTO menu_option_groups (menu_id, group_id) VALUES (2473, 1113) ON CONFLICT DO NOTHING;
INSERT INTO menu_option_groups (menu_id, group_id) VALUES (2473, 1104) ON CONFLICT DO NOTHING;
INSERT INTO menus (id, name, description, image_url, category_id) VALUES (2474, 'Apollo Pita Combo ', 'Apollo pita, patate të skuqura, pije, ketchup, mustardë', 'https://d3u269mlo8clta.cloudfront.net/opa/25d9f84a-5b3d-11f1-b7a5-5a781360214a_ahr0chm6ly9zdg9yywdllmdvb2dszwfwaxmuy29tl2lrb25hlwj1y2tldc1wcm9kdwn0aw9ul2ltywdlcy82odgzm2e2mzaznmu4ztc3ntg4njbimzgvyxbvbgxvlxbpdgety29tym8tnjg4yzg0zdk3m2rjmwu0zge2otvhztuxlmpwzw__.jpeg.png', 207) ON CONFLICT DO NOTHING;
INSERT INTO menu_option_groups (menu_id, group_id) VALUES (2474, 1092) ON CONFLICT DO NOTHING;
INSERT INTO menu_option_groups (menu_id, group_id) VALUES (2474, 1054) ON CONFLICT DO NOTHING;
INSERT INTO menu_option_groups (menu_id, group_id) VALUES (2474, 1089) ON CONFLICT DO NOTHING;
INSERT INTO menu_option_groups (menu_id, group_id) VALUES (2474, 1087) ON CONFLICT DO NOTHING;
INSERT INTO menu_option_groups (menu_id, group_id) VALUES (2474, 1119) ON CONFLICT DO NOTHING;
INSERT INTO menu_option_groups (menu_id, group_id) VALUES (2474, 1113) ON CONFLICT DO NOTHING;
INSERT INTO menus (id, name, description, image_url, category_id) VALUES (2475, 'Greek Salad', 'Domate, kastravec, speca jeshile, qepë, ullinj kalamata, kapere, djathë i bardhë, rigon', 'https://d3u269mlo8clta.cloudfront.net/opa/cd3023ba-59aa-11f1-a1ea-3e5ee5795ffd_ahr0chm6ly9zdg9yywdllmdvb2dszwfwaxmuy29tl2lrb25hlwj1y2tldc1wcm9kdwn0aw9ul2ltywdlcy82odgzm2e2mzaznmu4ztc3ntg4njbimzgvz3jlzwstc2fsywqtnjg4yzgyzjazzmzjyjy1zjg3y2yxogjilmpwzw__.jpeg.png', 215) ON CONFLICT DO NOTHING;
INSERT INTO menu_option_groups (menu_id, group_id) VALUES (2475, 1087) ON CONFLICT DO NOTHING;
INSERT INTO menu_option_groups (menu_id, group_id) VALUES (2475, 1104) ON CONFLICT DO NOTHING;
INSERT INTO menu_option_groups (menu_id, group_id) VALUES (2475, 1113) ON CONFLICT DO NOTHING;
INSERT INTO menus (id, name, description, image_url, category_id) VALUES (2476, 'French Fries Large ', 'Patate të skuqura, kripë, rigon', 'https://d3u269mlo8clta.cloudfront.net/opa/86237a44-5ccf-11f1-91a3-aa50e5e38a2b_ahr0chm6ly9zdg9yywdllmdvb2dszwfwaxmuy29tl2lrb25hlwj1y2tldc1wcm9kdwn0aw9ul2ltywdlcy82odgzm2e2mzaznmu4ztc3ntg4njbimzgvrnjlbmnoluzyawvzlty4ownjzdg2mgeyztm5njuwywfly2y0mc5qcgc_.jpeg.png', 212) ON CONFLICT DO NOTHING;
INSERT INTO menus (id, name, description, image_url, category_id) VALUES (2477, 'Cheddar Fries ', 'Cheddar Fries ', 'https://d3u269mlo8clta.cloudfront.net/opa/862b9616-5ccf-11f1-91a3-aa50e5e38a2b_ahr0chm6ly9zdg9yywdllmdvb2dszwfwaxmuy29tl2lrb25hlwj1y2tldc1wcm9kdwn0aw9ul2ltywdlcy82odgzm2e2mzaznmu4ztc3ntg4njbimzgvq2hlzgrhciuymezyawvzlty4ownjzdg3mgeyztm5njuwywfly2y0oc5qcgc_.jpeg.png', 212) ON CONFLICT DO NOTHING;
INSERT INTO menu_option_groups (menu_id, group_id) VALUES (2477, 1119) ON CONFLICT DO NOTHING;
INSERT INTO menu_option_groups (menu_id, group_id) VALUES (2477, 1113) ON CONFLICT DO NOTHING;
INSERT INTO menu_option_groups (menu_id, group_id) VALUES (2477, 1104) ON CONFLICT DO NOTHING;
INSERT INTO menus (id, name, description, image_url, category_id) VALUES (2478, 'Halloumi chips', 'Djathi halloumi i servirur me salcë jogurti', 'https://d3u269mlo8clta.cloudfront.net/opa/861a4b72-5ccf-11f1-91a3-aa50e5e38a2b_ahr0chm6ly9zdg9yywdllmdvb2dszwfwaxmuy29tl2lrb25hlwj1y2tldc1wcm9kdwn0aw9ul2ltywdlcy82odgzm2e2mzaznmu4ztc3ntg4njbimzgvsgfsbg91bwklmjbdaglwcy02odljy2q4nzbhmmuzoty1mgfhzwnmndcuanbn.jpeg.png', 212) ON CONFLICT DO NOTHING;
INSERT INTO menu_option_groups (menu_id, group_id) VALUES (2478, 1119) ON CONFLICT DO NOTHING;
INSERT INTO menu_option_groups (menu_id, group_id) VALUES (2478, 1113) ON CONFLICT DO NOTHING;
INSERT INTO menu_option_groups (menu_id, group_id) VALUES (2478, 1104) ON CONFLICT DO NOTHING;
INSERT INTO menus (id, name, description, image_url, category_id) VALUES (2479, 'Mediterranean Hummus', 'Pastë qiqrash, tahini, hudhra e pjekur në skarë & kumin', 'https://d3u269mlo8clta.cloudfront.net/opa/caabba64-59aa-11f1-adea-f2cb67d275e0_ahr0chm6ly9zdg9yywdllmdvb2dszwfwaxmuy29tl2lrb25hlwj1y2tldc1wcm9kdwn0aw9ul2ltywdlcy82odgzm2e2mzaznmu4ztc3ntg4njbimzgvtwvkaxrlcnjhbmvhbi1idw1tdxmtnjg5y2nkodywytjlmzk2ntbhywvjzjq1lmpwzw__.jpeg.png', 212) ON CONFLICT DO NOTHING;
INSERT INTO menu_option_groups (menu_id, group_id) VALUES (2479, 1113) ON CONFLICT DO NOTHING;
INSERT INTO menu_option_groups (menu_id, group_id) VALUES (2479, 1104) ON CONFLICT DO NOTHING;
INSERT INTO menus (id, name, description, image_url, category_id) VALUES (2480, 'Pork Doner Combo ', 'pork doner, fries, ketchup, mustard, drink', 'https://d3u269mlo8clta.cloudfront.net/opa/4a34775e-5383-11f1-b246-76de16ae3890_ahr0chm6ly9zdg9yywdllmdvb2dszwfwaxmuy29tl2lrb25hlwj1y2tldc1wcm9kdwn0aw9ul2ltywdlcy82odgzm2e2mzaznmu4ztc3ntg4njbimzgvv29sdf9fug9yayuymervbmvyjtiwy29tym8tnjhkzdcyzjdlogmxythimmeyy2m4m2iwlnbuzw__.jpeg.png', 207) ON CONFLICT DO NOTHING;
INSERT INTO menu_option_groups (menu_id, group_id) VALUES (2480, 1101) ON CONFLICT DO NOTHING;
INSERT INTO menu_option_groups (menu_id, group_id) VALUES (2480, 1092) ON CONFLICT DO NOTHING;
INSERT INTO menu_option_groups (menu_id, group_id) VALUES (2480, 1054) ON CONFLICT DO NOTHING;
INSERT INTO menu_option_groups (menu_id, group_id) VALUES (2480, 1089) ON CONFLICT DO NOTHING;
INSERT INTO menu_option_groups (menu_id, group_id) VALUES (2480, 1087) ON CONFLICT DO NOTHING;
INSERT INTO menu_option_groups (menu_id, group_id) VALUES (2480, 1119) ON CONFLICT DO NOTHING;
INSERT INTO menu_option_groups (menu_id, group_id) VALUES (2480, 1113) ON CONFLICT DO NOTHING;
INSERT INTO menus (id, name, description, image_url, category_id) VALUES (2481, 'Bacon Mayo Sauce', 'Bacon Mayo Sauce', 'https://d3u269mlo8clta.cloudfront.net/opa/88058866-5ccf-11f1-9dc1-aa50e5e38a2b_ahr0chm6ly9zdg9yywdllmdvb2dszwfwaxmuy29tl2lrb25hlwj1y2tldc1wcm9kdwn0aw9ul2ltywdlcy82odgzm2e2mzaznmu4ztc3ntg4njbimzgvqmfjb24lmjbtyxvjzsuymfbmvsuymdewmda3mda0lty4yzk0mdc2ztmwmwy5yzawmwe4mjzhys5wbmc_.jpeg.png', 220) ON CONFLICT DO NOTHING;
INSERT INTO menus (id, name, description, image_url, category_id) VALUES (2482, 'Kebab Skewers 1 cope', 'Kebab Skewers 1 cope', 'https://d3u269mlo8clta.cloudfront.net/opa/86468d36-5ccf-11f1-91a3-aa50e5e38a2b_ahr0chm6ly9zdg9yywdllmdvb2dszwfwaxmuy29tl2lrb25hlwj1y2tldc1wcm9kdwn0aw9ul2ltywdlcy82odgzm2e2mzaznmu4ztc3ntg4njbimzgvs2viywilmjbta2v3zxjzlty4ownjmtc0mzniywnhm2niytc2mmq3mc5qcgc_.jpeg.png', 216) ON CONFLICT DO NOTHING;
INSERT INTO menu_option_groups (menu_id, group_id) VALUES (2482, 1087) ON CONFLICT DO NOTHING;
INSERT INTO menu_option_groups (menu_id, group_id) VALUES (2482, 1104) ON CONFLICT DO NOTHING;
INSERT INTO menu_option_groups (menu_id, group_id) VALUES (2482, 1119) ON CONFLICT DO NOTHING;
INSERT INTO menu_option_groups (menu_id, group_id) VALUES (2482, 1113) ON CONFLICT DO NOTHING;
INSERT INTO menus (id, name, description, image_url, category_id) VALUES (2483, 'Kebab Pita 🌯', 'Pita, tzatziki, qofte viçi, qepë të kuqe, domate, salcë BBQ, paprika', 'https://d3u269mlo8clta.cloudfront.net/opa/8632d2f0-5ccf-11f1-91a3-aa50e5e38a2b_ahr0chm6ly9zdg9yywdllmdvb2dszwfwaxmuy29tl2lrb25hlwj1y2tldc1wcm9kdwn0aw9ul2ltywdlcy82odgzm2e2mzaznmu4ztc3ntg4njbimzgvv29sdf9pueelmjblzwjhyiuymfbpdgetnjg5mddin2yxyjg1ztjlngm4yjjmodi4lnbuzw__.jpeg.png', 213) ON CONFLICT DO NOTHING;
INSERT INTO menu_option_groups (menu_id, group_id) VALUES (2483, 1150) ON CONFLICT DO NOTHING;
INSERT INTO menu_option_groups (menu_id, group_id) VALUES (2483, 1087) ON CONFLICT DO NOTHING;
INSERT INTO menu_option_groups (menu_id, group_id) VALUES (2483, 1113) ON CONFLICT DO NOTHING;
INSERT INTO menu_option_groups (menu_id, group_id) VALUES (2483, 1119) ON CONFLICT DO NOTHING;
INSERT INTO menus (id, name, description, image_url, category_id) VALUES (2484, 'BBQ Chicken Wings (10 cope) Combo ', 'BBQ Chicken Wings (10 cope), fries, drink', 'https://d3u269mlo8clta.cloudfront.net/opa/a7f45972-5810-11f1-84b4-363dd4c82eca_ahr0chm6ly9zdg9yywdllmdvb2dszwfwaxmuy29tl2lrb25hlwj1y2tldc1wcm9kdwn0aw9ul2ltywdlcy82odgzm2e2mzaznmu4ztc3ntg4njbimzgvv29sdf9daglja2vujtiwv2luz3mlmja4jtiwy29wzsuymgnvbwjvjtiwlty4zgq3mmy3zthjmwe4yjjhmmnjodniys5wbmc_.jpeg.png', 208) ON CONFLICT DO NOTHING;
INSERT INTO menu_option_groups (menu_id, group_id) VALUES (2484, 1079) ON CONFLICT DO NOTHING;
INSERT INTO menu_option_groups (menu_id, group_id) VALUES (2484, 1119) ON CONFLICT DO NOTHING;
INSERT INTO menu_option_groups (menu_id, group_id) VALUES (2484, 1113) ON CONFLICT DO NOTHING;
INSERT INTO menu_option_groups (menu_id, group_id) VALUES (2484, 1114) ON CONFLICT DO NOTHING;
INSERT INTO menu_option_groups (menu_id, group_id) VALUES (2484, 1139) ON CONFLICT DO NOTHING;
INSERT INTO menu_option_groups (menu_id, group_id) VALUES (2484, 1054) ON CONFLICT DO NOTHING;
INSERT INTO menu_option_groups (menu_id, group_id) VALUES (2484, 1087) ON CONFLICT DO NOTHING;
INSERT INTO menu_option_groups (menu_id, group_id) VALUES (2484, 1119) ON CONFLICT DO NOTHING;
INSERT INTO menu_option_groups (menu_id, group_id) VALUES (2484, 1113) ON CONFLICT DO NOTHING;
INSERT INTO menus (id, name, description, image_url, category_id) VALUES (2485, 'Kebab Bowl', 'Oriz me perime greke ose patate të skuqura, 2 qebapë të pjekur në skarë, tzatziki, sallatë greke, qepë të kuqe, bukë pite', 'https://d3u269mlo8clta.cloudfront.net/opa/8b4edd30-4abc-11f1-a31c-5eff02776e20_ahr0chm6ly9zdg9yywdllmdvb2dszwfwaxmuy29tl2lrb25hlwj1y2tldc1wcm9kdwn0aw9ul2ltywdlcy82odgzm2e2mzaznmu4ztc3ntg4njbimzgvnjdmy2uxmtzjm2i3ztzhyti5zdvknjdhlty4zdnky2u3ymyzn2vlmtljmgixndu4my5wbmc_.jpeg.png', 209) ON CONFLICT DO NOTHING;
INSERT INTO menu_option_groups (menu_id, group_id) VALUES (2485, 1144) ON CONFLICT DO NOTHING;
INSERT INTO menu_option_groups (menu_id, group_id) VALUES (2485, 1081) ON CONFLICT DO NOTHING;
INSERT INTO menu_option_groups (menu_id, group_id) VALUES (2485, 1087) ON CONFLICT DO NOTHING;
INSERT INTO menu_option_groups (menu_id, group_id) VALUES (2485, 1119) ON CONFLICT DO NOTHING;
INSERT INTO menu_option_groups (menu_id, group_id) VALUES (2485, 1113) ON CONFLICT DO NOTHING;
INSERT INTO menu_option_groups (menu_id, group_id) VALUES (2485, 1104) ON CONFLICT DO NOTHING;
INSERT INTO menus (id, name, description, image_url, category_id) VALUES (2486, 'Smash Boost Combo', 'OPA smash burger, red bull infusion drink, fries, ketchup, mustard ', 'https://d3u269mlo8clta.cloudfront.net/opa/82e4150a-5ccf-11f1-83e6-4e238d7eb25d_ahr0chm6ly9zdg9yywdllmdvb2dszwfwaxmuy29tl2lrb25hlwj1y2tldc1wcm9kdwn0aw9ul2ltywdlcy82odgzm2e2mzaznmu4ztc3ntg4njbimzgvumvkjtiwqnvsbcuymeluznvzaw9ujtiwq29tym9fmdetnjlmywyyodu3ntfhztuwmtkyodnkzmyzlnbuzw__.jpeg.png', 206) ON CONFLICT DO NOTHING;
INSERT INTO menu_option_groups (menu_id, group_id) VALUES (2486, 1047) ON CONFLICT DO NOTHING;
INSERT INTO menu_option_groups (menu_id, group_id) VALUES (2486, 1092) ON CONFLICT DO NOTHING;
INSERT INTO menu_option_groups (menu_id, group_id) VALUES (2486, 1100) ON CONFLICT DO NOTHING;
INSERT INTO menu_option_groups (menu_id, group_id) VALUES (2486, 1089) ON CONFLICT DO NOTHING;
INSERT INTO menus (id, name, description, image_url, category_id) VALUES (2487, 'Falafael Pita Yougurt', 'Pita, salcë kosi, qofte falafeli, qepë të kuqe, domate, sallatë, paprika, speca të pjekur', 'https://d3u269mlo8clta.cloudfront.net/opa/863c10c2-5ccf-11f1-91a3-aa50e5e38a2b_ahr0chm6ly9zdg9yywdllmdvb2dszwfwaxmuy29tl2lrb25hlwj1y2tldc1wcm9kdwn0aw9ul2ltywdlcy82odgzm2e2mzaznmu4ztc3ntg4njbimzgvrmfsywzlbcuymfbpdgetnjg5mddiowjknwywndfkogfjmge1n2iylnbuzw__.jpeg.png', 213) ON CONFLICT DO NOTHING;
INSERT INTO menu_option_groups (menu_id, group_id) VALUES (2487, 1106) ON CONFLICT DO NOTHING;
INSERT INTO menu_option_groups (menu_id, group_id) VALUES (2487, 1087) ON CONFLICT DO NOTHING;
INSERT INTO menu_option_groups (menu_id, group_id) VALUES (2487, 1119) ON CONFLICT DO NOTHING;
INSERT INTO menu_option_groups (menu_id, group_id) VALUES (2487, 1113) ON CONFLICT DO NOTHING;
INSERT INTO menus (id, name, description, image_url, category_id) VALUES (2488, 'Falafel Pita Hummus', 'Pita, humus, qofte falafeli, qepë të kuqe, domate, sallatë, paprika, speca të pjekur', 'https://d3u269mlo8clta.cloudfront.net/opa/863c10c2-5ccf-11f1-91a3-aa50e5e38a2b_ahr0chm6ly9zdg9yywdllmdvb2dszwfwaxmuy29tl2lrb25hlwj1y2tldc1wcm9kdwn0aw9ul2ltywdlcy82odgzm2e2mzaznmu4ztc3ntg4njbimzgvrmfsywzlbcuymfbpdgetnjg5mddiowjknwywndfkogfjmge1n2iylnbuzw__.jpeg.png', 213) ON CONFLICT DO NOTHING;
INSERT INTO menu_option_groups (menu_id, group_id) VALUES (2488, 1073) ON CONFLICT DO NOTHING;
INSERT INTO menu_option_groups (menu_id, group_id) VALUES (2488, 1087) ON CONFLICT DO NOTHING;
INSERT INTO menu_option_groups (menu_id, group_id) VALUES (2488, 1119) ON CONFLICT DO NOTHING;
INSERT INTO menu_option_groups (menu_id, group_id) VALUES (2488, 1113) ON CONFLICT DO NOTHING;
INSERT INTO menus (id, name, description, image_url, category_id) VALUES (2489, 'Truffle Chicken Gyros', 'Pite, gjiro pule, majonezë tartufi, qepë të kuqe, djathë parmixhano, domate, sallatë romane, bukë krokante', 'https://d3u269mlo8clta.cloudfront.net/opa/395a5304-3b05-11f1-ad24-323a3da1e175_ahr0chm6ly9zdg9yywdllmdvb2dszwfwaxmuy29tl2lrb25hlwj1y2tldc1wcm9kdwn0aw9ul2ltywdlcy82odgzm2e2mzaznmu4ztc3ntg4njbimzgvvhj1zmzszsuymenoawnrzw4lmjbhexjvcy02odkwn2myy2yymznlmzqznjrmytfjzmyucg5n.jpeg.png', 211) ON CONFLICT DO NOTHING;
INSERT INTO menu_option_groups (menu_id, group_id) VALUES (2489, 1070) ON CONFLICT DO NOTHING;
INSERT INTO menu_option_groups (menu_id, group_id) VALUES (2489, 1087) ON CONFLICT DO NOTHING;
INSERT INTO menu_option_groups (menu_id, group_id) VALUES (2489, 1119) ON CONFLICT DO NOTHING;
INSERT INTO menu_option_groups (menu_id, group_id) VALUES (2489, 1113) ON CONFLICT DO NOTHING;
INSERT INTO menus (id, name, description, image_url, category_id) VALUES (2490, 'Avocado Salad ', 'Sallatë baby romane, koper, salcë me mustard & mjaltë, bukë krokante, avokado', 'https://d3u269mlo8clta.cloudfront.net/opa/86429a5a-5ccf-11f1-91a3-aa50e5e38a2b_ahr0chm6ly9zdg9yywdllmdvb2dszwfwaxmuy29tl2lrb25hlwj1y2tldc1wcm9kdwn0aw9ul2ltywdlcy82odgzm2e2mzaznmu4ztc3ntg4njbimzgvv29sdf9pueelmjbbdm9jywrvjtiwu2fsywqtnjlknzyymgizzdbkztk4yjhkyjg4nmixlnbuzw__.jpeg.png', 215) ON CONFLICT DO NOTHING;
INSERT INTO menu_option_groups (menu_id, group_id) VALUES (2490, 1104) ON CONFLICT DO NOTHING;
INSERT INTO menu_option_groups (menu_id, group_id) VALUES (2490, 1087) ON CONFLICT DO NOTHING;
INSERT INTO menus (id, name, description, image_url, category_id) VALUES (2491, 'Heineken 0.33 ', 'Heineken 0.33 ', 'https://d3u269mlo8clta.cloudfront.net/opa/3ed5fe22-544c-11f1-9fa0-6e63833dc5a0_ahr0chm6ly9zdg9yywdllmdvb2dszwfwaxmuy29tl2lrb25hlwj1y2tldc1wcm9kdwn0aw9ul2ltywdlcy82odgzm2e2mzaznmu4ztc3ntg4njbimzgvnjdkzdyxnduynwuzowe0mjhhnjyzmgfklty4zdnky2u3ymyzn2vlmtljmgixndu3zi5wbmc_.jpeg.png', 221) ON CONFLICT DO NOTHING;
INSERT INTO menus (id, name, description, image_url, category_id) VALUES (2492, 'Rose Lemonade ', 'Rose Lemonade ', 'https://d3u269mlo8clta.cloudfront.net/opa/87f915b8-5ccf-11f1-9dc1-aa50e5e38a2b_ahr0chm6ly9zdg9yywdllmdvb2dszwfwaxmuy29tl2lrb25hlwj1y2tldc1wcm9kdwn0aw9ul2ltywdlcy82odgzm2e2mzaznmu4ztc3ntg4njbimzgvv2hhdhnbchalmjbjbwfnzsuymdiwmjutmdktmjqlmjbhdcuymdeyntizml9jmdi2odywmi02ogqzy2rlmwuzmdfmowmwmdfhoduwowmuanbn.jpeg.png', 219) ON CONFLICT DO NOTHING;
INSERT INTO menus (id, name, description, image_url, category_id) VALUES (2493, 'Schnitzel Pita 🌶️', 'Pite, schnitzel pule krokante, majonezë me hudhër djegës, sallatë romane, domate, patate', 'https://d3u269mlo8clta.cloudfront.net/opa/67d39f1e-5127-11f1-b8e7-ae89ebd620ac_ahr0chm6ly9zdg9yywdllmdvb2dszwfwaxmuy29tl2lrb25hlwj1y2tldc1wcm9kdwn0aw9ul2ltywdlcy82odgzm2e2mzaznmu4ztc3ntg4njbimzgvu2nobml0emvsjtiwugl0ys02odkwn2q2mmq1zja0mwq4ywmwytu3yziucg5n.jpeg.png', 211) ON CONFLICT DO NOTHING;
INSERT INTO menu_option_groups (menu_id, group_id) VALUES (2493, 977) ON CONFLICT DO NOTHING;
INSERT INTO menu_option_groups (menu_id, group_id) VALUES (2493, 1087) ON CONFLICT DO NOTHING;
INSERT INTO menu_option_groups (menu_id, group_id) VALUES (2493, 1119) ON CONFLICT DO NOTHING;
INSERT INTO menu_option_groups (menu_id, group_id) VALUES (2493, 1113) ON CONFLICT DO NOTHING;
INSERT INTO menus (id, name, description, image_url, category_id) VALUES (2494, 'Coca Cola 0.33 Normale ', 'Coca Cola 0.33 Normale ', 'https://d3u269mlo8clta.cloudfront.net/opa/87e71106-5ccf-11f1-9dc1-aa50e5e38a2b_ahr0chm6ly9zdg9yywdllmdvb2dszwfwaxmuy29tl2lrb25hlwj1y2tldc1wcm9kdwn0aw9ul2ltywdlcy82odgzm2e2mzaznmu4ztc3ntg4njbimzgvm2m4y2mwytytzgzlni0xmwvllthhzjytmmfmmtczogvlzwe3x2nvy2fsx2nvbgetnjhkm2rjztdizjm3zwuxowmwyje0ntzmlnbuzw__.jpeg.png', 219) ON CONFLICT DO NOTHING;
INSERT INTO menus (id, name, description, image_url, category_id) VALUES (2495, 'Sunny MInt ', 'Mollë, portokall, nenexhik', 'https://d3u269mlo8clta.cloudfront.net/opa/de28c904-5c27-11f1-93a9-461d1f33d31b_ahr0chm6ly9zdg9yywdllmdvb2dszwfwaxmuy29tl2lrb25hlwj1y2tldc1wcm9kdwn0aw9ul2ltywdlcy82odgzm2e2mzaznmu4ztc3ntg4njbimzgvv29sdf9pueelmjbtdw5uesuyme1pbnqtnjhhntg3mwrkmgzlnwu2mzkwnzizmdhmlnbuzw__.jpeg.png', 222) ON CONFLICT DO NOTHING;
INSERT INTO menus (id, name, description, image_url, category_id) VALUES (2496, 'Loukomades Ruspberry and Pistachio', 'Loukoumades with Nutella and Hazelnut', 'https://d3u269mlo8clta.cloudfront.net/opa/2ae07e90-5b3d-11f1-b20c-5a781360214a_ahr0chm6ly9zdg9yywdllmdvb2dszwfwaxmuy29tl2lrb25hlwj1y2tldc1wcm9kdwn0aw9ul2ltywdlcy82odgzm2e2mzaznmu4ztc3ntg4njbimzgvtg91a291bwfkzxmlmjbsyxnwymvycnklmjalmjylmjbqaxn0ywnoaw8tnjg5zdhhngm4zda4yjnjnzi3zjmxmmzllmpwzw__.jpeg.png', 214) ON CONFLICT DO NOTHING;
INSERT INTO menu_option_groups (menu_id, group_id) VALUES (2496, 1066) ON CONFLICT DO NOTHING;
INSERT INTO menu_option_groups (menu_id, group_id) VALUES (2496, 1113) ON CONFLICT DO NOTHING;
INSERT INTO menus (id, name, description, image_url, category_id) VALUES (2497, 'Roast Lamb Sandwich ', 'buke, sallate, domate, qepe e kuqe, salce kosi, mustard, mish qingji i pjekur ngadale', 'https://d3u269mlo8clta.cloudfront.net/opa/24d37944-5b3d-11f1-9091-6275ffac7d4a_ahr0chm6ly9zdg9yywdllmdvb2dszwfwaxmuy29tl2lrb25hlwj1y2tldc1wcm9kdwn0aw9ul2ltywdlcy82odgzm2e2mzaznmu4ztc3ntg4njbimzgvv29sdf9sb2fzdcuymexhbwitnmewndcyyzi3ngi4mjawotmxnmqwywjilnbuzw__.jpeg.png', 204) ON CONFLICT DO NOTHING;
INSERT INTO menu_option_groups (menu_id, group_id) VALUES (2497, 1087) ON CONFLICT DO NOTHING;
INSERT INTO menu_option_groups (menu_id, group_id) VALUES (2497, 1113) ON CONFLICT DO NOTHING;
INSERT INTO menu_option_groups (menu_id, group_id) VALUES (2497, 1119) ON CONFLICT DO NOTHING;
INSERT INTO menus (id, name, description, image_url, category_id) VALUES (2498, '4 Chicken Skewers ', 'pita, 4 marinated chicken skewers, tomatoes, lettuce, OPA Mayo, fries, paprika, lemon', 'https://d3u269mlo8clta.cloudfront.net/opa/292c19f6-5b3d-11f1-ba7d-6621ae8bd004_ahr0chm6ly9zdg9yywdllmdvb2dszwfwaxmuy29tl2lrb25hlwj1y2tldc1wcm9kdwn0aw9ul2ltywdlcy82odgzm2e2mzaznmu4ztc3ntg4njbimzgvnhglmjbdaglja2vujtiwu2tld2vycy02odlkodk0nwnhzgywowzmzjcxndhjztauanbn.jpeg.png', 210) ON CONFLICT DO NOTHING;
INSERT INTO menu_option_groups (menu_id, group_id) VALUES (2498, 1075) ON CONFLICT DO NOTHING;
INSERT INTO menu_option_groups (menu_id, group_id) VALUES (2498, 1087) ON CONFLICT DO NOTHING;
INSERT INTO menu_option_groups (menu_id, group_id) VALUES (2498, 1119) ON CONFLICT DO NOTHING;
INSERT INTO menu_option_groups (menu_id, group_id) VALUES (2498, 1113) ON CONFLICT DO NOTHING;
INSERT INTO menus (id, name, description, image_url, category_id) VALUES (2499, 'Tirokafteri', 'Tirokafteri', 'https://d3u269mlo8clta.cloudfront.net/opa/295cfdd2-5b3d-11f1-ba7d-6621ae8bd004_ahr0chm6ly9zdg9yywdllmdvb2dszwfwaxmuy29tl2lrb25hlwj1y2tldc1wcm9kdwn0aw9ul2ltywdlcy82odgzm2e2mzaznmu4ztc3ntg4njbimzgvv29sdf9uaxjva2fmdgvyas02ogu4yzy2nzg0mwy4zwuwn2vlm2q3nmmucg5n.jpeg.png', 212) ON CONFLICT DO NOTHING;
INSERT INTO menu_option_groups (menu_id, group_id) VALUES (2499, 1113) ON CONFLICT DO NOTHING;
INSERT INTO menu_option_groups (menu_id, group_id) VALUES (2499, 1104) ON CONFLICT DO NOTHING;
INSERT INTO menus (id, name, description, image_url, category_id) VALUES (2500, 'Eros', 'Tortilla, shishqebap gici, tzatziki, sallatë romane, qepë të kuqe & domate', 'https://d3u269mlo8clta.cloudfront.net/opa/2ab29638-5b3d-11f1-9efb-5a781360214a_ahr0chm6ly9zdg9yywdllmdvb2dszwfwaxmuy29tl2lrb25hlwj1y2tldc1wcm9kdwn0aw9ul2ltywdlcy82odgzm2e2mzaznmu4ztc3ntg4njbimzgvrxjvcy02odljyzk2ywe1y2vmndzly2u4njy2odmuanbn.jpeg.png', 218) ON CONFLICT DO NOTHING;
INSERT INTO menu_option_groups (menu_id, group_id) VALUES (2500, 1074) ON CONFLICT DO NOTHING;
INSERT INTO menu_option_groups (menu_id, group_id) VALUES (2500, 1087) ON CONFLICT DO NOTHING;
INSERT INTO menu_option_groups (menu_id, group_id) VALUES (2500, 1119) ON CONFLICT DO NOTHING;
INSERT INTO menu_option_groups (menu_id, group_id) VALUES (2500, 1113) ON CONFLICT DO NOTHING;
INSERT INTO menus (id, name, description, image_url, category_id) VALUES (2501, 'Ullinj Kallamata ', 'Ullinj Kallamata ', 'https://d3u269mlo8clta.cloudfront.net/opa/2973114e-5b3d-11f1-ba7d-6621ae8bd004_ahr0chm6ly9zdg9yywdllmdvb2dszwfwaxmuy29tl2lrb25hlwj1y2tldc1wcm9kdwn0aw9ul2ltywdlcy82odgzm2e2mzaznmu4ztc3ntg4njbimzgvv29sdf9pueffvwxsaw5qjtiwa2fsbgftyxrhlty4yzkzndu0m2vknta0odqxmju0ndq5yy5wbmc_.jpeg.png', 212) ON CONFLICT DO NOTHING;
INSERT INTO menu_option_groups (menu_id, group_id) VALUES (2501, 1104) ON CONFLICT DO NOTHING;
INSERT INTO menus (id, name, description, image_url, category_id) VALUES (2502, 'Orange Juice ', 'Portokall i freskët', 'https://d3u269mlo8clta.cloudfront.net/opa/2b2828ee-5b3d-11f1-b26e-a67a9c999200_ahr0chm6ly9zdg9yywdllmdvb2dszwfwaxmuy29tl2lrb25hlwj1y2tldc1wcm9kdwn0aw9ul2ltywdlcy82odgzm2e2mzaznmu4ztc3ntg4njbimzgvv29sdf9pueelmjbpcmfuz2ulmjbkdwljzs02oge1odcxzgqwzmu1ztyzota3mjmwoteucg5n.jpeg.png', 222) ON CONFLICT DO NOTHING;
INSERT INTO menus (id, name, description, image_url, category_id) VALUES (2503, 'Pork Skepasti Combo ', 'Skepasti gici, patate të skuqura, pije, ketchup, mustardë', 'https://d3u269mlo8clta.cloudfront.net/opa/830960f8-5ccf-11f1-83e6-4e238d7eb25d_ahr0chm6ly9zdg9yywdllmdvb2dszwfwaxmuy29tl2lrb25hlwj1y2tldc1wcm9kdwn0aw9ul2ltywdlcy82odgzm2e2mzaznmu4ztc3ntg4njbimzgvug9yayuymfnrzxbhc3rpjtiwq29tym8tnjg5mddhywnknwywndfkogfjmge1n2exlnbuzw__.jpeg.png', 207) ON CONFLICT DO NOTHING;
INSERT INTO menu_option_groups (menu_id, group_id) VALUES (2503, 1131) ON CONFLICT DO NOTHING;
INSERT INTO menu_option_groups (menu_id, group_id) VALUES (2503, 1049) ON CONFLICT DO NOTHING;
INSERT INTO menu_option_groups (menu_id, group_id) VALUES (2503, 1054) ON CONFLICT DO NOTHING;
INSERT INTO menu_option_groups (menu_id, group_id) VALUES (2503, 1089) ON CONFLICT DO NOTHING;
INSERT INTO menu_option_groups (menu_id, group_id) VALUES (2503, 1087) ON CONFLICT DO NOTHING;
INSERT INTO menu_option_groups (menu_id, group_id) VALUES (2503, 1119) ON CONFLICT DO NOTHING;
INSERT INTO menu_option_groups (menu_id, group_id) VALUES (2503, 1113) ON CONFLICT DO NOTHING;
INSERT INTO menus (id, name, description, image_url, category_id) VALUES (2504, 'Caramel Cold Capuccino ', 'Caramel Cold Capuccino ', 'https://d3u269mlo8clta.cloudfront.net/opa/bccc5614-4e02-11f1-b5fe-c24319c933ee_ahr0chm6ly9zdg9yywdllmdvb2dszwfwaxmuy29tl2lrb25hlwj1y2tldc1wcm9kdwn0aw9ul2ltywdlcy82odgzm2e2mzaznmu4ztc3ntg4njbimzgvv29sdf9pueelmjbdb2xkjtiwq2fwchvjaglubyuymgfuzcuymgnhcmftzwwlmjbjb2xkjtiwy2fwdwnjaw5vlty4yzk0mjuwnti1nznjy2eyntg2owmyzi5wbmc_.jpeg.png', 223) ON CONFLICT DO NOTHING;
INSERT INTO menus (id, name, description, image_url, category_id) VALUES (2505, '4 Pork Skewers ', 'pita, 4 marinated pork skewers, tomatoes, onions, fries, tzatziki sauce, paprika, lemon', 'https://d3u269mlo8clta.cloudfront.net/opa/1b650d3a-4794-11f1-a3f4-ae21820094f9_ahr0chm6ly9zdg9yywdllmdvb2dszwfwaxmuy29tl2lrb25hlwj1y2tldc1wcm9kdwn0aw9ul2ltywdlcy82odgzm2e2mzaznmu4ztc3ntg4njbimzgvnhglmjbqb3jrjtiwu2tld2vycy02odlkodk0nwnhzgywowzmzjcxndhjzteuanbn.jpeg.png', 210) ON CONFLICT DO NOTHING;
INSERT INTO menu_option_groups (menu_id, group_id) VALUES (2505, 1083) ON CONFLICT DO NOTHING;
INSERT INTO menu_option_groups (menu_id, group_id) VALUES (2505, 1087) ON CONFLICT DO NOTHING;
INSERT INTO menu_option_groups (menu_id, group_id) VALUES (2505, 1119) ON CONFLICT DO NOTHING;
INSERT INTO menu_option_groups (menu_id, group_id) VALUES (2505, 1113) ON CONFLICT DO NOTHING;
INSERT INTO menus (id, name, description, image_url, category_id) VALUES (2506, 'Ayran ', 'Ayran ', 'https://d3u269mlo8clta.cloudfront.net/opa/4ddc0320-55ec-11f1-96d9-324858f7876b_ahr0chm6ly9zdg9yywdllmdvb2dszwfwaxmuy29tl2lrb25hlwj1y2tldc1wcm9kdwn0aw9ul2ltywdlcy82odgzm2e2mzaznmu4ztc3ntg4njbimzgvmtywodgxlty4zdnlnmewowi5ymexyjhiotgyzwy3zs5wbmc_.jpeg.png', 219) ON CONFLICT DO NOTHING;
INSERT INTO menus (id, name, description, image_url, category_id) VALUES (2507, 'Pork Gyros Big Combo ', 'Pork gyros big, patate të skuqura, ketchup, mustardë, pije', 'https://d3u269mlo8clta.cloudfront.net/opa/ca3197f2-59aa-11f1-adea-f2cb67d275e0_ahr0chm6ly9zdg9yywdllmdvb2dszwfwaxmuy29tl2lrb25hlwj1y2tldc1wcm9kdwn0aw9ul2ltywdlcy82odgzm2e2mzaznmu4ztc3ntg4njbimzgvug9yayuymed5cm9zjtiwq09nqk8lmjbub3jtywxljtiwzwrozsuymgjpzy02odkwnzgwzwq1zja0mwq4ywmwytu3njeucg5n.jpeg.png', 207) ON CONFLICT DO NOTHING;
INSERT INTO menu_option_groups (menu_id, group_id) VALUES (2507, 1091) ON CONFLICT DO NOTHING;
INSERT INTO menu_option_groups (menu_id, group_id) VALUES (2507, 1122) ON CONFLICT DO NOTHING;
INSERT INTO menu_option_groups (menu_id, group_id) VALUES (2507, 1054) ON CONFLICT DO NOTHING;
INSERT INTO menu_option_groups (menu_id, group_id) VALUES (2507, 1089) ON CONFLICT DO NOTHING;
INSERT INTO menu_option_groups (menu_id, group_id) VALUES (2507, 1141) ON CONFLICT DO NOTHING;
INSERT INTO menu_option_groups (menu_id, group_id) VALUES (2507, 1115) ON CONFLICT DO NOTHING;
INSERT INTO menu_option_groups (menu_id, group_id) VALUES (2507, 1129) ON CONFLICT DO NOTHING;
INSERT INTO menus (id, name, description, image_url, category_id) VALUES (2508, 'Double OPA Smash Burger Combo', '2x Qofte me mish viçi, bukë burgeri, sallatë romane, salcë burgeri, kastravec turshi të shtëpisë, djathë cheddar, pije', 'https://d3u269mlo8clta.cloudfront.net/opa/830c4eda-5ccf-11f1-83e6-4e238d7eb25d_ahr0chm6ly9zdg9yywdllmdvb2dszwfwaxmuy29tl2lrb25hlwj1y2tldc1wcm9kdwn0aw9ul2ltywdlcy82odgzm2e2mzaznmu4ztc3ntg4njbimzgvv29sdf9pueelmjbtaw5nbgulmjbtbwfzacuymej1cmdlciuymenvbwjvlty4ota3yti5zjizm2uzndm2ngzhmwnlzi5wbmc_.jpeg.png', 207) ON CONFLICT DO NOTHING;
INSERT INTO menu_option_groups (menu_id, group_id) VALUES (2508, 1128) ON CONFLICT DO NOTHING;
INSERT INTO menu_option_groups (menu_id, group_id) VALUES (2508, 1092) ON CONFLICT DO NOTHING;
INSERT INTO menu_option_groups (menu_id, group_id) VALUES (2508, 1054) ON CONFLICT DO NOTHING;
INSERT INTO menu_option_groups (menu_id, group_id) VALUES (2508, 1089) ON CONFLICT DO NOTHING;
INSERT INTO menu_option_groups (menu_id, group_id) VALUES (2508, 1087) ON CONFLICT DO NOTHING;
INSERT INTO menu_option_groups (menu_id, group_id) VALUES (2508, 1119) ON CONFLICT DO NOTHING;
INSERT INTO menu_option_groups (menu_id, group_id) VALUES (2508, 1113) ON CONFLICT DO NOTHING;
INSERT INTO menus (id, name, description, image_url, category_id) VALUES (2509, 'Pork Doner ', 'Buke doneri, gjiro gici , tzatziki, patate, domate, qepe te kuqe, paprika', 'https://d3u269mlo8clta.cloudfront.net/opa/250c1cb8-5b3d-11f1-9091-6275ffac7d4a_ahr0chm6ly9zdg9yywdllmdvb2dszwfwaxmuy29tl2lrb25hlwj1y2tldc1wcm9kdwn0aw9ul2ltywdlcy82odgzm2e2mzaznmu4ztc3ntg4njbimzgvv29sdf9fug9yayuymervbmvylty4zgq3mmy3zthjmwe4yjjhmmnjodnims5wbmc_.jpeg.png', 208) ON CONFLICT DO NOTHING;
INSERT INTO menu_option_groups (menu_id, group_id) VALUES (2509, 1087) ON CONFLICT DO NOTHING;
INSERT INTO menu_option_groups (menu_id, group_id) VALUES (2509, 1119) ON CONFLICT DO NOTHING;
INSERT INTO menu_option_groups (menu_id, group_id) VALUES (2509, 1113) ON CONFLICT DO NOTHING;
INSERT INTO menus (id, name, description, image_url, category_id) VALUES (2510, 'Saganaqi', 'Saganaqi', 'https://d3u269mlo8clta.cloudfront.net/opa/dc82d608-5c27-11f1-8cbc-ee601b6850b3_ahr0chm6ly9zdg9yywdllmdvb2dszwfwaxmuy29tl2lrb25hlwj1y2tldc1wcm9kdwn0aw9ul2ltywdlcy82odgzm2e2mzaznmu4ztc3ntg4njbimzgvv29sdf9pueffu2fnyw5ha2ktnjhjotm0ntqzzwq1mdq4ndeyntq0ndlklnbuzw__.jpeg.png', 212) ON CONFLICT DO NOTHING;
INSERT INTO menus (id, name, description, image_url, category_id) VALUES (2511, 'BBQ Chicken Wings (10 cope)', 'krahe pule te marinuara me salce BBQ', 'https://d3u269mlo8clta.cloudfront.net/opa/c9e75db8-59aa-11f1-99df-3e5ee5795ffd_ahr0chm6ly9zdg9yywdllmdvb2dszwfwaxmuy29tl2lrb25hlwj1y2tldc1wcm9kdwn0aw9ul2ltywdlcy82odgzm2e2mzaznmu4ztc3ntg4njbimzgvv29sdf9daglja2vujtiwv2luz3mlmjaxmi02otg0odjjntm1mdcxn2ywndmxymvmndcucg5n.jpeg.png', 208) ON CONFLICT DO NOTHING;
INSERT INTO menu_option_groups (menu_id, group_id) VALUES (2511, 1119) ON CONFLICT DO NOTHING;
INSERT INTO menu_option_groups (menu_id, group_id) VALUES (2511, 1113) ON CONFLICT DO NOTHING;
INSERT INTO menu_option_groups (menu_id, group_id) VALUES (2511, 1114) ON CONFLICT DO NOTHING;
INSERT INTO menus (id, name, description, image_url, category_id) VALUES (2512, 'Halloumi Pita', 'Djathë halloumi, pite, sallatë romane, domate, tzatziki, pate ulliri, speca të pjekur', 'https://d3u269mlo8clta.cloudfront.net/opa/86128fb8-5ccf-11f1-91a3-aa50e5e38a2b_ahr0chm6ly9zdg9yywdllmdvb2dszwfwaxmuy29tl2lrb25hlwj1y2tldc1wcm9kdwn0aw9ul2ltywdlcy82odgzm2e2mzaznmu4ztc3ntg4njbimzgvv29sdf9pueelmjbiywxsb3vtasuymfbpdgetnjg5mddkndazzmzjyjy1zjg3y2yymwuzlnbuzw__.jpeg.png', 211) ON CONFLICT DO NOTHING;
INSERT INTO menu_option_groups (menu_id, group_id) VALUES (2512, 1071) ON CONFLICT DO NOTHING;
INSERT INTO menu_option_groups (menu_id, group_id) VALUES (2512, 1087) ON CONFLICT DO NOTHING;
INSERT INTO menu_option_groups (menu_id, group_id) VALUES (2512, 1119) ON CONFLICT DO NOTHING;
INSERT INTO menu_option_groups (menu_id, group_id) VALUES (2512, 1113) ON CONFLICT DO NOTHING;
INSERT INTO menus (id, name, description, image_url, category_id) VALUES (2513, 'BBQ Chicken Wings (6 cope)', 'krahe pule te marinuara me salce BBQ', 'https://d3u269mlo8clta.cloudfront.net/opa/856be640-5ccf-11f1-91a3-aa50e5e38a2b_ahr0chm6ly9zdg9yywdllmdvb2dszwfwaxmuy29tl2lrb25hlwj1y2tldc1wcm9kdwn0aw9ul2ltywdlcy82odgzm2e2mzaznmu4ztc3ntg4njbimzgvv29sdf9daglja2vujtiwv2luz3mlmja2lty4zgq3mmy3zthjmwe4yjjhmmnjodnios5wbmc_.jpeg.png', 208) ON CONFLICT DO NOTHING;
INSERT INTO menu_option_groups (menu_id, group_id) VALUES (2513, 1119) ON CONFLICT DO NOTHING;
INSERT INTO menu_option_groups (menu_id, group_id) VALUES (2513, 1113) ON CONFLICT DO NOTHING;
INSERT INTO menu_option_groups (menu_id, group_id) VALUES (2513, 1135) ON CONFLICT DO NOTHING;
INSERT INTO menus (id, name, description, image_url, category_id) VALUES (2514, 'Selita 0.5l Gaz ', 'Selita 0.5l Gaz', 'https://d3u269mlo8clta.cloudfront.net/opa/2ac5a750-5b3d-11f1-8363-76680f96d918_ahr0chm6ly9zdg9yywdllmdvb2dszwfwaxmuy29tl2lrb25hlwj1y2tldc1wcm9kdwn0aw9ul2ltywdlcy82odgzm2e2mzaznmu4ztc3ntg4njbimzgvnjzlmdflnzkwzta1mjq1zmriotawymuwjtiwkdeplty4zdnlztuznwqymzkxy2m5zta3nwnjmy5qcgvn.jpeg.png', 219) ON CONFLICT DO NOTHING;
INSERT INTO menus (id, name, description, image_url, category_id) VALUES (2515, 'Yogurt', 'Kos grek me mjaltë, arra', 'https://d3u269mlo8clta.cloudfront.net/opa/b99fd1be-4e02-11f1-9d34-be6744b30af2_ahr0chm6ly9zdg9yywdllmdvb2dszwfwaxmuy29tl2lrb25hlwj1y2tldc1wcm9kdwn0aw9ul2ltywdlcy82odgzm2e2mzaznmu4ztc3ntg4njbimzgvww9ndxj0lty4owq4ytrjogqwogizyzcyn2yzmtmwms5qcgc_.jpeg.png', 214) ON CONFLICT DO NOTHING;
INSERT INTO menu_option_groups (menu_id, group_id) VALUES (2515, 1113) ON CONFLICT DO NOTHING;
INSERT INTO menus (id, name, description, image_url, category_id) VALUES (2516, 'Leonidas Bowl', 'Oriz me perime greke ose patate të skuqura, 2 shishqebap pule të marinuar me salcë djegës të ëmbël dhe tarragon, sallatë greke, salcë tzatziki, bukë pite', 'https://d3u269mlo8clta.cloudfront.net/opa/85f098a4-5ccf-11f1-91a3-aa50e5e38a2b_ahr0chm6ly9zdg9yywdllmdvb2dszwfwaxmuy29tl2lrb25hlwj1y2tldc1wcm9kdwn0aw9ul2ltywdlcy82odgzm2e2mzaznmu4ztc3ntg4njbimzgvnjg2ntawowjimdfmowe3odm1mtu2ntvmlty4zdnkztq1yziyngq5mmfin2zlndyxys5wbmc_.jpeg.png', 209) ON CONFLICT DO NOTHING;
INSERT INTO menu_option_groups (menu_id, group_id) VALUES (2516, 1148) ON CONFLICT DO NOTHING;
INSERT INTO menu_option_groups (menu_id, group_id) VALUES (2516, 1075) ON CONFLICT DO NOTHING;
INSERT INTO menu_option_groups (menu_id, group_id) VALUES (2516, 1087) ON CONFLICT DO NOTHING;
INSERT INTO menu_option_groups (menu_id, group_id) VALUES (2516, 1113) ON CONFLICT DO NOTHING;
INSERT INTO menu_option_groups (menu_id, group_id) VALUES (2516, 1104) ON CONFLICT DO NOTHING;
INSERT INTO menu_option_groups (menu_id, group_id) VALUES (2516, 1119) ON CONFLICT DO NOTHING;
INSERT INTO menus (id, name, description, image_url, category_id) VALUES (2517, 'Chicken Gyros Big Combo ', 'Chicken gyros big, patate të skuqura, ketchup, mustardë, pije', 'https://d3u269mlo8clta.cloudfront.net/opa/ca341572-59aa-11f1-adea-f2cb67d275e0_ahr0chm6ly9zdg9yywdllmdvb2dszwfwaxmuy29tl2lrb25hlwj1y2tldc1wcm9kdwn0aw9ul2ltywdlcy82odgzm2e2mzaznmu4ztc3ntg4njbimzgvy2hpy2tlbi1nexjvcy1jb21iby02odhjodrkotczzgmxztrkyty5nwflntiuanbn.jpeg.png', 207) ON CONFLICT DO NOTHING;
INSERT INTO menu_option_groups (menu_id, group_id) VALUES (2517, 1055) ON CONFLICT DO NOTHING;
INSERT INTO menu_option_groups (menu_id, group_id) VALUES (2517, 1117) ON CONFLICT DO NOTHING;
INSERT INTO menu_option_groups (menu_id, group_id) VALUES (2517, 1054) ON CONFLICT DO NOTHING;
INSERT INTO menu_option_groups (menu_id, group_id) VALUES (2517, 1089) ON CONFLICT DO NOTHING;
INSERT INTO menu_option_groups (menu_id, group_id) VALUES (2517, 1087) ON CONFLICT DO NOTHING;
INSERT INTO menu_option_groups (menu_id, group_id) VALUES (2517, 1119) ON CONFLICT DO NOTHING;
INSERT INTO menu_option_groups (menu_id, group_id) VALUES (2517, 1113) ON CONFLICT DO NOTHING;
INSERT INTO menus (id, name, description, image_url, category_id) VALUES (2518, 'Falafel Pita Combo', 'Falafal pita, patate të skuqura, pije, ketchup, mustardë', 'https://d3u269mlo8clta.cloudfront.net/opa/0dc686d2-4f95-11f1-8de9-ae2b87b01858_ahr0chm6ly9zdg9yywdllmdvb2dszwfwaxmuy29tl2lrb25hlwj1y2tldc1wcm9kdwn0aw9ul2ltywdlcy82odgzm2e2mzaznmu4ztc3ntg4njbimzgvrmfsywzltcuymenptujplty4ota3oge1zdvmmdqxzdhhyzbhntc4mi5wbmc_.jpeg.png', 207) ON CONFLICT DO NOTHING;
INSERT INTO menu_option_groups (menu_id, group_id) VALUES (2518, 1093) ON CONFLICT DO NOTHING;
INSERT INTO menu_option_groups (menu_id, group_id) VALUES (2518, 1092) ON CONFLICT DO NOTHING;
INSERT INTO menu_option_groups (menu_id, group_id) VALUES (2518, 1054) ON CONFLICT DO NOTHING;
INSERT INTO menu_option_groups (menu_id, group_id) VALUES (2518, 1089) ON CONFLICT DO NOTHING;
INSERT INTO menu_option_groups (menu_id, group_id) VALUES (2518, 1087) ON CONFLICT DO NOTHING;
INSERT INTO menu_option_groups (menu_id, group_id) VALUES (2518, 1119) ON CONFLICT DO NOTHING;
INSERT INTO menu_option_groups (menu_id, group_id) VALUES (2518, 1113) ON CONFLICT DO NOTHING;
INSERT INTO menus (id, name, description, image_url, category_id) VALUES (2519, 'Orange Soda 0.33', 'Orange Soda 0.33', 'https://d3u269mlo8clta.cloudfront.net/opa/6aff999a-5127-11f1-888b-6afdeb040c6f_ahr0chm6ly9zdg9yywdllmdvb2dszwfwaxmuy29tl2lrb25hlwj1y2tldc1wcm9kdwn0aw9ul2ltywdlcy82odgzm2e2mzaznmu4ztc3ntg4njbimzgvnjzlmde5yjm1mgzjnwu2nzg5zwe4mtnilty4zdnky2u3ymyzn2vlmtljmgixndu3ns5qcgvn.jpeg.png', 219) ON CONFLICT DO NOTHING;
INSERT INTO menus (id, name, description, image_url, category_id) VALUES (2520, 'Barbeque Pork Sandwich Meal ', 'barbeque pork sandwich, fries, drink, sauces', 'https://d3u269mlo8clta.cloudfront.net/opa/25c0c578-5b3d-11f1-b7a5-5a781360214a_ahr0chm6ly9zdg9yywdllmdvb2dszwfwaxmuy29tl2lrb25hlwj1y2tldc1wcm9kdwn0aw9ul2ltywdlcy82odgzm2e2mzaznmu4ztc3ntg4njbimzgvv29sdf9cyxjizxf1zsuymfbvcmslmjbdb21iby02yta0nznlztg1zja0nty4ndkxzmm1y2yucg5n.jpeg.png', 204) ON CONFLICT DO NOTHING;
INSERT INTO menu_option_groups (menu_id, group_id) VALUES (2520, 1098) ON CONFLICT DO NOTHING;
INSERT INTO menu_option_groups (menu_id, group_id) VALUES (2520, 1092) ON CONFLICT DO NOTHING;
INSERT INTO menu_option_groups (menu_id, group_id) VALUES (2520, 1054) ON CONFLICT DO NOTHING;
INSERT INTO menu_option_groups (menu_id, group_id) VALUES (2520, 1089) ON CONFLICT DO NOTHING;
INSERT INTO menu_option_groups (menu_id, group_id) VALUES (2520, 1087) ON CONFLICT DO NOTHING;
INSERT INTO menu_option_groups (menu_id, group_id) VALUES (2520, 1113) ON CONFLICT DO NOTHING;
INSERT INTO menu_option_groups (menu_id, group_id) VALUES (2520, 1119) ON CONFLICT DO NOTHING;
INSERT INTO menus (id, name, description, image_url, category_id) VALUES (2521, 'OPA Family Box ', 'chicken doner, crispy chicken burger, 4 halloumi fingers, fries, sauce, drinks👨‍👩‍👧‍👦', 'https://d3u269mlo8clta.cloudfront.net/opa/a7a2788c-5810-11f1-84b4-363dd4c82eca_ahr0chm6ly9zdg9yywdllmdvb2dszwfwaxmuy29tl2lrb25hlwj1y2tldc1wcm9kdwn0aw9ul2ltywdlcy82odgzm2e2mzaznmu4ztc3ntg4njbimzgvv29sdf9gyw1pbhklmjbcb3gtnjlizda4m2qwzddlmtewogyyodcwnjc0lnbuzw__.jpeg.png', 205) ON CONFLICT DO NOTHING;
INSERT INTO menu_option_groups (menu_id, group_id) VALUES (2521, 1065) ON CONFLICT DO NOTHING;
INSERT INTO menu_option_groups (menu_id, group_id) VALUES (2521, 975) ON CONFLICT DO NOTHING;
INSERT INTO menu_option_groups (menu_id, group_id) VALUES (2521, 1112) ON CONFLICT DO NOTHING;
INSERT INTO menu_option_groups (menu_id, group_id) VALUES (2521, 1120) ON CONFLICT DO NOTHING;
INSERT INTO menu_option_groups (menu_id, group_id) VALUES (2521, 1057) ON CONFLICT DO NOTHING;
INSERT INTO menu_option_groups (menu_id, group_id) VALUES (2521, 1109) ON CONFLICT DO NOTHING;
INSERT INTO menu_option_groups (menu_id, group_id) VALUES (2521, 1063) ON CONFLICT DO NOTHING;
INSERT INTO menu_option_groups (menu_id, group_id) VALUES (2521, 1087) ON CONFLICT DO NOTHING;
INSERT INTO menu_option_groups (menu_id, group_id) VALUES (2521, 1113) ON CONFLICT DO NOTHING;
INSERT INTO menu_option_groups (menu_id, group_id) VALUES (2521, 1119) ON CONFLICT DO NOTHING;
INSERT INTO menus (id, name, description, image_url, category_id) VALUES (2522, 'Pork Doner Combo ', 'pork doner, fries, ketchup, mustard, drink', 'https://d3u269mlo8clta.cloudfront.net/opa/4a34775e-5383-11f1-b246-76de16ae3890_ahr0chm6ly9zdg9yywdllmdvb2dszwfwaxmuy29tl2lrb25hlwj1y2tldc1wcm9kdwn0aw9ul2ltywdlcy82odgzm2e2mzaznmu4ztc3ntg4njbimzgvv29sdf9fug9yayuymervbmvyjtiwy29tym8tnjhkzdcyzjdlogmxythimmeyy2m4m2iwlnbuzw__.jpeg.png', 208) ON CONFLICT DO NOTHING;
INSERT INTO menu_option_groups (menu_id, group_id) VALUES (2522, 1101) ON CONFLICT DO NOTHING;
INSERT INTO menu_option_groups (menu_id, group_id) VALUES (2522, 1092) ON CONFLICT DO NOTHING;
INSERT INTO menu_option_groups (menu_id, group_id) VALUES (2522, 1054) ON CONFLICT DO NOTHING;
INSERT INTO menu_option_groups (menu_id, group_id) VALUES (2522, 1089) ON CONFLICT DO NOTHING;
INSERT INTO menu_option_groups (menu_id, group_id) VALUES (2522, 1087) ON CONFLICT DO NOTHING;
INSERT INTO menu_option_groups (menu_id, group_id) VALUES (2522, 1119) ON CONFLICT DO NOTHING;
INSERT INTO menu_option_groups (menu_id, group_id) VALUES (2522, 1113) ON CONFLICT DO NOTHING;
INSERT INTO menus (id, name, description, image_url, category_id) VALUES (2523, 'Cinnamon Iced Coffee ', 'Cinnamon Iced Coffee ', 'https://d3u269mlo8clta.cloudfront.net/opa/2b008410-5b3d-11f1-8a4c-c6914a6ac9ea_ahr0chm6ly9zdg9yywdllmdvb2dszwfwaxmuy29tl2lrb25hlwj1y2tldc1wcm9kdwn0aw9ul2ltywdlcy82odgzm2e2mzaznmu4ztc3ntg4njbimzgvv29sdf9pueelmjbdaw5uyw1vbiuymenvzmzlzs02ogm5ndi2nznlzduwndg0mti1ndq0zjyucg5n.jpeg.png', 223) ON CONFLICT DO NOTHING;
INSERT INTO menus (id, name, description, image_url, category_id) VALUES (2524, 'Chicken Doner Combo ', 'chicken doner, fries, drink, ketchup, mustard', 'https://d3u269mlo8clta.cloudfront.net/opa/a66c8bec-42df-11f1-879e-3a1d0684e0bc_ahr0chm6ly9zdg9yywdllmdvb2dszwfwaxmuy29tl2lrb25hlwj1y2tldc1wcm9kdwn0aw9ul2ltywdlcy82odgzm2e2mzaznmu4ztc3ntg4njbimzgvv29sdf9fq2hpy2tlbiuymervbmvyjtiwy29tyiuymc02ogrknzjmn2u4yzfhogiyytjjyzgzywuucg5n.jpeg.png', 208) ON CONFLICT DO NOTHING;
INSERT INTO menu_option_groups (menu_id, group_id) VALUES (2524, 1065) ON CONFLICT DO NOTHING;
INSERT INTO menu_option_groups (menu_id, group_id) VALUES (2524, 1092) ON CONFLICT DO NOTHING;
INSERT INTO menu_option_groups (menu_id, group_id) VALUES (2524, 1054) ON CONFLICT DO NOTHING;
INSERT INTO menu_option_groups (menu_id, group_id) VALUES (2524, 1089) ON CONFLICT DO NOTHING;
INSERT INTO menu_option_groups (menu_id, group_id) VALUES (2524, 1087) ON CONFLICT DO NOTHING;
INSERT INTO menu_option_groups (menu_id, group_id) VALUES (2524, 1119) ON CONFLICT DO NOTHING;
INSERT INTO menu_option_groups (menu_id, group_id) VALUES (2524, 1113) ON CONFLICT DO NOTHING;
INSERT INTO menus (id, name, description, image_url, category_id) VALUES (2525, 'Mayonnaise Bustine', 'Mayonnaise', 'https://d3u269mlo8clta.cloudfront.net/opa/88107f6e-5ccf-11f1-9dc1-aa50e5e38a2b_ahr0chm6ly9zdg9yywdllmdvb2dszwfwaxmuy29tl2lrb25hlwj1y2tldc1wcm9kdwn0aw9ul2ltywdlcy82odgzm2e2mzaznmu4ztc3ntg4njbimzgvtwf5b25uywlzzsuymej1c3rpbmulmjaxmdawnzaymi02ogm5nde0zgu5n2y4yzhjoda1mzu5zjeucg5n.jpeg.png', 220) ON CONFLICT DO NOTHING;
INSERT INTO menus (id, name, description, image_url, category_id) VALUES (2526, 'Chicken Skepasti Combo ', 'Skepasti pule, patate të skuqura, pije, ketchup, mustardë', 'https://d3u269mlo8clta.cloudfront.net/opa/83077aea-5ccf-11f1-83e6-4e238d7eb25d_ahr0chm6ly9zdg9yywdllmdvb2dszwfwaxmuy29tl2lrb25hlwj1y2tldc1wcm9kdwn0aw9ul2ltywdlcy82odgzm2e2mzaznmu4ztc3ntg4njbimzgvq2hpy2tlbiuymfnrzxbhc3rpjtiwy29tym8tnjg5mdc4nthhnwnlzjq2zwnlodyzzwy0lnbuzw__.jpeg.png', 207) ON CONFLICT DO NOTHING;
INSERT INTO menu_option_groups (menu_id, group_id) VALUES (2526, 1124) ON CONFLICT DO NOTHING;
INSERT INTO menu_option_groups (menu_id, group_id) VALUES (2526, 1049) ON CONFLICT DO NOTHING;
INSERT INTO menu_option_groups (menu_id, group_id) VALUES (2526, 1054) ON CONFLICT DO NOTHING;
INSERT INTO menu_option_groups (menu_id, group_id) VALUES (2526, 1089) ON CONFLICT DO NOTHING;
INSERT INTO menu_option_groups (menu_id, group_id) VALUES (2526, 1087) ON CONFLICT DO NOTHING;
INSERT INTO menu_option_groups (menu_id, group_id) VALUES (2526, 1119) ON CONFLICT DO NOTHING;
INSERT INTO menu_option_groups (menu_id, group_id) VALUES (2526, 1113) ON CONFLICT DO NOTHING;
INSERT INTO menus (id, name, description, image_url, category_id) VALUES (2527, 'Gjiro e Hapur', 'Gjiro e hapur pule ose gici(zgjidh preferencen e mishit)', 'https://d3u269mlo8clta.cloudfront.net/opa/8639abde-5ccf-11f1-91a3-aa50e5e38a2b_ahr0chm6ly9zdg9yywdllmdvb2dszwfwaxmuy29tl2lrb25hlwj1y2tldc1wcm9kdwn0aw9ul2ltywdlcy82odgzm2e2mzaznmu4ztc3ntg4njbimzgvq0hjq0tftiuyme9qru4lmjbhwvjplty4ota3ymmxywm4mzi4mgmwyti3zjfhys5qcgc_.jpeg.png', 213) ON CONFLICT DO NOTHING;
INSERT INTO menu_option_groups (menu_id, group_id) VALUES (2527, 1027) ON CONFLICT DO NOTHING;
INSERT INTO menu_option_groups (menu_id, group_id) VALUES (2527, 1087) ON CONFLICT DO NOTHING;
INSERT INTO menu_option_groups (menu_id, group_id) VALUES (2527, 1119) ON CONFLICT DO NOTHING;
INSERT INTO menu_option_groups (menu_id, group_id) VALUES (2527, 1104) ON CONFLICT DO NOTHING;
INSERT INTO menu_option_groups (menu_id, group_id) VALUES (2527, 1113) ON CONFLICT DO NOTHING;
INSERT INTO menus (id, name, description, image_url, category_id) VALUES (2528, 'Greek Slaw Salad ', 'laker, salce kosi, majoneze, mustard, rrush i thate, majdanoz dhe sheqer kaf.', 'https://d3u269mlo8clta.cloudfront.net/opa/25c23d40-5b3d-11f1-b7a5-5a781360214a_ahr0chm6ly9zdg9yywdllmdvb2dszwfwaxmuy29tl2lrb25hlwj1y2tldc1wcm9kdwn0aw9ul2ltywdlcy82odgzm2e2mzaznmu4ztc3ntg4njbimzgvv29sdf9hcmvlayuymfnsyxctnmewndc1mjvinduznze5ztq2ntfjztewlnbuzw__.jpeg.png', 204) ON CONFLICT DO NOTHING;
INSERT INTO menu_option_groups (menu_id, group_id) VALUES (2528, 1116) ON CONFLICT DO NOTHING;
INSERT INTO menu_option_groups (menu_id, group_id) VALUES (2528, 1104) ON CONFLICT DO NOTHING;
INSERT INTO menu_option_groups (menu_id, group_id) VALUES (2528, 1113) ON CONFLICT DO NOTHING;
INSERT INTO menu_option_groups (menu_id, group_id) VALUES (2528, 1087) ON CONFLICT DO NOTHING;
INSERT INTO menus (id, name, description, image_url, category_id) VALUES (2529, 'Coca Cola 0.33 Zero', 'Coca Cola 0.33 Zero DEL', 'https://d3u269mlo8clta.cloudfront.net/opa/f7a22f7c-55bc-11f1-8cfe-86b169170ea4_ahr0chm6ly9zdg9yywdllmdvb2dszwfwaxmuy29tl2lrb25hlwj1y2tldc1wcm9kdwn0aw9ul2ltywdlcy82odgzm2e2mzaznmu4ztc3ntg4njbimzgvndc0mtdkzjitztfmoc0xmwvllwi1mwmtzdixmdg4ytliztfix2nvy2ffy29syv96zxjvlty4zdnky2u3ymyzn2vlmtljmgixndu3mc5wbmc_.jpeg.png', 219) ON CONFLICT DO NOTHING;
INSERT INTO menus (id, name, description, image_url, category_id) VALUES (2530, 'Ketchup Bustine', 'Ketchup Bustine', 'https://d3u269mlo8clta.cloudfront.net/opa/a714b1de-54f3-11f1-9197-6605e9b45cdd_ahr0chm6ly9zdg9yywdllmdvb2dszwfwaxmuy29tl2lrb25hlwj1y2tldc1wcm9kdwn0aw9ul2ltywdlcy82odgzm2e2mzaznmu4ztc3ntg4njbimzgvu2lyywnhjtiwu21hbgwlmjaxmdawnzaxmc02otqyodm5zwe0mtdjnjgxodkzmwi3ytuucg5n.jpeg.png', 220) ON CONFLICT DO NOTHING;
INSERT INTO menus (id, name, description, image_url, category_id) VALUES (2531, 'Tirokafteri - small', 'Tirokafteri', 'https://d3u269mlo8clta.cloudfront.net/opa/88172396-5ccf-11f1-9dc1-aa50e5e38a2b_ahr0chm6ly9zdg9yywdllmdvb2dszwfwaxmuy29tl2lrb25hlwj1y2tldc1wcm9kdwn0aw9ul2ltywdlcy82odgzm2e2mzaznmu4ztc3ntg4njbimzgvvglyb2thznrlcmktms02ogm5ndfmmtnhmjg5ndnlmwflmja5mjeucg5n.jpeg.png', 220) ON CONFLICT DO NOTHING;
INSERT INTO menus (id, name, description, image_url, category_id) VALUES (2532, 'Gaia Combo', 'Gaia wrap, patate të skuqura, pije ketchup, mustardë', 'https://d3u269mlo8clta.cloudfront.net/opa/272a6ed2-5b3d-11f1-a0ec-ce60ff2c0b4d_ahr0chm6ly9zdg9yywdllmdvb2dszwfwaxmuy29tl2lrb25hlwj1y2tldc1wcm9kdwn0aw9ul2ltywdlcy82odgzm2e2mzaznmu4ztc3ntg4njbimzgvr2fpysuymgnvbwjvlty4ota3ognlnznkyzflngrhnjk1yjc1zi5wbmc_.jpeg.png', 207) ON CONFLICT DO NOTHING;
INSERT INTO menu_option_groups (menu_id, group_id) VALUES (2532, 1082) ON CONFLICT DO NOTHING;
INSERT INTO menu_option_groups (menu_id, group_id) VALUES (2532, 1092) ON CONFLICT DO NOTHING;
INSERT INTO menu_option_groups (menu_id, group_id) VALUES (2532, 1054) ON CONFLICT DO NOTHING;
INSERT INTO menu_option_groups (menu_id, group_id) VALUES (2532, 1089) ON CONFLICT DO NOTHING;
INSERT INTO menu_option_groups (menu_id, group_id) VALUES (2532, 1087) ON CONFLICT DO NOTHING;
INSERT INTO menu_option_groups (menu_id, group_id) VALUES (2532, 1119) ON CONFLICT DO NOTHING;
INSERT INTO menu_option_groups (menu_id, group_id) VALUES (2532, 1113) ON CONFLICT DO NOTHING;
INSERT INTO menus (id, name, description, image_url, category_id) VALUES (2533, 'Loukomades me Mjalte dhe Arra', 'Loukomades me Mjalte dhe Arra', 'https://d3u269mlo8clta.cloudfront.net/opa/a8766d90-5810-11f1-84b4-363dd4c82eca_ahr0chm6ly9zdg9yywdllmdvb2dszwfwaxmuy29tl2lrb25hlwj1y2tldc1wcm9kdwn0aw9ul2ltywdlcy82odgzm2e2mzaznmu4ztc3ntg4njbimzgvtg91a291bwfkzxmlmjbib25lesuymcuyniuyme51dhmtnjg5zdhhngm4zda4yjnjnzi3zjmxmzawlmpwzw__.jpeg.png', 214) ON CONFLICT DO NOTHING;
INSERT INTO menu_option_groups (menu_id, group_id) VALUES (2533, 1085) ON CONFLICT DO NOTHING;
INSERT INTO menu_option_groups (menu_id, group_id) VALUES (2533, 1113) ON CONFLICT DO NOTHING;
INSERT INTO menus (id, name, description, image_url, category_id) VALUES (2534, 'BBQ Chicken Wings (8 cope)', 'krahe pule te marinuara me salce BBQ', 'https://d3u269mlo8clta.cloudfront.net/opa/4bbeef3a-55ec-11f1-ae13-66eb004a3be4_ahr0chm6ly9zdg9yywdllmdvb2dszwfwaxmuy29tl2lrb25hlwj1y2tldc1wcm9kdwn0aw9ul2ltywdlcy82odgzm2e2mzaznmu4ztc3ntg4njbimzgvv29sdf9daglja2vujtiwv2luz3mlmja4lty4zgq3mmy3zthjmwe4yjjhmmnjodniyi5wbmc_.jpeg.png', 208) ON CONFLICT DO NOTHING;
INSERT INTO menu_option_groups (menu_id, group_id) VALUES (2534, 1119) ON CONFLICT DO NOTHING;
INSERT INTO menu_option_groups (menu_id, group_id) VALUES (2534, 1113) ON CONFLICT DO NOTHING;
INSERT INTO menu_option_groups (menu_id, group_id) VALUES (2534, 1050) ON CONFLICT DO NOTHING;
INSERT INTO menus (id, name, description, image_url, category_id) VALUES (2535, 'Junior Pita Combo', 'Tortilla, gjiro, salcë çedari, patate të skuqura, pije', 'https://d3u269mlo8clta.cloudfront.net/opa/a9cb3d1a-5810-11f1-a4cc-f27f12c3e0fa_ahr0chm6ly9zdg9yywdllmdvb2dszwfwaxmuy29tl2lrb25hlwj1y2tldc1wcm9kdwn0aw9ul2ltywdlcy82odgzm2e2mzaznmu4ztc3ntg4njbimzgvsnvuaw9yjtiwugl0ysuymenvbwjvlty4ownjyjuwmzniywnhm2niytc2mmrmny5qcgc_.jpeg.png', 217) ON CONFLICT DO NOTHING;
INSERT INTO menu_option_groups (menu_id, group_id) VALUES (2535, 1102) ON CONFLICT DO NOTHING;
INSERT INTO menu_option_groups (menu_id, group_id) VALUES (2535, 1092) ON CONFLICT DO NOTHING;
INSERT INTO menu_option_groups (menu_id, group_id) VALUES (2535, 1107) ON CONFLICT DO NOTHING;
INSERT INTO menu_option_groups (menu_id, group_id) VALUES (2535, 1104) ON CONFLICT DO NOTHING;
INSERT INTO menu_option_groups (menu_id, group_id) VALUES (2535, 1113) ON CONFLICT DO NOTHING;
INSERT INTO menus (id, name, description, image_url, category_id) VALUES (2536, 'Cold Capuccino ', 'Cold Capuccino ', 'https://d3u269mlo8clta.cloudfront.net/opa/bccc5614-4e02-11f1-b5fe-c24319c933ee_ahr0chm6ly9zdg9yywdllmdvb2dszwfwaxmuy29tl2lrb25hlwj1y2tldc1wcm9kdwn0aw9ul2ltywdlcy82odgzm2e2mzaznmu4ztc3ntg4njbimzgvv29sdf9pueelmjbdb2xkjtiwq2fwchvjaglubyuymgfuzcuymgnhcmftzwwlmjbjb2xkjtiwy2fwdwnjaw5vlty4yzk0mjuwnti1nznjy2eyntg2owmyzi5wbmc_.jpeg.png', 223) ON CONFLICT DO NOTHING;
INSERT INTO menus (id, name, description, image_url, category_id) VALUES (2537, 'Pork Skewers 1 cope ', 'Pork Skewers 1 cope ', 'https://d3u269mlo8clta.cloudfront.net/opa/de9a2194-5105-11f1-ae25-d25ea4edeca5_ahr0chm6ly9zdg9yywdllmdvb2dszwfwaxmuy29tl2lrb25hlwj1y2tldc1wcm9kdwn0aw9ul2ltywdlcy82odgzm2e2mzaznmu4ztc3ntg4njbimzgvug9yayuymfnrzxdlcnmtnjg5y2mxnzqzm2jhy2ezy2jhnzyyzdzmlmpwzw__.jpeg.png', 216) ON CONFLICT DO NOTHING;
INSERT INTO menu_option_groups (menu_id, group_id) VALUES (2537, 1087) ON CONFLICT DO NOTHING;
INSERT INTO menu_option_groups (menu_id, group_id) VALUES (2537, 1119) ON CONFLICT DO NOTHING;
INSERT INTO menu_option_groups (menu_id, group_id) VALUES (2537, 1113) ON CONFLICT DO NOTHING;
INSERT INTO menu_option_groups (menu_id, group_id) VALUES (2537, 1104) ON CONFLICT DO NOTHING;
INSERT INTO menus (id, name, description, image_url, category_id) VALUES (2538, 'Chicken Breast Pita 🌶️', 'Pite, salcë djegëse me majonezë & hudhër, speca të pjekur, sallatë romane, shishqebab pule i marinuar, djathë i bardhë feta', 'https://d3u269mlo8clta.cloudfront.net/opa/3c09be54-544c-11f1-ad33-2e1ca93508c8_ahr0chm6ly9zdg9yywdllmdvb2dszwfwaxmuy29tl2lrb25hlwj1y2tldc1wcm9kdwn0aw9ul2ltywdlcy82odgzm2e2mzaznmu4ztc3ntg4njbimzgvv29sdf9pueelmjbdaglja2vujtiwqnjlyxn0jtiwugl0ys02odkwn2rhyjqznjg2nzixywuxmgjlytgucg5n.jpeg.png', 211) ON CONFLICT DO NOTHING;
INSERT INTO menu_option_groups (menu_id, group_id) VALUES (2538, 1072) ON CONFLICT DO NOTHING;
INSERT INTO menu_option_groups (menu_id, group_id) VALUES (2538, 1087) ON CONFLICT DO NOTHING;
INSERT INTO menu_option_groups (menu_id, group_id) VALUES (2538, 1119) ON CONFLICT DO NOTHING;
INSERT INTO menu_option_groups (menu_id, group_id) VALUES (2538, 1113) ON CONFLICT DO NOTHING;
INSERT INTO menus (id, name, description, image_url, category_id) VALUES (2539, 'Boost Juice ', 'Karrotë, portokall, limon, kastravec, xhinxher', 'https://d3u269mlo8clta.cloudfront.net/opa/8827550e-5ccf-11f1-9dc1-aa50e5e38a2b_ahr0chm6ly9zdg9yywdllmdvb2dszwfwaxmuy29tl2lrb25hlwj1y2tldc1wcm9kdwn0aw9ul2ltywdlcy82odgzm2e2mzaznmu4ztc3ntg4njbimzgvv29sdf9pueelmjbcb29zdcuymep1awnllty4ytu4ogi3mzniywnhm2niytc2ndhloc5wbmc_.jpeg.png', 222) ON CONFLICT DO NOTHING;
INSERT INTO menus (id, name, description, image_url, category_id) VALUES (2540, 'Zeus Big Combo', 'Zeus wrap big, patate të skuqura, pije, ketchup, mustardë', 'https://d3u269mlo8clta.cloudfront.net/opa/8313370e-5ccf-11f1-83e6-4e238d7eb25d_ahr0chm6ly9zdg9yywdllmdvb2dszwfwaxmuy29tl2lrb25hlwj1y2tldc1wcm9kdwn0aw9ul2ltywdlcy82odgzm2e2mzaznmu4ztc3ntg4njbimzgvwmv1cyuymenvbwjvlty4ota3yjiyzdvmmdqxzdhhyzbhntdhoc5wbmc_.jpeg.png', 207) ON CONFLICT DO NOTHING;
INSERT INTO menu_option_groups (menu_id, group_id) VALUES (2540, 1117) ON CONFLICT DO NOTHING;
INSERT INTO menu_option_groups (menu_id, group_id) VALUES (2540, 1062) ON CONFLICT DO NOTHING;
INSERT INTO menu_option_groups (menu_id, group_id) VALUES (2540, 1089) ON CONFLICT DO NOTHING;
INSERT INTO menu_option_groups (menu_id, group_id) VALUES (2540, 1087) ON CONFLICT DO NOTHING;
INSERT INTO menu_option_groups (menu_id, group_id) VALUES (2540, 1119) ON CONFLICT DO NOTHING;
INSERT INTO menu_option_groups (menu_id, group_id) VALUES (2540, 1113) ON CONFLICT DO NOTHING;
INSERT INTO menus (id, name, description, image_url, category_id) VALUES (2541, 'Halloumi Pita Combo', 'Pita halloumi, patate të skuqura, pije, ketchup, mustardë', 'https://d3u269mlo8clta.cloudfront.net/opa/83007b46-5ccf-11f1-83e6-4e238d7eb25d_ahr0chm6ly9zdg9yywdllmdvb2dszwfwaxmuy29tl2lrb25hlwj1y2tldc1wcm9kdwn0aw9ul2ltywdlcy82odgzm2e2mzaznmu4ztc3ntg4njbimzgvv29sdf9pueelmjbiywxsb3vtasuymfbpdgetnjg5mdc4zjdhnwnlzjq2zwnlodyzzwzilnbuzw__.jpeg.png', 207) ON CONFLICT DO NOTHING;
INSERT INTO menu_option_groups (menu_id, group_id) VALUES (2541, 1132) ON CONFLICT DO NOTHING;
INSERT INTO menu_option_groups (menu_id, group_id) VALUES (2541, 1092) ON CONFLICT DO NOTHING;
INSERT INTO menu_option_groups (menu_id, group_id) VALUES (2541, 1054) ON CONFLICT DO NOTHING;
INSERT INTO menu_option_groups (menu_id, group_id) VALUES (2541, 1089) ON CONFLICT DO NOTHING;
INSERT INTO menu_option_groups (menu_id, group_id) VALUES (2541, 1087) ON CONFLICT DO NOTHING;
INSERT INTO menu_option_groups (menu_id, group_id) VALUES (2541, 1119) ON CONFLICT DO NOTHING;
INSERT INTO menu_option_groups (menu_id, group_id) VALUES (2541, 1113) ON CONFLICT DO NOTHING;
INSERT INTO menus (id, name, description, image_url, category_id) VALUES (2542, 'Hangover ', 'Apple, carrot, beet, lemon', 'https://d3u269mlo8clta.cloudfront.net/opa/4e09604a-55ec-11f1-96d9-324858f7876b_ahr0chm6ly9zdg9yywdllmdvb2dszwfwaxmuy29tl2lrb25hlwj1y2tldc1wcm9kdwn0aw9ul2ltywdlcy82odgzm2e2mzaznmu4ztc3ntg4njbimzgvv29sdf9pueelmjbszwqlmjbsb2fyjtiwyw5kjtiwsgfuz292zxitnjhhntg3mwrkmgzlnwu2mzkwnzizmdkwlnbuzw__.jpeg.png', 222) ON CONFLICT DO NOTHING;
INSERT INTO menus (id, name, description, image_url, category_id) VALUES (2543, 'Greek Fries', 'Patate të skuqura, thërrime djathi feta, rigon', 'https://d3u269mlo8clta.cloudfront.net/opa/10c1c2a2-4f95-11f1-b3a5-cacb78ccc8c2_ahr0chm6ly9zdg9yywdllmdvb2dszwfwaxmuy29tl2lrb25hlwj1y2tldc1wcm9kdwn0aw9ul2ltywdlcy82odgzm2e2mzaznmu4ztc3ntg4njbimzgvvghlludyzwvrluzyawvzlty4ownjzdg2mgeyztm5njuwywfly2y0mi5qcgc_.jpeg.png', 212) ON CONFLICT DO NOTHING;
INSERT INTO menu_option_groups (menu_id, group_id) VALUES (2543, 1119) ON CONFLICT DO NOTHING;
INSERT INTO menu_option_groups (menu_id, group_id) VALUES (2543, 1113) ON CONFLICT DO NOTHING;
INSERT INTO menu_option_groups (menu_id, group_id) VALUES (2543, 1104) ON CONFLICT DO NOTHING;
INSERT INTO menus (id, name, description, image_url, category_id) VALUES (2544, 'Cheesecake', 'Reçel me fruta të egra', 'https://d3u269mlo8clta.cloudfront.net/opa/b987d668-4e02-11f1-9d34-be6744b30af2_ahr0chm6ly9zdg9yywdllmdvb2dszwfwaxmuy29tl2lrb25hlwj1y2tldc1wcm9kdwn0aw9ul2ltywdlcy82odgzm2e2mzaznmu4ztc3ntg4njbimzgvq2hlzxnly2frzs02odlkoge0yzhkmdhim2m3mjdmmzeyzmquanbn.jpeg.png', 214) ON CONFLICT DO NOTHING;
INSERT INTO menu_option_groups (menu_id, group_id) VALUES (2544, 1113) ON CONFLICT DO NOTHING;
INSERT INTO menus (id, name, description, image_url, category_id) VALUES (2545, 'BBQ Chicken Wings (8 cope) Combo ', 'BBQ Chicken Wings (8 cope), fries, drink', 'https://d3u269mlo8clta.cloudfront.net/opa/831fa2be-5ccf-11f1-83e6-4e238d7eb25d_ahr0chm6ly9zdg9yywdllmdvb2dszwfwaxmuy29tl2lrb25hlwj1y2tldc1wcm9kdwn0aw9ul2ltywdlcy82odgzm2e2mzaznmu4ztc3ntg4njbimzgvv29sdf9daglja2vujtiwv2luz3mlmja2jtiwy29wzsuymgnvbwjvjtiwlty4zgq3mmy3zthjmwe4yjjhmmnjodnioc5wbmc_.jpeg.png', 207) ON CONFLICT DO NOTHING;
INSERT INTO menu_option_groups (menu_id, group_id) VALUES (2545, 1151) ON CONFLICT DO NOTHING;
INSERT INTO menu_option_groups (menu_id, group_id) VALUES (2545, 1119) ON CONFLICT DO NOTHING;
INSERT INTO menu_option_groups (menu_id, group_id) VALUES (2545, 1113) ON CONFLICT DO NOTHING;
INSERT INTO menu_option_groups (menu_id, group_id) VALUES (2545, 1050) ON CONFLICT DO NOTHING;
INSERT INTO menu_option_groups (menu_id, group_id) VALUES (2545, 1139) ON CONFLICT DO NOTHING;
INSERT INTO menu_option_groups (menu_id, group_id) VALUES (2545, 1054) ON CONFLICT DO NOTHING;
INSERT INTO menu_option_groups (menu_id, group_id) VALUES (2545, 1087) ON CONFLICT DO NOTHING;
INSERT INTO menu_option_groups (menu_id, group_id) VALUES (2545, 1119) ON CONFLICT DO NOTHING;
INSERT INTO menu_option_groups (menu_id, group_id) VALUES (2545, 1113) ON CONFLICT DO NOTHING;
INSERT INTO menus (id, name, description, image_url, category_id) VALUES (2546, 'Fried Zucchini Balls ', 'Fried Zucchini Balls ', 'https://d3u269mlo8clta.cloudfront.net/opa/862dc15c-5ccf-11f1-91a3-aa50e5e38a2b_ahr0chm6ly9zdg9yywdllmdvb2dszwfwaxmuy29tl2lrb25hlwj1y2tldc1wcm9kdwn0aw9ul2ltywdlcy82odgzm2e2mzaznmu4ztc3ntg4njbimzgvrnjpzwqtwnvjy2hpbmktqmfsbhmtnjg5y2nkodywytjlmzk2ntbhywvjzjqzlmpwzw__.jpeg.png', 212) ON CONFLICT DO NOTHING;
INSERT INTO menu_option_groups (menu_id, group_id) VALUES (2546, 1119) ON CONFLICT DO NOTHING;
INSERT INTO menu_option_groups (menu_id, group_id) VALUES (2546, 1113) ON CONFLICT DO NOTHING;
INSERT INTO menu_option_groups (menu_id, group_id) VALUES (2546, 1104) ON CONFLICT DO NOTHING;
INSERT INTO menus (id, name, description, image_url, category_id) VALUES (2547, 'Super Bock 0.33L ', 'Super Bock 0.33L ', 'https://d3u269mlo8clta.cloudfront.net/opa/ceca9dd6-59aa-11f1-93ad-96266858967f_ahr0chm6ly9zdg9yywdllmdvb2dszwfwaxmuy29tl2lrb25hlwj1y2tldc1wcm9kdwn0aw9ul2ltywdlcy82odgzm2e2mzaznmu4ztc3ntg4njbimzgvnjdkzdyxnduynwuzowe0mjhhnjyzmgixlty4zdnky2u3ymyzn2vlmtljmgixndu3zc5wbmc_.jpeg.png', 221) ON CONFLICT DO NOTHING;
INSERT INTO menus (id, name, description, image_url, category_id) VALUES (2548, 'Hermes Big Combo', 'Hermes wrap big, patate të skuqura, pije, ketchup, mustardë', 'https://d3u269mlo8clta.cloudfront.net/opa/3bb7b898-544c-11f1-ad33-2e1ca93508c8_ahr0chm6ly9zdg9yywdllmdvb2dszwfwaxmuy29tl2lrb25hlwj1y2tldc1wcm9kdwn0aw9ul2ltywdlcy82odgzm2e2mzaznmu4ztc3ntg4njbimzgvsgvybwvzjtiwq29tym8tnjg5mdc5nmmxyjg1ztjlngm4yjjmodbklnbuzw__.jpeg.png', 207) ON CONFLICT DO NOTHING;
INSERT INTO menu_option_groups (menu_id, group_id) VALUES (2548, 1051) ON CONFLICT DO NOTHING;
INSERT INTO menu_option_groups (menu_id, group_id) VALUES (2548, 1117) ON CONFLICT DO NOTHING;
INSERT INTO menu_option_groups (menu_id, group_id) VALUES (2548, 1062) ON CONFLICT DO NOTHING;
INSERT INTO menu_option_groups (menu_id, group_id) VALUES (2548, 1089) ON CONFLICT DO NOTHING;
INSERT INTO menu_option_groups (menu_id, group_id) VALUES (2548, 1087) ON CONFLICT DO NOTHING;
INSERT INTO menu_option_groups (menu_id, group_id) VALUES (2548, 1119) ON CONFLICT DO NOTHING;
INSERT INTO menu_option_groups (menu_id, group_id) VALUES (2548, 1113) ON CONFLICT DO NOTHING;
INSERT INTO menus (id, name, description, image_url, category_id) VALUES (2549, 'Greek Caesar Salad', 'Sallatë baby romane, bukë krokante, salcë Caesar, djathë parmixhan, domate', 'https://d3u269mlo8clta.cloudfront.net/opa/2aa04e7e-5b3d-11f1-9efb-5a781360214a_ahr0chm6ly9zdg9yywdllmdvb2dszwfwaxmuy29tl2lrb25hlwj1y2tldc1wcm9kdwn0aw9ul2ltywdlcy82odgzm2e2mzaznmu4ztc3ntg4njbimzgvz3jlzwsty2flc2fylxnhbgfklty4ogm4mzm3zwniyjk5nwrhyzrjzjvmmy5qcgc_.jpeg.png', 215) ON CONFLICT DO NOTHING;
INSERT INTO menu_option_groups (menu_id, group_id) VALUES (2549, 1087) ON CONFLICT DO NOTHING;
INSERT INTO menu_option_groups (menu_id, group_id) VALUES (2549, 1116) ON CONFLICT DO NOTHING;
INSERT INTO menu_option_groups (menu_id, group_id) VALUES (2549, 1104) ON CONFLICT DO NOTHING;
INSERT INTO menu_option_groups (menu_id, group_id) VALUES (2549, 1113) ON CONFLICT DO NOTHING;
INSERT INTO menus (id, name, description, image_url, category_id) VALUES (2550, 'Tzatziki Sauce', 'Tzatziki Sauce', 'https://d3u269mlo8clta.cloudfront.net/opa/8819bfca-5ccf-11f1-9dc1-aa50e5e38a2b_ahr0chm6ly9zdg9yywdllmdvb2dszwfwaxmuy29tl2lrb25hlwj1y2tldc1wcm9kdwn0aw9ul2ltywdlcy82odgzm2e2mzaznmu4ztc3ntg4njbimzgvvhphdhppa2klmjbtyxvjzsuymfbmvsuymdewmda3mda1lty4yzk0mdc2ztmwmwy5yzawmwe4mjzhzc5wbmc_.jpeg.png', 220) ON CONFLICT DO NOTHING;
INSERT INTO menus (id, name, description, image_url, category_id) VALUES (2551, 'Loukoumades me Nutella Dhe Lajthi', 'Loukoumades me Nutella Dhe Lajthi', 'https://d3u269mlo8clta.cloudfront.net/opa/87fd97aa-5ccf-11f1-9dc1-aa50e5e38a2b_ahr0chm6ly9zdg9yywdllmdvb2dszwfwaxmuy29tl2lrb25hlwj1y2tldc1wcm9kdwn0aw9ul2ltywdlcy82odgzm2e2mzaznmu4ztc3ntg4njbimzgvtg91a291bwfkzxmlmjbodxrlbgxhjtiwjti2jtiwsgf6zwxudxqtnjg5zdhhngm4zda4yjnjnzi3zjmxmmzmlmpwzw__.jpeg.png', 214) ON CONFLICT DO NOTHING;
INSERT INTO menu_option_groups (menu_id, group_id) VALUES (2551, 1088) ON CONFLICT DO NOTHING;
INSERT INTO menu_option_groups (menu_id, group_id) VALUES (2551, 1113) ON CONFLICT DO NOTHING;
INSERT INTO menus (id, name, description, image_url, category_id) VALUES (2552, 'Truffle Chicken Gyros Combo ', 'Truffle chicken gyros, patate të skuqura, pije, ketchup, mustardë', 'https://d3u269mlo8clta.cloudfront.net/opa/ca3c08cc-59aa-11f1-adea-f2cb67d275e0_ahr0chm6ly9zdg9yywdllmdvb2dszwfwaxmuy29tl2lrb25hlwj1y2tldc1wcm9kdwn0aw9ul2ltywdlcy82odgzm2e2mzaznmu4ztc3ntg4njbimzgvvhj1zmzszsuymgnvbwjvlty4ota3yjbhytvjzwy0nmvjztg2m2yxmy5wbmc_.jpeg.png', 207) ON CONFLICT DO NOTHING;
INSERT INTO menu_option_groups (menu_id, group_id) VALUES (2552, 1136) ON CONFLICT DO NOTHING;
INSERT INTO menu_option_groups (menu_id, group_id) VALUES (2552, 1092) ON CONFLICT DO NOTHING;
INSERT INTO menu_option_groups (menu_id, group_id) VALUES (2552, 1089) ON CONFLICT DO NOTHING;
INSERT INTO menu_option_groups (menu_id, group_id) VALUES (2552, 1054) ON CONFLICT DO NOTHING;
INSERT INTO menu_option_groups (menu_id, group_id) VALUES (2552, 1087) ON CONFLICT DO NOTHING;
INSERT INTO menu_option_groups (menu_id, group_id) VALUES (2552, 1119) ON CONFLICT DO NOTHING;
INSERT INTO menu_option_groups (menu_id, group_id) VALUES (2552, 1113) ON CONFLICT DO NOTHING;
INSERT INTO menus (id, name, description, image_url, category_id) VALUES (2553, 'Minced Beef Skepasti Big Combo', 'Pite big, qofte viçi, domate, qepë të kuqe, majonezë burgeri, salcë BBQ, paprika, patate të skuqura, kastravec turshi të bërë në shtëpi', 'https://d3u269mlo8clta.cloudfront.net/opa/2723be2a-5b3d-11f1-a0ec-ce60ff2c0b4d_ahr0chm6ly9zdg9yywdllmdvb2dszwfwaxmuy29tl2lrb25hlwj1y2tldc1wcm9kdwn0aw9ul2ltywdlcy82odgzm2e2mzaznmu4ztc3ntg4njbimzgvtwluy2vkjtiwqmvlziuymenvbwitnjg5mdc5zgzmmjmzztm0mzy0zmexy2vjlnbuzw__.jpeg.png', 207) ON CONFLICT DO NOTHING;
INSERT INTO menu_option_groups (menu_id, group_id) VALUES (2553, 1061) ON CONFLICT DO NOTHING;
INSERT INTO menu_option_groups (menu_id, group_id) VALUES (2553, 1049) ON CONFLICT DO NOTHING;
INSERT INTO menu_option_groups (menu_id, group_id) VALUES (2553, 1059) ON CONFLICT DO NOTHING;
INSERT INTO menu_option_groups (menu_id, group_id) VALUES (2553, 1062) ON CONFLICT DO NOTHING;
INSERT INTO menu_option_groups (menu_id, group_id) VALUES (2553, 1089) ON CONFLICT DO NOTHING;
INSERT INTO menu_option_groups (menu_id, group_id) VALUES (2553, 1087) ON CONFLICT DO NOTHING;
INSERT INTO menu_option_groups (menu_id, group_id) VALUES (2553, 1119) ON CONFLICT DO NOTHING;
INSERT INTO menu_option_groups (menu_id, group_id) VALUES (2553, 1113) ON CONFLICT DO NOTHING;
INSERT INTO menus (id, name, description, image_url, category_id) VALUES (2554, 'Cheddar Sauce ', 'Cheddar Sauce ', 'https://d3u269mlo8clta.cloudfront.net/opa/2b0a3366-5b3d-11f1-b26e-a67a9c999200_ahr0chm6ly9zdg9yywdllmdvb2dszwfwaxmuy29tl2lrb25hlwj1y2tldc1wcm9kdwn0aw9ul2ltywdlcy82odgzm2e2mzaznmu4ztc3ntg4njbimzgvq2hlzgrhciuymfnhdwnljtiwcgx1jtiwmtawmdcwmtytnjhjotqxngrlotdmogm4yzgwntm1owvmlnbuzw__.jpeg.png', 220) ON CONFLICT DO NOTHING;
INSERT INTO menus (id, name, description, image_url, category_id) VALUES (2555, 'Chicken Skepasti Sos', 'Pite, gjoks pule i marinuar, sallatë romane, lakër e bardhë, domate, salcë mustard me mjaltë, salcë bacon, majonezë burgeri, patate të skuqura, paprika', 'https://d3u269mlo8clta.cloudfront.net/opa/a82d78ba-5810-11f1-84b4-363dd4c82eca_ahr0chm6ly9zdg9yywdllmdvb2dszwfwaxmuy29tl2lrb25hlwj1y2tldc1wcm9kdwn0aw9ul2ltywdlcy82odgzm2e2mzaznmu4ztc3ntg4njbimzgvq2hpy2tlbiuymfnrzxbhc3rplty4ota3zgm3mgeyztm5njuwywflytcyyi5wbmc_.jpeg.png', 211) ON CONFLICT DO NOTHING;
INSERT INTO menu_option_groups (menu_id, group_id) VALUES (2555, 1076) ON CONFLICT DO NOTHING;
INSERT INTO menu_option_groups (menu_id, group_id) VALUES (2555, 1049) ON CONFLICT DO NOTHING;
INSERT INTO menu_option_groups (menu_id, group_id) VALUES (2555, 1087) ON CONFLICT DO NOTHING;
INSERT INTO menu_option_groups (menu_id, group_id) VALUES (2555, 1119) ON CONFLICT DO NOTHING;
INSERT INTO menu_option_groups (menu_id, group_id) VALUES (2555, 1113) ON CONFLICT DO NOTHING;
INSERT INTO menus (id, name, description, image_url, category_id) VALUES (2556, 'Korça 0.33L ', 'Korça 0.33L ', 'https://d3u269mlo8clta.cloudfront.net/opa/881eba84-5ccf-11f1-9dc1-aa50e5e38a2b_ahr0chm6ly9zdg9yywdllmdvb2dszwfwaxmuy29tl2lrb25hlwj1y2tldc1wcm9kdwn0aw9ul2ltywdlcy82odgzm2e2mzaznmu4ztc3ntg4njbimzgvnjgyyji0ytq5zwfmngfizte5ytu2mdu0lty4zdnky2u3ymyzn2vlmtljmgixndu3ys5qcgvn.jpeg.png', 221) ON CONFLICT DO NOTHING;
INSERT INTO menus (id, name, description, image_url, category_id) VALUES (2557, 'Roast Lamb Sandwich ', 'buke, sallate, domate, qepe e kuqe, salce kosi, mustard, mish qingji i pjekur ngadale', 'https://d3u269mlo8clta.cloudfront.net/opa/24d37944-5b3d-11f1-9091-6275ffac7d4a_ahr0chm6ly9zdg9yywdllmdvb2dszwfwaxmuy29tl2lrb25hlwj1y2tldc1wcm9kdwn0aw9ul2ltywdlcy82odgzm2e2mzaznmu4ztc3ntg4njbimzgvv29sdf9sb2fzdcuymexhbwitnmewndcyyzi3ngi4mjawotmxnmqwywjilnbuzw__.jpeg.png', 204) ON CONFLICT DO NOTHING;
INSERT INTO menu_option_groups (menu_id, group_id) VALUES (2557, 1297) ON CONFLICT DO NOTHING;
INSERT INTO menu_option_groups (menu_id, group_id) VALUES (2557, 1404) ON CONFLICT DO NOTHING;
INSERT INTO menu_option_groups (menu_id, group_id) VALUES (2557, 1319) ON CONFLICT DO NOTHING;
INSERT INTO menus (id, name, description, image_url, category_id) VALUES (2558, 'Roast Lamb Sandwich Meal ', 'roast lamb sandwich, fries, drinks, sauces', 'https://d3u269mlo8clta.cloudfront.net/opa/f1ee32d8-55bc-11f1-9d1c-f20d2b669b14_ahr0chm6ly9zdg9yywdllmdvb2dszwfwaxmuy29tl2lrb25hlwj1y2tldc1wcm9kdwn0aw9ul2ltywdlcy82odgzm2e2mzaznmu4ztc3ntg4njbimzgvv29sdf9sb2fzdcuymexhbwilmjbdb21iby02yta0nzm0mzvknzrhyjfiyjzmndjlymiucg5n.jpeg.png', 204) ON CONFLICT DO NOTHING;
INSERT INTO menu_option_groups (menu_id, group_id) VALUES (2558, 1331) ON CONFLICT DO NOTHING;
INSERT INTO menu_option_groups (menu_id, group_id) VALUES (2558, 1298) ON CONFLICT DO NOTHING;
INSERT INTO menu_option_groups (menu_id, group_id) VALUES (2558, 1159) ON CONFLICT DO NOTHING;
INSERT INTO menu_option_groups (menu_id, group_id) VALUES (2558, 1395) ON CONFLICT DO NOTHING;
INSERT INTO menu_option_groups (menu_id, group_id) VALUES (2558, 1297) ON CONFLICT DO NOTHING;
INSERT INTO menu_option_groups (menu_id, group_id) VALUES (2558, 1404) ON CONFLICT DO NOTHING;
INSERT INTO menu_option_groups (menu_id, group_id) VALUES (2558, 1319) ON CONFLICT DO NOTHING;
INSERT INTO menus (id, name, description, image_url, category_id) VALUES (2559, 'Pork Gyros Combo ', 'pork gyros, patate të skuqura, pije, ketchup, mustardë', 'https://d3u269mlo8clta.cloudfront.net/opa/ca3197f2-59aa-11f1-adea-f2cb67d275e0_ahr0chm6ly9zdg9yywdllmdvb2dszwfwaxmuy29tl2lrb25hlwj1y2tldc1wcm9kdwn0aw9ul2ltywdlcy82odgzm2e2mzaznmu4ztc3ntg4njbimzgvug9yayuymed5cm9zjtiwq09nqk8lmjbub3jtywxljtiwzwrozsuymgjpzy02odkwnzgwzwq1zja0mwq4ywmwytu3njeucg5n.jpeg.png', 207) ON CONFLICT DO NOTHING;
INSERT INTO menu_option_groups (menu_id, group_id) VALUES (2559, 1356) ON CONFLICT DO NOTHING;
INSERT INTO menu_option_groups (menu_id, group_id) VALUES (2559, 1298) ON CONFLICT DO NOTHING;
INSERT INTO menu_option_groups (menu_id, group_id) VALUES (2559, 1159) ON CONFLICT DO NOTHING;
INSERT INTO menu_option_groups (menu_id, group_id) VALUES (2559, 1395) ON CONFLICT DO NOTHING;
INSERT INTO menu_option_groups (menu_id, group_id) VALUES (2559, 1297) ON CONFLICT DO NOTHING;
INSERT INTO menu_option_groups (menu_id, group_id) VALUES (2559, 1319) ON CONFLICT DO NOTHING;
INSERT INTO menu_option_groups (menu_id, group_id) VALUES (2559, 1404) ON CONFLICT DO NOTHING;
INSERT INTO menus (id, name, description, image_url, category_id) VALUES (2560, 'Pork Gyros Big Combo ', 'Pork gyros big, patate të skuqura, ketchup, mustardë, pije', 'https://d3u269mlo8clta.cloudfront.net/opa/ca3197f2-59aa-11f1-adea-f2cb67d275e0_ahr0chm6ly9zdg9yywdllmdvb2dszwfwaxmuy29tl2lrb25hlwj1y2tldc1wcm9kdwn0aw9ul2ltywdlcy82odgzm2e2mzaznmu4ztc3ntg4njbimzgvug9yayuymed5cm9zjtiwq09nqk8lmjbub3jtywxljtiwzwrozsuymgjpzy02odkwnzgwzwq1zja0mwq4ywmwytu3njeucg5n.jpeg.png', 207) ON CONFLICT DO NOTHING;
INSERT INTO menu_option_groups (menu_id, group_id) VALUES (2560, 1324) ON CONFLICT DO NOTHING;
INSERT INTO menu_option_groups (menu_id, group_id) VALUES (2560, 1310) ON CONFLICT DO NOTHING;
INSERT INTO menu_option_groups (menu_id, group_id) VALUES (2560, 1159) ON CONFLICT DO NOTHING;
INSERT INTO menu_option_groups (menu_id, group_id) VALUES (2560, 1395) ON CONFLICT DO NOTHING;
INSERT INTO menu_option_groups (menu_id, group_id) VALUES (2560, 1388) ON CONFLICT DO NOTHING;
INSERT INTO menu_option_groups (menu_id, group_id) VALUES (2560, 1315) ON CONFLICT DO NOTHING;
INSERT INTO menu_option_groups (menu_id, group_id) VALUES (2560, 1362) ON CONFLICT DO NOTHING;
INSERT INTO menus (id, name, description, image_url, category_id) VALUES (2561, 'Chicken Gyros Combo ', 'Gjiro pule, patate të skuqura, pije, ketchup, mustardë', 'https://d3u269mlo8clta.cloudfront.net/opa/ca341572-59aa-11f1-adea-f2cb67d275e0_ahr0chm6ly9zdg9yywdllmdvb2dszwfwaxmuy29tl2lrb25hlwj1y2tldc1wcm9kdwn0aw9ul2ltywdlcy82odgzm2e2mzaznmu4ztc3ntg4njbimzgvy2hpy2tlbi1nexjvcy1jb21iby02odhjodrkotczzgmxztrkyty5nwflntiuanbn.jpeg.png', 207) ON CONFLICT DO NOTHING;
INSERT INTO menu_option_groups (menu_id, group_id) VALUES (2561, 1156) ON CONFLICT DO NOTHING;
INSERT INTO menu_option_groups (menu_id, group_id) VALUES (2561, 1159) ON CONFLICT DO NOTHING;
INSERT INTO menu_option_groups (menu_id, group_id) VALUES (2561, 1298) ON CONFLICT DO NOTHING;
INSERT INTO menu_option_groups (menu_id, group_id) VALUES (2561, 1395) ON CONFLICT DO NOTHING;
INSERT INTO menu_option_groups (menu_id, group_id) VALUES (2561, 1297) ON CONFLICT DO NOTHING;
INSERT INTO menu_option_groups (menu_id, group_id) VALUES (2561, 1319) ON CONFLICT DO NOTHING;
INSERT INTO menu_option_groups (menu_id, group_id) VALUES (2561, 1404) ON CONFLICT DO NOTHING;
INSERT INTO menus (id, name, description, image_url, category_id) VALUES (2562, 'Chicken Gyros Big Combo ', 'Chicken gyros big, patate të skuqura, ketchup, mustardë, pije', 'https://d3u269mlo8clta.cloudfront.net/opa/ca341572-59aa-11f1-adea-f2cb67d275e0_ahr0chm6ly9zdg9yywdllmdvb2dszwfwaxmuy29tl2lrb25hlwj1y2tldc1wcm9kdwn0aw9ul2ltywdlcy82odgzm2e2mzaznmu4ztc3ntg4njbimzgvy2hpy2tlbi1nexjvcy1jb21iby02odhjodrkotczzgmxztrkyty5nwflntiuanbn.jpeg.png', 207) ON CONFLICT DO NOTHING;
INSERT INTO menu_option_groups (menu_id, group_id) VALUES (2562, 1320) ON CONFLICT DO NOTHING;
INSERT INTO menu_option_groups (menu_id, group_id) VALUES (2562, 1409) ON CONFLICT DO NOTHING;
INSERT INTO menu_option_groups (menu_id, group_id) VALUES (2562, 1159) ON CONFLICT DO NOTHING;
INSERT INTO menu_option_groups (menu_id, group_id) VALUES (2562, 1395) ON CONFLICT DO NOTHING;
INSERT INTO menu_option_groups (menu_id, group_id) VALUES (2562, 1297) ON CONFLICT DO NOTHING;
INSERT INTO menu_option_groups (menu_id, group_id) VALUES (2562, 1319) ON CONFLICT DO NOTHING;
INSERT INTO menu_option_groups (menu_id, group_id) VALUES (2562, 1404) ON CONFLICT DO NOTHING;
INSERT INTO menus (id, name, description, image_url, category_id) VALUES (2563, 'Kebap Pita Combo', 'Qebap pita, patate të skuqura, pije, ketchup, mustardë', 'https://d3u269mlo8clta.cloudfront.net/opa/82f58736-5ccf-11f1-83e6-4e238d7eb25d_ahr0chm6ly9zdg9yywdllmdvb2dszwfwaxmuy29tl2lrb25hlwj1y2tldc1wcm9kdwn0aw9ul2ltywdlcy82odgzm2e2mzaznmu4ztc3ntg4njbimzgvv29sdf9pueelmjblzwjhyiuymfbpdgetnjg5mdc5otjly2jiotk1zgfjngnmzjzmlnbuzw__.jpeg.png', 207) ON CONFLICT DO NOTHING;
INSERT INTO menu_option_groups (menu_id, group_id) VALUES (2563, 1357) ON CONFLICT DO NOTHING;
INSERT INTO menu_option_groups (menu_id, group_id) VALUES (2563, 1298) ON CONFLICT DO NOTHING;
INSERT INTO menu_option_groups (menu_id, group_id) VALUES (2563, 1159) ON CONFLICT DO NOTHING;
INSERT INTO menu_option_groups (menu_id, group_id) VALUES (2563, 1395) ON CONFLICT DO NOTHING;
INSERT INTO menu_option_groups (menu_id, group_id) VALUES (2563, 1297) ON CONFLICT DO NOTHING;
INSERT INTO menu_option_groups (menu_id, group_id) VALUES (2563, 1319) ON CONFLICT DO NOTHING;
INSERT INTO menu_option_groups (menu_id, group_id) VALUES (2563, 1404) ON CONFLICT DO NOTHING;
INSERT INTO menus (id, name, description, image_url, category_id) VALUES (2564, 'Kebab Pita Big Combo', 'Qebap pita big, patate të skuqura, pije, ketchup, mustardë', 'https://d3u269mlo8clta.cloudfront.net/opa/82f58736-5ccf-11f1-83e6-4e238d7eb25d_ahr0chm6ly9zdg9yywdllmdvb2dszwfwaxmuy29tl2lrb25hlwj1y2tldc1wcm9kdwn0aw9ul2ltywdlcy82odgzm2e2mzaznmu4ztc3ntg4njbimzgvv29sdf9pueelmjblzwjhyiuymfbpdgetnjg5mdc5otjly2jiotk1zgfjngnmzjzmlnbuzw__.jpeg.png', 207) ON CONFLICT DO NOTHING;
INSERT INTO menu_option_groups (menu_id, group_id) VALUES (2564, 1327) ON CONFLICT DO NOTHING;
INSERT INTO menu_option_groups (menu_id, group_id) VALUES (2564, 1409) ON CONFLICT DO NOTHING;
INSERT INTO menu_option_groups (menu_id, group_id) VALUES (2564, 1396) ON CONFLICT DO NOTHING;
INSERT INTO menu_option_groups (menu_id, group_id) VALUES (2564, 1395) ON CONFLICT DO NOTHING;
INSERT INTO menu_option_groups (menu_id, group_id) VALUES (2564, 1297) ON CONFLICT DO NOTHING;
INSERT INTO menu_option_groups (menu_id, group_id) VALUES (2564, 1319) ON CONFLICT DO NOTHING;
INSERT INTO menu_option_groups (menu_id, group_id) VALUES (2564, 1404) ON CONFLICT DO NOTHING;
INSERT INTO menus (id, name, description, image_url, category_id) VALUES (2565, 'Falafel Pita Combo', 'Falafal pita, patate të skuqura, pije, ketchup, mustardë', 'https://d3u269mlo8clta.cloudfront.net/opa/0dc686d2-4f95-11f1-8de9-ae2b87b01858_ahr0chm6ly9zdg9yywdllmdvb2dszwfwaxmuy29tl2lrb25hlwj1y2tldc1wcm9kdwn0aw9ul2ltywdlcy82odgzm2e2mzaznmu4ztc3ntg4njbimzgvrmfsywzltcuymenptujplty4ota3oge1zdvmmdqxzdhhyzbhntc4mi5wbmc_.jpeg.png', 207) ON CONFLICT DO NOTHING;
INSERT INTO menu_option_groups (menu_id, group_id) VALUES (2565, 1389) ON CONFLICT DO NOTHING;
INSERT INTO menu_option_groups (menu_id, group_id) VALUES (2565, 1298) ON CONFLICT DO NOTHING;
INSERT INTO menu_option_groups (menu_id, group_id) VALUES (2565, 1159) ON CONFLICT DO NOTHING;
INSERT INTO menu_option_groups (menu_id, group_id) VALUES (2565, 1395) ON CONFLICT DO NOTHING;
INSERT INTO menu_option_groups (menu_id, group_id) VALUES (2565, 1297) ON CONFLICT DO NOTHING;
INSERT INTO menu_option_groups (menu_id, group_id) VALUES (2565, 1319) ON CONFLICT DO NOTHING;
INSERT INTO menu_option_groups (menu_id, group_id) VALUES (2565, 1404) ON CONFLICT DO NOTHING;
INSERT INTO menus (id, name, description, image_url, category_id) VALUES (2566, 'Falafel Pita Big Combo', 'Falafal pita big, patate të skuqura, pije, ketchup, mustardë', 'https://d3u269mlo8clta.cloudfront.net/opa/0dc686d2-4f95-11f1-8de9-ae2b87b01858_ahr0chm6ly9zdg9yywdllmdvb2dszwfwaxmuy29tl2lrb25hlwj1y2tldc1wcm9kdwn0aw9ul2ltywdlcy82odgzm2e2mzaznmu4ztc3ntg4njbimzgvrmfsywzltcuymenptujplty4ota3oge1zdvmmdqxzdhhyzbhntc4mi5wbmc_.jpeg.png', 207) ON CONFLICT DO NOTHING;
INSERT INTO menu_option_groups (menu_id, group_id) VALUES (2566, 1363) ON CONFLICT DO NOTHING;
INSERT INTO menu_option_groups (menu_id, group_id) VALUES (2566, 1409) ON CONFLICT DO NOTHING;
INSERT INTO menu_option_groups (menu_id, group_id) VALUES (2566, 1396) ON CONFLICT DO NOTHING;
INSERT INTO menu_option_groups (menu_id, group_id) VALUES (2566, 1395) ON CONFLICT DO NOTHING;
INSERT INTO menu_option_groups (menu_id, group_id) VALUES (2566, 1297) ON CONFLICT DO NOTHING;
INSERT INTO menu_option_groups (menu_id, group_id) VALUES (2566, 1319) ON CONFLICT DO NOTHING;
INSERT INTO menu_option_groups (menu_id, group_id) VALUES (2566, 1404) ON CONFLICT DO NOTHING;
INSERT INTO menus (id, name, description, image_url, category_id) VALUES (2567, 'Truffle Chicken Gyros Combo ', 'Truffle chicken gyros, patate të skuqura, pije, ketchup, mustardë', 'https://d3u269mlo8clta.cloudfront.net/opa/ca3c08cc-59aa-11f1-adea-f2cb67d275e0_ahr0chm6ly9zdg9yywdllmdvb2dszwfwaxmuy29tl2lrb25hlwj1y2tldc1wcm9kdwn0aw9ul2ltywdlcy82odgzm2e2mzaznmu4ztc3ntg4njbimzgvvhj1zmzszsuymgnvbwjvlty4ota3yjbhytvjzwy0nmvjztg2m2yxmy5wbmc_.jpeg.png', 207) ON CONFLICT DO NOTHING;
INSERT INTO menu_option_groups (menu_id, group_id) VALUES (2567, 1378) ON CONFLICT DO NOTHING;
INSERT INTO menu_option_groups (menu_id, group_id) VALUES (2567, 1298) ON CONFLICT DO NOTHING;
INSERT INTO menu_option_groups (menu_id, group_id) VALUES (2567, 1395) ON CONFLICT DO NOTHING;
INSERT INTO menu_option_groups (menu_id, group_id) VALUES (2567, 1159) ON CONFLICT DO NOTHING;
INSERT INTO menu_option_groups (menu_id, group_id) VALUES (2567, 1297) ON CONFLICT DO NOTHING;
INSERT INTO menu_option_groups (menu_id, group_id) VALUES (2567, 1319) ON CONFLICT DO NOTHING;
INSERT INTO menu_option_groups (menu_id, group_id) VALUES (2567, 1404) ON CONFLICT DO NOTHING;
INSERT INTO menus (id, name, description, image_url, category_id) VALUES (2568, 'Truffle Chicken Gyros Big Combo', 'Truffle chicken gyros big, patate të skuqura, pije, ketchup, mustardë', 'https://d3u269mlo8clta.cloudfront.net/opa/ca3c08cc-59aa-11f1-adea-f2cb67d275e0_ahr0chm6ly9zdg9yywdllmdvb2dszwfwaxmuy29tl2lrb25hlwj1y2tldc1wcm9kdwn0aw9ul2ltywdlcy82odgzm2e2mzaznmu4ztc3ntg4njbimzgvvhj1zmzszsuymgnvbwjvlty4ota3yjbhytvjzwy0nmvjztg2m2yxmy5wbmc_.jpeg.png', 207) ON CONFLICT DO NOTHING;
INSERT INTO menu_option_groups (menu_id, group_id) VALUES (2568, 1347) ON CONFLICT DO NOTHING;
INSERT INTO menu_option_groups (menu_id, group_id) VALUES (2568, 1409) ON CONFLICT DO NOTHING;
INSERT INTO menu_option_groups (menu_id, group_id) VALUES (2568, 1396) ON CONFLICT DO NOTHING;
INSERT INTO menu_option_groups (menu_id, group_id) VALUES (2568, 1395) ON CONFLICT DO NOTHING;
INSERT INTO menu_option_groups (menu_id, group_id) VALUES (2568, 1297) ON CONFLICT DO NOTHING;
INSERT INTO menu_option_groups (menu_id, group_id) VALUES (2568, 1319) ON CONFLICT DO NOTHING;
INSERT INTO menu_option_groups (menu_id, group_id) VALUES (2568, 1404) ON CONFLICT DO NOTHING;
INSERT INTO menus (id, name, description, image_url, category_id) VALUES (2569, 'Apollo Pita Combo ', 'Apollo pita, patate të skuqura, pije, ketchup, mustardë', 'https://d3u269mlo8clta.cloudfront.net/opa/25d9f84a-5b3d-11f1-b7a5-5a781360214a_ahr0chm6ly9zdg9yywdllmdvb2dszwfwaxmuy29tl2lrb25hlwj1y2tldc1wcm9kdwn0aw9ul2ltywdlcy82odgzm2e2mzaznmu4ztc3ntg4njbimzgvyxbvbgxvlxbpdgety29tym8tnjg4yzg0zdk3m2rjmwu0zge2otvhztuxlmpwzw__.jpeg.png', 207) ON CONFLICT DO NOTHING;
INSERT INTO menu_option_groups (menu_id, group_id) VALUES (2569, 1298) ON CONFLICT DO NOTHING;
INSERT INTO menu_option_groups (menu_id, group_id) VALUES (2569, 1159) ON CONFLICT DO NOTHING;
INSERT INTO menu_option_groups (menu_id, group_id) VALUES (2569, 1395) ON CONFLICT DO NOTHING;
INSERT INTO menu_option_groups (menu_id, group_id) VALUES (2569, 1297) ON CONFLICT DO NOTHING;
INSERT INTO menu_option_groups (menu_id, group_id) VALUES (2569, 1319) ON CONFLICT DO NOTHING;
INSERT INTO menu_option_groups (menu_id, group_id) VALUES (2569, 1404) ON CONFLICT DO NOTHING;
INSERT INTO menus (id, name, description, image_url, category_id) VALUES (2570, 'Apollo Big Combo', 'Apollo pita big, patate të skuqura, pije, ketchup, mustardë
', 'https://d3u269mlo8clta.cloudfront.net/opa/25d9f84a-5b3d-11f1-b7a5-5a781360214a_ahr0chm6ly9zdg9yywdllmdvb2dszwfwaxmuy29tl2lrb25hlwj1y2tldc1wcm9kdwn0aw9ul2ltywdlcy82odgzm2e2mzaznmu4ztc3ntg4njbimzgvyxbvbgxvlxbpdgety29tym8tnjg4yzg0zdk3m2rjmwu0zge2otvhztuxlmpwzw__.jpeg.png', 207) ON CONFLICT DO NOTHING;
INSERT INTO menu_option_groups (menu_id, group_id) VALUES (2570, 1385) ON CONFLICT DO NOTHING;
INSERT INTO menu_option_groups (menu_id, group_id) VALUES (2570, 1409) ON CONFLICT DO NOTHING;
INSERT INTO menu_option_groups (menu_id, group_id) VALUES (2570, 1396) ON CONFLICT DO NOTHING;
INSERT INTO menu_option_groups (menu_id, group_id) VALUES (2570, 1395) ON CONFLICT DO NOTHING;
INSERT INTO menu_option_groups (menu_id, group_id) VALUES (2570, 1297) ON CONFLICT DO NOTHING;
INSERT INTO menu_option_groups (menu_id, group_id) VALUES (2570, 1319) ON CONFLICT DO NOTHING;
INSERT INTO menu_option_groups (menu_id, group_id) VALUES (2570, 1404) ON CONFLICT DO NOTHING;
INSERT INTO menus (id, name, description, image_url, category_id) VALUES (2571, 'Halloumi Pita Combo', 'Pita halloumi, patate të skuqura, pije, ketchup, mustardë', 'https://d3u269mlo8clta.cloudfront.net/opa/83007b46-5ccf-11f1-83e6-4e238d7eb25d_ahr0chm6ly9zdg9yywdllmdvb2dszwfwaxmuy29tl2lrb25hlwj1y2tldc1wcm9kdwn0aw9ul2ltywdlcy82odgzm2e2mzaznmu4ztc3ntg4njbimzgvv29sdf9pueelmjbiywxsb3vtasuymfbpdgetnjg5mdc4zjdhnwnlzjq2zwnlodyzzwzilnbuzw__.jpeg.png', 207) ON CONFLICT DO NOTHING;
INSERT INTO menu_option_groups (menu_id, group_id) VALUES (2571, 1325) ON CONFLICT DO NOTHING;
INSERT INTO menu_option_groups (menu_id, group_id) VALUES (2571, 1298) ON CONFLICT DO NOTHING;
INSERT INTO menu_option_groups (menu_id, group_id) VALUES (2571, 1159) ON CONFLICT DO NOTHING;
INSERT INTO menu_option_groups (menu_id, group_id) VALUES (2571, 1395) ON CONFLICT DO NOTHING;
INSERT INTO menu_option_groups (menu_id, group_id) VALUES (2571, 1297) ON CONFLICT DO NOTHING;
INSERT INTO menu_option_groups (menu_id, group_id) VALUES (2571, 1319) ON CONFLICT DO NOTHING;
INSERT INTO menu_option_groups (menu_id, group_id) VALUES (2571, 1404) ON CONFLICT DO NOTHING;
INSERT INTO menus (id, name, description, image_url, category_id) VALUES (2572, 'Halloumi Pita Big Combo', 'Pita halloumi big, patate të skuqura, pije, ketchup, mustardë', 'https://d3u269mlo8clta.cloudfront.net/opa/83007b46-5ccf-11f1-83e6-4e238d7eb25d_ahr0chm6ly9zdg9yywdllmdvb2dszwfwaxmuy29tl2lrb25hlwj1y2tldc1wcm9kdwn0aw9ul2ltywdlcy82odgzm2e2mzaznmu4ztc3ntg4njbimzgvv29sdf9pueelmjbiywxsb3vtasuymfbpdgetnjg5mdc4zjdhnwnlzjq2zwnlodyzzwzilnbuzw__.jpeg.png', 207) ON CONFLICT DO NOTHING;
INSERT INTO menu_option_groups (menu_id, group_id) VALUES (2572, 1352) ON CONFLICT DO NOTHING;
INSERT INTO menu_option_groups (menu_id, group_id) VALUES (2572, 1409) ON CONFLICT DO NOTHING;
INSERT INTO menu_option_groups (menu_id, group_id) VALUES (2572, 1396) ON CONFLICT DO NOTHING;
INSERT INTO menu_option_groups (menu_id, group_id) VALUES (2572, 1395) ON CONFLICT DO NOTHING;
INSERT INTO menu_option_groups (menu_id, group_id) VALUES (2572, 1297) ON CONFLICT DO NOTHING;
INSERT INTO menu_option_groups (menu_id, group_id) VALUES (2572, 1319) ON CONFLICT DO NOTHING;
INSERT INTO menu_option_groups (menu_id, group_id) VALUES (2572, 1404) ON CONFLICT DO NOTHING;
INSERT INTO menus (id, name, description, image_url, category_id) VALUES (2573, 'Schnitzel Pita Combo ', 'Schnitzel pite, patate të skuqura, pije ketchup, mustardë', 'https://d3u269mlo8clta.cloudfront.net/opa/830227e8-5ccf-11f1-83e6-4e238d7eb25d_ahr0chm6ly9zdg9yywdllmdvb2dszwfwaxmuy29tl2lrb25hlwj1y2tldc1wcm9kdwn0aw9ul2ltywdlcy82odgzm2e2mzaznmu4ztc3ntg4njbimzgvu2nobml0emvsjtiwq29tym8tnjg5mddhzwy3m2rjmwu0zge2otvinzcylnbuzw__.jpeg.png', 207) ON CONFLICT DO NOTHING;
INSERT INTO menu_option_groups (menu_id, group_id) VALUES (2573, 1154) ON CONFLICT DO NOTHING;
INSERT INTO menu_option_groups (menu_id, group_id) VALUES (2573, 1298) ON CONFLICT DO NOTHING;
INSERT INTO menu_option_groups (menu_id, group_id) VALUES (2573, 1159) ON CONFLICT DO NOTHING;
INSERT INTO menu_option_groups (menu_id, group_id) VALUES (2573, 1395) ON CONFLICT DO NOTHING;
INSERT INTO menu_option_groups (menu_id, group_id) VALUES (2573, 1297) ON CONFLICT DO NOTHING;
INSERT INTO menu_option_groups (menu_id, group_id) VALUES (2573, 1319) ON CONFLICT DO NOTHING;
INSERT INTO menu_option_groups (menu_id, group_id) VALUES (2573, 1404) ON CONFLICT DO NOTHING;
INSERT INTO menus (id, name, description, image_url, category_id) VALUES (2574, 'Schnitzel Pita Big Combo', 'Schnitzel pite big, patate të skuqura, pije ketchup, mustardë', 'https://d3u269mlo8clta.cloudfront.net/opa/830227e8-5ccf-11f1-83e6-4e238d7eb25d_ahr0chm6ly9zdg9yywdllmdvb2dszwfwaxmuy29tl2lrb25hlwj1y2tldc1wcm9kdwn0aw9ul2ltywdlcy82odgzm2e2mzaznmu4ztc3ntg4njbimzgvu2nobml0emvsjtiwq29tym8tnjg5mddhzwy3m2rjmwu0zge2otvinzcylnbuzw__.jpeg.png', 207) ON CONFLICT DO NOTHING;
INSERT INTO menu_option_groups (menu_id, group_id) VALUES (2574, 1300) ON CONFLICT DO NOTHING;
INSERT INTO menu_option_groups (menu_id, group_id) VALUES (2574, 1409) ON CONFLICT DO NOTHING;
INSERT INTO menu_option_groups (menu_id, group_id) VALUES (2574, 1396) ON CONFLICT DO NOTHING;
INSERT INTO menu_option_groups (menu_id, group_id) VALUES (2574, 1395) ON CONFLICT DO NOTHING;
INSERT INTO menu_option_groups (menu_id, group_id) VALUES (2574, 1387) ON CONFLICT DO NOTHING;
INSERT INTO menu_option_groups (menu_id, group_id) VALUES (2574, 1315) ON CONFLICT DO NOTHING;
INSERT INTO menu_option_groups (menu_id, group_id) VALUES (2574, 1362) ON CONFLICT DO NOTHING;
INSERT INTO menus (id, name, description, image_url, category_id) VALUES (2575, 'Chicken Breast Pita Combo ', 'Chicken breast pita, patate, pije, ketchup, mustard', 'https://d3u269mlo8clta.cloudfront.net/opa/271f7dba-5b3d-11f1-a0ec-ce60ff2c0b4d_ahr0chm6ly9zdg9yywdllmdvb2dszwfwaxmuy29tl2lrb25hlwj1y2tldc1wcm9kdwn0aw9ul2ltywdlcy82odgzm2e2mzaznmu4ztc3ntg4njbimzgvv29sdf9pueelmjbdaglja2vujtiwqnjlyxn0jtiwugl0ysuymenvbwjvlty4ota3otnhmgeyztm5njuwywflytcwmi5wbmc_.jpeg.png', 207) ON CONFLICT DO NOTHING;
INSERT INTO menu_option_groups (menu_id, group_id) VALUES (2575, 1159) ON CONFLICT DO NOTHING;
INSERT INTO menu_option_groups (menu_id, group_id) VALUES (2575, 1298) ON CONFLICT DO NOTHING;
INSERT INTO menu_option_groups (menu_id, group_id) VALUES (2575, 1395) ON CONFLICT DO NOTHING;
INSERT INTO menu_option_groups (menu_id, group_id) VALUES (2575, 1297) ON CONFLICT DO NOTHING;
INSERT INTO menu_option_groups (menu_id, group_id) VALUES (2575, 1319) ON CONFLICT DO NOTHING;
INSERT INTO menu_option_groups (menu_id, group_id) VALUES (2575, 1404) ON CONFLICT DO NOTHING;
INSERT INTO menus (id, name, description, image_url, category_id) VALUES (2576, 'Chicken Breast Pita Big Combo', 'Chicken breast pita big, patate, pije, ketchup, mustard

', 'https://d3u269mlo8clta.cloudfront.net/opa/271f7dba-5b3d-11f1-a0ec-ce60ff2c0b4d_ahr0chm6ly9zdg9yywdllmdvb2dszwfwaxmuy29tl2lrb25hlwj1y2tldc1wcm9kdwn0aw9ul2ltywdlcy82odgzm2e2mzaznmu4ztc3ntg4njbimzgvv29sdf9pueelmjbdaglja2vujtiwqnjlyxn0jtiwugl0ysuymenvbwjvlty4ota3otnhmgeyztm5njuwywflytcwmi5wbmc_.jpeg.png', 207) ON CONFLICT DO NOTHING;
INSERT INTO menu_option_groups (menu_id, group_id) VALUES (2576, 1321) ON CONFLICT DO NOTHING;
INSERT INTO menu_option_groups (menu_id, group_id) VALUES (2576, 1409) ON CONFLICT DO NOTHING;
INSERT INTO menu_option_groups (menu_id, group_id) VALUES (2576, 1396) ON CONFLICT DO NOTHING;
INSERT INTO menu_option_groups (menu_id, group_id) VALUES (2576, 1395) ON CONFLICT DO NOTHING;
INSERT INTO menu_option_groups (menu_id, group_id) VALUES (2576, 1297) ON CONFLICT DO NOTHING;
INSERT INTO menu_option_groups (menu_id, group_id) VALUES (2576, 1319) ON CONFLICT DO NOTHING;
INSERT INTO menu_option_groups (menu_id, group_id) VALUES (2576, 1404) ON CONFLICT DO NOTHING;
INSERT INTO menus (id, name, description, image_url, category_id) VALUES (2577, 'Chicken Skepasti Combo ', 'Skepasti pule, patate të skuqura, pije, ketchup, mustardë', 'https://d3u269mlo8clta.cloudfront.net/opa/83077aea-5ccf-11f1-83e6-4e238d7eb25d_ahr0chm6ly9zdg9yywdllmdvb2dszwfwaxmuy29tl2lrb25hlwj1y2tldc1wcm9kdwn0aw9ul2ltywdlcy82odgzm2e2mzaznmu4ztc3ntg4njbimzgvq2hpy2tlbiuymfnrzxbhc3rpjtiwy29tym8tnjg5mdc4nthhnwnlzjq2zwnlodyzzwy0lnbuzw__.jpeg.png', 207) ON CONFLICT DO NOTHING;
INSERT INTO menu_option_groups (menu_id, group_id) VALUES (2577, 1390) ON CONFLICT DO NOTHING;
INSERT INTO menu_option_groups (menu_id, group_id) VALUES (2577, 1346) ON CONFLICT DO NOTHING;
INSERT INTO menu_option_groups (menu_id, group_id) VALUES (2577, 1159) ON CONFLICT DO NOTHING;
INSERT INTO menu_option_groups (menu_id, group_id) VALUES (2577, 1395) ON CONFLICT DO NOTHING;
INSERT INTO menu_option_groups (menu_id, group_id) VALUES (2577, 1297) ON CONFLICT DO NOTHING;
INSERT INTO menu_option_groups (menu_id, group_id) VALUES (2577, 1319) ON CONFLICT DO NOTHING;
INSERT INTO menu_option_groups (menu_id, group_id) VALUES (2577, 1404) ON CONFLICT DO NOTHING;
INSERT INTO menus (id, name, description, image_url, category_id) VALUES (2578, 'Chicken Skepasti Big Combo', 'Skepasti pule big, patate të skuqura, pije, ketchup, mustardë

', 'https://d3u269mlo8clta.cloudfront.net/opa/83077aea-5ccf-11f1-83e6-4e238d7eb25d_ahr0chm6ly9zdg9yywdllmdvb2dszwfwaxmuy29tl2lrb25hlwj1y2tldc1wcm9kdwn0aw9ul2ltywdlcy82odgzm2e2mzaznmu4ztc3ntg4njbimzgvq2hpy2tlbiuymfnrzxbhc3rpjtiwy29tym8tnjg5mdc4nthhnwnlzjq2zwnlodyzzwy0lnbuzw__.jpeg.png', 207) ON CONFLICT DO NOTHING;
INSERT INTO menu_option_groups (menu_id, group_id) VALUES (2578, 1374) ON CONFLICT DO NOTHING;
INSERT INTO menu_option_groups (menu_id, group_id) VALUES (2578, 1346) ON CONFLICT DO NOTHING;
INSERT INTO menu_option_groups (menu_id, group_id) VALUES (2578, 1377) ON CONFLICT DO NOTHING;
INSERT INTO menu_option_groups (menu_id, group_id) VALUES (2578, 1396) ON CONFLICT DO NOTHING;
INSERT INTO menu_option_groups (menu_id, group_id) VALUES (2578, 1395) ON CONFLICT DO NOTHING;
INSERT INTO menu_option_groups (menu_id, group_id) VALUES (2578, 1297) ON CONFLICT DO NOTHING;
INSERT INTO menu_option_groups (menu_id, group_id) VALUES (2578, 1319) ON CONFLICT DO NOTHING;
INSERT INTO menu_option_groups (menu_id, group_id) VALUES (2578, 1404) ON CONFLICT DO NOTHING;
INSERT INTO menus (id, name, description, image_url, category_id) VALUES (2579, 'Pork Skepasti Combo ', 'Skepasti gici, patate të skuqura, pije, ketchup, mustardë', 'https://d3u269mlo8clta.cloudfront.net/opa/830960f8-5ccf-11f1-83e6-4e238d7eb25d_ahr0chm6ly9zdg9yywdllmdvb2dszwfwaxmuy29tl2lrb25hlwj1y2tldc1wcm9kdwn0aw9ul2ltywdlcy82odgzm2e2mzaznmu4ztc3ntg4njbimzgvug9yayuymfnrzxbhc3rpjtiwq29tym8tnjg5mddhywnknwywndfkogfjmge1n2exlnbuzw__.jpeg.png', 207) ON CONFLICT DO NOTHING;
INSERT INTO menu_option_groups (menu_id, group_id) VALUES (2579, 1350) ON CONFLICT DO NOTHING;
INSERT INTO menu_option_groups (menu_id, group_id) VALUES (2579, 1346) ON CONFLICT DO NOTHING;
INSERT INTO menu_option_groups (menu_id, group_id) VALUES (2579, 1159) ON CONFLICT DO NOTHING;
INSERT INTO menu_option_groups (menu_id, group_id) VALUES (2579, 1395) ON CONFLICT DO NOTHING;
INSERT INTO menu_option_groups (menu_id, group_id) VALUES (2579, 1297) ON CONFLICT DO NOTHING;
INSERT INTO menu_option_groups (menu_id, group_id) VALUES (2579, 1319) ON CONFLICT DO NOTHING;
INSERT INTO menu_option_groups (menu_id, group_id) VALUES (2579, 1404) ON CONFLICT DO NOTHING;
INSERT INTO menus (id, name, description, image_url, category_id) VALUES (2580, 'Pork Skepasti Big Combo', 'Skepasti gici big, patate të skuqura, pije, ketchup, mustardë', 'https://d3u269mlo8clta.cloudfront.net/opa/830960f8-5ccf-11f1-83e6-4e238d7eb25d_ahr0chm6ly9zdg9yywdllmdvb2dszwfwaxmuy29tl2lrb25hlwj1y2tldc1wcm9kdwn0aw9ul2ltywdlcy82odgzm2e2mzaznmu4ztc3ntg4njbimzgvug9yayuymfnrzxbhc3rpjtiwq29tym8tnjg5mddhywnknwywndfkogfjmge1n2exlnbuzw__.jpeg.png', 207) ON CONFLICT DO NOTHING;
INSERT INTO menu_option_groups (menu_id, group_id) VALUES (2580, 1360) ON CONFLICT DO NOTHING;
INSERT INTO menu_option_groups (menu_id, group_id) VALUES (2580, 1346) ON CONFLICT DO NOTHING;
INSERT INTO menu_option_groups (menu_id, group_id) VALUES (2580, 1396) ON CONFLICT DO NOTHING;
INSERT INTO menu_option_groups (menu_id, group_id) VALUES (2580, 1395) ON CONFLICT DO NOTHING;
INSERT INTO menu_option_groups (menu_id, group_id) VALUES (2580, 1377) ON CONFLICT DO NOTHING;
INSERT INTO menu_option_groups (menu_id, group_id) VALUES (2580, 1297) ON CONFLICT DO NOTHING;
INSERT INTO menu_option_groups (menu_id, group_id) VALUES (2580, 1319) ON CONFLICT DO NOTHING;
INSERT INTO menu_option_groups (menu_id, group_id) VALUES (2580, 1404) ON CONFLICT DO NOTHING;
INSERT INTO menus (id, name, description, image_url, category_id) VALUES (2581, 'Minced Beef Skepasti Combo', 'Pite, qofte viçi, domate, qepë të kuqe, majonezë burgeri, salcë BBQ, paprika, patate të skuqura, kastravec turshi të bërë në shtëpi', 'https://d3u269mlo8clta.cloudfront.net/opa/2723be2a-5b3d-11f1-a0ec-ce60ff2c0b4d_ahr0chm6ly9zdg9yywdllmdvb2dszwfwaxmuy29tl2lrb25hlwj1y2tldc1wcm9kdwn0aw9ul2ltywdlcy82odgzm2e2mzaznmu4ztc3ntg4njbimzgvtwluy2vkjtiwqmvlziuymenvbwitnjg5mdc5zgzmmjmzztm0mzy0zmexy2vjlnbuzw__.jpeg.png', 207) ON CONFLICT DO NOTHING;
INSERT INTO menu_option_groups (menu_id, group_id) VALUES (2581, 1348) ON CONFLICT DO NOTHING;
INSERT INTO menu_option_groups (menu_id, group_id) VALUES (2581, 1346) ON CONFLICT DO NOTHING;
INSERT INTO menu_option_groups (menu_id, group_id) VALUES (2581, 1159) ON CONFLICT DO NOTHING;
INSERT INTO menu_option_groups (menu_id, group_id) VALUES (2581, 1395) ON CONFLICT DO NOTHING;
INSERT INTO menu_option_groups (menu_id, group_id) VALUES (2581, 1297) ON CONFLICT DO NOTHING;
INSERT INTO menu_option_groups (menu_id, group_id) VALUES (2581, 1319) ON CONFLICT DO NOTHING;
INSERT INTO menu_option_groups (menu_id, group_id) VALUES (2581, 1404) ON CONFLICT DO NOTHING;
INSERT INTO menus (id, name, description, image_url, category_id) VALUES (2582, 'Minced Beef Skepasti Big Combo', 'Pite big, qofte viçi, domate, qepë të kuqe, majonezë burgeri, salcë BBQ, paprika, patate të skuqura, kastravec turshi të bërë në shtëpi', 'https://d3u269mlo8clta.cloudfront.net/opa/2723be2a-5b3d-11f1-a0ec-ce60ff2c0b4d_ahr0chm6ly9zdg9yywdllmdvb2dszwfwaxmuy29tl2lrb25hlwj1y2tldc1wcm9kdwn0aw9ul2ltywdlcy82odgzm2e2mzaznmu4ztc3ntg4njbimzgvtwluy2vkjtiwqmvlziuymenvbwitnjg5mdc5zgzmmjmzztm0mzy0zmexy2vjlnbuzw__.jpeg.png', 207) ON CONFLICT DO NOTHING;
INSERT INTO menu_option_groups (menu_id, group_id) VALUES (2582, 1322) ON CONFLICT DO NOTHING;
INSERT INTO menu_option_groups (menu_id, group_id) VALUES (2582, 1346) ON CONFLICT DO NOTHING;
INSERT INTO menu_option_groups (menu_id, group_id) VALUES (2582, 1377) ON CONFLICT DO NOTHING;
INSERT INTO menu_option_groups (menu_id, group_id) VALUES (2582, 1396) ON CONFLICT DO NOTHING;
INSERT INTO menu_option_groups (menu_id, group_id) VALUES (2582, 1395) ON CONFLICT DO NOTHING;
INSERT INTO menu_option_groups (menu_id, group_id) VALUES (2582, 1297) ON CONFLICT DO NOTHING;
INSERT INTO menu_option_groups (menu_id, group_id) VALUES (2582, 1319) ON CONFLICT DO NOTHING;
INSERT INTO menu_option_groups (menu_id, group_id) VALUES (2582, 1404) ON CONFLICT DO NOTHING;
INSERT INTO menus (id, name, description, image_url, category_id) VALUES (2583, 'OPA Smash Burger Combo', 'Opa smash burger, patate të skuqura, pije, ketchup, mustardë', 'https://d3u269mlo8clta.cloudfront.net/opa/830c4eda-5ccf-11f1-83e6-4e238d7eb25d_ahr0chm6ly9zdg9yywdllmdvb2dszwfwaxmuy29tl2lrb25hlwj1y2tldc1wcm9kdwn0aw9ul2ltywdlcy82odgzm2e2mzaznmu4ztc3ntg4njbimzgvv29sdf9pueelmjbtaw5nbgulmjbtbwfzacuymej1cmdlciuymenvbwjvlty4ota3yti5zjizm2uzndm2ngzhmwnlzi5wbmc_.jpeg.png', 207) ON CONFLICT DO NOTHING;
INSERT INTO menu_option_groups (menu_id, group_id) VALUES (2583, 1358) ON CONFLICT DO NOTHING;
INSERT INTO menu_option_groups (menu_id, group_id) VALUES (2583, 1298) ON CONFLICT DO NOTHING;
INSERT INTO menu_option_groups (menu_id, group_id) VALUES (2583, 1159) ON CONFLICT DO NOTHING;
INSERT INTO menu_option_groups (menu_id, group_id) VALUES (2583, 1395) ON CONFLICT DO NOTHING;
INSERT INTO menu_option_groups (menu_id, group_id) VALUES (2583, 1297) ON CONFLICT DO NOTHING;
INSERT INTO menu_option_groups (menu_id, group_id) VALUES (2583, 1319) ON CONFLICT DO NOTHING;
INSERT INTO menu_option_groups (menu_id, group_id) VALUES (2583, 1404) ON CONFLICT DO NOTHING;
INSERT INTO menus (id, name, description, image_url, category_id) VALUES (2584, 'Double OPA Smash Burger Combo', '2x Qofte me mish viçi, bukë burgeri, sallatë romane, salcë burgeri, kastravec turshi të shtëpisë, djathë cheddar, pije', 'https://d3u269mlo8clta.cloudfront.net/opa/830c4eda-5ccf-11f1-83e6-4e238d7eb25d_ahr0chm6ly9zdg9yywdllmdvb2dszwfwaxmuy29tl2lrb25hlwj1y2tldc1wcm9kdwn0aw9ul2ltywdlcy82odgzm2e2mzaznmu4ztc3ntg4njbimzgvv29sdf9pueelmjbtaw5nbgulmjbtbwfzacuymej1cmdlciuymenvbwjvlty4ota3yti5zjizm2uzndm2ngzhmwnlzi5wbmc_.jpeg.png', 207) ON CONFLICT DO NOTHING;
INSERT INTO menu_option_groups (menu_id, group_id) VALUES (2584, 1302) ON CONFLICT DO NOTHING;
INSERT INTO menu_option_groups (menu_id, group_id) VALUES (2584, 1298) ON CONFLICT DO NOTHING;
INSERT INTO menu_option_groups (menu_id, group_id) VALUES (2584, 1159) ON CONFLICT DO NOTHING;
INSERT INTO menu_option_groups (menu_id, group_id) VALUES (2584, 1395) ON CONFLICT DO NOTHING;
INSERT INTO menu_option_groups (menu_id, group_id) VALUES (2584, 1297) ON CONFLICT DO NOTHING;
INSERT INTO menu_option_groups (menu_id, group_id) VALUES (2584, 1319) ON CONFLICT DO NOTHING;
INSERT INTO menu_option_groups (menu_id, group_id) VALUES (2584, 1404) ON CONFLICT DO NOTHING;
INSERT INTO menus (id, name, description, image_url, category_id) VALUES (2585, 'Crispy Chicken Burger Combo ', 'Crispy chicken burger, patate të skuqura, pije, ketchup, mustardë', 'https://d3u269mlo8clta.cloudfront.net/opa/272653b0-5b3d-11f1-a0ec-ce60ff2c0b4d_ahr0chm6ly9zdg9yywdllmdvb2dszwfwaxmuy29tl2lrb25hlwj1y2tldc1wcm9kdwn0aw9ul2ltywdlcy82odgzm2e2mzaznmu4ztc3ntg4njbimzgvv29sdf9pueelmjbdcmlzchklmjbdaglja2vujtiwq29tym8tnjg5mddintrknwywndfkogfjmge1n2fmlnbuzw__.jpeg.png', 207) ON CONFLICT DO NOTHING;
INSERT INTO menu_option_groups (menu_id, group_id) VALUES (2585, 1155) ON CONFLICT DO NOTHING;
INSERT INTO menu_option_groups (menu_id, group_id) VALUES (2585, 1298) ON CONFLICT DO NOTHING;
INSERT INTO menu_option_groups (menu_id, group_id) VALUES (2585, 1159) ON CONFLICT DO NOTHING;
INSERT INTO menu_option_groups (menu_id, group_id) VALUES (2585, 1395) ON CONFLICT DO NOTHING;
INSERT INTO menu_option_groups (menu_id, group_id) VALUES (2585, 1297) ON CONFLICT DO NOTHING;
INSERT INTO menu_option_groups (menu_id, group_id) VALUES (2585, 1319) ON CONFLICT DO NOTHING;
INSERT INTO menu_option_groups (menu_id, group_id) VALUES (2585, 1404) ON CONFLICT DO NOTHING;
INSERT INTO menus (id, name, description, image_url, category_id) VALUES (2586, 'Eros Combo', 'Eros wrap, patate të skuqura, pije, ketchup, mustardë', 'https://d3u269mlo8clta.cloudfront.net/opa/830f2ede-5ccf-11f1-83e6-4e238d7eb25d_ahr0chm6ly9zdg9yywdllmdvb2dszwfwaxmuy29tl2lrb25hlwj1y2tldc1wcm9kdwn0aw9ul2ltywdlcy82odgzm2e2mzaznmu4ztc3ntg4njbimzgvrxjvcyuymenvbwjvlty4ota3odc5ytvjzwy0nmvjztg2m2vmoc5wbmc_.jpeg.png', 207) ON CONFLICT DO NOTHING;
INSERT INTO menu_option_groups (menu_id, group_id) VALUES (2586, 1328) ON CONFLICT DO NOTHING;
INSERT INTO menu_option_groups (menu_id, group_id) VALUES (2586, 1298) ON CONFLICT DO NOTHING;
INSERT INTO menu_option_groups (menu_id, group_id) VALUES (2586, 1159) ON CONFLICT DO NOTHING;
INSERT INTO menu_option_groups (menu_id, group_id) VALUES (2586, 1395) ON CONFLICT DO NOTHING;
INSERT INTO menu_option_groups (menu_id, group_id) VALUES (2586, 1297) ON CONFLICT DO NOTHING;
INSERT INTO menu_option_groups (menu_id, group_id) VALUES (2586, 1319) ON CONFLICT DO NOTHING;
INSERT INTO menu_option_groups (menu_id, group_id) VALUES (2586, 1404) ON CONFLICT DO NOTHING;
INSERT INTO menus (id, name, description, image_url, category_id) VALUES (2587, 'Eros Big Combo', 'Eros wrap big, patate të skuqura, pije, ketchup, mustardë
', 'https://d3u269mlo8clta.cloudfront.net/opa/830f2ede-5ccf-11f1-83e6-4e238d7eb25d_ahr0chm6ly9zdg9yywdllmdvb2dszwfwaxmuy29tl2lrb25hlwj1y2tldc1wcm9kdwn0aw9ul2ltywdlcy82odgzm2e2mzaznmu4ztc3ntg4njbimzgvrxjvcyuymenvbwjvlty4ota3odc5ytvjzwy0nmvjztg2m2vmoc5wbmc_.jpeg.png', 207) ON CONFLICT DO NOTHING;
INSERT INTO menu_option_groups (menu_id, group_id) VALUES (2587, 1345) ON CONFLICT DO NOTHING;
INSERT INTO menu_option_groups (menu_id, group_id) VALUES (2587, 1409) ON CONFLICT DO NOTHING;
INSERT INTO menu_option_groups (menu_id, group_id) VALUES (2587, 1396) ON CONFLICT DO NOTHING;
INSERT INTO menu_option_groups (menu_id, group_id) VALUES (2587, 1395) ON CONFLICT DO NOTHING;
INSERT INTO menu_option_groups (menu_id, group_id) VALUES (2587, 1297) ON CONFLICT DO NOTHING;
INSERT INTO menu_option_groups (menu_id, group_id) VALUES (2587, 1319) ON CONFLICT DO NOTHING;
INSERT INTO menu_option_groups (menu_id, group_id) VALUES (2587, 1404) ON CONFLICT DO NOTHING;
INSERT INTO menus (id, name, description, image_url, category_id) VALUES (2588, 'Hermes Combo', 'Hermes wrap, patate të skuqura, pije, ketchup, mustardë', 'https://d3u269mlo8clta.cloudfront.net/opa/3bb7b898-544c-11f1-ad33-2e1ca93508c8_ahr0chm6ly9zdg9yywdllmdvb2dszwfwaxmuy29tl2lrb25hlwj1y2tldc1wcm9kdwn0aw9ul2ltywdlcy82odgzm2e2mzaznmu4ztc3ntg4njbimzgvsgvybwvzjtiwq29tym8tnjg5mdc5nmmxyjg1ztjlngm4yjjmodbklnbuzw__.jpeg.png', 207) ON CONFLICT DO NOTHING;
INSERT INTO menu_option_groups (menu_id, group_id) VALUES (2588, 1341) ON CONFLICT DO NOTHING;
INSERT INTO menu_option_groups (menu_id, group_id) VALUES (2588, 1298) ON CONFLICT DO NOTHING;
INSERT INTO menu_option_groups (menu_id, group_id) VALUES (2588, 1159) ON CONFLICT DO NOTHING;
INSERT INTO menu_option_groups (menu_id, group_id) VALUES (2588, 1395) ON CONFLICT DO NOTHING;
INSERT INTO menu_option_groups (menu_id, group_id) VALUES (2588, 1297) ON CONFLICT DO NOTHING;
INSERT INTO menu_option_groups (menu_id, group_id) VALUES (2588, 1319) ON CONFLICT DO NOTHING;
INSERT INTO menu_option_groups (menu_id, group_id) VALUES (2588, 1404) ON CONFLICT DO NOTHING;
INSERT INTO menus (id, name, description, image_url, category_id) VALUES (2589, 'Hermes Big Combo', 'Hermes wrap big, patate të skuqura, pije, ketchup, mustardë', 'https://d3u269mlo8clta.cloudfront.net/opa/3bb7b898-544c-11f1-ad33-2e1ca93508c8_ahr0chm6ly9zdg9yywdllmdvb2dszwfwaxmuy29tl2lrb25hlwj1y2tldc1wcm9kdwn0aw9ul2ltywdlcy82odgzm2e2mzaznmu4ztc3ntg4njbimzgvsgvybwvzjtiwq29tym8tnjg5mdc5nmmxyjg1ztjlngm4yjjmodbklnbuzw__.jpeg.png', 207) ON CONFLICT DO NOTHING;
INSERT INTO menu_option_groups (menu_id, group_id) VALUES (2589, 1359) ON CONFLICT DO NOTHING;
INSERT INTO menu_option_groups (menu_id, group_id) VALUES (2589, 1409) ON CONFLICT DO NOTHING;
INSERT INTO menu_option_groups (menu_id, group_id) VALUES (2589, 1396) ON CONFLICT DO NOTHING;
INSERT INTO menu_option_groups (menu_id, group_id) VALUES (2589, 1395) ON CONFLICT DO NOTHING;
INSERT INTO menu_option_groups (menu_id, group_id) VALUES (2589, 1297) ON CONFLICT DO NOTHING;
INSERT INTO menu_option_groups (menu_id, group_id) VALUES (2589, 1319) ON CONFLICT DO NOTHING;
INSERT INTO menu_option_groups (menu_id, group_id) VALUES (2589, 1404) ON CONFLICT DO NOTHING;
INSERT INTO menus (id, name, description, image_url, category_id) VALUES (2590, 'Gaia Combo', 'Gaia wrap, patate të skuqura, pije ketchup, mustardë', 'https://d3u269mlo8clta.cloudfront.net/opa/272a6ed2-5b3d-11f1-a0ec-ce60ff2c0b4d_ahr0chm6ly9zdg9yywdllmdvb2dszwfwaxmuy29tl2lrb25hlwj1y2tldc1wcm9kdwn0aw9ul2ltywdlcy82odgzm2e2mzaznmu4ztc3ntg4njbimzgvr2fpysuymgnvbwjvlty4ota3ognlnznkyzflngrhnjk1yjc1zi5wbmc_.jpeg.png', 207) ON CONFLICT DO NOTHING;
INSERT INTO menu_option_groups (menu_id, group_id) VALUES (2590, 1349) ON CONFLICT DO NOTHING;
INSERT INTO menu_option_groups (menu_id, group_id) VALUES (2590, 1298) ON CONFLICT DO NOTHING;
INSERT INTO menu_option_groups (menu_id, group_id) VALUES (2590, 1159) ON CONFLICT DO NOTHING;
INSERT INTO menu_option_groups (menu_id, group_id) VALUES (2590, 1395) ON CONFLICT DO NOTHING;
INSERT INTO menu_option_groups (menu_id, group_id) VALUES (2590, 1297) ON CONFLICT DO NOTHING;
INSERT INTO menu_option_groups (menu_id, group_id) VALUES (2590, 1319) ON CONFLICT DO NOTHING;
INSERT INTO menu_option_groups (menu_id, group_id) VALUES (2590, 1404) ON CONFLICT DO NOTHING;
INSERT INTO menus (id, name, description, image_url, category_id) VALUES (2591, 'Gaia Big Combo', 'Gaia wrap big, patate të skuqura, pije ketchup, mustardë', 'https://d3u269mlo8clta.cloudfront.net/opa/272a6ed2-5b3d-11f1-a0ec-ce60ff2c0b4d_ahr0chm6ly9zdg9yywdllmdvb2dszwfwaxmuy29tl2lrb25hlwj1y2tldc1wcm9kdwn0aw9ul2ltywdlcy82odgzm2e2mzaznmu4ztc3ntg4njbimzgvr2fpysuymgnvbwjvlty4ota3ognlnznkyzflngrhnjk1yjc1zi5wbmc_.jpeg.png', 207) ON CONFLICT DO NOTHING;
INSERT INTO menu_option_groups (menu_id, group_id) VALUES (2591, 1409) ON CONFLICT DO NOTHING;
INSERT INTO menu_option_groups (menu_id, group_id) VALUES (2591, 1396) ON CONFLICT DO NOTHING;
INSERT INTO menu_option_groups (menu_id, group_id) VALUES (2591, 1395) ON CONFLICT DO NOTHING;
INSERT INTO menu_option_groups (menu_id, group_id) VALUES (2591, 1297) ON CONFLICT DO NOTHING;
INSERT INTO menu_option_groups (menu_id, group_id) VALUES (2591, 1319) ON CONFLICT DO NOTHING;
INSERT INTO menu_option_groups (menu_id, group_id) VALUES (2591, 1404) ON CONFLICT DO NOTHING;
INSERT INTO menus (id, name, description, image_url, category_id) VALUES (2592, 'Zeus Combo', 'Zeus wrap, patate të skuqura, pije, ketchup, mustardë', 'https://d3u269mlo8clta.cloudfront.net/opa/8313370e-5ccf-11f1-83e6-4e238d7eb25d_ahr0chm6ly9zdg9yywdllmdvb2dszwfwaxmuy29tl2lrb25hlwj1y2tldc1wcm9kdwn0aw9ul2ltywdlcy82odgzm2e2mzaznmu4ztc3ntg4njbimzgvwmv1cyuymenvbwjvlty4ota3yjiyzdvmmdqxzdhhyzbhntdhoc5wbmc_.jpeg.png', 207) ON CONFLICT DO NOTHING;
INSERT INTO menu_option_groups (menu_id, group_id) VALUES (2592, 1351) ON CONFLICT DO NOTHING;
INSERT INTO menu_option_groups (menu_id, group_id) VALUES (2592, 1298) ON CONFLICT DO NOTHING;
INSERT INTO menu_option_groups (menu_id, group_id) VALUES (2592, 1159) ON CONFLICT DO NOTHING;
INSERT INTO menu_option_groups (menu_id, group_id) VALUES (2592, 1395) ON CONFLICT DO NOTHING;
INSERT INTO menu_option_groups (menu_id, group_id) VALUES (2592, 1297) ON CONFLICT DO NOTHING;
INSERT INTO menu_option_groups (menu_id, group_id) VALUES (2592, 1319) ON CONFLICT DO NOTHING;
INSERT INTO menu_option_groups (menu_id, group_id) VALUES (2592, 1404) ON CONFLICT DO NOTHING;
INSERT INTO menus (id, name, description, image_url, category_id) VALUES (2593, 'Zeus Big Combo', 'Zeus wrap big, patate të skuqura, pije, ketchup, mustardë', 'https://d3u269mlo8clta.cloudfront.net/opa/8313370e-5ccf-11f1-83e6-4e238d7eb25d_ahr0chm6ly9zdg9yywdllmdvb2dszwfwaxmuy29tl2lrb25hlwj1y2tldc1wcm9kdwn0aw9ul2ltywdlcy82odgzm2e2mzaznmu4ztc3ntg4njbimzgvwmv1cyuymenvbwjvlty4ota3yjiyzdvmmdqxzdhhyzbhntdhoc5wbmc_.jpeg.png', 207) ON CONFLICT DO NOTHING;
INSERT INTO menu_option_groups (menu_id, group_id) VALUES (2593, 1409) ON CONFLICT DO NOTHING;
INSERT INTO menu_option_groups (menu_id, group_id) VALUES (2593, 1396) ON CONFLICT DO NOTHING;
INSERT INTO menu_option_groups (menu_id, group_id) VALUES (2593, 1395) ON CONFLICT DO NOTHING;
INSERT INTO menu_option_groups (menu_id, group_id) VALUES (2593, 1297) ON CONFLICT DO NOTHING;
INSERT INTO menu_option_groups (menu_id, group_id) VALUES (2593, 1319) ON CONFLICT DO NOTHING;
INSERT INTO menu_option_groups (menu_id, group_id) VALUES (2593, 1404) ON CONFLICT DO NOTHING;
INSERT INTO menus (id, name, description, image_url, category_id) VALUES (2594, 'Pork Doner Combo ', 'pork doner, fries, ketchup, mustard, drink', 'https://d3u269mlo8clta.cloudfront.net/opa/4a34775e-5383-11f1-b246-76de16ae3890_ahr0chm6ly9zdg9yywdllmdvb2dszwfwaxmuy29tl2lrb25hlwj1y2tldc1wcm9kdwn0aw9ul2ltywdlcy82odgzm2e2mzaznmu4ztc3ntg4njbimzgvv29sdf9fug9yayuymervbmvyjtiwy29tym8tnjhkzdcyzjdlogmxythimmeyy2m4m2iwlnbuzw__.jpeg.png', 207) ON CONFLICT DO NOTHING;
INSERT INTO menu_option_groups (menu_id, group_id) VALUES (2594, 1386) ON CONFLICT DO NOTHING;
INSERT INTO menu_option_groups (menu_id, group_id) VALUES (2594, 1298) ON CONFLICT DO NOTHING;
INSERT INTO menu_option_groups (menu_id, group_id) VALUES (2594, 1159) ON CONFLICT DO NOTHING;
INSERT INTO menu_option_groups (menu_id, group_id) VALUES (2594, 1395) ON CONFLICT DO NOTHING;
INSERT INTO menu_option_groups (menu_id, group_id) VALUES (2594, 1297) ON CONFLICT DO NOTHING;
INSERT INTO menu_option_groups (menu_id, group_id) VALUES (2594, 1319) ON CONFLICT DO NOTHING;
INSERT INTO menu_option_groups (menu_id, group_id) VALUES (2594, 1404) ON CONFLICT DO NOTHING;
INSERT INTO menus (id, name, description, image_url, category_id) VALUES (2595, 'Chicken Doner Combo ', 'chicken doner, fries, drink, ketchup, mustard', 'https://d3u269mlo8clta.cloudfront.net/opa/a66c8bec-42df-11f1-879e-3a1d0684e0bc_ahr0chm6ly9zdg9yywdllmdvb2dszwfwaxmuy29tl2lrb25hlwj1y2tldc1wcm9kdwn0aw9ul2ltywdlcy82odgzm2e2mzaznmu4ztc3ntg4njbimzgvv29sdf9fq2hpy2tlbiuymervbmvyjtiwy29tyiuymc02ogrknzjmn2u4yzfhogiyytjjyzgzywuucg5n.jpeg.png', 208) ON CONFLICT DO NOTHING;
INSERT INTO menu_option_groups (menu_id, group_id) VALUES (2595, 1361) ON CONFLICT DO NOTHING;
INSERT INTO menu_option_groups (menu_id, group_id) VALUES (2595, 1298) ON CONFLICT DO NOTHING;
INSERT INTO menu_option_groups (menu_id, group_id) VALUES (2595, 1159) ON CONFLICT DO NOTHING;
INSERT INTO menu_option_groups (menu_id, group_id) VALUES (2595, 1395) ON CONFLICT DO NOTHING;
INSERT INTO menu_option_groups (menu_id, group_id) VALUES (2595, 1297) ON CONFLICT DO NOTHING;
INSERT INTO menu_option_groups (menu_id, group_id) VALUES (2595, 1319) ON CONFLICT DO NOTHING;
INSERT INTO menu_option_groups (menu_id, group_id) VALUES (2595, 1404) ON CONFLICT DO NOTHING;
INSERT INTO menus (id, name, description, image_url, category_id) VALUES (2596, 'Schnitzel Wrap Combo ', 'schnitzel wrap, fries, drink, ketchup, mustard', 'https://d3u269mlo8clta.cloudfront.net/opa/83198c9e-5ccf-11f1-83e6-4e238d7eb25d_ahr0chm6ly9zdg9yywdllmdvb2dszwfwaxmuy29tl2lrb25hlwj1y2tldc1wcm9kdwn0aw9ul2ltywdlcy82odgzm2e2mzaznmu4ztc3ntg4njbimzgvv29sdf9fu2nobml0emvsjtiwv3jhccuymenvbwjvjtiwbm9ybwfszsuymc02ogrknzjmn2u4yzfhogiyytjjyzgzyjqucg5n.jpeg.png', 207) ON CONFLICT DO NOTHING;
INSERT INTO menu_option_groups (menu_id, group_id) VALUES (2596, 1312) ON CONFLICT DO NOTHING;
INSERT INTO menu_option_groups (menu_id, group_id) VALUES (2596, 1298) ON CONFLICT DO NOTHING;
INSERT INTO menu_option_groups (menu_id, group_id) VALUES (2596, 1159) ON CONFLICT DO NOTHING;
INSERT INTO menu_option_groups (menu_id, group_id) VALUES (2596, 1395) ON CONFLICT DO NOTHING;
INSERT INTO menu_option_groups (menu_id, group_id) VALUES (2596, 1297) ON CONFLICT DO NOTHING;
INSERT INTO menu_option_groups (menu_id, group_id) VALUES (2596, 1319) ON CONFLICT DO NOTHING;
INSERT INTO menu_option_groups (menu_id, group_id) VALUES (2596, 1404) ON CONFLICT DO NOTHING;
INSERT INTO menus (id, name, description, image_url, category_id) VALUES (2597, 'Schnitzel Wrap Big Combo ', 'schnitzel wrap big, fries, drink, ketchup, mustard', 'https://d3u269mlo8clta.cloudfront.net/opa/831d654e-5ccf-11f1-83e6-4e238d7eb25d_ahr0chm6ly9zdg9yywdllmdvb2dszwfwaxmuy29tl2lrb25hlwj1y2tldc1wcm9kdwn0aw9ul2ltywdlcy82odgzm2e2mzaznmu4ztc3ntg4njbimzgvv29sdf9fu2nobml0emvsjtiwv3jhccuymgjpzyuymgnvbwjvjtiwlty4zgq3mmy3zthjmwe4yjjhmmnjodnimy5wbmc_.jpeg.png', 207) ON CONFLICT DO NOTHING;
INSERT INTO menu_option_groups (menu_id, group_id) VALUES (2597, 1326) ON CONFLICT DO NOTHING;
INSERT INTO menu_option_groups (menu_id, group_id) VALUES (2597, 1340) ON CONFLICT DO NOTHING;
INSERT INTO menu_option_groups (menu_id, group_id) VALUES (2597, 1407) ON CONFLICT DO NOTHING;
INSERT INTO menu_option_groups (menu_id, group_id) VALUES (2597, 1395) ON CONFLICT DO NOTHING;
INSERT INTO menu_option_groups (menu_id, group_id) VALUES (2597, 1297) ON CONFLICT DO NOTHING;
INSERT INTO menu_option_groups (menu_id, group_id) VALUES (2597, 1319) ON CONFLICT DO NOTHING;
INSERT INTO menu_option_groups (menu_id, group_id) VALUES (2597, 1404) ON CONFLICT DO NOTHING;
INSERT INTO menus (id, name, description, image_url, category_id) VALUES (2598, 'BBQ Chicken Wings (8 cope) Combo ', 'BBQ Chicken Wings (8 cope), fries, drink', 'https://d3u269mlo8clta.cloudfront.net/opa/831fa2be-5ccf-11f1-83e6-4e238d7eb25d_ahr0chm6ly9zdg9yywdllmdvb2dszwfwaxmuy29tl2lrb25hlwj1y2tldc1wcm9kdwn0aw9ul2ltywdlcy82odgzm2e2mzaznmu4ztc3ntg4njbimzgvv29sdf9daglja2vujtiwv2luz3mlmja2jtiwy29wzsuymgnvbwjvjtiwlty4zgq3mmy3zthjmwe4yjjhmmnjodnioc5wbmc_.jpeg.png', 208) ON CONFLICT DO NOTHING;
INSERT INTO menu_option_groups (menu_id, group_id) VALUES (2598, 1343) ON CONFLICT DO NOTHING;
INSERT INTO menu_option_groups (menu_id, group_id) VALUES (2598, 1319) ON CONFLICT DO NOTHING;
INSERT INTO menu_option_groups (menu_id, group_id) VALUES (2598, 1404) ON CONFLICT DO NOTHING;
INSERT INTO menu_option_groups (menu_id, group_id) VALUES (2598, 1370) ON CONFLICT DO NOTHING;
INSERT INTO menu_option_groups (menu_id, group_id) VALUES (2598, 1340) ON CONFLICT DO NOTHING;
INSERT INTO menu_option_groups (menu_id, group_id) VALUES (2598, 1159) ON CONFLICT DO NOTHING;
INSERT INTO menu_option_groups (menu_id, group_id) VALUES (2598, 1297) ON CONFLICT DO NOTHING;
INSERT INTO menu_option_groups (menu_id, group_id) VALUES (2598, 1319) ON CONFLICT DO NOTHING;
INSERT INTO menu_option_groups (menu_id, group_id) VALUES (2598, 1404) ON CONFLICT DO NOTHING;
INSERT INTO menus (id, name, description, image_url, category_id) VALUES (2599, 'BBQ Chicken Wings (6cope) Combo ', 'BBQ Chicken Wings (6cope) , fries, drink', 'https://d3u269mlo8clta.cloudfront.net/opa/83215cc6-5ccf-11f1-83e6-4e238d7eb25d_ahr0chm6ly9zdg9yywdllmdvb2dszwfwaxmuy29tl2lrb25hlwj1y2tldc1wcm9kdwn0aw9ul2ltywdlcy82odgzm2e2mzaznmu4ztc3ntg4njbimzgvv29sdf9daglja2vujtiwv2luz3mlmja0jtiwy29wzsuymgnvbwjvjtiwlty4zgq3mmy3zthjmwe4yjjhmmnjodnini5wbmc_.jpeg.png', 208) ON CONFLICT DO NOTHING;
INSERT INTO menu_option_groups (menu_id, group_id) VALUES (2599, 1301) ON CONFLICT DO NOTHING;
INSERT INTO menu_option_groups (menu_id, group_id) VALUES (2599, 1319) ON CONFLICT DO NOTHING;
INSERT INTO menu_option_groups (menu_id, group_id) VALUES (2599, 1404) ON CONFLICT DO NOTHING;
INSERT INTO menu_option_groups (menu_id, group_id) VALUES (2599, 1394) ON CONFLICT DO NOTHING;
INSERT INTO menu_option_groups (menu_id, group_id) VALUES (2599, 1340) ON CONFLICT DO NOTHING;
INSERT INTO menu_option_groups (menu_id, group_id) VALUES (2599, 1159) ON CONFLICT DO NOTHING;
INSERT INTO menu_option_groups (menu_id, group_id) VALUES (2599, 1297) ON CONFLICT DO NOTHING;
INSERT INTO menu_option_groups (menu_id, group_id) VALUES (2599, 1319) ON CONFLICT DO NOTHING;
INSERT INTO menu_option_groups (menu_id, group_id) VALUES (2599, 1404) ON CONFLICT DO NOTHING;
INSERT INTO menus (id, name, description, image_url, category_id) VALUES (2600, 'BBQ Chicken Wings (10 cope) Combo ', 'BBQ Chicken Wings (10 cope), fries, drink', 'https://d3u269mlo8clta.cloudfront.net/opa/a7f45972-5810-11f1-84b4-363dd4c82eca_ahr0chm6ly9zdg9yywdllmdvb2dszwfwaxmuy29tl2lrb25hlwj1y2tldc1wcm9kdwn0aw9ul2ltywdlcy82odgzm2e2mzaznmu4ztc3ntg4njbimzgvv29sdf9daglja2vujtiwv2luz3mlmja4jtiwy29wzsuymgnvbwjvjtiwlty4zgq3mmy3zthjmwe4yjjhmmnjodniys5wbmc_.jpeg.png', 207) ON CONFLICT DO NOTHING;
INSERT INTO menu_option_groups (menu_id, group_id) VALUES (2600, 1342) ON CONFLICT DO NOTHING;
INSERT INTO menu_option_groups (menu_id, group_id) VALUES (2600, 1319) ON CONFLICT DO NOTHING;
INSERT INTO menu_option_groups (menu_id, group_id) VALUES (2600, 1404) ON CONFLICT DO NOTHING;
INSERT INTO menu_option_groups (menu_id, group_id) VALUES (2600, 1333) ON CONFLICT DO NOTHING;
INSERT INTO menu_option_groups (menu_id, group_id) VALUES (2600, 1340) ON CONFLICT DO NOTHING;
INSERT INTO menu_option_groups (menu_id, group_id) VALUES (2600, 1159) ON CONFLICT DO NOTHING;
INSERT INTO menu_option_groups (menu_id, group_id) VALUES (2600, 1297) ON CONFLICT DO NOTHING;
INSERT INTO menu_option_groups (menu_id, group_id) VALUES (2600, 1319) ON CONFLICT DO NOTHING;
INSERT INTO menu_option_groups (menu_id, group_id) VALUES (2600, 1404) ON CONFLICT DO NOTHING;
INSERT INTO menus (id, name, description, image_url, category_id) VALUES (2601, 'Chicken Doner ', 'buke doneri, gjiro pule, OPA Mayo, patate, domate, sallate, paprika', 'https://d3u269mlo8clta.cloudfront.net/opa/8328ba3e-5ccf-11f1-83e6-4e238d7eb25d_ahr0chm6ly9zdg9yywdllmdvb2dszwfwaxmuy29tl2lrb25hlwj1y2tldc1wcm9kdwn0aw9ul2ltywdlcy82odgzm2e2mzaznmu4ztc3ntg4njbimzgvv29sdf9fq2hpy2tlbiuymervbmvylty4zgq3mmy3zthjmwe4yjjhmmnjodnhzi5wbmc_.jpeg.png', 208) ON CONFLICT DO NOTHING;
INSERT INTO menu_option_groups (menu_id, group_id) VALUES (2601, 1297) ON CONFLICT DO NOTHING;
INSERT INTO menu_option_groups (menu_id, group_id) VALUES (2601, 1319) ON CONFLICT DO NOTHING;
INSERT INTO menu_option_groups (menu_id, group_id) VALUES (2601, 1404) ON CONFLICT DO NOTHING;
INSERT INTO menus (id, name, description, image_url, category_id) VALUES (2602, 'Pork Doner ', 'Buke doneri, gjiro gici , tzatziki, patate, domate, qepe te kuqe, paprika', 'https://d3u269mlo8clta.cloudfront.net/opa/250c1cb8-5b3d-11f1-9091-6275ffac7d4a_ahr0chm6ly9zdg9yywdllmdvb2dszwfwaxmuy29tl2lrb25hlwj1y2tldc1wcm9kdwn0aw9ul2ltywdlcy82odgzm2e2mzaznmu4ztc3ntg4njbimzgvv29sdf9fug9yayuymervbmvylty4zgq3mmy3zthjmwe4yjjhmmnjodnims5wbmc_.jpeg.png', 208) ON CONFLICT DO NOTHING;
INSERT INTO menu_option_groups (menu_id, group_id) VALUES (2602, 1297) ON CONFLICT DO NOTHING;
INSERT INTO menu_option_groups (menu_id, group_id) VALUES (2602, 1319) ON CONFLICT DO NOTHING;
INSERT INTO menu_option_groups (menu_id, group_id) VALUES (2602, 1404) ON CONFLICT DO NOTHING;
INSERT INTO menus (id, name, description, image_url, category_id) VALUES (2603, 'Schnitzel Wrap Big ', 'tortilla, pule e skuqur krokante, domate, sallate, salce djegese me majoneze dhe hudher, djathe cedar', 'https://d3u269mlo8clta.cloudfront.net/opa/855df288-5ccf-11f1-91a3-aa50e5e38a2b_ahr0chm6ly9zdg9yywdllmdvb2dszwfwaxmuy29tl2lrb25hlwj1y2tldc1wcm9kdwn0aw9ul2ltywdlcy82odgzm2e2mzaznmu4ztc3ntg4njbimzgvv29sdf9fu2nobml0emvsjtiwv3jhcc02ogrknzjmn2u4yzfhogiyytjjyzgzyjuucg5n.jpeg.png', 208) ON CONFLICT DO NOTHING;
INSERT INTO menu_option_groups (menu_id, group_id) VALUES (2603, 1297) ON CONFLICT DO NOTHING;
INSERT INTO menu_option_groups (menu_id, group_id) VALUES (2603, 1319) ON CONFLICT DO NOTHING;
INSERT INTO menu_option_groups (menu_id, group_id) VALUES (2603, 1404) ON CONFLICT DO NOTHING;
INSERT INTO menus (id, name, description, image_url, category_id) VALUES (2604, 'Schnitzel Wrap ', 'tortilla, pule e skuqur krokante, domate, sallate, salce djegese me majoneze dhe hudher, djathe cedar', 'https://d3u269mlo8clta.cloudfront.net/opa/855df288-5ccf-11f1-91a3-aa50e5e38a2b_ahr0chm6ly9zdg9yywdllmdvb2dszwfwaxmuy29tl2lrb25hlwj1y2tldc1wcm9kdwn0aw9ul2ltywdlcy82odgzm2e2mzaznmu4ztc3ntg4njbimzgvv29sdf9fu2nobml0emvsjtiwv3jhcc02ogrknzjmn2u4yzfhogiyytjjyzgzyjuucg5n.jpeg.png', 208) ON CONFLICT DO NOTHING;
INSERT INTO menu_option_groups (menu_id, group_id) VALUES (2604, 1297) ON CONFLICT DO NOTHING;
INSERT INTO menu_option_groups (menu_id, group_id) VALUES (2604, 1319) ON CONFLICT DO NOTHING;
INSERT INTO menu_option_groups (menu_id, group_id) VALUES (2604, 1404) ON CONFLICT DO NOTHING;
INSERT INTO menus (id, name, description, image_url, category_id) VALUES (2605, 'OPA Bowl ', 'Zgjidh 1 Proteine, Zgjidh Sides, dhe Zgjidh Salcen.', 'https://d3u269mlo8clta.cloudfront.net/opa/250ea302-5b3d-11f1-9091-6275ffac7d4a_ahr0chm6ly9zdg9yywdllmdvb2dszwfwaxmuy29tl2lrb25hlwj1y2tldc1wcm9kdwn0aw9ul2ltywdlcy82odgzm2e2mzaznmu4ztc3ntg4njbimzgvv29sdf9pueelmjbqb3jrjtiwr3lyb3mlmjalmjbcb3dslty4ota3zju5zjizm2uzndm2ngzhmwqymy02ogriytqwmwq2ytvjnjm1zmfkmzy1mmmucg5n.jpeg.png', 208) ON CONFLICT DO NOTHING;
INSERT INTO menu_option_groups (menu_id, group_id) VALUES (2605, 1364) ON CONFLICT DO NOTHING;
INSERT INTO menu_option_groups (menu_id, group_id) VALUES (2605, 1381) ON CONFLICT DO NOTHING;
INSERT INTO menu_option_groups (menu_id, group_id) VALUES (2605, 1393) ON CONFLICT DO NOTHING;
INSERT INTO menu_option_groups (menu_id, group_id) VALUES (2605, 1366) ON CONFLICT DO NOTHING;
INSERT INTO menus (id, name, description, image_url, category_id) VALUES (2606, 'BBQ Chicken Wings (6 cope)', 'krahe pule te marinuara me salce BBQ', 'https://d3u269mlo8clta.cloudfront.net/opa/856be640-5ccf-11f1-91a3-aa50e5e38a2b_ahr0chm6ly9zdg9yywdllmdvb2dszwfwaxmuy29tl2lrb25hlwj1y2tldc1wcm9kdwn0aw9ul2ltywdlcy82odgzm2e2mzaznmu4ztc3ntg4njbimzgvv29sdf9daglja2vujtiwv2luz3mlmja2lty4zgq3mmy3zthjmwe4yjjhmmnjodnios5wbmc_.jpeg.png', 208) ON CONFLICT DO NOTHING;
INSERT INTO menu_option_groups (menu_id, group_id) VALUES (2606, 1319) ON CONFLICT DO NOTHING;
INSERT INTO menu_option_groups (menu_id, group_id) VALUES (2606, 1404) ON CONFLICT DO NOTHING;
INSERT INTO menu_option_groups (menu_id, group_id) VALUES (2606, 1394) ON CONFLICT DO NOTHING;
INSERT INTO menus (id, name, description, image_url, category_id) VALUES (2607, 'BBQ Chicken Wings (8 cope)', 'krahe pule te marinuara me salce BBQ', 'https://d3u269mlo8clta.cloudfront.net/opa/4bbeef3a-55ec-11f1-ae13-66eb004a3be4_ahr0chm6ly9zdg9yywdllmdvb2dszwfwaxmuy29tl2lrb25hlwj1y2tldc1wcm9kdwn0aw9ul2ltywdlcy82odgzm2e2mzaznmu4ztc3ntg4njbimzgvv29sdf9daglja2vujtiwv2luz3mlmja4lty4zgq3mmy3zthjmwe4yjjhmmnjodniyi5wbmc_.jpeg.png', 208) ON CONFLICT DO NOTHING;
INSERT INTO menu_option_groups (menu_id, group_id) VALUES (2607, 1319) ON CONFLICT DO NOTHING;
INSERT INTO menu_option_groups (menu_id, group_id) VALUES (2607, 1404) ON CONFLICT DO NOTHING;
INSERT INTO menu_option_groups (menu_id, group_id) VALUES (2607, 1370) ON CONFLICT DO NOTHING;
INSERT INTO menus (id, name, description, image_url, category_id) VALUES (2608, 'BBQ Chicken Wings (10 cope)', 'krahe pule te marinuara me salce BBQ', 'https://d3u269mlo8clta.cloudfront.net/opa/c9e75db8-59aa-11f1-99df-3e5ee5795ffd_ahr0chm6ly9zdg9yywdllmdvb2dszwfwaxmuy29tl2lrb25hlwj1y2tldc1wcm9kdwn0aw9ul2ltywdlcy82odgzm2e2mzaznmu4ztc3ntg4njbimzgvv29sdf9daglja2vujtiwv2luz3mlmjaxmi02otg0odjjntm1mdcxn2ywndmxymvmndcucg5n.jpeg.png', 208) ON CONFLICT DO NOTHING;
INSERT INTO menu_option_groups (menu_id, group_id) VALUES (2608, 1319) ON CONFLICT DO NOTHING;
INSERT INTO menu_option_groups (menu_id, group_id) VALUES (2608, 1404) ON CONFLICT DO NOTHING;
INSERT INTO menu_option_groups (menu_id, group_id) VALUES (2608, 1333) ON CONFLICT DO NOTHING;
INSERT INTO menus (id, name, description, image_url, category_id) VALUES (2609, 'Chicken Doner Combo ', 'chicken doner, fries, drink, ketchup, mustard', 'https://d3u269mlo8clta.cloudfront.net/opa/a66c8bec-42df-11f1-879e-3a1d0684e0bc_ahr0chm6ly9zdg9yywdllmdvb2dszwfwaxmuy29tl2lrb25hlwj1y2tldc1wcm9kdwn0aw9ul2ltywdlcy82odgzm2e2mzaznmu4ztc3ntg4njbimzgvv29sdf9fq2hpy2tlbiuymervbmvyjtiwy29tyiuymc02ogrknzjmn2u4yzfhogiyytjjyzgzywuucg5n.jpeg.png', 207) ON CONFLICT DO NOTHING;
INSERT INTO menu_option_groups (menu_id, group_id) VALUES (2609, 1361) ON CONFLICT DO NOTHING;
INSERT INTO menu_option_groups (menu_id, group_id) VALUES (2609, 1298) ON CONFLICT DO NOTHING;
INSERT INTO menu_option_groups (menu_id, group_id) VALUES (2609, 1159) ON CONFLICT DO NOTHING;
INSERT INTO menu_option_groups (menu_id, group_id) VALUES (2609, 1395) ON CONFLICT DO NOTHING;
INSERT INTO menu_option_groups (menu_id, group_id) VALUES (2609, 1297) ON CONFLICT DO NOTHING;
INSERT INTO menu_option_groups (menu_id, group_id) VALUES (2609, 1319) ON CONFLICT DO NOTHING;
INSERT INTO menu_option_groups (menu_id, group_id) VALUES (2609, 1404) ON CONFLICT DO NOTHING;
INSERT INTO menus (id, name, description, image_url, category_id) VALUES (2610, 'Pork Doner Combo ', 'pork doner, fries, ketchup, mustard, drink', 'https://d3u269mlo8clta.cloudfront.net/opa/4a34775e-5383-11f1-b246-76de16ae3890_ahr0chm6ly9zdg9yywdllmdvb2dszwfwaxmuy29tl2lrb25hlwj1y2tldc1wcm9kdwn0aw9ul2ltywdlcy82odgzm2e2mzaznmu4ztc3ntg4njbimzgvv29sdf9fug9yayuymervbmvyjtiwy29tym8tnjhkzdcyzjdlogmxythimmeyy2m4m2iwlnbuzw__.jpeg.png', 208) ON CONFLICT DO NOTHING;
INSERT INTO menu_option_groups (menu_id, group_id) VALUES (2610, 1386) ON CONFLICT DO NOTHING;
INSERT INTO menu_option_groups (menu_id, group_id) VALUES (2610, 1298) ON CONFLICT DO NOTHING;
INSERT INTO menu_option_groups (menu_id, group_id) VALUES (2610, 1159) ON CONFLICT DO NOTHING;
INSERT INTO menu_option_groups (menu_id, group_id) VALUES (2610, 1395) ON CONFLICT DO NOTHING;
INSERT INTO menu_option_groups (menu_id, group_id) VALUES (2610, 1297) ON CONFLICT DO NOTHING;
INSERT INTO menu_option_groups (menu_id, group_id) VALUES (2610, 1319) ON CONFLICT DO NOTHING;
INSERT INTO menu_option_groups (menu_id, group_id) VALUES (2610, 1404) ON CONFLICT DO NOTHING;
INSERT INTO menus (id, name, description, image_url, category_id) VALUES (2611, 'BBQ Chicken Wings (10 cope) Combo ', 'BBQ Chicken Wings (10 cope), fries, drink', 'https://d3u269mlo8clta.cloudfront.net/opa/a7f45972-5810-11f1-84b4-363dd4c82eca_ahr0chm6ly9zdg9yywdllmdvb2dszwfwaxmuy29tl2lrb25hlwj1y2tldc1wcm9kdwn0aw9ul2ltywdlcy82odgzm2e2mzaznmu4ztc3ntg4njbimzgvv29sdf9daglja2vujtiwv2luz3mlmja4jtiwy29wzsuymgnvbwjvjtiwlty4zgq3mmy3zthjmwe4yjjhmmnjodniys5wbmc_.jpeg.png', 208) ON CONFLICT DO NOTHING;
INSERT INTO menu_option_groups (menu_id, group_id) VALUES (2611, 1342) ON CONFLICT DO NOTHING;
INSERT INTO menu_option_groups (menu_id, group_id) VALUES (2611, 1319) ON CONFLICT DO NOTHING;
INSERT INTO menu_option_groups (menu_id, group_id) VALUES (2611, 1404) ON CONFLICT DO NOTHING;
INSERT INTO menu_option_groups (menu_id, group_id) VALUES (2611, 1333) ON CONFLICT DO NOTHING;
INSERT INTO menu_option_groups (menu_id, group_id) VALUES (2611, 1340) ON CONFLICT DO NOTHING;
INSERT INTO menu_option_groups (menu_id, group_id) VALUES (2611, 1159) ON CONFLICT DO NOTHING;
INSERT INTO menu_option_groups (menu_id, group_id) VALUES (2611, 1297) ON CONFLICT DO NOTHING;
INSERT INTO menu_option_groups (menu_id, group_id) VALUES (2611, 1319) ON CONFLICT DO NOTHING;
INSERT INTO menu_option_groups (menu_id, group_id) VALUES (2611, 1404) ON CONFLICT DO NOTHING;
INSERT INTO menus (id, name, description, image_url, category_id) VALUES (2612, 'BBQ Chicken Wings (8 cope) Combo ', 'BBQ Chicken Wings (8 cope), fries, drink', 'https://d3u269mlo8clta.cloudfront.net/opa/831fa2be-5ccf-11f1-83e6-4e238d7eb25d_ahr0chm6ly9zdg9yywdllmdvb2dszwfwaxmuy29tl2lrb25hlwj1y2tldc1wcm9kdwn0aw9ul2ltywdlcy82odgzm2e2mzaznmu4ztc3ntg4njbimzgvv29sdf9daglja2vujtiwv2luz3mlmja2jtiwy29wzsuymgnvbwjvjtiwlty4zgq3mmy3zthjmwe4yjjhmmnjodnioc5wbmc_.jpeg.png', 207) ON CONFLICT DO NOTHING;
INSERT INTO menu_option_groups (menu_id, group_id) VALUES (2612, 1343) ON CONFLICT DO NOTHING;
INSERT INTO menu_option_groups (menu_id, group_id) VALUES (2612, 1319) ON CONFLICT DO NOTHING;
INSERT INTO menu_option_groups (menu_id, group_id) VALUES (2612, 1404) ON CONFLICT DO NOTHING;
INSERT INTO menu_option_groups (menu_id, group_id) VALUES (2612, 1370) ON CONFLICT DO NOTHING;
INSERT INTO menu_option_groups (menu_id, group_id) VALUES (2612, 1340) ON CONFLICT DO NOTHING;
INSERT INTO menu_option_groups (menu_id, group_id) VALUES (2612, 1159) ON CONFLICT DO NOTHING;
INSERT INTO menu_option_groups (menu_id, group_id) VALUES (2612, 1297) ON CONFLICT DO NOTHING;
INSERT INTO menu_option_groups (menu_id, group_id) VALUES (2612, 1319) ON CONFLICT DO NOTHING;
INSERT INTO menu_option_groups (menu_id, group_id) VALUES (2612, 1404) ON CONFLICT DO NOTHING;
INSERT INTO menus (id, name, description, image_url, category_id) VALUES (2613, 'BBQ Chicken Wings (6cope) Combo ', 'BBQ Chicken Wings (6cope) , fries, drink', 'https://d3u269mlo8clta.cloudfront.net/opa/83215cc6-5ccf-11f1-83e6-4e238d7eb25d_ahr0chm6ly9zdg9yywdllmdvb2dszwfwaxmuy29tl2lrb25hlwj1y2tldc1wcm9kdwn0aw9ul2ltywdlcy82odgzm2e2mzaznmu4ztc3ntg4njbimzgvv29sdf9daglja2vujtiwv2luz3mlmja0jtiwy29wzsuymgnvbwjvjtiwlty4zgq3mmy3zthjmwe4yjjhmmnjodnini5wbmc_.jpeg.png', 207) ON CONFLICT DO NOTHING;
INSERT INTO menu_option_groups (menu_id, group_id) VALUES (2613, 1301) ON CONFLICT DO NOTHING;
INSERT INTO menu_option_groups (menu_id, group_id) VALUES (2613, 1319) ON CONFLICT DO NOTHING;
INSERT INTO menu_option_groups (menu_id, group_id) VALUES (2613, 1404) ON CONFLICT DO NOTHING;
INSERT INTO menu_option_groups (menu_id, group_id) VALUES (2613, 1394) ON CONFLICT DO NOTHING;
INSERT INTO menu_option_groups (menu_id, group_id) VALUES (2613, 1340) ON CONFLICT DO NOTHING;
INSERT INTO menu_option_groups (menu_id, group_id) VALUES (2613, 1159) ON CONFLICT DO NOTHING;
INSERT INTO menu_option_groups (menu_id, group_id) VALUES (2613, 1297) ON CONFLICT DO NOTHING;
INSERT INTO menu_option_groups (menu_id, group_id) VALUES (2613, 1319) ON CONFLICT DO NOTHING;
INSERT INTO menu_option_groups (menu_id, group_id) VALUES (2613, 1404) ON CONFLICT DO NOTHING;
INSERT INTO menus (id, name, description, image_url, category_id) VALUES (2614, 'Kebab Bowl', 'Oriz me perime greke ose patate të skuqura, 2 qebapë të pjekur në skarë, tzatziki, sallatë greke, qepë të kuqe, bukë pite', 'https://d3u269mlo8clta.cloudfront.net/opa/8b4edd30-4abc-11f1-a31c-5eff02776e20_ahr0chm6ly9zdg9yywdllmdvb2dszwfwaxmuy29tl2lrb25hlwj1y2tldc1wcm9kdwn0aw9ul2ltywdlcy82odgzm2e2mzaznmu4ztc3ntg4njbimzgvnjdmy2uxmtzjm2i3ztzhyti5zdvknjdhlty4zdnky2u3ymyzn2vlmtljmgixndu4my5wbmc_.jpeg.png', 209) ON CONFLICT DO NOTHING;
INSERT INTO menu_option_groups (menu_id, group_id) VALUES (2614, 1367) ON CONFLICT DO NOTHING;
INSERT INTO menu_option_groups (menu_id, group_id) VALUES (2614, 1323) ON CONFLICT DO NOTHING;
INSERT INTO menu_option_groups (menu_id, group_id) VALUES (2614, 1297) ON CONFLICT DO NOTHING;
INSERT INTO menu_option_groups (menu_id, group_id) VALUES (2614, 1319) ON CONFLICT DO NOTHING;
INSERT INTO menu_option_groups (menu_id, group_id) VALUES (2614, 1404) ON CONFLICT DO NOTHING;
INSERT INTO menu_option_groups (menu_id, group_id) VALUES (2614, 1337) ON CONFLICT DO NOTHING;
INSERT INTO menus (id, name, description, image_url, category_id) VALUES (2615, 'Athena Vegan Bowl 🥬', 'Oriz me perime ose patate të skuqura, greekamole, falafel, misër, sallatë greke, rrepkë, pite, lajm ', 'https://d3u269mlo8clta.cloudfront.net/opa/85ecd16a-5ccf-11f1-91a3-aa50e5e38a2b_ahr0chm6ly9zdg9yywdllmdvb2dszwfwaxmuy29tl2lrb25hlwj1y2tldc1wcm9kdwn0aw9ul2ltywdlcy82odgzm2e2mzaznmu4ztc3ntg4njbimzgvnjg2ngzlmtaxmdqxztfjngmxotk5ntc3lty4zdnky2u3ymyzn2vlmtljmgixndu4ny5wbmc_.jpeg.png', 209) ON CONFLICT DO NOTHING;
INSERT INTO menu_option_groups (menu_id, group_id) VALUES (2615, 1307) ON CONFLICT DO NOTHING;
INSERT INTO menu_option_groups (menu_id, group_id) VALUES (2615, 1297) ON CONFLICT DO NOTHING;
INSERT INTO menu_option_groups (menu_id, group_id) VALUES (2615, 1404) ON CONFLICT DO NOTHING;
INSERT INTO menu_option_groups (menu_id, group_id) VALUES (2615, 1337) ON CONFLICT DO NOTHING;
INSERT INTO menu_option_groups (menu_id, group_id) VALUES (2615, 1319) ON CONFLICT DO NOTHING;
INSERT INTO menus (id, name, description, image_url, category_id) VALUES (2616, 'Leonidas Bowl', 'Oriz me perime greke ose patate të skuqura, 2 shishqebap pule të marinuar me salcë djegës të ëmbël dhe tarragon, sallatë greke, salcë tzatziki, bukë pite', 'https://d3u269mlo8clta.cloudfront.net/opa/85f098a4-5ccf-11f1-91a3-aa50e5e38a2b_ahr0chm6ly9zdg9yywdllmdvb2dszwfwaxmuy29tl2lrb25hlwj1y2tldc1wcm9kdwn0aw9ul2ltywdlcy82odgzm2e2mzaznmu4ztc3ntg4njbimzgvnjg2ntawowjimdfmowe3odm1mtu2ntvmlty4zdnkztq1yziyngq5mmfin2zlndyxys5wbmc_.jpeg.png', 209) ON CONFLICT DO NOTHING;
INSERT INTO menu_option_groups (menu_id, group_id) VALUES (2616, 1354) ON CONFLICT DO NOTHING;
INSERT INTO menu_option_groups (menu_id, group_id) VALUES (2616, 1317) ON CONFLICT DO NOTHING;
INSERT INTO menu_option_groups (menu_id, group_id) VALUES (2616, 1297) ON CONFLICT DO NOTHING;
INSERT INTO menu_option_groups (menu_id, group_id) VALUES (2616, 1404) ON CONFLICT DO NOTHING;
INSERT INTO menu_option_groups (menu_id, group_id) VALUES (2616, 1337) ON CONFLICT DO NOTHING;
INSERT INTO menu_option_groups (menu_id, group_id) VALUES (2616, 1319) ON CONFLICT DO NOTHING;
INSERT INTO menus (id, name, description, image_url, category_id) VALUES (2617, 'Dias Bowl', 'Oriz me perime greke ose patate të skuqura, 2 shishqebapë gici të pjekur në skarë, tzatziki, sallatë greke, qepë të kuqe, bukë pite', 'https://d3u269mlo8clta.cloudfront.net/opa/274481b4-5b3d-11f1-a0ec-ce60ff2c0b4d_ahr0chm6ly9zdg9yywdllmdvb2dszwfwaxmuy29tl2lrb25hlwj1y2tldc1wcm9kdwn0aw9ul2ltywdlcy82odgzm2e2mzaznmu4ztc3ntg4njbimzgvnjg2ngzmnwvimdfmowe3odm1mtu2ngvhlty4zdnky2u3ymyzn2vlmtljmgixndu4mi5wbmc_.jpeg.png', 209) ON CONFLICT DO NOTHING;
INSERT INTO menu_option_groups (menu_id, group_id) VALUES (2617, 1353) ON CONFLICT DO NOTHING;
INSERT INTO menu_option_groups (menu_id, group_id) VALUES (2617, 1303) ON CONFLICT DO NOTHING;
INSERT INTO menu_option_groups (menu_id, group_id) VALUES (2617, 1297) ON CONFLICT DO NOTHING;
INSERT INTO menu_option_groups (menu_id, group_id) VALUES (2617, 1404) ON CONFLICT DO NOTHING;
INSERT INTO menu_option_groups (menu_id, group_id) VALUES (2617, 1337) ON CONFLICT DO NOTHING;
INSERT INTO menu_option_groups (menu_id, group_id) VALUES (2617, 1319) ON CONFLICT DO NOTHING;
INSERT INTO menus (id, name, description, image_url, category_id) VALUES (2618, 'Chicken Gyros Bowl', 'Oriz me perime ose patate, gjiro pule, salcë opa majonezë, sallatë greke, pita, paprika', 'https://d3u269mlo8clta.cloudfront.net/opa/85fb2b8e-5ccf-11f1-91a3-aa50e5e38a2b_ahr0chm6ly9zdg9yywdllmdvb2dszwfwaxmuy29tl2lrb25hlwj1y2tldc1wcm9kdwn0aw9ul2ltywdlcy82odgzm2e2mzaznmu4ztc3ntg4njbimzgvnjg0mwjlmwy0ytc1ytdkymq3nti2njm3lty4zdnky2u3ymyzn2vlmtljmgixndu4ni5wbmc_.jpeg.png', 209) ON CONFLICT DO NOTHING;
INSERT INTO menu_option_groups (menu_id, group_id) VALUES (2618, 1371) ON CONFLICT DO NOTHING;
INSERT INTO menu_option_groups (menu_id, group_id) VALUES (2618, 1297) ON CONFLICT DO NOTHING;
INSERT INTO menu_option_groups (menu_id, group_id) VALUES (2618, 1404) ON CONFLICT DO NOTHING;
INSERT INTO menu_option_groups (menu_id, group_id) VALUES (2618, 1337) ON CONFLICT DO NOTHING;
INSERT INTO menu_option_groups (menu_id, group_id) VALUES (2618, 1319) ON CONFLICT DO NOTHING;
INSERT INTO menus (id, name, description, image_url, category_id) VALUES (2619, 'Schnitzel Bowl ', 'Oriz me perime ose patate të skuqura, schnitzel pule i skuqur, majonezë me hudhër & spec djegës, sallatë greke, pita', 'https://d3u269mlo8clta.cloudfront.net/opa/85fd196c-5ccf-11f1-91a3-aa50e5e38a2b_ahr0chm6ly9zdg9yywdllmdvb2dszwfwaxmuy29tl2lrb25hlwj1y2tldc1wcm9kdwn0aw9ul2ltywdlcy82odgzm2e2mzaznmu4ztc3ntg4njbimzgvnjg0mwjkn2njztrhyzvhnje3mmyymwq0lty4zdnky2u3ymyzn2vlmtljmgixndu4nc5wbmc_.jpeg.png', 209) ON CONFLICT DO NOTHING;
INSERT INTO menu_option_groups (menu_id, group_id) VALUES (2619, 1304) ON CONFLICT DO NOTHING;
INSERT INTO menu_option_groups (menu_id, group_id) VALUES (2619, 1297) ON CONFLICT DO NOTHING;
INSERT INTO menu_option_groups (menu_id, group_id) VALUES (2619, 1404) ON CONFLICT DO NOTHING;
INSERT INTO menu_option_groups (menu_id, group_id) VALUES (2619, 1337) ON CONFLICT DO NOTHING;
INSERT INTO menu_option_groups (menu_id, group_id) VALUES (2619, 1319) ON CONFLICT DO NOTHING;
INSERT INTO menus (id, name, description, image_url, category_id) VALUES (2620, 'Pork Gyros Bowl', 'Oriz me perime ose patate, gjiro  gici, salcë tzatziki, sallatë greke, pita, paprika', 'https://d3u269mlo8clta.cloudfront.net/opa/ca3322b6-59aa-11f1-92b4-1ad39886056e_ahr0chm6ly9zdg9yywdllmdvb2dszwfwaxmuy29tl2lrb25hlwj1y2tldc1wcm9kdwn0aw9ul2ltywdlcy82odgzm2e2mzaznmu4ztc3ntg4njbimzgvv29sdf9pueelmjbqb3jrjtiwr3lyb3mlmjalmjbcb3dslty4ota3zju5zjizm2uzndm2ngzhmwqymy5wbmc_.jpeg.png', 209) ON CONFLICT DO NOTHING;
INSERT INTO menu_option_groups (menu_id, group_id) VALUES (2620, 1309) ON CONFLICT DO NOTHING;
INSERT INTO menu_option_groups (menu_id, group_id) VALUES (2620, 1297) ON CONFLICT DO NOTHING;
INSERT INTO menu_option_groups (menu_id, group_id) VALUES (2620, 1404) ON CONFLICT DO NOTHING;
INSERT INTO menu_option_groups (menu_id, group_id) VALUES (2620, 1337) ON CONFLICT DO NOTHING;
INSERT INTO menu_option_groups (menu_id, group_id) VALUES (2620, 1319) ON CONFLICT DO NOTHING;
INSERT INTO menus (id, name, description, image_url, category_id) VALUES (2621, '4 Chicken Skewers ', 'pita, 4 marinated chicken skewers, tomatoes, lettuce, OPA Mayo, fries, paprika, lemon', 'https://d3u269mlo8clta.cloudfront.net/opa/292c19f6-5b3d-11f1-ba7d-6621ae8bd004_ahr0chm6ly9zdg9yywdllmdvb2dszwfwaxmuy29tl2lrb25hlwj1y2tldc1wcm9kdwn0aw9ul2ltywdlcy82odgzm2e2mzaznmu4ztc3ntg4njbimzgvnhglmjbdaglja2vujtiwu2tld2vycy02odlkodk0nwnhzgywowzmzjcxndhjztauanbn.jpeg.png', 210) ON CONFLICT DO NOTHING;
INSERT INTO menu_option_groups (menu_id, group_id) VALUES (2621, 1317) ON CONFLICT DO NOTHING;
INSERT INTO menu_option_groups (menu_id, group_id) VALUES (2621, 1297) ON CONFLICT DO NOTHING;
INSERT INTO menu_option_groups (menu_id, group_id) VALUES (2621, 1319) ON CONFLICT DO NOTHING;
INSERT INTO menu_option_groups (menu_id, group_id) VALUES (2621, 1404) ON CONFLICT DO NOTHING;
INSERT INTO menus (id, name, description, image_url, category_id) VALUES (2622, '4 Pork Skewers ', 'pita, 4 marinated pork skewers, tomatoes, onions, fries, tzatziki sauce, paprika, lemon', 'https://d3u269mlo8clta.cloudfront.net/opa/1b650d3a-4794-11f1-a3f4-ae21820094f9_ahr0chm6ly9zdg9yywdllmdvb2dszwfwaxmuy29tl2lrb25hlwj1y2tldc1wcm9kdwn0aw9ul2ltywdlcy82odgzm2e2mzaznmu4ztc3ntg4njbimzgvnhglmjbqb3jrjtiwu2tld2vycy02odlkodk0nwnhzgywowzmzjcxndhjzteuanbn.jpeg.png', 210) ON CONFLICT DO NOTHING;
INSERT INTO menu_option_groups (menu_id, group_id) VALUES (2622, 1303) ON CONFLICT DO NOTHING;
INSERT INTO menu_option_groups (menu_id, group_id) VALUES (2622, 1297) ON CONFLICT DO NOTHING;
INSERT INTO menu_option_groups (menu_id, group_id) VALUES (2622, 1319) ON CONFLICT DO NOTHING;
INSERT INTO menu_option_groups (menu_id, group_id) VALUES (2622, 1404) ON CONFLICT DO NOTHING;
INSERT INTO menus (id, name, description, image_url, category_id) VALUES (2623, '4 Kebab Patatoes ', 'pita, 4 kebab skewers, tomatoes, onions, fries, tzatziki sauce, paprika, lemon', 'https://d3u269mlo8clta.cloudfront.net/opa/c9f7e3f4-59aa-11f1-99df-3e5ee5795ffd_ahr0chm6ly9zdg9yywdllmdvb2dszwfwaxmuy29tl2lrb25hlwj1y2tldc1wcm9kdwn0aw9ul2ltywdlcy82odgzm2e2mzaznmu4ztc3ntg4njbimzgvnhglmjblzwjhyiuymfbhdgf0b2vzlty4owq4otq1y2fkzja5zmzmnze0ognlmi5qcgc_.jpeg.png', 210) ON CONFLICT DO NOTHING;
INSERT INTO menu_option_groups (menu_id, group_id) VALUES (2623, 1323) ON CONFLICT DO NOTHING;
INSERT INTO menu_option_groups (menu_id, group_id) VALUES (2623, 1297) ON CONFLICT DO NOTHING;
INSERT INTO menu_option_groups (menu_id, group_id) VALUES (2623, 1319) ON CONFLICT DO NOTHING;
INSERT INTO menu_option_groups (menu_id, group_id) VALUES (2623, 1404) ON CONFLICT DO NOTHING;
INSERT INTO menus (id, name, description, image_url, category_id) VALUES (2624, 'Pork Skepasti', 'Dy pite, gjiro gici, tzatziki, domate, qepë të kuqe, patate të skuqura', 'https://d3u269mlo8clta.cloudfront.net/opa/e54be98e-4c4e-11f1-ac1d-3222dff8c841_ahr0chm6ly9zdg9yywdllmdvb2dszwfwaxmuy29tl2lrb25hlwj1y2tldc1wcm9kdwn0aw9ul2ltywdlcy82odgzm2e2mzaznmu4ztc3ntg4njbimzgvug9yayuymfnrzxbhc3rplty4ota3zgvhyte2m2rkmzjjowi5ngezyi5wbmc_.jpeg.png', 211) ON CONFLICT DO NOTHING;
INSERT INTO menu_option_groups (menu_id, group_id) VALUES (2624, 1369) ON CONFLICT DO NOTHING;
INSERT INTO menu_option_groups (menu_id, group_id) VALUES (2624, 1346) ON CONFLICT DO NOTHING;
INSERT INTO menu_option_groups (menu_id, group_id) VALUES (2624, 1319) ON CONFLICT DO NOTHING;
INSERT INTO menu_option_groups (menu_id, group_id) VALUES (2624, 1404) ON CONFLICT DO NOTHING;
INSERT INTO menu_option_groups (menu_id, group_id) VALUES (2624, 1297) ON CONFLICT DO NOTHING;
INSERT INTO menus (id, name, description, image_url, category_id) VALUES (2625, 'Chicken Skepasti Bacon Sauce', 'Pite, gjoks pule i marinuar, sallatë romane, lakër e bardhë, domate, salcë mustard me mjaltë, salcë bacon, majonezë burgeri, patate të skuqura, paprika', 'https://d3u269mlo8clta.cloudfront.net/opa/a82d78ba-5810-11f1-84b4-363dd4c82eca_ahr0chm6ly9zdg9yywdllmdvb2dszwfwaxmuy29tl2lrb25hlwj1y2tldc1wcm9kdwn0aw9ul2ltywdlcy82odgzm2e2mzaznmu4ztc3ntg4njbimzgvq2hpy2tlbiuymfnrzxbhc3rplty4ota3zgm3mgeyztm5njuwywflytcyyi5wbmc_.jpeg.png', 211) ON CONFLICT DO NOTHING;
INSERT INTO menu_option_groups (menu_id, group_id) VALUES (2625, 1373) ON CONFLICT DO NOTHING;
INSERT INTO menu_option_groups (menu_id, group_id) VALUES (2625, 1346) ON CONFLICT DO NOTHING;
INSERT INTO menu_option_groups (menu_id, group_id) VALUES (2625, 1297) ON CONFLICT DO NOTHING;
INSERT INTO menu_option_groups (menu_id, group_id) VALUES (2625, 1319) ON CONFLICT DO NOTHING;
INSERT INTO menu_option_groups (menu_id, group_id) VALUES (2625, 1404) ON CONFLICT DO NOTHING;
INSERT INTO menus (id, name, description, image_url, category_id) VALUES (2626, 'Chicken Skepasti Sos', 'Pite, gjoks pule i marinuar, sallatë romane, lakër e bardhë, domate, salcë mustard me mjaltë, salcë bacon, majonezë burgeri, patate të skuqura, paprika', 'https://d3u269mlo8clta.cloudfront.net/opa/a82d78ba-5810-11f1-84b4-363dd4c82eca_ahr0chm6ly9zdg9yywdllmdvb2dszwfwaxmuy29tl2lrb25hlwj1y2tldc1wcm9kdwn0aw9ul2ltywdlcy82odgzm2e2mzaznmu4ztc3ntg4njbimzgvq2hpy2tlbiuymfnrzxbhc3rplty4ota3zgm3mgeyztm5njuwywflytcyyi5wbmc_.jpeg.png', 211) ON CONFLICT DO NOTHING;
INSERT INTO menu_option_groups (menu_id, group_id) VALUES (2626, 1375) ON CONFLICT DO NOTHING;
INSERT INTO menu_option_groups (menu_id, group_id) VALUES (2626, 1346) ON CONFLICT DO NOTHING;
INSERT INTO menu_option_groups (menu_id, group_id) VALUES (2626, 1297) ON CONFLICT DO NOTHING;
INSERT INTO menu_option_groups (menu_id, group_id) VALUES (2626, 1319) ON CONFLICT DO NOTHING;
INSERT INTO menu_option_groups (menu_id, group_id) VALUES (2626, 1404) ON CONFLICT DO NOTHING;
INSERT INTO menus (id, name, description, image_url, category_id) VALUES (2627, 'OPA Smash Burger ', 'Bukë burgeri, qofte viçi, djathë cheddar, kastravec turshi i bërë në shtëpi, majonezë burger, sallatë romane', 'https://d3u269mlo8clta.cloudfront.net/opa/ce8a2028-52b9-11f1-a0a8-02fc71c6f102_ahr0chm6ly9zdg9yywdllmdvb2dszwfwaxmuy29tl2lrb25hlwj1y2tldc1wcm9kdwn0aw9ul2ltywdlcy82odgzm2e2mzaznmu4ztc3ntg4njbimzgvt3bhjtiwyxbwx09qqsuymfnpbmdszsuymfntyxnolty4ota3ztm2ndm2ody3mjfhztewymvhzs5wbmc_.jpeg.png', 211) ON CONFLICT DO NOTHING;
INSERT INTO menu_option_groups (menu_id, group_id) VALUES (2627, 1372) ON CONFLICT DO NOTHING;
INSERT INTO menu_option_groups (menu_id, group_id) VALUES (2627, 1392) ON CONFLICT DO NOTHING;
INSERT INTO menu_option_groups (menu_id, group_id) VALUES (2627, 1297) ON CONFLICT DO NOTHING;
INSERT INTO menu_option_groups (menu_id, group_id) VALUES (2627, 1319) ON CONFLICT DO NOTHING;
INSERT INTO menu_option_groups (menu_id, group_id) VALUES (2627, 1404) ON CONFLICT DO NOTHING;
INSERT INTO menus (id, name, description, image_url, category_id) VALUES (2628, 'Minced Beef Skepasti', 'Pite, qofte viçi, domate, qepë të kuqe, majonezë burgeri, salcë BBQ, paprika, patate të skuqura, kastravec turshi të bërë në shtëpi', 'https://d3u269mlo8clta.cloudfront.net/opa/860a4d80-5ccf-11f1-91a3-aa50e5e38a2b_ahr0chm6ly9zdg9yywdllmdvb2dszwfwaxmuy29tl2lrb25hlwj1y2tldc1wcm9kdwn0aw9ul2ltywdlcy82odgzm2e2mzaznmu4ztc3ntg4njbimzgvtwluy2vkjtiwqmvlziuymfnrzxbhc3rplty4ota3zta0zwniyjk5nwrhyzrjzmy4oc5wbmc_.jpeg.png', 211) ON CONFLICT DO NOTHING;
INSERT INTO menu_option_groups (menu_id, group_id) VALUES (2628, 1399) ON CONFLICT DO NOTHING;
INSERT INTO menu_option_groups (menu_id, group_id) VALUES (2628, 1346) ON CONFLICT DO NOTHING;
INSERT INTO menu_option_groups (menu_id, group_id) VALUES (2628, 1297) ON CONFLICT DO NOTHING;
INSERT INTO menu_option_groups (menu_id, group_id) VALUES (2628, 1319) ON CONFLICT DO NOTHING;
INSERT INTO menu_option_groups (menu_id, group_id) VALUES (2628, 1404) ON CONFLICT DO NOTHING;
INSERT INTO menus (id, name, description, image_url, category_id) VALUES (2629, 'Truffle Chicken Gyros', 'Pite, gjiro pule, majonezë tartufi, qepë të kuqe, djathë parmixhano, domate, sallatë romane, bukë krokante', 'https://d3u269mlo8clta.cloudfront.net/opa/395a5304-3b05-11f1-ad24-323a3da1e175_ahr0chm6ly9zdg9yywdllmdvb2dszwfwaxmuy29tl2lrb25hlwj1y2tldc1wcm9kdwn0aw9ul2ltywdlcy82odgzm2e2mzaznmu4ztc3ntg4njbimzgvvhj1zmzszsuymenoawnrzw4lmjbhexjvcy02odkwn2myy2yymznlmzqznjrmytfjzmyucg5n.jpeg.png', 211) ON CONFLICT DO NOTHING;
INSERT INTO menu_option_groups (menu_id, group_id) VALUES (2629, 1380) ON CONFLICT DO NOTHING;
INSERT INTO menu_option_groups (menu_id, group_id) VALUES (2629, 1297) ON CONFLICT DO NOTHING;
INSERT INTO menu_option_groups (menu_id, group_id) VALUES (2629, 1319) ON CONFLICT DO NOTHING;
INSERT INTO menu_option_groups (menu_id, group_id) VALUES (2629, 1404) ON CONFLICT DO NOTHING;
INSERT INTO menus (id, name, description, image_url, category_id) VALUES (2630, 'Crispy Chicken Burger ', 'Shnitzel krokant pule, bukë burgeri, djathë cheddar, sallatë, domate, majonezë burgeri', 'https://d3u269mlo8clta.cloudfront.net/opa/860db1b4-5ccf-11f1-91a3-aa50e5e38a2b_ahr0chm6ly9zdg9yywdllmdvb2dszwfwaxmuy29tl2lrb25hlwj1y2tldc1wcm9kdwn0aw9ul2ltywdlcy82odgzm2e2mzaznmu4ztc3ntg4njbimzgvv29sdf9pueelmjbdcmlzchklmjbdaglja2vulty4ota3ztkzyte2m2rkmzjjowi5nge0mi5wbmc_.jpeg.png', 211) ON CONFLICT DO NOTHING;
INSERT INTO menu_option_groups (menu_id, group_id) VALUES (2630, 1392) ON CONFLICT DO NOTHING;
INSERT INTO menu_option_groups (menu_id, group_id) VALUES (2630, 1297) ON CONFLICT DO NOTHING;
INSERT INTO menu_option_groups (menu_id, group_id) VALUES (2630, 1319) ON CONFLICT DO NOTHING;
INSERT INTO menu_option_groups (menu_id, group_id) VALUES (2630, 1404) ON CONFLICT DO NOTHING;
INSERT INTO menus (id, name, description, image_url, category_id) VALUES (2631, 'Apollo Pita', 'Pite, shishqebap gici i marinuar, domate, qepë të kuqe, tirokafteri, paprika', 'https://d3u269mlo8clta.cloudfront.net/opa/3c035082-544c-11f1-ad33-2e1ca93508c8_ahr0chm6ly9zdg9yywdllmdvb2dszwfwaxmuy29tl2lrb25hlwj1y2tldc1wcm9kdwn0aw9ul2ltywdlcy82odgzm2e2mzaznmu4ztc3ntg4njbimzgvqxbvbgxvjtiwugl0ys02odkwn2m0nznmzmninjvmoddjzjixzgiucg5n.jpeg.png', 211) ON CONFLICT DO NOTHING;
INSERT INTO menu_option_groups (menu_id, group_id) VALUES (2631, 1376) ON CONFLICT DO NOTHING;
INSERT INTO menu_option_groups (menu_id, group_id) VALUES (2631, 1297) ON CONFLICT DO NOTHING;
INSERT INTO menu_option_groups (menu_id, group_id) VALUES (2631, 1319) ON CONFLICT DO NOTHING;
INSERT INTO menu_option_groups (menu_id, group_id) VALUES (2631, 1404) ON CONFLICT DO NOTHING;
INSERT INTO menus (id, name, description, image_url, category_id) VALUES (2632, 'Halloumi Pita', 'Djathë halloumi, pite, sallatë romane, domate, tzatziki, pate ulliri, speca të pjekur', 'https://d3u269mlo8clta.cloudfront.net/opa/86128fb8-5ccf-11f1-91a3-aa50e5e38a2b_ahr0chm6ly9zdg9yywdllmdvb2dszwfwaxmuy29tl2lrb25hlwj1y2tldc1wcm9kdwn0aw9ul2ltywdlcy82odgzm2e2mzaznmu4ztc3ntg4njbimzgvv29sdf9pueelmjbiywxsb3vtasuymfbpdgetnjg5mddkndazzmzjyjy1zjg3y2yymwuzlnbuzw__.jpeg.png', 211) ON CONFLICT DO NOTHING;
INSERT INTO menu_option_groups (menu_id, group_id) VALUES (2632, 1306) ON CONFLICT DO NOTHING;
INSERT INTO menu_option_groups (menu_id, group_id) VALUES (2632, 1297) ON CONFLICT DO NOTHING;
INSERT INTO menu_option_groups (menu_id, group_id) VALUES (2632, 1319) ON CONFLICT DO NOTHING;
INSERT INTO menu_option_groups (menu_id, group_id) VALUES (2632, 1404) ON CONFLICT DO NOTHING;
INSERT INTO menus (id, name, description, image_url, category_id) VALUES (2633, 'Schnitzel Pita 🌶️', 'Pite, schnitzel pule krokante, majonezë me hudhër djegës, sallatë romane, domate, patate', 'https://d3u269mlo8clta.cloudfront.net/opa/67d39f1e-5127-11f1-b8e7-ae89ebd620ac_ahr0chm6ly9zdg9yywdllmdvb2dszwfwaxmuy29tl2lrb25hlwj1y2tldc1wcm9kdwn0aw9ul2ltywdlcy82odgzm2e2mzaznmu4ztc3ntg4njbimzgvu2nobml0emvsjtiwugl0ys02odkwn2q2mmq1zja0mwq4ywmwytu3yziucg5n.jpeg.png', 211) ON CONFLICT DO NOTHING;
INSERT INTO menu_option_groups (menu_id, group_id) VALUES (2633, 1157) ON CONFLICT DO NOTHING;
INSERT INTO menu_option_groups (menu_id, group_id) VALUES (2633, 1297) ON CONFLICT DO NOTHING;
INSERT INTO menu_option_groups (menu_id, group_id) VALUES (2633, 1319) ON CONFLICT DO NOTHING;
INSERT INTO menu_option_groups (menu_id, group_id) VALUES (2633, 1404) ON CONFLICT DO NOTHING;
INSERT INTO menus (id, name, description, image_url, category_id) VALUES (2634, 'Chicken Breast Pita 🌶️', 'Pite, salcë djegëse me majonezë & hudhër, speca të pjekur, sallatë romane, shishqebab pule i marinuar, djathë i bardhë feta', 'https://d3u269mlo8clta.cloudfront.net/opa/3c09be54-544c-11f1-ad33-2e1ca93508c8_ahr0chm6ly9zdg9yywdllmdvb2dszwfwaxmuy29tl2lrb25hlwj1y2tldc1wcm9kdwn0aw9ul2ltywdlcy82odgzm2e2mzaznmu4ztc3ntg4njbimzgvv29sdf9pueelmjbdaglja2vujtiwqnjlyxn0jtiwugl0ys02odkwn2rhyjqznjg2nzixywuxmgjlytgucg5n.jpeg.png', 211) ON CONFLICT DO NOTHING;
INSERT INTO menu_option_groups (menu_id, group_id) VALUES (2634, 1368) ON CONFLICT DO NOTHING;
INSERT INTO menu_option_groups (menu_id, group_id) VALUES (2634, 1297) ON CONFLICT DO NOTHING;
INSERT INTO menu_option_groups (menu_id, group_id) VALUES (2634, 1319) ON CONFLICT DO NOTHING;
INSERT INTO menu_option_groups (menu_id, group_id) VALUES (2634, 1404) ON CONFLICT DO NOTHING;
INSERT INTO menus (id, name, description, image_url, category_id) VALUES (2635, 'Aphrodite Pita', 'Aphrodite Pita', 'https://d3u269mlo8clta.cloudfront.net/opa/8617bca4-5ccf-11f1-91a3-aa50e5e38a2b_ahr0chm6ly9zdg9yywdllmdvb2dszwfwaxmuy29tl2lrb25hlwj1y2tldc1wcm9kdwn0aw9ul2ltywdlcy82odgzm2e2mzaznmu4ztc3ntg4njbimzgvnjg2ngzkztcxmdqxztfjngmxotk5ntzklty4zdnlmgyxymyzn2vlmtljmgixndvknc5wbmc_.jpeg.png', 211) ON CONFLICT DO NOTHING;
INSERT INTO menu_option_groups (menu_id, group_id) VALUES (2635, 1297) ON CONFLICT DO NOTHING;
INSERT INTO menu_option_groups (menu_id, group_id) VALUES (2635, 1319) ON CONFLICT DO NOTHING;
INSERT INTO menu_option_groups (menu_id, group_id) VALUES (2635, 1404) ON CONFLICT DO NOTHING;
INSERT INTO menus (id, name, description, image_url, category_id) VALUES (2636, 'Kashkaval Chips', 'Djathë saganaq i skuqur, shoqëruar me salcë kosi', 'https://d3u269mlo8clta.cloudfront.net/opa/e57014c6-4c4e-11f1-ac1d-3222dff8c841_ahr0chm6ly9zdg9yywdllmdvb2dszwfwaxmuy29tl2lrb25hlwj1y2tldc1wcm9kdwn0aw9ul2ltywdlcy82odgzm2e2mzaznmu4ztc3ntg4njbimzgvs2fjjundjue3a2f2ywxsjtiwq2hpchmtnjg5zdg3ytk4zda4yjnjnzi3zjmxmmy2lmpwzw__.jpeg.png', 212) ON CONFLICT DO NOTHING;
INSERT INTO menu_option_groups (menu_id, group_id) VALUES (2636, 1319) ON CONFLICT DO NOTHING;
INSERT INTO menu_option_groups (menu_id, group_id) VALUES (2636, 1404) ON CONFLICT DO NOTHING;
INSERT INTO menu_option_groups (menu_id, group_id) VALUES (2636, 1337) ON CONFLICT DO NOTHING;
INSERT INTO menus (id, name, description, image_url, category_id) VALUES (2637, 'Halloumi chips', 'Djathi halloumi i servirur me salcë jogurti', 'https://d3u269mlo8clta.cloudfront.net/opa/861a4b72-5ccf-11f1-91a3-aa50e5e38a2b_ahr0chm6ly9zdg9yywdllmdvb2dszwfwaxmuy29tl2lrb25hlwj1y2tldc1wcm9kdwn0aw9ul2ltywdlcy82odgzm2e2mzaznmu4ztc3ntg4njbimzgvsgfsbg91bwklmjbdaglwcy02odljy2q4nzbhmmuzoty1mgfhzwnmndcuanbn.jpeg.png', 212) ON CONFLICT DO NOTHING;
INSERT INTO menu_option_groups (menu_id, group_id) VALUES (2637, 1319) ON CONFLICT DO NOTHING;
INSERT INTO menu_option_groups (menu_id, group_id) VALUES (2637, 1404) ON CONFLICT DO NOTHING;
INSERT INTO menu_option_groups (menu_id, group_id) VALUES (2637, 1337) ON CONFLICT DO NOTHING;
INSERT INTO menus (id, name, description, image_url, category_id) VALUES (2638, 'Bacon Fries', 'Patate të skuqura, salcë djathi cheddar, proshutë e pjekur në skarë', 'https://d3u269mlo8clta.cloudfront.net/opa/29584576-5b3d-11f1-ba7d-6621ae8bd004_ahr0chm6ly9zdg9yywdllmdvb2dszwfwaxmuy29tl2lrb25hlwj1y2tldc1wcm9kdwn0aw9ul2ltywdlcy82odgzm2e2mzaznmu4ztc3ntg4njbimzgvqmfjb24trnjpzxmtnjg5y2nkodywytjlmzk2ntbhywvjzjqxlmpwzw__.jpeg.png', 212) ON CONFLICT DO NOTHING;
INSERT INTO menu_option_groups (menu_id, group_id) VALUES (2638, 1319) ON CONFLICT DO NOTHING;
INSERT INTO menu_option_groups (menu_id, group_id) VALUES (2638, 1404) ON CONFLICT DO NOTHING;
INSERT INTO menu_option_groups (menu_id, group_id) VALUES (2638, 1337) ON CONFLICT DO NOTHING;
INSERT INTO menus (id, name, description, image_url, category_id) VALUES (2639, 'Tzatziki Racion ', 'Kos grek, kastravec, konfit hudhër dhe kopër', 'https://d3u269mlo8clta.cloudfront.net/opa/2959e3d6-5b3d-11f1-ba7d-6621ae8bd004_ahr0chm6ly9zdg9yywdllmdvb2dszwfwaxmuy29tl2lrb25hlwj1y2tldc1wcm9kdwn0aw9ul2ltywdlcy82odgzm2e2mzaznmu4ztc3ntg4njbimzgvvhphdhppa2ktnjg5y2nkodywytjlmzk2ntbhywvjzjq0lmpwzw__.jpeg.png', 212) ON CONFLICT DO NOTHING;
INSERT INTO menu_option_groups (menu_id, group_id) VALUES (2639, 1404) ON CONFLICT DO NOTHING;
INSERT INTO menu_option_groups (menu_id, group_id) VALUES (2639, 1337) ON CONFLICT DO NOTHING;
INSERT INTO menus (id, name, description, image_url, category_id) VALUES (2640, 'Tirokafteri', 'Tirokafteri', 'https://d3u269mlo8clta.cloudfront.net/opa/295cfdd2-5b3d-11f1-ba7d-6621ae8bd004_ahr0chm6ly9zdg9yywdllmdvb2dszwfwaxmuy29tl2lrb25hlwj1y2tldc1wcm9kdwn0aw9ul2ltywdlcy82odgzm2e2mzaznmu4ztc3ntg4njbimzgvv29sdf9uaxjva2fmdgvyas02ogu4yzy2nzg0mwy4zwuwn2vlm2q3nmmucg5n.jpeg.png', 212) ON CONFLICT DO NOTHING;
INSERT INTO menu_option_groups (menu_id, group_id) VALUES (2640, 1404) ON CONFLICT DO NOTHING;
INSERT INTO menu_option_groups (menu_id, group_id) VALUES (2640, 1337) ON CONFLICT DO NOTHING;
INSERT INTO menus (id, name, description, image_url, category_id) VALUES (2641, 'Mediterranean Hummus', 'Pastë qiqrash, tahini, hudhra e pjekur në skarë & kumin', 'https://d3u269mlo8clta.cloudfront.net/opa/caabba64-59aa-11f1-adea-f2cb67d275e0_ahr0chm6ly9zdg9yywdllmdvb2dszwfwaxmuy29tl2lrb25hlwj1y2tldc1wcm9kdwn0aw9ul2ltywdlcy82odgzm2e2mzaznmu4ztc3ntg4njbimzgvtwvkaxrlcnjhbmvhbi1idw1tdxmtnjg5y2nkodywytjlmzk2ntbhywvjzjq1lmpwzw__.jpeg.png', 212) ON CONFLICT DO NOTHING;
INSERT INTO menu_option_groups (menu_id, group_id) VALUES (2641, 1404) ON CONFLICT DO NOTHING;
INSERT INTO menu_option_groups (menu_id, group_id) VALUES (2641, 1337) ON CONFLICT DO NOTHING;
INSERT INTO menus (id, name, description, image_url, category_id) VALUES (2642, 'Moussaka Croquettes', 'Kroketa krokante me ragu viçi, mollë jeshile, pastë domate dhe djathë parmigiano', 'https://d3u269mlo8clta.cloudfront.net/opa/86217b18-5ccf-11f1-91a3-aa50e5e38a2b_ahr0chm6ly9zdg9yywdllmdvb2dszwfwaxmuy29tl2lrb25hlwj1y2tldc1wcm9kdwn0aw9ul2ltywdlcy82odgzm2e2mzaznmu4ztc3ntg4njbimzgvtw91c3nha2etnjg5y2nkodcwytjlmzk2ntbhywvjzjq2lmpwzw__.jpeg.png', 212) ON CONFLICT DO NOTHING;
INSERT INTO menu_option_groups (menu_id, group_id) VALUES (2642, 1404) ON CONFLICT DO NOTHING;
INSERT INTO menu_option_groups (menu_id, group_id) VALUES (2642, 1337) ON CONFLICT DO NOTHING;
INSERT INTO menus (id, name, description, image_url, category_id) VALUES (2643, 'French Fries Large ', 'Patate të skuqura, kripë, rigon', 'https://d3u269mlo8clta.cloudfront.net/opa/86237a44-5ccf-11f1-91a3-aa50e5e38a2b_ahr0chm6ly9zdg9yywdllmdvb2dszwfwaxmuy29tl2lrb25hlwj1y2tldc1wcm9kdwn0aw9ul2ltywdlcy82odgzm2e2mzaznmu4ztc3ntg4njbimzgvrnjlbmnoluzyawvzlty4ownjzdg2mgeyztm5njuwywfly2y0mc5qcgc_.jpeg.png', 212) ON CONFLICT DO NOTHING;
INSERT INTO menus (id, name, description, image_url, category_id) VALUES (2644, 'Feta Cheese', 'Feta Cheese', 'https://d3u269mlo8clta.cloudfront.net/opa/9f902f44-43cb-11f1-bf87-9291eb7f5333_ahr0chm6ly9zdg9yywdllmdvb2dszwfwaxmuy29tl2lrb25hlwj1y2tldc1wcm9kdwn0aw9ul2ltywdlcy82odgzm2e2mzaznmu4ztc3ntg4njbimzgvv29sdf9pueffrmv0ysuymenozwvzzs02ogm5mzqyzmjlmgvhytczyjkyyjljytcucg5n.jpeg.png', 212) ON CONFLICT DO NOTHING;
INSERT INTO menu_option_groups (menu_id, group_id) VALUES (2644, 1404) ON CONFLICT DO NOTHING;
INSERT INTO menu_option_groups (menu_id, group_id) VALUES (2644, 1337) ON CONFLICT DO NOTHING;
INSERT INTO menus (id, name, description, image_url, category_id) VALUES (2645, 'Ullinj Kallamata ', 'Ullinj Kallamata ', 'https://d3u269mlo8clta.cloudfront.net/opa/2973114e-5b3d-11f1-ba7d-6621ae8bd004_ahr0chm6ly9zdg9yywdllmdvb2dszwfwaxmuy29tl2lrb25hlwj1y2tldc1wcm9kdwn0aw9ul2ltywdlcy82odgzm2e2mzaznmu4ztc3ntg4njbimzgvv29sdf9pueffvwxsaw5qjtiwa2fsbgftyxrhlty4yzkzndu0m2vknta0odqxmju0ndq5yy5wbmc_.jpeg.png', 212) ON CONFLICT DO NOTHING;
INSERT INTO menu_option_groups (menu_id, group_id) VALUES (2645, 1337) ON CONFLICT DO NOTHING;
INSERT INTO menus (id, name, description, image_url, category_id) VALUES (2646, 'Greek Fries', 'Patate të skuqura, thërrime djathi feta, rigon', 'https://d3u269mlo8clta.cloudfront.net/opa/10c1c2a2-4f95-11f1-b3a5-cacb78ccc8c2_ahr0chm6ly9zdg9yywdllmdvb2dszwfwaxmuy29tl2lrb25hlwj1y2tldc1wcm9kdwn0aw9ul2ltywdlcy82odgzm2e2mzaznmu4ztc3ntg4njbimzgvvghlludyzwvrluzyawvzlty4ownjzdg2mgeyztm5njuwywfly2y0mi5qcgc_.jpeg.png', 212) ON CONFLICT DO NOTHING;
INSERT INTO menu_option_groups (menu_id, group_id) VALUES (2646, 1319) ON CONFLICT DO NOTHING;
INSERT INTO menu_option_groups (menu_id, group_id) VALUES (2646, 1404) ON CONFLICT DO NOTHING;
INSERT INTO menu_option_groups (menu_id, group_id) VALUES (2646, 1337) ON CONFLICT DO NOTHING;
INSERT INTO menus (id, name, description, image_url, category_id) VALUES (2647, 'Crinkle Truffle Fries ', 'Crinkle fries, truffle mayo, parmigiano', 'https://d3u269mlo8clta.cloudfront.net/opa/f6f863c0-55bc-11f1-9f6c-6e54898b6448_ahr0chm6ly9zdg9yywdllmdvb2dszwfwaxmuy29tl2lrb25hlwj1y2tldc1wcm9kdwn0aw9ul2ltywdlcy82odgzm2e2mzaznmu4ztc3ntg4njbimzgvq3jpbmtszsuymfrydwzmbgulmjbgcmllcy02odljy2q4nzbhmmuzoty1mgfhzwnmndkuanbn.jpeg.png', 212) ON CONFLICT DO NOTHING;
INSERT INTO menu_option_groups (menu_id, group_id) VALUES (2647, 1319) ON CONFLICT DO NOTHING;
INSERT INTO menu_option_groups (menu_id, group_id) VALUES (2647, 1404) ON CONFLICT DO NOTHING;
INSERT INTO menu_option_groups (menu_id, group_id) VALUES (2647, 1337) ON CONFLICT DO NOTHING;
INSERT INTO menus (id, name, description, image_url, category_id) VALUES (2648, 'Cheddar Fries ', 'Cheddar Fries ', 'https://d3u269mlo8clta.cloudfront.net/opa/862b9616-5ccf-11f1-91a3-aa50e5e38a2b_ahr0chm6ly9zdg9yywdllmdvb2dszwfwaxmuy29tl2lrb25hlwj1y2tldc1wcm9kdwn0aw9ul2ltywdlcy82odgzm2e2mzaznmu4ztc3ntg4njbimzgvq2hlzgrhciuymezyawvzlty4ownjzdg3mgeyztm5njuwywfly2y0oc5qcgc_.jpeg.png', 212) ON CONFLICT DO NOTHING;
INSERT INTO menu_option_groups (menu_id, group_id) VALUES (2648, 1319) ON CONFLICT DO NOTHING;
INSERT INTO menu_option_groups (menu_id, group_id) VALUES (2648, 1404) ON CONFLICT DO NOTHING;
INSERT INTO menu_option_groups (menu_id, group_id) VALUES (2648, 1337) ON CONFLICT DO NOTHING;
INSERT INTO menus (id, name, description, image_url, category_id) VALUES (2649, 'Fried Zucchini Balls ', 'Fried Zucchini Balls ', 'https://d3u269mlo8clta.cloudfront.net/opa/862dc15c-5ccf-11f1-91a3-aa50e5e38a2b_ahr0chm6ly9zdg9yywdllmdvb2dszwfwaxmuy29tl2lrb25hlwj1y2tldc1wcm9kdwn0aw9ul2ltywdlcy82odgzm2e2mzaznmu4ztc3ntg4njbimzgvrnjpzwqtwnvjy2hpbmktqmfsbhmtnjg5y2nkodywytjlmzk2ntbhywvjzjqzlmpwzw__.jpeg.png', 212) ON CONFLICT DO NOTHING;
INSERT INTO menu_option_groups (menu_id, group_id) VALUES (2649, 1319) ON CONFLICT DO NOTHING;
INSERT INTO menu_option_groups (menu_id, group_id) VALUES (2649, 1404) ON CONFLICT DO NOTHING;
INSERT INTO menu_option_groups (menu_id, group_id) VALUES (2649, 1337) ON CONFLICT DO NOTHING;
INSERT INTO menus (id, name, description, image_url, category_id) VALUES (2650, 'Traditional Pita', 'Traditional Pita', 'https://d3u269mlo8clta.cloudfront.net/opa/862fbc0a-5ccf-11f1-91a3-aa50e5e38a2b_ahr0chm6ly9zdg9yywdllmdvb2dszwfwaxmuy29tl2lrb25hlwj1y2tldc1wcm9kdwn0aw9ul2ltywdlcy82odgzm2e2mzaznmu4ztc3ntg4njbimzgvcgl0zsuymgv4dhjhlty5mtqzzjjmymq2ntnlztqwntvjngfmns5wbmc_.jpeg.png', 212) ON CONFLICT DO NOTHING;
INSERT INTO menus (id, name, description, image_url, category_id) VALUES (2651, 'Pite Extra Large ', 'Pite Extra Large ', 'https://d3u269mlo8clta.cloudfront.net/opa/862fbc0a-5ccf-11f1-91a3-aa50e5e38a2b_ahr0chm6ly9zdg9yywdllmdvb2dszwfwaxmuy29tl2lrb25hlwj1y2tldc1wcm9kdwn0aw9ul2ltywdlcy82odgzm2e2mzaznmu4ztc3ntg4njbimzgvcgl0zsuymgv4dhjhlty5mtqzzjjmymq2ntnlztqwntvjngfmns5wbmc_.jpeg.png', 212) ON CONFLICT DO NOTHING;
INSERT INTO menus (id, name, description, image_url, category_id) VALUES (2652, 'Chicken Gyros', 'Pite, gjiro pule, salcë opa majonezë, sallatë romane, patate të skuqura, paprika, domate', 'https://d3u269mlo8clta.cloudfront.net/opa/ca73639e-59aa-11f1-92b4-1ad39886056e_ahr0chm6ly9zdg9yywdllmdvb2dszwfwaxmuy29tl2lrb25hlwj1y2tldc1wcm9kdwn0aw9ul2ltywdlcy82odgzm2e2mzaznmu4ztc3ntg4njbimzgvy2hpy2tlbi1nexjvcy1waxrhlty4ogm4mmywm2zmy2i2nwy4n2nmmthios5qcgc_.jpeg.png', 213) ON CONFLICT DO NOTHING;
INSERT INTO menu_option_groups (menu_id, group_id) VALUES (2652, 1160) ON CONFLICT DO NOTHING;
INSERT INTO menu_option_groups (menu_id, group_id) VALUES (2652, 1297) ON CONFLICT DO NOTHING;
INSERT INTO menu_option_groups (menu_id, group_id) VALUES (2652, 1319) ON CONFLICT DO NOTHING;
INSERT INTO menu_option_groups (menu_id, group_id) VALUES (2652, 1404) ON CONFLICT DO NOTHING;
INSERT INTO menus (id, name, description, image_url, category_id) VALUES (2653, 'Pork Gyros', 'Pite, gjiro gici, tzatziki, domate, qepë e kuqe, patate të skuqura, paprika', 'https://d3u269mlo8clta.cloudfront.net/opa/86383d44-5ccf-11f1-91a3-aa50e5e38a2b_ahr0chm6ly9zdg9yywdllmdvb2dszwfwaxmuy29tl2lrb25hlwj1y2tldc1wcm9kdwn0aw9ul2ltywdlcy82odgzm2e2mzaznmu4ztc3ntg4njbimzgvcg9yay1nexjvcy1waxrhlty4ogm4mmywm2zmy2i2nwy4n2nmmthiyy5qcgc_.jpeg.png', 213) ON CONFLICT DO NOTHING;
INSERT INTO menu_option_groups (menu_id, group_id) VALUES (2653, 1383) ON CONFLICT DO NOTHING;
INSERT INTO menu_option_groups (menu_id, group_id) VALUES (2653, 1297) ON CONFLICT DO NOTHING;
INSERT INTO menu_option_groups (menu_id, group_id) VALUES (2653, 1319) ON CONFLICT DO NOTHING;
INSERT INTO menu_option_groups (menu_id, group_id) VALUES (2653, 1404) ON CONFLICT DO NOTHING;
INSERT INTO menus (id, name, description, image_url, category_id) VALUES (2654, 'Gjiro e Hapur', 'Gjiro e hapur pule ose gici(zgjidh preferencen e mishit)', 'https://d3u269mlo8clta.cloudfront.net/opa/8639abde-5ccf-11f1-91a3-aa50e5e38a2b_ahr0chm6ly9zdg9yywdllmdvb2dszwfwaxmuy29tl2lrb25hlwj1y2tldc1wcm9kdwn0aw9ul2ltywdlcy82odgzm2e2mzaznmu4ztc3ntg4njbimzgvq0hjq0tftiuyme9qru4lmjbhwvjplty4ota3ymmxywm4mzi4mgmwyti3zjfhys5qcgc_.jpeg.png', 213) ON CONFLICT DO NOTHING;
INSERT INTO menu_option_groups (menu_id, group_id) VALUES (2654, 1217) ON CONFLICT DO NOTHING;
INSERT INTO menu_option_groups (menu_id, group_id) VALUES (2654, 1297) ON CONFLICT DO NOTHING;
INSERT INTO menu_option_groups (menu_id, group_id) VALUES (2654, 1319) ON CONFLICT DO NOTHING;
INSERT INTO menu_option_groups (menu_id, group_id) VALUES (2654, 1337) ON CONFLICT DO NOTHING;
INSERT INTO menu_option_groups (menu_id, group_id) VALUES (2654, 1404) ON CONFLICT DO NOTHING;
INSERT INTO menus (id, name, description, image_url, category_id) VALUES (2655, 'Kebab Pita 🌯', 'Pita, tzatziki, qofte viçi, qepë të kuqe, domate, salcë BBQ, paprika', 'https://d3u269mlo8clta.cloudfront.net/opa/8632d2f0-5ccf-11f1-91a3-aa50e5e38a2b_ahr0chm6ly9zdg9yywdllmdvb2dszwfwaxmuy29tl2lrb25hlwj1y2tldc1wcm9kdwn0aw9ul2ltywdlcy82odgzm2e2mzaznmu4ztc3ntg4njbimzgvv29sdf9pueelmjblzwjhyiuymfbpdgetnjg5mddin2yxyjg1ztjlngm4yjjmodi4lnbuzw__.jpeg.png', 213) ON CONFLICT DO NOTHING;
INSERT INTO menu_option_groups (menu_id, group_id) VALUES (2655, 1402) ON CONFLICT DO NOTHING;
INSERT INTO menu_option_groups (menu_id, group_id) VALUES (2655, 1297) ON CONFLICT DO NOTHING;
INSERT INTO menu_option_groups (menu_id, group_id) VALUES (2655, 1404) ON CONFLICT DO NOTHING;
INSERT INTO menu_option_groups (menu_id, group_id) VALUES (2655, 1319) ON CONFLICT DO NOTHING;
INSERT INTO menus (id, name, description, image_url, category_id) VALUES (2656, 'Falafel Pita Hummus', 'Pita, humus, qofte falafeli, qepë të kuqe, domate, sallatë, paprika, speca të pjekur', 'https://d3u269mlo8clta.cloudfront.net/opa/863c10c2-5ccf-11f1-91a3-aa50e5e38a2b_ahr0chm6ly9zdg9yywdllmdvb2dszwfwaxmuy29tl2lrb25hlwj1y2tldc1wcm9kdwn0aw9ul2ltywdlcy82odgzm2e2mzaznmu4ztc3ntg4njbimzgvrmfsywzlbcuymfbpdgetnjg5mddiowjknwywndfkogfjmge1n2iylnbuzw__.jpeg.png', 213) ON CONFLICT DO NOTHING;
INSERT INTO menu_option_groups (menu_id, group_id) VALUES (2656, 1355) ON CONFLICT DO NOTHING;
INSERT INTO menu_option_groups (menu_id, group_id) VALUES (2656, 1297) ON CONFLICT DO NOTHING;
INSERT INTO menu_option_groups (menu_id, group_id) VALUES (2656, 1319) ON CONFLICT DO NOTHING;
INSERT INTO menu_option_groups (menu_id, group_id) VALUES (2656, 1404) ON CONFLICT DO NOTHING;
INSERT INTO menus (id, name, description, image_url, category_id) VALUES (2657, 'Falafael Pita Yougurt', 'Pita, salcë kosi, qofte falafeli, qepë të kuqe, domate, sallatë, paprika, speca të pjekur', 'https://d3u269mlo8clta.cloudfront.net/opa/863c10c2-5ccf-11f1-91a3-aa50e5e38a2b_ahr0chm6ly9zdg9yywdllmdvb2dszwfwaxmuy29tl2lrb25hlwj1y2tldc1wcm9kdwn0aw9ul2ltywdlcy82odgzm2e2mzaznmu4ztc3ntg4njbimzgvrmfsywzlbcuymfbpdgetnjg5mddiowjknwywndfkogfjmge1n2iylnbuzw__.jpeg.png', 213) ON CONFLICT DO NOTHING;
INSERT INTO menu_option_groups (menu_id, group_id) VALUES (2657, 1400) ON CONFLICT DO NOTHING;
INSERT INTO menu_option_groups (menu_id, group_id) VALUES (2657, 1297) ON CONFLICT DO NOTHING;
INSERT INTO menu_option_groups (menu_id, group_id) VALUES (2657, 1319) ON CONFLICT DO NOTHING;
INSERT INTO menu_option_groups (menu_id, group_id) VALUES (2657, 1404) ON CONFLICT DO NOTHING;
INSERT INTO menus (id, name, description, image_url, category_id) VALUES (2658, 'Cheesecake', 'Reçel me fruta të egra', 'https://d3u269mlo8clta.cloudfront.net/opa/b987d668-4e02-11f1-9d34-be6744b30af2_ahr0chm6ly9zdg9yywdllmdvb2dszwfwaxmuy29tl2lrb25hlwj1y2tldc1wcm9kdwn0aw9ul2ltywdlcy82odgzm2e2mzaznmu4ztc3ntg4njbimzgvq2hlzxnly2frzs02odlkoge0yzhkmdhim2m3mjdmmzeyzmquanbn.jpeg.png', 214) ON CONFLICT DO NOTHING;
INSERT INTO menu_option_groups (menu_id, group_id) VALUES (2658, 1404) ON CONFLICT DO NOTHING;
INSERT INTO menus (id, name, description, image_url, category_id) VALUES (2659, 'Loukoumades me Nutella Dhe Lajthi', 'Loukoumades me Nutella Dhe Lajthi', 'https://d3u269mlo8clta.cloudfront.net/opa/87fd97aa-5ccf-11f1-9dc1-aa50e5e38a2b_ahr0chm6ly9zdg9yywdllmdvb2dszwfwaxmuy29tl2lrb25hlwj1y2tldc1wcm9kdwn0aw9ul2ltywdlcy82odgzm2e2mzaznmu4ztc3ntg4njbimzgvtg91a291bwfkzxmlmjbodxrlbgxhjtiwjti2jtiwsgf6zwxudxqtnjg5zdhhngm4zda4yjnjnzi3zjmxmmzmlmpwzw__.jpeg.png', 214) ON CONFLICT DO NOTHING;
INSERT INTO menu_option_groups (menu_id, group_id) VALUES (2659, 1401) ON CONFLICT DO NOTHING;
INSERT INTO menu_option_groups (menu_id, group_id) VALUES (2659, 1404) ON CONFLICT DO NOTHING;
INSERT INTO menus (id, name, description, image_url, category_id) VALUES (2660, 'Loukomades me Mjalte dhe Arra', 'Loukomades me Mjalte dhe Arra', 'https://d3u269mlo8clta.cloudfront.net/opa/a8766d90-5810-11f1-84b4-363dd4c82eca_ahr0chm6ly9zdg9yywdllmdvb2dszwfwaxmuy29tl2lrb25hlwj1y2tldc1wcm9kdwn0aw9ul2ltywdlcy82odgzm2e2mzaznmu4ztc3ntg4njbimzgvtg91a291bwfkzxmlmjbib25lesuymcuyniuyme51dhmtnjg5zdhhngm4zda4yjnjnzi3zjmxmzawlmpwzw__.jpeg.png', 214) ON CONFLICT DO NOTHING;
INSERT INTO menu_option_groups (menu_id, group_id) VALUES (2660, 1329) ON CONFLICT DO NOTHING;
INSERT INTO menu_option_groups (menu_id, group_id) VALUES (2660, 1404) ON CONFLICT DO NOTHING;
INSERT INTO menus (id, name, description, image_url, category_id) VALUES (2661, 'Yogurt', 'Kos grek me mjaltë, arra', 'https://d3u269mlo8clta.cloudfront.net/opa/b99fd1be-4e02-11f1-9d34-be6744b30af2_ahr0chm6ly9zdg9yywdllmdvb2dszwfwaxmuy29tl2lrb25hlwj1y2tldc1wcm9kdwn0aw9ul2ltywdlcy82odgzm2e2mzaznmu4ztc3ntg4njbimzgvww9ndxj0lty4owq4ytrjogqwogizyzcyn2yzmtmwms5qcgc_.jpeg.png', 214) ON CONFLICT DO NOTHING;
INSERT INTO menu_option_groups (menu_id, group_id) VALUES (2661, 1404) ON CONFLICT DO NOTHING;
INSERT INTO menus (id, name, description, image_url, category_id) VALUES (2662, 'Traditional Bakllava ', 'Një version i mbështjellë i bakllavasë tradicionale, 1 copë', 'https://d3u269mlo8clta.cloudfront.net/opa/2ae5325a-5b3d-11f1-b20c-5a781360214a_ahr0chm6ly9zdg9yywdllmdvb2dszwfwaxmuy29tl2lrb25hlwj1y2tldc1wcm9kdwn0aw9ul2ltywdlcy82odgzm2e2mzaznmu4ztc3ntg4njbimzgvqmfrbgxhdmetnjhkmjzjmwfizjm3zwuxowmwyjezzdi1lmpwzw__.jpeg.png', 214) ON CONFLICT DO NOTHING;
INSERT INTO menu_option_groups (menu_id, group_id) VALUES (2662, 1404) ON CONFLICT DO NOTHING;
INSERT INTO menus (id, name, description, image_url, category_id) VALUES (2663, 'Greek Salad', 'Domate, kastravec, speca jeshile, qepë, ullinj kalamata, kapere, djathë i bardhë, rigon', 'https://d3u269mlo8clta.cloudfront.net/opa/cd3023ba-59aa-11f1-a1ea-3e5ee5795ffd_ahr0chm6ly9zdg9yywdllmdvb2dszwfwaxmuy29tl2lrb25hlwj1y2tldc1wcm9kdwn0aw9ul2ltywdlcy82odgzm2e2mzaznmu4ztc3ntg4njbimzgvz3jlzwstc2fsywqtnjg4yzgyzjazzmzjyjy1zjg3y2yxogjilmpwzw__.jpeg.png', 215) ON CONFLICT DO NOTHING;
INSERT INTO menu_option_groups (menu_id, group_id) VALUES (2663, 1297) ON CONFLICT DO NOTHING;
INSERT INTO menu_option_groups (menu_id, group_id) VALUES (2663, 1337) ON CONFLICT DO NOTHING;
INSERT INTO menu_option_groups (menu_id, group_id) VALUES (2663, 1404) ON CONFLICT DO NOTHING;
INSERT INTO menus (id, name, description, image_url, category_id) VALUES (2664, 'Greek Caesar Salad', 'Sallatë baby romane, bukë krokante, salcë Caesar, djathë parmixhan, domate', 'https://d3u269mlo8clta.cloudfront.net/opa/2aa04e7e-5b3d-11f1-9efb-5a781360214a_ahr0chm6ly9zdg9yywdllmdvb2dszwfwaxmuy29tl2lrb25hlwj1y2tldc1wcm9kdwn0aw9ul2ltywdlcy82odgzm2e2mzaznmu4ztc3ntg4njbimzgvz3jlzwsty2flc2fylxnhbgfklty4ogm4mzm3zwniyjk5nwrhyzrjzjvmmy5qcgc_.jpeg.png', 215) ON CONFLICT DO NOTHING;
INSERT INTO menu_option_groups (menu_id, group_id) VALUES (2664, 1297) ON CONFLICT DO NOTHING;
INSERT INTO menu_option_groups (menu_id, group_id) VALUES (2664, 1299) ON CONFLICT DO NOTHING;
INSERT INTO menu_option_groups (menu_id, group_id) VALUES (2664, 1337) ON CONFLICT DO NOTHING;
INSERT INTO menu_option_groups (menu_id, group_id) VALUES (2664, 1404) ON CONFLICT DO NOTHING;
INSERT INTO menus (id, name, description, image_url, category_id) VALUES (2665, 'Cretan Salad ', 'domate, kaperi, vaj ulliri me hudher, djath i bardhe feta, rigon, buke krokante', 'https://d3u269mlo8clta.cloudfront.net/opa/86415e7e-5ccf-11f1-91a3-aa50e5e38a2b_ahr0chm6ly9zdg9yywdllmdvb2dszwfwaxmuy29tl2lrb25hlwj1y2tldc1wcm9kdwn0aw9ul2ltywdlcy82odgzm2e2mzaznmu4ztc3ntg4njbimzgvy3jldgfulxnhbgfklty4ogm4mmywm2zmy2i2nwy4n2nmmthiys5qcgc_.jpeg.png', 215) ON CONFLICT DO NOTHING;
INSERT INTO menu_option_groups (menu_id, group_id) VALUES (2665, 1297) ON CONFLICT DO NOTHING;
INSERT INTO menu_option_groups (menu_id, group_id) VALUES (2665, 1337) ON CONFLICT DO NOTHING;
INSERT INTO menu_option_groups (menu_id, group_id) VALUES (2665, 1404) ON CONFLICT DO NOTHING;
INSERT INTO menus (id, name, description, image_url, category_id) VALUES (2666, 'Avocado Salad ', 'Sallatë baby romane, koper, salcë me mustard & mjaltë, bukë krokante, avokado', 'https://d3u269mlo8clta.cloudfront.net/opa/86429a5a-5ccf-11f1-91a3-aa50e5e38a2b_ahr0chm6ly9zdg9yywdllmdvb2dszwfwaxmuy29tl2lrb25hlwj1y2tldc1wcm9kdwn0aw9ul2ltywdlcy82odgzm2e2mzaznmu4ztc3ntg4njbimzgvv29sdf9pueelmjbbdm9jywrvjtiwu2fsywqtnjlknzyymgizzdbkztk4yjhkyjg4nmixlnbuzw__.jpeg.png', 215) ON CONFLICT DO NOTHING;
INSERT INTO menu_option_groups (menu_id, group_id) VALUES (2666, 1337) ON CONFLICT DO NOTHING;
INSERT INTO menu_option_groups (menu_id, group_id) VALUES (2666, 1297) ON CONFLICT DO NOTHING;
INSERT INTO menus (id, name, description, image_url, category_id) VALUES (2667, 'Pork Skewers 1 cope ', 'Pork Skewers 1 cope ', 'https://d3u269mlo8clta.cloudfront.net/opa/de9a2194-5105-11f1-ae25-d25ea4edeca5_ahr0chm6ly9zdg9yywdllmdvb2dszwfwaxmuy29tl2lrb25hlwj1y2tldc1wcm9kdwn0aw9ul2ltywdlcy82odgzm2e2mzaznmu4ztc3ntg4njbimzgvug9yayuymfnrzxdlcnmtnjg5y2mxnzqzm2jhy2ezy2jhnzyyzdzmlmpwzw__.jpeg.png', 216) ON CONFLICT DO NOTHING;
INSERT INTO menu_option_groups (menu_id, group_id) VALUES (2667, 1297) ON CONFLICT DO NOTHING;
INSERT INTO menu_option_groups (menu_id, group_id) VALUES (2667, 1319) ON CONFLICT DO NOTHING;
INSERT INTO menu_option_groups (menu_id, group_id) VALUES (2667, 1404) ON CONFLICT DO NOTHING;
INSERT INTO menu_option_groups (menu_id, group_id) VALUES (2667, 1337) ON CONFLICT DO NOTHING;
INSERT INTO menus (id, name, description, image_url, category_id) VALUES (2668, 'Chicken Skewers 1 cope DEL', 'Chicken Skewers 1 cope', 'https://d3u269mlo8clta.cloudfront.net/opa/a88b36bc-5810-11f1-84b4-363dd4c82eca_ahr0chm6ly9zdg9yywdllmdvb2dszwfwaxmuy29tl2lrb25hlwj1y2tldc1wcm9kdwn0aw9ul2ltywdlcy82odgzm2e2mzaznmu4ztc3ntg4njbimzgvq2hpy2tlbiuymfnrzxdlcnmtnjg5y2mxnzqzm2jhy2ezy2jhnzyyzdzllmpwzw__.jpeg.png', 216) ON CONFLICT DO NOTHING;
INSERT INTO menu_option_groups (menu_id, group_id) VALUES (2668, 1297) ON CONFLICT DO NOTHING;
INSERT INTO menu_option_groups (menu_id, group_id) VALUES (2668, 1337) ON CONFLICT DO NOTHING;
INSERT INTO menu_option_groups (menu_id, group_id) VALUES (2668, 1319) ON CONFLICT DO NOTHING;
INSERT INTO menu_option_groups (menu_id, group_id) VALUES (2668, 1404) ON CONFLICT DO NOTHING;
INSERT INTO menus (id, name, description, image_url, category_id) VALUES (2669, 'Kebab Skewers 1 cope', 'Kebab Skewers 1 cope', 'https://d3u269mlo8clta.cloudfront.net/opa/86468d36-5ccf-11f1-91a3-aa50e5e38a2b_ahr0chm6ly9zdg9yywdllmdvb2dszwfwaxmuy29tl2lrb25hlwj1y2tldc1wcm9kdwn0aw9ul2ltywdlcy82odgzm2e2mzaznmu4ztc3ntg4njbimzgvs2viywilmjbta2v3zxjzlty4ownjmtc0mzniywnhm2niytc2mmq3mc5qcgc_.jpeg.png', 216) ON CONFLICT DO NOTHING;
INSERT INTO menu_option_groups (menu_id, group_id) VALUES (2669, 1297) ON CONFLICT DO NOTHING;
INSERT INTO menu_option_groups (menu_id, group_id) VALUES (2669, 1337) ON CONFLICT DO NOTHING;
INSERT INTO menu_option_groups (menu_id, group_id) VALUES (2669, 1319) ON CONFLICT DO NOTHING;
INSERT INTO menu_option_groups (menu_id, group_id) VALUES (2669, 1404) ON CONFLICT DO NOTHING;
INSERT INTO menus (id, name, description, image_url, category_id) VALUES (2670, 'Junior Tortilla Combo', 'Tortilla, gjiro, djathë çedar, patate të skuqura, pije', 'https://d3u269mlo8clta.cloudfront.net/opa/8647c2b4-5ccf-11f1-91a3-aa50e5e38a2b_ahr0chm6ly9zdg9yywdllmdvb2dszwfwaxmuy29tl2lrb25hlwj1y2tldc1wcm9kdwn0aw9ul2ltywdlcy82odgzm2e2mzaznmu4ztc3ntg4njbimzgvsnvuaw9yjtiwvg9ydglsbgelmjbdb21iby02odljy2i1mdmzymfjytnjyme3njjkzjyuanbn.jpeg.png', 217) ON CONFLICT DO NOTHING;
INSERT INTO menu_option_groups (menu_id, group_id) VALUES (2670, 1334) ON CONFLICT DO NOTHING;
INSERT INTO menu_option_groups (menu_id, group_id) VALUES (2670, 1298) ON CONFLICT DO NOTHING;
INSERT INTO menu_option_groups (menu_id, group_id) VALUES (2670, 1382) ON CONFLICT DO NOTHING;
INSERT INTO menu_option_groups (menu_id, group_id) VALUES (2670, 1337) ON CONFLICT DO NOTHING;
INSERT INTO menu_option_groups (menu_id, group_id) VALUES (2670, 1404) ON CONFLICT DO NOTHING;
INSERT INTO menus (id, name, description, image_url, category_id) VALUES (2671, 'Junior Pita Combo', 'Tortilla, gjiro, salcë çedari, patate të skuqura, pije', 'https://d3u269mlo8clta.cloudfront.net/opa/a9cb3d1a-5810-11f1-a4cc-f27f12c3e0fa_ahr0chm6ly9zdg9yywdllmdvb2dszwfwaxmuy29tl2lrb25hlwj1y2tldc1wcm9kdwn0aw9ul2ltywdlcy82odgzm2e2mzaznmu4ztc3ntg4njbimzgvsnvuaw9yjtiwugl0ysuymenvbwjvlty4ownjyjuwmzniywnhm2niytc2mmrmny5qcgc_.jpeg.png', 217) ON CONFLICT DO NOTHING;
INSERT INTO menu_option_groups (menu_id, group_id) VALUES (2671, 1408) ON CONFLICT DO NOTHING;
INSERT INTO menu_option_groups (menu_id, group_id) VALUES (2671, 1298) ON CONFLICT DO NOTHING;
INSERT INTO menu_option_groups (menu_id, group_id) VALUES (2671, 1382) ON CONFLICT DO NOTHING;
INSERT INTO menu_option_groups (menu_id, group_id) VALUES (2671, 1337) ON CONFLICT DO NOTHING;
INSERT INTO menu_option_groups (menu_id, group_id) VALUES (2671, 1404) ON CONFLICT DO NOTHING;
INSERT INTO menus (id, name, description, image_url, category_id) VALUES (2672, 'OPA Junior Burger Combo', 'Qofte me mish viçi, bukë burgeri, djathë çedari, ketchup, patate të skuqura, coca-cola 0.25l', 'https://d3u269mlo8clta.cloudfront.net/opa/3e552afe-544c-11f1-8f56-0a821d6f233c_ahr0chm6ly9zdg9yywdllmdvb2dszwfwaxmuy29tl2lrb25hlwj1y2tldc1wcm9kdwn0aw9ul2ltywdlcy82odgzm2e2mzaznmu4ztc3ntg4njbimzgvt3bhlup1bmlvci1cdxjnzxitnjg5y2nkodywytjlmzk2ntbhywvjzjnmlmpwzw__.jpeg.png', 217) ON CONFLICT DO NOTHING;
INSERT INTO menu_option_groups (menu_id, group_id) VALUES (2672, 1298) ON CONFLICT DO NOTHING;
INSERT INTO menu_option_groups (menu_id, group_id) VALUES (2672, 1382) ON CONFLICT DO NOTHING;
INSERT INTO menu_option_groups (menu_id, group_id) VALUES (2672, 1337) ON CONFLICT DO NOTHING;
INSERT INTO menu_option_groups (menu_id, group_id) VALUES (2672, 1404) ON CONFLICT DO NOTHING;
INSERT INTO menus (id, name, description, image_url, category_id) VALUES (2673, 'Eros', 'Tortilla, shishqebap gici, tzatziki, sallatë romane, qepë të kuqe & domate', 'https://d3u269mlo8clta.cloudfront.net/opa/2ab29638-5b3d-11f1-9efb-5a781360214a_ahr0chm6ly9zdg9yywdllmdvb2dszwfwaxmuy29tl2lrb25hlwj1y2tldc1wcm9kdwn0aw9ul2ltywdlcy82odgzm2e2mzaznmu4ztc3ntg4njbimzgvrxjvcy02odljyzk2ywe1y2vmndzly2u4njy2odmuanbn.jpeg.png', 218) ON CONFLICT DO NOTHING;
INSERT INTO menu_option_groups (menu_id, group_id) VALUES (2673, 1314) ON CONFLICT DO NOTHING;
INSERT INTO menu_option_groups (menu_id, group_id) VALUES (2673, 1297) ON CONFLICT DO NOTHING;
INSERT INTO menu_option_groups (menu_id, group_id) VALUES (2673, 1319) ON CONFLICT DO NOTHING;
INSERT INTO menu_option_groups (menu_id, group_id) VALUES (2673, 1404) ON CONFLICT DO NOTHING;
INSERT INTO menus (id, name, description, image_url, category_id) VALUES (2674, 'Gaia', 'Tortilla, gjiro pule, salcë opa majonezë, sallatë romane, qepë të kuqe & domate', 'https://d3u269mlo8clta.cloudfront.net/opa/a9d27544-5810-11f1-a4cc-f27f12c3e0fa_ahr0chm6ly9zdg9yywdllmdvb2dszwfwaxmuy29tl2lrb25hlwj1y2tldc1wcm9kdwn0aw9ul2ltywdlcy82odgzm2e2mzaznmu4ztc3ntg4njbimzgvr2fpys02odljyzk2ywe1y2vmndzly2u4njy2odyuanbn.jpeg.png', 218) ON CONFLICT DO NOTHING;
INSERT INTO menu_option_groups (menu_id, group_id) VALUES (2674, 1384) ON CONFLICT DO NOTHING;
INSERT INTO menu_option_groups (menu_id, group_id) VALUES (2674, 1297) ON CONFLICT DO NOTHING;
INSERT INTO menu_option_groups (menu_id, group_id) VALUES (2674, 1319) ON CONFLICT DO NOTHING;
INSERT INTO menu_option_groups (menu_id, group_id) VALUES (2674, 1404) ON CONFLICT DO NOTHING;
INSERT INTO menus (id, name, description, image_url, category_id) VALUES (2675, 'Zeus', 'Tortilla, gjiro gici, tzatziki, sallatë romane, qepë të kuqe & domate', 'https://d3u269mlo8clta.cloudfront.net/opa/865094f2-5ccf-11f1-91a3-aa50e5e38a2b_ahr0chm6ly9zdg9yywdllmdvb2dszwfwaxmuy29tl2lrb25hlwj1y2tldc1wcm9kdwn0aw9ul2ltywdlcy82odgzm2e2mzaznmu4ztc3ntg4njbimzgvwmv1cy02odljyzk2ywe1y2vmndzly2u4njy2oduuanbn.jpeg.png', 218) ON CONFLICT DO NOTHING;
INSERT INTO menu_option_groups (menu_id, group_id) VALUES (2675, 1330) ON CONFLICT DO NOTHING;
INSERT INTO menu_option_groups (menu_id, group_id) VALUES (2675, 1297) ON CONFLICT DO NOTHING;
INSERT INTO menu_option_groups (menu_id, group_id) VALUES (2675, 1319) ON CONFLICT DO NOTHING;
INSERT INTO menu_option_groups (menu_id, group_id) VALUES (2675, 1404) ON CONFLICT DO NOTHING;
INSERT INTO menus (id, name, description, image_url, category_id) VALUES (2676, 'Hermes', 'Tortilla, shishqebap pule i marinuar, sallatë romane, opa majonezë, qepë të kuqe & domate', 'https://d3u269mlo8clta.cloudfront.net/opa/87e2cd80-5ccf-11f1-9dc1-aa50e5e38a2b_ahr0chm6ly9zdg9yywdllmdvb2dszwfwaxmuy29tl2lrb25hlwj1y2tldc1wcm9kdwn0aw9ul2ltywdlcy82odgzm2e2mzaznmu4ztc3ntg4njbimzgvsgvybwvzlty4ownjotzhytvjzwy0nmvjztg2njy4nc5qcgc_.jpeg.png', 218) ON CONFLICT DO NOTHING;
INSERT INTO menu_option_groups (menu_id, group_id) VALUES (2676, 1335) ON CONFLICT DO NOTHING;
INSERT INTO menu_option_groups (menu_id, group_id) VALUES (2676, 1297) ON CONFLICT DO NOTHING;
INSERT INTO menu_option_groups (menu_id, group_id) VALUES (2676, 1319) ON CONFLICT DO NOTHING;
INSERT INTO menu_option_groups (menu_id, group_id) VALUES (2676, 1404) ON CONFLICT DO NOTHING;
INSERT INTO menus (id, name, description, image_url, category_id) VALUES (2677, 'Selita 0.5L Natyral', 'Selita 0.5L Natyral', 'https://d3u269mlo8clta.cloudfront.net/opa/4955dda6-5c06-11f1-b78f-821f4baea331_ahr0chm6ly9zdg9yywdllmdvb2dszwfwaxmuy29tl2lrb25hlwj1y2tldc1wcm9kdwn0aw9ul2ltywdlcy82odgzm2e2mzaznmu4ztc3ntg4njbimzgvymizmgmzztatzte0zc0xmwvlltg0ndgtzdyxmje3n2q4m2i2x2rvd25sb2fkx18xxy02ogqzzdyxnmfioti2ogrkodbknjm4mwyuanbn.jpeg.png', 219) ON CONFLICT DO NOTHING;
INSERT INTO menus (id, name, description, image_url, category_id) VALUES (2678, 'Selita 0.5l Gaz ', 'Selita 0.5l Gaz', 'https://d3u269mlo8clta.cloudfront.net/opa/2ac5a750-5b3d-11f1-8363-76680f96d918_ahr0chm6ly9zdg9yywdllmdvb2dszwfwaxmuy29tl2lrb25hlwj1y2tldc1wcm9kdwn0aw9ul2ltywdlcy82odgzm2e2mzaznmu4ztc3ntg4njbimzgvnjzlmdflnzkwzta1mjq1zmriotawymuwjtiwkdeplty4zdnlztuznwqymzkxy2m5zta3nwnjmy5qcgvn.jpeg.png', 219) ON CONFLICT DO NOTHING;
INSERT INTO menus (id, name, description, image_url, category_id) VALUES (2679, 'Coca Cola 0.33 Normale ', 'Coca Cola 0.33 Normale ', 'https://d3u269mlo8clta.cloudfront.net/opa/87e71106-5ccf-11f1-9dc1-aa50e5e38a2b_ahr0chm6ly9zdg9yywdllmdvb2dszwfwaxmuy29tl2lrb25hlwj1y2tldc1wcm9kdwn0aw9ul2ltywdlcy82odgzm2e2mzaznmu4ztc3ntg4njbimzgvm2m4y2mwytytzgzlni0xmwvllthhzjytmmfmmtczogvlzwe3x2nvy2fsx2nvbgetnjhkm2rjztdizjm3zwuxowmwyje0ntzmlnbuzw__.jpeg.png', 219) ON CONFLICT DO NOTHING;
INSERT INTO menus (id, name, description, image_url, category_id) VALUES (2680, 'Coca Cola 0.33 Zero', 'Coca Cola 0.33 Zero DEL', 'https://d3u269mlo8clta.cloudfront.net/opa/f7a22f7c-55bc-11f1-8cfe-86b169170ea4_ahr0chm6ly9zdg9yywdllmdvb2dszwfwaxmuy29tl2lrb25hlwj1y2tldc1wcm9kdwn0aw9ul2ltywdlcy82odgzm2e2mzaznmu4ztc3ntg4njbimzgvndc0mtdkzjitztfmoc0xmwvllwi1mwmtzdixmdg4ytliztfix2nvy2ffy29syv96zxjvlty4zdnky2u3ymyzn2vlmtljmgixndu3mc5wbmc_.jpeg.png', 219) ON CONFLICT DO NOTHING;
INSERT INTO menus (id, name, description, image_url, category_id) VALUES (2681, 'Fanta Ekzotik 0.33', 'Fanta Ekzotik 0.33 ', 'https://d3u269mlo8clta.cloudfront.net/opa/87e9c9aa-5ccf-11f1-9dc1-aa50e5e38a2b_ahr0chm6ly9zdg9yywdllmdvb2dszwfwaxmuy29tl2lrb25hlwj1y2tldc1wcm9kdwn0aw9ul2ltywdlcy82odgzm2e2mzaznmu4ztc3ntg4njbimzgvnjcxzjy1mde5ngjmoti2nguxzdliztvjlty4zdnky2u3ymyzn2vlmtljmgixndu3mi5wbmc_.jpeg.png', 219) ON CONFLICT DO NOTHING;
INSERT INTO menus (id, name, description, image_url, category_id) VALUES (2682, 'Fanta Orange 0.33 ', 'Fanta Orange 0.33 ', 'https://d3u269mlo8clta.cloudfront.net/opa/87eb12ba-5ccf-11f1-9dc1-aa50e5e38a2b_ahr0chm6ly9zdg9yywdllmdvb2dszwfwaxmuy29tl2lrb25hlwj1y2tldc1wcm9kdwn0aw9ul2ltywdlcy82odgzm2e2mzaznmu4ztc3ntg4njbimzgvmjk1zdqzyzatzgzlni0xmwvllwjhngitn2ezmjqyotqzzmi1x2zhbnrhx29yyw5nzwfkzs02ogqzzgnln2jmmzdlzte5yzbimtq1nzeucg5n.jpeg.png', 219) ON CONFLICT DO NOTHING;
INSERT INTO menus (id, name, description, image_url, category_id) VALUES (2683, 'Lipton Ice Tea Lemon 0.33', 'Lipton Ice Tea Lemon 0.33', 'https://d3u269mlo8clta.cloudfront.net/opa/d9b785d8-5770-11f1-a865-7acffcb6af02_ahr0chm6ly9zdg9yywdllmdvb2dszwfwaxmuy29tl2lrb25hlwj1y2tldc1wcm9kdwn0aw9ul2ltywdlcy82odgzm2e2mzaznmu4ztc3ntg4njbimzgvnjzlmde5mziwzta1mjq1zmriotawyjfilty4zdnky2u3ymyzn2vlmtljmgixndu3nc5wbmc_.jpeg.png', 219) ON CONFLICT DO NOTHING;
INSERT INTO menus (id, name, description, image_url, category_id) VALUES (2684, 'Lipton Ice Tea Peach 0.33', 'Lipton Ice Tea Peach 0.33', 'https://d3u269mlo8clta.cloudfront.net/opa/d9b785d8-5770-11f1-a865-7acffcb6af02_ahr0chm6ly9zdg9yywdllmdvb2dszwfwaxmuy29tl2lrb25hlwj1y2tldc1wcm9kdwn0aw9ul2ltywdlcy82odgzm2e2mzaznmu4ztc3ntg4njbimzgvnjzlmde5mziwzta1mjq1zmriotawyjfilty4zdnky2u3ymyzn2vlmtljmgixndu3nc5wbmc_.jpeg.png', 219) ON CONFLICT DO NOTHING;
INSERT INTO menus (id, name, description, image_url, category_id) VALUES (2685, 'Ayran ', 'Ayran ', 'https://d3u269mlo8clta.cloudfront.net/opa/4ddc0320-55ec-11f1-96d9-324858f7876b_ahr0chm6ly9zdg9yywdllmdvb2dszwfwaxmuy29tl2lrb25hlwj1y2tldc1wcm9kdwn0aw9ul2ltywdlcy82odgzm2e2mzaznmu4ztc3ntg4njbimzgvmtywodgxlty4zdnlnmewowi5ymexyjhiotgyzwy3zs5wbmc_.jpeg.png', 219) ON CONFLICT DO NOTHING;
INSERT INTO menus (id, name, description, image_url, category_id) VALUES (2686, 'Orange Soda 0.33', 'Orange Soda 0.33', 'https://d3u269mlo8clta.cloudfront.net/opa/6aff999a-5127-11f1-888b-6afdeb040c6f_ahr0chm6ly9zdg9yywdllmdvb2dszwfwaxmuy29tl2lrb25hlwj1y2tldc1wcm9kdwn0aw9ul2ltywdlcy82odgzm2e2mzaznmu4ztc3ntg4njbimzgvnjzlmde5yjm1mgzjnwu2nzg5zwe4mtnilty4zdnky2u3ymyzn2vlmtljmgixndu3ns5qcgvn.jpeg.png', 219) ON CONFLICT DO NOTHING;
INSERT INTO menus (id, name, description, image_url, category_id) VALUES (2687, 'Lemon Soda 0.33', 'Lemon Soda 0.33', 'https://d3u269mlo8clta.cloudfront.net/opa/87f6c1dc-5ccf-11f1-9dc1-aa50e5e38a2b_ahr0chm6ly9zdg9yywdllmdvb2dszwfwaxmuy29tl2lrb25hlwj1y2tldc1wcm9kdwn0aw9ul2ltywdlcy82odgzm2e2mzaznmu4ztc3ntg4njbimzgvnjzlmde5yjk1mgzjnwu2nzg5zwe4mtnjlty4zdnky2u3ymyzn2vlmtljmgixndu3ni5qcgvn.jpeg.png', 219) ON CONFLICT DO NOTHING;
INSERT INTO menus (id, name, description, image_url, category_id) VALUES (2688, 'Rose Lemonade ', 'Rose Lemonade ', 'https://d3u269mlo8clta.cloudfront.net/opa/87f915b8-5ccf-11f1-9dc1-aa50e5e38a2b_ahr0chm6ly9zdg9yywdllmdvb2dszwfwaxmuy29tl2lrb25hlwj1y2tldc1wcm9kdwn0aw9ul2ltywdlcy82odgzm2e2mzaznmu4ztc3ntg4njbimzgvv2hhdhnbchalmjbjbwfnzsuymdiwmjutmdktmjqlmjbhdcuymdeyntizml9jmdi2odywmi02ogqzy2rlmwuzmdfmowmwmdfhoduwowmuanbn.jpeg.png', 219) ON CONFLICT DO NOTHING;
INSERT INTO menus (id, name, description, image_url, category_id) VALUES (2689, 'Schweppes Indian Tonic 0.33L', 'Schweppes Indian Tonic 0.33L', 'https://d3u269mlo8clta.cloudfront.net/opa/87fb2e8e-5ccf-11f1-9dc1-aa50e5e38a2b_ahr0chm6ly9zdg9yywdllmdvb2dszwfwaxmuy29tl2lrb25hlwj1y2tldc1wcm9kdwn0aw9ul2ltywdlcy82odgzm2e2mzaznmu4ztc3ntg4njbimzgvnjhimtljztizy2ixnmrmywyxoda3yty1lty4zdnky2u3ymyzn2vlmtljmgixndu3os5wbmc_.jpeg.png', 219) ON CONFLICT DO NOTHING;
INSERT INTO menus (id, name, description, image_url, category_id) VALUES (2690, 'Bacon Mayo Sauce', 'Bacon Mayo Sauce', 'https://d3u269mlo8clta.cloudfront.net/opa/88058866-5ccf-11f1-9dc1-aa50e5e38a2b_ahr0chm6ly9zdg9yywdllmdvb2dszwfwaxmuy29tl2lrb25hlwj1y2tldc1wcm9kdwn0aw9ul2ltywdlcy82odgzm2e2mzaznmu4ztc3ntg4njbimzgvqmfjb24lmjbtyxvjzsuymfbmvsuymdewmda3mda0lty4yzk0mdc2ztmwmwy5yzawmwe4mjzhys5wbmc_.jpeg.png', 220) ON CONFLICT DO NOTHING;
INSERT INTO menus (id, name, description, image_url, category_id) VALUES (2691, 'Barbeque sauce', 'Barbeque sauce', 'https://d3u269mlo8clta.cloudfront.net/opa/880735d0-5ccf-11f1-9dc1-aa50e5e38a2b_ahr0chm6ly9zdg9yywdllmdvb2dszwfwaxmuy29tl2lrb25hlwj1y2tldc1wcm9kdwn0aw9ul2ltywdlcy82odgzm2e2mzaznmu4ztc3ntg4njbimzgvu3dlzxqlmjbdaglsasuynlrhcnjhz29ujtiwu2f1y2ulmjbqtfulmjaxmdawnzayny02ogm5ndfkytliowjhmwi4yjk4mmm0n2uucg5n.jpeg.png', 220) ON CONFLICT DO NOTHING;
INSERT INTO menus (id, name, description, image_url, category_id) VALUES (2692, 'Cheddar Sauce ', 'Cheddar Sauce ', 'https://d3u269mlo8clta.cloudfront.net/opa/2b0a3366-5b3d-11f1-b26e-a67a9c999200_ahr0chm6ly9zdg9yywdllmdvb2dszwfwaxmuy29tl2lrb25hlwj1y2tldc1wcm9kdwn0aw9ul2ltywdlcy82odgzm2e2mzaznmu4ztc3ntg4njbimzgvq2hlzgrhciuymfnhdwnljtiwcgx1jtiwmtawmdcwmtytnjhjotqxngrlotdmogm4yzgwntm1owvmlnbuzw__.jpeg.png', 220) ON CONFLICT DO NOTHING;
INSERT INTO menus (id, name, description, image_url, category_id) VALUES (2693, 'Chili Garlic Mayo', 'Chili Garlic Mayo', 'https://d3u269mlo8clta.cloudfront.net/opa/bc5e9e08-4e02-11f1-b5fe-c24319c933ee_ahr0chm6ly9zdg9yywdllmdvb2dszwfwaxmuy29tl2lrb25hlwj1y2tldc1wcm9kdwn0aw9ul2ltywdlcy82odgzm2e2mzaznmu4ztc3ntg4njbimzgvq2hpbgklmjbhyxjsawmlmjbnyxlvjtiwuexvjtiwmtawmdcwmjmtnjhjotqxngrlotdmogm4yzgwntm1owywlnbuzw__.jpeg.png', 220) ON CONFLICT DO NOTHING;
INSERT INTO menus (id, name, description, image_url, category_id) VALUES (2694, 'Greekamole', 'Greekamole', 'https://d3u269mlo8clta.cloudfront.net/opa/880b2dc0-5ccf-11f1-9dc1-aa50e5e38a2b_ahr0chm6ly9zdg9yywdllmdvb2dszwfwaxmuy29tl2lrb25hlwj1y2tldc1wcm9kdwn0aw9ul2ltywdlcy82odgzm2e2mzaznmu4ztc3ntg4njbimzgvr3jlzwthbw9szsuymfbmvsuymdewmda3mdi2lty4yzk0mje2nti1nznjy2eyntg2owmync5wbmc_.jpeg.png', 220) ON CONFLICT DO NOTHING;
INSERT INTO menus (id, name, description, image_url, category_id) VALUES (2695, 'Homemade Pickled Cucumber', 'Homemade Pickled Cucumber', 'https://d3u269mlo8clta.cloudfront.net/opa/ceb46048-59aa-11f1-93ad-96266858967f_ahr0chm6ly9zdg9yywdllmdvb2dszwfwaxmuy29tl2lrb25hlwj1y2tldc1wcm9kdwn0aw9ul2ltywdlcy82odgzm2e2mzaznmu4ztc3ntg4njbimzgvsg9tzw1hzgulmjbqawnrbgulmjbddwn1bwjlciuymfbmvsuymdewmda3mdi0lty4y2e2yjm4njk4nznhowfkmta2zty4zi5wbmc_.jpeg.png', 220) ON CONFLICT DO NOTHING;
INSERT INTO menus (id, name, description, image_url, category_id) VALUES (2696, 'Hummus Small', 'Hummus', 'https://d3u269mlo8clta.cloudfront.net/opa/4deb71d4-55ec-11f1-96d9-324858f7876b_ahr0chm6ly9zdg9yywdllmdvb2dszwfwaxmuy29tl2lrb25hlwj1y2tldc1wcm9kdwn0aw9ul2ltywdlcy82odgzm2e2mzaznmu4ztc3ntg4njbimzgvshvtbxvzjtiwcgx1jtiwmtawmdcwmjutnjhjotqxngrlotdmogm4yzgwntm1owvllnbuzw__.jpeg.png', 220) ON CONFLICT DO NOTHING;
INSERT INTO menus (id, name, description, image_url, category_id) VALUES (2697, 'Ketchup Bustine', 'Ketchup Bustine', 'https://d3u269mlo8clta.cloudfront.net/opa/a714b1de-54f3-11f1-9197-6605e9b45cdd_ahr0chm6ly9zdg9yywdllmdvb2dszwfwaxmuy29tl2lrb25hlwj1y2tldc1wcm9kdwn0aw9ul2ltywdlcy82odgzm2e2mzaznmu4ztc3ntg4njbimzgvu2lyywnhjtiwu21hbgwlmjaxmdawnzaxmc02otqyodm5zwe0mtdjnjgxodkzmwi3ytuucg5n.jpeg.png', 220) ON CONFLICT DO NOTHING;
INSERT INTO menus (id, name, description, image_url, category_id) VALUES (2698, 'Mayonnaise Bustine', 'Mayonnaise', 'https://d3u269mlo8clta.cloudfront.net/opa/88107f6e-5ccf-11f1-9dc1-aa50e5e38a2b_ahr0chm6ly9zdg9yywdllmdvb2dszwfwaxmuy29tl2lrb25hlwj1y2tldc1wcm9kdwn0aw9ul2ltywdlcy82odgzm2e2mzaznmu4ztc3ntg4njbimzgvtwf5b25uywlzzsuymej1c3rpbmulmjaxmdawnzaymi02ogm5nde0zgu5n2y4yzhjoda1mzu5zjeucg5n.jpeg.png', 220) ON CONFLICT DO NOTHING;
INSERT INTO menus (id, name, description, image_url, category_id) VALUES (2699, 'Mustarde - bustine', 'Mustarde', 'https://d3u269mlo8clta.cloudfront.net/opa/cebb2b26-59aa-11f1-93ad-96266858967f_ahr0chm6ly9zdg9yywdllmdvb2dszwfwaxmuy29tl2lrb25hlwj1y2tldc1wcm9kdwn0aw9ul2ltywdlcy82odgzm2e2mzaznmu4ztc3ntg4njbimzgvtxvzdgfyzcuymej1c3rpbmulmjaxmdawnzaxmy02ogm5nde0zgu5n2y4yzhjoda1mzu5zjiucg5n.jpeg.png', 220) ON CONFLICT DO NOTHING;
INSERT INTO menus (id, name, description, image_url, category_id) VALUES (2700, 'OPA Mayo', 'OPA Mayo', 'https://d3u269mlo8clta.cloudfront.net/opa/2af548fc-5b3d-11f1-b255-66762f591619_ahr0chm6ly9zdg9yywdllmdvb2dszwfwaxmuy29tl2lrb25hlwj1y2tldc1wcm9kdwn0aw9ul2ltywdlcy82odgzm2e2mzaznmu4ztc3ntg4njbimzgvt1bbjtiwtwf5byuymfbmvsuymdewmda3mda5lty4yzk0mwjhm2vknta0odqxmju0ndrlzs5wbmc_.jpeg.png', 220) ON CONFLICT DO NOTHING;
INSERT INTO menus (id, name, description, image_url, category_id) VALUES (2701, 'Siraca - small', 'Siraca', 'https://d3u269mlo8clta.cloudfront.net/opa/44f2f4f4-46f0-11f1-87bf-4603c4ef4e2a_ahr0chm6ly9zdg9yywdllmdvb2dszwfwaxmuy29tl2lrb25hlwj1y2tldc1wcm9kdwn0aw9ul2ltywdlcy82odgzm2e2mzaznmu4ztc3ntg4njbimzgvu2lyywnhlty4y2e2yjywotc3ztbimzkxyjhjyznhni5wbmc_.jpeg.png', 220) ON CONFLICT DO NOTHING;
INSERT INTO menus (id, name, description, image_url, category_id) VALUES (2702, 'Sweet chilli & tarragon sauce', 'Sweet chilli & tarragon sauce', 'https://d3u269mlo8clta.cloudfront.net/opa/880735d0-5ccf-11f1-9dc1-aa50e5e38a2b_ahr0chm6ly9zdg9yywdllmdvb2dszwfwaxmuy29tl2lrb25hlwj1y2tldc1wcm9kdwn0aw9ul2ltywdlcy82odgzm2e2mzaznmu4ztc3ntg4njbimzgvu3dlzxqlmjbdaglsasuynlrhcnjhz29ujtiwu2f1y2ulmjbqtfulmjaxmdawnzayny02ogm5ndfkytliowjhmwi4yjk4mmm0n2uucg5n.jpeg.png', 220) ON CONFLICT DO NOTHING;
INSERT INTO menus (id, name, description, image_url, category_id) VALUES (2703, 'Tirokafteri - small', 'Tirokafteri', 'https://d3u269mlo8clta.cloudfront.net/opa/88172396-5ccf-11f1-9dc1-aa50e5e38a2b_ahr0chm6ly9zdg9yywdllmdvb2dszwfwaxmuy29tl2lrb25hlwj1y2tldc1wcm9kdwn0aw9ul2ltywdlcy82odgzm2e2mzaznmu4ztc3ntg4njbimzgvvglyb2thznrlcmktms02ogm5ndfmmtnhmjg5ndnlmwflmja5mjeucg5n.jpeg.png', 220) ON CONFLICT DO NOTHING;
INSERT INTO menus (id, name, description, image_url, category_id) VALUES (2704, 'Truffle Mayo', 'Truffle Mayo', 'https://d3u269mlo8clta.cloudfront.net/opa/bc8783cc-4e02-11f1-b5fe-c24319c933ee_ahr0chm6ly9zdg9yywdllmdvb2dszwfwaxmuy29tl2lrb25hlwj1y2tldc1wcm9kdwn0aw9ul2ltywdlcy82odgzm2e2mzaznmu4ztc3ntg4njbimzgvvhj1zmzszsuyme1hew8lmjbwbhulmjaxmdawnzaxnc02ogm5nda3nmuzmdfmowmwmdfhodi2ywmucg5n.jpeg.png', 220) ON CONFLICT DO NOTHING;
INSERT INTO menus (id, name, description, image_url, category_id) VALUES (2705, 'Tzatziki Sauce', 'Tzatziki Sauce', 'https://d3u269mlo8clta.cloudfront.net/opa/8819bfca-5ccf-11f1-9dc1-aa50e5e38a2b_ahr0chm6ly9zdg9yywdllmdvb2dszwfwaxmuy29tl2lrb25hlwj1y2tldc1wcm9kdwn0aw9ul2ltywdlcy82odgzm2e2mzaznmu4ztc3ntg4njbimzgvvhphdhppa2klmjbtyxvjzsuymfbmvsuymdewmda3mda1lty4yzk0mdc2ztmwmwy5yzawmwe4mjzhzc5wbmc_.jpeg.png', 220) ON CONFLICT DO NOTHING;
INSERT INTO menus (id, name, description, image_url, category_id) VALUES (2706, 'Yougurt Sauce ', 'Yougurt Sauce ', 'https://d3u269mlo8clta.cloudfront.net/opa/881afe26-5ccf-11f1-9dc1-aa50e5e38a2b_ahr0chm6ly9zdg9yywdllmdvb2dszwfwaxmuy29tl2lrb25hlwj1y2tldc1wcm9kdwn0aw9ul2ltywdlcy82odgzm2e2mzaznmu4ztc3ntg4njbimzgvww91z3vydcuymfnhdwnljtiwuexvjtiwmtawmdcwmditnjhjotqwnzzlmzaxzjljmdaxytgynmfllnbuzw__.jpeg.png', 220) ON CONFLICT DO NOTHING;
INSERT INTO menus (id, name, description, image_url, category_id) VALUES (2707, 'Amstel 0.33L ', 'Amstel 0.33L ', 'https://d3u269mlo8clta.cloudfront.net/opa/1195ebea-4f95-11f1-93f5-8aa8321e7242_ahr0chm6ly9zdg9yywdllmdvb2dszwfwaxmuy29tl2lrb25hlwj1y2tldc1wcm9kdwn0aw9ul2ltywdlcy82odgzm2e2mzaznmu4ztc3ntg4njbimzgvnjdkzdyxnduynwuzowe0mjhhnjyzmgfjlty4zdnky2u3ymyzn2vlmtljmgixndu3yi5wbmc_.jpeg.png', 221) ON CONFLICT DO NOTHING;
INSERT INTO menus (id, name, description, image_url, category_id) VALUES (2708, 'Baladin 0.33L ', 'Baladin 0.33L ', 'https://d3u269mlo8clta.cloudfront.net/opa/2b0b5872-5b3d-11f1-b20c-5a781360214a_ahr0chm6ly9zdg9yywdllmdvb2dszwfwaxmuy29tl2lrb25hlwj1y2tldc1wcm9kdwn0aw9ul2ltywdlcy82odgzm2e2mzaznmu4ztc3ntg4njbimzgvqkfmqurjti1ju0fbq185mdb4lty4zdnlnjvlyziyngq5mmfin2zlndy0zs5qcgc_.jpeg.png', 221) ON CONFLICT DO NOTHING;
INSERT INTO menus (id, name, description, image_url, category_id) VALUES (2709, 'Korça 0.33L ', 'Korça 0.33L ', 'https://d3u269mlo8clta.cloudfront.net/opa/881eba84-5ccf-11f1-9dc1-aa50e5e38a2b_ahr0chm6ly9zdg9yywdllmdvb2dszwfwaxmuy29tl2lrb25hlwj1y2tldc1wcm9kdwn0aw9ul2ltywdlcy82odgzm2e2mzaznmu4ztc3ntg4njbimzgvnjgyyji0ytq5zwfmngfizte5ytu2mdu0lty4zdnky2u3ymyzn2vlmtljmgixndu3ys5qcgvn.jpeg.png', 221) ON CONFLICT DO NOTHING;
INSERT INTO menus (id, name, description, image_url, category_id) VALUES (2710, 'Paulaner 0.5L ', 'Paulaner 0.5L ', 'https://d3u269mlo8clta.cloudfront.net/opa/d2f0e6f6-52b9-11f1-b9b1-e6c6cce2a848_ahr0chm6ly9zdg9yywdllmdvb2dszwfwaxmuy29tl2lrb25hlwj1y2tldc1wcm9kdwn0aw9ul2ltywdlcy82odgzm2e2mzaznmu4ztc3ntg4njbimzgvnjdkzdyxnduynwuzowe0mjhhnjyzmgfilty4zdnky2u3ymyzn2vlmtljmgixndu3zs5wbmc_.jpeg.png', 221) ON CONFLICT DO NOTHING;
INSERT INTO menus (id, name, description, image_url, category_id) VALUES (2711, 'Peja 0.33L ', 'Peja 0.33L ', 'https://d3u269mlo8clta.cloudfront.net/opa/aa212d9c-5810-11f1-a4cc-f27f12c3e0fa_ahr0chm6ly9zdg9yywdllmdvb2dszwfwaxmuy29tl2lrb25hlwj1y2tldc1wcm9kdwn0aw9ul2ltywdlcy82odgzm2e2mzaznmu4ztc3ntg4njbimzgvugvqysuymdiwmdaxmdaylty4zdnjyjy0nwqymzkxy2m5zta3nwjhzi5wbmc_.jpeg.png', 221) ON CONFLICT DO NOTHING;
INSERT INTO menus (id, name, description, image_url, category_id) VALUES (2712, 'Super Bock 0.33L ', 'Super Bock 0.33L ', 'https://d3u269mlo8clta.cloudfront.net/opa/ceca9dd6-59aa-11f1-93ad-96266858967f_ahr0chm6ly9zdg9yywdllmdvb2dszwfwaxmuy29tl2lrb25hlwj1y2tldc1wcm9kdwn0aw9ul2ltywdlcy82odgzm2e2mzaznmu4ztc3ntg4njbimzgvnjdkzdyxnduynwuzowe0mjhhnjyzmgixlty4zdnky2u3ymyzn2vlmtljmgixndu3zc5wbmc_.jpeg.png', 221) ON CONFLICT DO NOTHING;
INSERT INTO menus (id, name, description, image_url, category_id) VALUES (2713, 'Super Bock 0% ', 'Super Bock 0% ', 'https://d3u269mlo8clta.cloudfront.net/opa/ceca9dd6-59aa-11f1-93ad-96266858967f_ahr0chm6ly9zdg9yywdllmdvb2dszwfwaxmuy29tl2lrb25hlwj1y2tldc1wcm9kdwn0aw9ul2ltywdlcy82odgzm2e2mzaznmu4ztc3ntg4njbimzgvnjdkzdyxnduynwuzowe0mjhhnjyzmgixlty4zdnky2u3ymyzn2vlmtljmgixndu3zc5wbmc_.jpeg.png', 221) ON CONFLICT DO NOTHING;
INSERT INTO menus (id, name, description, image_url, category_id) VALUES (2714, 'Heineken 0.33 ', 'Heineken 0.33 ', 'https://d3u269mlo8clta.cloudfront.net/opa/3ed5fe22-544c-11f1-9fa0-6e63833dc5a0_ahr0chm6ly9zdg9yywdllmdvb2dszwfwaxmuy29tl2lrb25hlwj1y2tldc1wcm9kdwn0aw9ul2ltywdlcy82odgzm2e2mzaznmu4ztc3ntg4njbimzgvnjdkzdyxnduynwuzowe0mjhhnjyzmgfklty4zdnky2u3ymyzn2vlmtljmgixndu3zi5wbmc_.jpeg.png', 221) ON CONFLICT DO NOTHING;
INSERT INTO menus (id, name, description, image_url, category_id) VALUES (2715, 'Eat Big with OPA', 'chicken gyros big, BBQ chicken wings (4cope), french fries, sauce, drink💥💥', 'https://d3u269mlo8clta.cloudfront.net/opa/82da2f40-5ccf-11f1-83e6-4e238d7eb25d_ahr0chm6ly9zdg9yywdllmdvb2dszwfwaxmuy29tl2lrb25hlwj1y2tldc1wcm9kdwn0aw9ul2ltywdlcy82odgzm2e2mzaznmu4ztc3ntg4njbimzgvv29sdf9fyxqlmjbcawctnjlizda4mzfmzwi0mjuwymm1zgq5yjaylnbuzw__.jpeg.png', 205) ON CONFLICT DO NOTHING;
INSERT INTO menu_option_groups (menu_id, group_id) VALUES (2715, 1320) ON CONFLICT DO NOTHING;
INSERT INTO menu_option_groups (menu_id, group_id) VALUES (2715, 1344) ON CONFLICT DO NOTHING;
INSERT INTO menu_option_groups (menu_id, group_id) VALUES (2715, 1311) ON CONFLICT DO NOTHING;
INSERT INTO menu_option_groups (menu_id, group_id) VALUES (2715, 1159) ON CONFLICT DO NOTHING;
INSERT INTO menu_option_groups (menu_id, group_id) VALUES (2715, 1405) ON CONFLICT DO NOTHING;
INSERT INTO menu_option_groups (menu_id, group_id) VALUES (2715, 1297) ON CONFLICT DO NOTHING;
INSERT INTO menu_option_groups (menu_id, group_id) VALUES (2715, 1404) ON CONFLICT DO NOTHING;
INSERT INTO menu_option_groups (menu_id, group_id) VALUES (2715, 1319) ON CONFLICT DO NOTHING;
INSERT INTO menus (id, name, description, image_url, category_id) VALUES (2716, 'OPA Family Box ', 'chicken doner, crispy chicken burger, 4 halloumi fingers, fries, sauce, drinks👨‍👩‍👧‍👦', 'https://d3u269mlo8clta.cloudfront.net/opa/a7a2788c-5810-11f1-84b4-363dd4c82eca_ahr0chm6ly9zdg9yywdllmdvb2dszwfwaxmuy29tl2lrb25hlwj1y2tldc1wcm9kdwn0aw9ul2ltywdlcy82odgzm2e2mzaznmu4ztc3ntg4njbimzgvv29sdf9gyw1pbhklmjbcb3gtnjlizda4m2qwzddlmtewogyyodcwnjc0lnbuzw__.jpeg.png', 205) ON CONFLICT DO NOTHING;
INSERT INTO menu_option_groups (menu_id, group_id) VALUES (2716, 1361) ON CONFLICT DO NOTHING;
INSERT INTO menu_option_groups (menu_id, group_id) VALUES (2716, 1153) ON CONFLICT DO NOTHING;
INSERT INTO menu_option_groups (menu_id, group_id) VALUES (2716, 1392) ON CONFLICT DO NOTHING;
INSERT INTO menu_option_groups (menu_id, group_id) VALUES (2716, 1406) ON CONFLICT DO NOTHING;
INSERT INTO menu_option_groups (menu_id, group_id) VALUES (2716, 1365) ON CONFLICT DO NOTHING;
INSERT INTO menu_option_groups (menu_id, group_id) VALUES (2716, 1391) ON CONFLICT DO NOTHING;
INSERT INTO menu_option_groups (menu_id, group_id) VALUES (2716, 1158) ON CONFLICT DO NOTHING;
INSERT INTO menu_option_groups (menu_id, group_id) VALUES (2716, 1297) ON CONFLICT DO NOTHING;
INSERT INTO menu_option_groups (menu_id, group_id) VALUES (2716, 1404) ON CONFLICT DO NOTHING;
INSERT INTO menu_option_groups (menu_id, group_id) VALUES (2716, 1319) ON CONFLICT DO NOTHING;
INSERT INTO menus (id, name, description, image_url, category_id) VALUES (2717, 'Saganaqi', 'Saganaqi', 'https://d3u269mlo8clta.cloudfront.net/opa/dc82d608-5c27-11f1-8cbc-ee601b6850b3_ahr0chm6ly9zdg9yywdllmdvb2dszwfwaxmuy29tl2lrb25hlwj1y2tldc1wcm9kdwn0aw9ul2ltywdlcy82odgzm2e2mzaznmu4ztc3ntg4njbimzgvv29sdf9pueffu2fnyw5ha2ktnjhjotm0ntqzzwq1mdq4ndeyntq0ndlklnbuzw__.jpeg.png', 212) ON CONFLICT DO NOTHING;
INSERT INTO menus (id, name, description, image_url, category_id) VALUES (2718, 'Chicken Gyros Big DEL', 'Chicken Gyros Big ', 'https://d3u269mlo8clta.cloudfront.net/opa/ca73639e-59aa-11f1-92b4-1ad39886056e_ahr0chm6ly9zdg9yywdllmdvb2dszwfwaxmuy29tl2lrb25hlwj1y2tldc1wcm9kdwn0aw9ul2ltywdlcy82odgzm2e2mzaznmu4ztc3ntg4njbimzgvy2hpy2tlbi1nexjvcy1waxrhlty4ogm4mmywm2zmy2i2nwy4n2nmmthios5qcgc_.jpeg.png', 213) ON CONFLICT DO NOTHING;
INSERT INTO menus (id, name, description, image_url, category_id) VALUES (2719, 'Power Combo', 'chicken gyros, crispy chicken burger, fries, sauce, drinks 🔥🚀', 'https://d3u269mlo8clta.cloudfront.net/opa/939608ca-542a-11f1-b96e-929cbda32991_ahr0chm6ly9zdg9yywdllmdvb2dszwfwaxmuy29tl2lrb25hlwj1y2tldc1wcm9kdwn0aw9ul2ltywdlcy82odgzm2e2mzaznmu4ztc3ntg4njbimzgvv29sdf9qb3dlciuymenvbwjvlty5zjq2zme0ntk1yjnmytc1ywu0n2u3zc5wbmc_.jpeg.png', 205) ON CONFLICT DO NOTHING;
INSERT INTO menu_option_groups (menu_id, group_id) VALUES (2719, 1156) ON CONFLICT DO NOTHING;
INSERT INTO menu_option_groups (menu_id, group_id) VALUES (2719, 1155) ON CONFLICT DO NOTHING;
INSERT INTO menu_option_groups (menu_id, group_id) VALUES (2719, 1318) ON CONFLICT DO NOTHING;
INSERT INTO menu_option_groups (menu_id, group_id) VALUES (2719, 1391) ON CONFLICT DO NOTHING;
INSERT INTO menu_option_groups (menu_id, group_id) VALUES (2719, 1158) ON CONFLICT DO NOTHING;
INSERT INTO menus (id, name, description, image_url, category_id) VALUES (2720, 'Barbeque Pork Sandwich Meal ', 'barbeque pork sandwich, fries, drink, sauces', 'https://d3u269mlo8clta.cloudfront.net/opa/25c0c578-5b3d-11f1-b7a5-5a781360214a_ahr0chm6ly9zdg9yywdllmdvb2dszwfwaxmuy29tl2lrb25hlwj1y2tldc1wcm9kdwn0aw9ul2ltywdlcy82odgzm2e2mzaznmu4ztc3ntg4njbimzgvv29sdf9cyxjizxf1zsuymfbvcmslmjbdb21iby02yta0nznlztg1zja0nty4ndkxzmm1y2yucg5n.jpeg.png', 204) ON CONFLICT DO NOTHING;
INSERT INTO menu_option_groups (menu_id, group_id) VALUES (2720, 1332) ON CONFLICT DO NOTHING;
INSERT INTO menu_option_groups (menu_id, group_id) VALUES (2720, 1298) ON CONFLICT DO NOTHING;
INSERT INTO menu_option_groups (menu_id, group_id) VALUES (2720, 1159) ON CONFLICT DO NOTHING;
INSERT INTO menu_option_groups (menu_id, group_id) VALUES (2720, 1395) ON CONFLICT DO NOTHING;
INSERT INTO menu_option_groups (menu_id, group_id) VALUES (2720, 1297) ON CONFLICT DO NOTHING;
INSERT INTO menu_option_groups (menu_id, group_id) VALUES (2720, 1404) ON CONFLICT DO NOTHING;
INSERT INTO menu_option_groups (menu_id, group_id) VALUES (2720, 1319) ON CONFLICT DO NOTHING;
INSERT INTO menus (id, name, description, image_url, category_id) VALUES (2721, 'Greek Slaw Salad ', 'laker, salce kosi, majoneze, mustard, rrush i thate, majdanoz dhe sheqer kaf.', 'https://d3u269mlo8clta.cloudfront.net/opa/25c23d40-5b3d-11f1-b7a5-5a781360214a_ahr0chm6ly9zdg9yywdllmdvb2dszwfwaxmuy29tl2lrb25hlwj1y2tldc1wcm9kdwn0aw9ul2ltywdlcy82odgzm2e2mzaznmu4ztc3ntg4njbimzgvv29sdf9hcmvlayuymfnsyxctnmewndc1mjvinduznze5ztq2ntfjztewlnbuzw__.jpeg.png', 204) ON CONFLICT DO NOTHING;
INSERT INTO menu_option_groups (menu_id, group_id) VALUES (2721, 1299) ON CONFLICT DO NOTHING;
INSERT INTO menu_option_groups (menu_id, group_id) VALUES (2721, 1337) ON CONFLICT DO NOTHING;
INSERT INTO menu_option_groups (menu_id, group_id) VALUES (2721, 1404) ON CONFLICT DO NOTHING;
INSERT INTO menu_option_groups (menu_id, group_id) VALUES (2721, 1297) ON CONFLICT DO NOTHING;
INSERT INTO menus (id, name, description, image_url, category_id) VALUES (2722, 'Barbeque Pork Sandwich ', 'buke, sallate greek slaw, salce barbeque, mish gici i pjekur me ngadale', 'https://d3u269mlo8clta.cloudfront.net/opa/e80741a6-4ecd-11f1-a706-46801cf61cb0_ahr0chm6ly9zdg9yywdllmdvb2dszwfwaxmuy29tl2lrb25hlwj1y2tldc1wcm9kdwn0aw9ul2ltywdlcy82odgzm2e2mzaznmu4ztc3ntg4njbimzgvv29sdf9cyxjizxf1zsuymfbvcmstnmewndc0ntg1zdc0ywixymi2zjqyzwnmlnbuzw__.jpeg.png', 204) ON CONFLICT DO NOTHING;
INSERT INTO menu_option_groups (menu_id, group_id) VALUES (2722, 1297) ON CONFLICT DO NOTHING;
INSERT INTO menu_option_groups (menu_id, group_id) VALUES (2722, 1404) ON CONFLICT DO NOTHING;
INSERT INTO menu_option_groups (menu_id, group_id) VALUES (2722, 1319) ON CONFLICT DO NOTHING;
INSERT INTO menus (id, name, description, image_url, category_id) VALUES (2723, 'Smash Boost Combo', 'OPA smash burger, red bull infusion drink, fries, ketchup, mustard ', 'https://d3u269mlo8clta.cloudfront.net/opa/82e4150a-5ccf-11f1-83e6-4e238d7eb25d_ahr0chm6ly9zdg9yywdllmdvb2dszwfwaxmuy29tl2lrb25hlwj1y2tldc1wcm9kdwn0aw9ul2ltywdlcy82odgzm2e2mzaznmu4ztc3ntg4njbimzgvumvkjtiwqnvsbcuymeluznvzaw9ujtiwq29tym9fmdetnjlmywyyodu3ntfhztuwmtkyodnkzmyzlnbuzw__.jpeg.png', 206) ON CONFLICT DO NOTHING;
INSERT INTO menu_option_groups (menu_id, group_id) VALUES (2723, 1539) ON CONFLICT DO NOTHING;
INSERT INTO menu_option_groups (menu_id, group_id) VALUES (2723, 1568) ON CONFLICT DO NOTHING;
INSERT INTO menu_option_groups (menu_id, group_id) VALUES (2723, 1533) ON CONFLICT DO NOTHING;
INSERT INTO menu_option_groups (menu_id, group_id) VALUES (2723, 1563) ON CONFLICT DO NOTHING;
INSERT INTO menus (id, name, description, image_url, category_id) VALUES (2724, 'Power Combo', 'chicken gyros, crispy chicken burger, fries, sauce, drinks 🔥🚀', 'https://d3u269mlo8clta.cloudfront.net/opa/939608ca-542a-11f1-b96e-929cbda32991_ahr0chm6ly9zdg9yywdllmdvb2dszwfwaxmuy29tl2lrb25hlwj1y2tldc1wcm9kdwn0aw9ul2ltywdlcy82odgzm2e2mzaznmu4ztc3ntg4njbimzgvv29sdf9qb3dlciuymenvbwjvlty5zjq2zme0ntk1yjnmytc1ywu0n2u3zc5wbmc_.jpeg.png', 205) ON CONFLICT DO NOTHING;
INSERT INTO menu_option_groups (menu_id, group_id) VALUES (2724, 1530) ON CONFLICT DO NOTHING;
INSERT INTO menu_option_groups (menu_id, group_id) VALUES (2724, 1410) ON CONFLICT DO NOTHING;
INSERT INTO menu_option_groups (menu_id, group_id) VALUES (2724, 1547) ON CONFLICT DO NOTHING;
INSERT INTO menu_option_groups (menu_id, group_id) VALUES (2724, 1608) ON CONFLICT DO NOTHING;
INSERT INTO menu_option_groups (menu_id, group_id) VALUES (2724, 1613) ON CONFLICT DO NOTHING;
INSERT INTO menus (id, name, description, image_url, category_id) VALUES (2725, 'Roast Lamb Sandwich ', 'buke, sallate, domate, qepe e kuqe, salce kosi, mustard, mish qingji i pjekur ngadale', 'https://d3u269mlo8clta.cloudfront.net/opa/24d37944-5b3d-11f1-9091-6275ffac7d4a_ahr0chm6ly9zdg9yywdllmdvb2dszwfwaxmuy29tl2lrb25hlwj1y2tldc1wcm9kdwn0aw9ul2ltywdlcy82odgzm2e2mzaznmu4ztc3ntg4njbimzgvv29sdf9sb2fzdcuymexhbwitnmewndcyyzi3ngi4mjawotmxnmqwywjilnbuzw__.jpeg.png', 204) ON CONFLICT DO NOTHING;
INSERT INTO menu_option_groups (menu_id, group_id) VALUES (2725, 1542) ON CONFLICT DO NOTHING;
INSERT INTO menu_option_groups (menu_id, group_id) VALUES (2725, 1611) ON CONFLICT DO NOTHING;
INSERT INTO menu_option_groups (menu_id, group_id) VALUES (2725, 1541) ON CONFLICT DO NOTHING;
INSERT INTO menus (id, name, description, image_url, category_id) VALUES (2726, 'Pork Gyros Combo ', 'pork gyros, patate të skuqura, pije, ketchup, mustardë', 'https://d3u269mlo8clta.cloudfront.net/opa/ca3197f2-59aa-11f1-adea-f2cb67d275e0_ahr0chm6ly9zdg9yywdllmdvb2dszwfwaxmuy29tl2lrb25hlwj1y2tldc1wcm9kdwn0aw9ul2ltywdlcy82odgzm2e2mzaznmu4ztc3ntg4njbimzgvug9yayuymed5cm9zjtiwq09nqk8lmjbub3jtywxljtiwzwrozsuymgjpzy02odkwnzgwzwq1zja0mwq4ywmwytu3njeucg5n.jpeg.png', 207) ON CONFLICT DO NOTHING;
INSERT INTO menu_option_groups (menu_id, group_id) VALUES (2726, 1570) ON CONFLICT DO NOTHING;
INSERT INTO menu_option_groups (menu_id, group_id) VALUES (2726, 1568) ON CONFLICT DO NOTHING;
INSERT INTO menu_option_groups (menu_id, group_id) VALUES (2726, 1605) ON CONFLICT DO NOTHING;
INSERT INTO menu_option_groups (menu_id, group_id) VALUES (2726, 1563) ON CONFLICT DO NOTHING;
INSERT INTO menu_option_groups (menu_id, group_id) VALUES (2726, 1542) ON CONFLICT DO NOTHING;
INSERT INTO menu_option_groups (menu_id, group_id) VALUES (2726, 1541) ON CONFLICT DO NOTHING;
INSERT INTO menu_option_groups (menu_id, group_id) VALUES (2726, 1611) ON CONFLICT DO NOTHING;
INSERT INTO menus (id, name, description, image_url, category_id) VALUES (2727, 'Pork Gyros Big Combo ', 'Pork gyros big, patate të skuqura, ketchup, mustardë, pije', 'https://d3u269mlo8clta.cloudfront.net/opa/ca3197f2-59aa-11f1-adea-f2cb67d275e0_ahr0chm6ly9zdg9yywdllmdvb2dszwfwaxmuy29tl2lrb25hlwj1y2tldc1wcm9kdwn0aw9ul2ltywdlcy82odgzm2e2mzaznmu4ztc3ntg4njbimzgvug9yayuymed5cm9zjtiwq09nqk8lmjbub3jtywxljtiwzwrozsuymgjpzy02odkwnzgwzwq1zja0mwq4ywmwytu3njeucg5n.jpeg.png', 207) ON CONFLICT DO NOTHING;
INSERT INTO menu_option_groups (menu_id, group_id) VALUES (2727, 1592) ON CONFLICT DO NOTHING;
INSERT INTO menu_option_groups (menu_id, group_id) VALUES (2727, 1607) ON CONFLICT DO NOTHING;
INSERT INTO menu_option_groups (menu_id, group_id) VALUES (2727, 1605) ON CONFLICT DO NOTHING;
INSERT INTO menu_option_groups (menu_id, group_id) VALUES (2727, 1563) ON CONFLICT DO NOTHING;
INSERT INTO menu_option_groups (menu_id, group_id) VALUES (2727, 1561) ON CONFLICT DO NOTHING;
INSERT INTO menu_option_groups (menu_id, group_id) VALUES (2727, 1543) ON CONFLICT DO NOTHING;
INSERT INTO menu_option_groups (menu_id, group_id) VALUES (2727, 1604) ON CONFLICT DO NOTHING;
INSERT INTO menus (id, name, description, image_url, category_id) VALUES (2728, 'Chicken Gyros Combo ', 'Gjiro pule, patate të skuqura, pije, ketchup, mustardë', 'https://d3u269mlo8clta.cloudfront.net/opa/ca341572-59aa-11f1-adea-f2cb67d275e0_ahr0chm6ly9zdg9yywdllmdvb2dszwfwaxmuy29tl2lrb25hlwj1y2tldc1wcm9kdwn0aw9ul2ltywdlcy82odgzm2e2mzaznmu4ztc3ntg4njbimzgvy2hpy2tlbi1nexjvcy1jb21iby02odhjodrkotczzgmxztrkyty5nwflntiuanbn.jpeg.png', 207) ON CONFLICT DO NOTHING;
INSERT INTO menu_option_groups (menu_id, group_id) VALUES (2728, 1530) ON CONFLICT DO NOTHING;
INSERT INTO menu_option_groups (menu_id, group_id) VALUES (2728, 1605) ON CONFLICT DO NOTHING;
INSERT INTO menu_option_groups (menu_id, group_id) VALUES (2728, 1568) ON CONFLICT DO NOTHING;
INSERT INTO menu_option_groups (menu_id, group_id) VALUES (2728, 1563) ON CONFLICT DO NOTHING;
INSERT INTO menu_option_groups (menu_id, group_id) VALUES (2728, 1542) ON CONFLICT DO NOTHING;
INSERT INTO menu_option_groups (menu_id, group_id) VALUES (2728, 1541) ON CONFLICT DO NOTHING;
INSERT INTO menu_option_groups (menu_id, group_id) VALUES (2728, 1611) ON CONFLICT DO NOTHING;
INSERT INTO menus (id, name, description, image_url, category_id) VALUES (2729, 'Chicken Gyros Big Combo ', 'Chicken gyros big, patate të skuqura, ketchup, mustardë, pije', 'https://d3u269mlo8clta.cloudfront.net/opa/ca341572-59aa-11f1-adea-f2cb67d275e0_ahr0chm6ly9zdg9yywdllmdvb2dszwfwaxmuy29tl2lrb25hlwj1y2tldc1wcm9kdwn0aw9ul2ltywdlcy82odgzm2e2mzaznmu4ztc3ntg4njbimzgvy2hpy2tlbi1nexjvcy1jb21iby02odhjodrkotczzgmxztrkyty5nwflntiuanbn.jpeg.png', 207) ON CONFLICT DO NOTHING;
INSERT INTO menu_option_groups (menu_id, group_id) VALUES (2729, 1580) ON CONFLICT DO NOTHING;
INSERT INTO menu_option_groups (menu_id, group_id) VALUES (2729, 1531) ON CONFLICT DO NOTHING;
INSERT INTO menu_option_groups (menu_id, group_id) VALUES (2729, 1605) ON CONFLICT DO NOTHING;
INSERT INTO menu_option_groups (menu_id, group_id) VALUES (2729, 1563) ON CONFLICT DO NOTHING;
INSERT INTO menu_option_groups (menu_id, group_id) VALUES (2729, 1542) ON CONFLICT DO NOTHING;
INSERT INTO menu_option_groups (menu_id, group_id) VALUES (2729, 1541) ON CONFLICT DO NOTHING;
INSERT INTO menu_option_groups (menu_id, group_id) VALUES (2729, 1611) ON CONFLICT DO NOTHING;
INSERT INTO menus (id, name, description, image_url, category_id) VALUES (2730, 'Kebap Pita Combo', 'Qebap pita, patate të skuqura, pije, ketchup, mustardë', 'https://d3u269mlo8clta.cloudfront.net/opa/82f58736-5ccf-11f1-83e6-4e238d7eb25d_ahr0chm6ly9zdg9yywdllmdvb2dszwfwaxmuy29tl2lrb25hlwj1y2tldc1wcm9kdwn0aw9ul2ltywdlcy82odgzm2e2mzaznmu4ztc3ntg4njbimzgvv29sdf9pueelmjblzwjhyiuymfbpdgetnjg5mdc5otjly2jiotk1zgfjngnmzjzmlnbuzw__.jpeg.png', 207) ON CONFLICT DO NOTHING;
INSERT INTO menu_option_groups (menu_id, group_id) VALUES (2730, 1538) ON CONFLICT DO NOTHING;
INSERT INTO menu_option_groups (menu_id, group_id) VALUES (2730, 1568) ON CONFLICT DO NOTHING;
INSERT INTO menu_option_groups (menu_id, group_id) VALUES (2730, 1605) ON CONFLICT DO NOTHING;
INSERT INTO menu_option_groups (menu_id, group_id) VALUES (2730, 1563) ON CONFLICT DO NOTHING;
INSERT INTO menu_option_groups (menu_id, group_id) VALUES (2730, 1542) ON CONFLICT DO NOTHING;
INSERT INTO menu_option_groups (menu_id, group_id) VALUES (2730, 1541) ON CONFLICT DO NOTHING;
INSERT INTO menu_option_groups (menu_id, group_id) VALUES (2730, 1611) ON CONFLICT DO NOTHING;
INSERT INTO menus (id, name, description, image_url, category_id) VALUES (2731, 'Kebab Pita Big Combo', 'Qebap pita big, patate të skuqura, pije, ketchup, mustardë', 'https://d3u269mlo8clta.cloudfront.net/opa/82f58736-5ccf-11f1-83e6-4e238d7eb25d_ahr0chm6ly9zdg9yywdllmdvb2dszwfwaxmuy29tl2lrb25hlwj1y2tldc1wcm9kdwn0aw9ul2ltywdlcy82odgzm2e2mzaznmu4ztc3ntg4njbimzgvv29sdf9pueelmjblzwjhyiuymfbpdgetnjg5mdc5otjly2jiotk1zgfjngnmzjzmlnbuzw__.jpeg.png', 207) ON CONFLICT DO NOTHING;
INSERT INTO menu_option_groups (menu_id, group_id) VALUES (2731, 1588) ON CONFLICT DO NOTHING;
INSERT INTO menu_option_groups (menu_id, group_id) VALUES (2731, 1531) ON CONFLICT DO NOTHING;
INSERT INTO menu_option_groups (menu_id, group_id) VALUES (2731, 1609) ON CONFLICT DO NOTHING;
INSERT INTO menu_option_groups (menu_id, group_id) VALUES (2731, 1563) ON CONFLICT DO NOTHING;
INSERT INTO menu_option_groups (menu_id, group_id) VALUES (2731, 1542) ON CONFLICT DO NOTHING;
INSERT INTO menu_option_groups (menu_id, group_id) VALUES (2731, 1541) ON CONFLICT DO NOTHING;
INSERT INTO menu_option_groups (menu_id, group_id) VALUES (2731, 1611) ON CONFLICT DO NOTHING;
INSERT INTO menus (id, name, description, image_url, category_id) VALUES (2732, 'Falafel Pita Combo', 'Falafal pita, patate të skuqura, pije, ketchup, mustardë', 'https://d3u269mlo8clta.cloudfront.net/opa/0dc686d2-4f95-11f1-8de9-ae2b87b01858_ahr0chm6ly9zdg9yywdllmdvb2dszwfwaxmuy29tl2lrb25hlwj1y2tldc1wcm9kdwn0aw9ul2ltywdlcy82odgzm2e2mzaznmu4ztc3ntg4njbimzgvrmfsywzltcuymenptujplty4ota3oge1zdvmmdqxzdhhyzbhntc4mi5wbmc_.jpeg.png', 207) ON CONFLICT DO NOTHING;
INSERT INTO menu_option_groups (menu_id, group_id) VALUES (2732, 1564) ON CONFLICT DO NOTHING;
INSERT INTO menu_option_groups (menu_id, group_id) VALUES (2732, 1568) ON CONFLICT DO NOTHING;
INSERT INTO menu_option_groups (menu_id, group_id) VALUES (2732, 1605) ON CONFLICT DO NOTHING;
INSERT INTO menu_option_groups (menu_id, group_id) VALUES (2732, 1563) ON CONFLICT DO NOTHING;
INSERT INTO menu_option_groups (menu_id, group_id) VALUES (2732, 1542) ON CONFLICT DO NOTHING;
INSERT INTO menu_option_groups (menu_id, group_id) VALUES (2732, 1541) ON CONFLICT DO NOTHING;
INSERT INTO menu_option_groups (menu_id, group_id) VALUES (2732, 1611) ON CONFLICT DO NOTHING;
INSERT INTO menus (id, name, description, image_url, category_id) VALUES (2733, 'Falafel Pita Big Combo', 'Falafal pita big, patate të skuqura, pije, ketchup, mustardë', 'https://d3u269mlo8clta.cloudfront.net/opa/0dc686d2-4f95-11f1-8de9-ae2b87b01858_ahr0chm6ly9zdg9yywdllmdvb2dszwfwaxmuy29tl2lrb25hlwj1y2tldc1wcm9kdwn0aw9ul2ltywdlcy82odgzm2e2mzaznmu4ztc3ntg4njbimzgvrmfsywzltcuymenptujplty4ota3oge1zdvmmdqxzdhhyzbhntc4mi5wbmc_.jpeg.png', 207) ON CONFLICT DO NOTHING;
INSERT INTO menu_option_groups (menu_id, group_id) VALUES (2733, 1619) ON CONFLICT DO NOTHING;
INSERT INTO menu_option_groups (menu_id, group_id) VALUES (2733, 1531) ON CONFLICT DO NOTHING;
INSERT INTO menu_option_groups (menu_id, group_id) VALUES (2733, 1609) ON CONFLICT DO NOTHING;
INSERT INTO menu_option_groups (menu_id, group_id) VALUES (2733, 1563) ON CONFLICT DO NOTHING;
INSERT INTO menu_option_groups (menu_id, group_id) VALUES (2733, 1542) ON CONFLICT DO NOTHING;
INSERT INTO menu_option_groups (menu_id, group_id) VALUES (2733, 1541) ON CONFLICT DO NOTHING;
INSERT INTO menu_option_groups (menu_id, group_id) VALUES (2733, 1611) ON CONFLICT DO NOTHING;
INSERT INTO menus (id, name, description, image_url, category_id) VALUES (2734, 'Truffle Chicken Gyros Combo ', 'Truffle chicken gyros, patate të skuqura, pije, ketchup, mustardë', 'https://d3u269mlo8clta.cloudfront.net/opa/ca3c08cc-59aa-11f1-adea-f2cb67d275e0_ahr0chm6ly9zdg9yywdllmdvb2dszwfwaxmuy29tl2lrb25hlwj1y2tldc1wcm9kdwn0aw9ul2ltywdlcy82odgzm2e2mzaznmu4ztc3ntg4njbimzgvvhj1zmzszsuymgnvbwjvlty4ota3yjbhytvjzwy0nmvjztg2m2yxmy5wbmc_.jpeg.png', 207) ON CONFLICT DO NOTHING;
INSERT INTO menu_option_groups (menu_id, group_id) VALUES (2734, 1577) ON CONFLICT DO NOTHING;
INSERT INTO menu_option_groups (menu_id, group_id) VALUES (2734, 1568) ON CONFLICT DO NOTHING;
INSERT INTO menu_option_groups (menu_id, group_id) VALUES (2734, 1563) ON CONFLICT DO NOTHING;
INSERT INTO menu_option_groups (menu_id, group_id) VALUES (2734, 1605) ON CONFLICT DO NOTHING;
INSERT INTO menu_option_groups (menu_id, group_id) VALUES (2734, 1542) ON CONFLICT DO NOTHING;
INSERT INTO menu_option_groups (menu_id, group_id) VALUES (2734, 1541) ON CONFLICT DO NOTHING;
INSERT INTO menu_option_groups (menu_id, group_id) VALUES (2734, 1611) ON CONFLICT DO NOTHING;
INSERT INTO menus (id, name, description, image_url, category_id) VALUES (2735, 'Truffle Chicken Gyros Big Combo', 'Truffle chicken gyros big, patate të skuqura, pije, ketchup, mustardë', 'https://d3u269mlo8clta.cloudfront.net/opa/ca3c08cc-59aa-11f1-adea-f2cb67d275e0_ahr0chm6ly9zdg9yywdllmdvb2dszwfwaxmuy29tl2lrb25hlwj1y2tldc1wcm9kdwn0aw9ul2ltywdlcy82odgzm2e2mzaznmu4ztc3ntg4njbimzgvvhj1zmzszsuymgnvbwjvlty4ota3yjbhytvjzwy0nmvjztg2m2yxmy5wbmc_.jpeg.png', 207) ON CONFLICT DO NOTHING;
INSERT INTO menu_option_groups (menu_id, group_id) VALUES (2735, 1606) ON CONFLICT DO NOTHING;
INSERT INTO menu_option_groups (menu_id, group_id) VALUES (2735, 1531) ON CONFLICT DO NOTHING;
INSERT INTO menu_option_groups (menu_id, group_id) VALUES (2735, 1609) ON CONFLICT DO NOTHING;
INSERT INTO menu_option_groups (menu_id, group_id) VALUES (2735, 1563) ON CONFLICT DO NOTHING;
INSERT INTO menu_option_groups (menu_id, group_id) VALUES (2735, 1542) ON CONFLICT DO NOTHING;
INSERT INTO menu_option_groups (menu_id, group_id) VALUES (2735, 1541) ON CONFLICT DO NOTHING;
INSERT INTO menu_option_groups (menu_id, group_id) VALUES (2735, 1611) ON CONFLICT DO NOTHING;
INSERT INTO menus (id, name, description, image_url, category_id) VALUES (2736, 'Apollo Pita Combo ', 'Apollo pita, patate të skuqura, pije, ketchup, mustardë', 'https://d3u269mlo8clta.cloudfront.net/opa/25d9f84a-5b3d-11f1-b7a5-5a781360214a_ahr0chm6ly9zdg9yywdllmdvb2dszwfwaxmuy29tl2lrb25hlwj1y2tldc1wcm9kdwn0aw9ul2ltywdlcy82odgzm2e2mzaznmu4ztc3ntg4njbimzgvyxbvbgxvlxbpdgety29tym8tnjg4yzg0zdk3m2rjmwu0zge2otvhztuxlmpwzw__.jpeg.png', 207) ON CONFLICT DO NOTHING;
INSERT INTO menu_option_groups (menu_id, group_id) VALUES (2736, 1568) ON CONFLICT DO NOTHING;
INSERT INTO menu_option_groups (menu_id, group_id) VALUES (2736, 1605) ON CONFLICT DO NOTHING;
INSERT INTO menu_option_groups (menu_id, group_id) VALUES (2736, 1563) ON CONFLICT DO NOTHING;
INSERT INTO menu_option_groups (menu_id, group_id) VALUES (2736, 1542) ON CONFLICT DO NOTHING;
INSERT INTO menu_option_groups (menu_id, group_id) VALUES (2736, 1541) ON CONFLICT DO NOTHING;
INSERT INTO menu_option_groups (menu_id, group_id) VALUES (2736, 1611) ON CONFLICT DO NOTHING;
INSERT INTO menus (id, name, description, image_url, category_id) VALUES (2737, 'Apollo Big Combo', 'Apollo pita big, patate të skuqura, pije, ketchup, mustardë
', 'https://d3u269mlo8clta.cloudfront.net/opa/25d9f84a-5b3d-11f1-b7a5-5a781360214a_ahr0chm6ly9zdg9yywdllmdvb2dszwfwaxmuy29tl2lrb25hlwj1y2tldc1wcm9kdwn0aw9ul2ltywdlcy82odgzm2e2mzaznmu4ztc3ntg4njbimzgvyxbvbgxvlxbpdgety29tym8tnjg4yzg0zdk3m2rjmwu0zge2otvhztuxlmpwzw__.jpeg.png', 207) ON CONFLICT DO NOTHING;
INSERT INTO menu_option_groups (menu_id, group_id) VALUES (2737, 1583) ON CONFLICT DO NOTHING;
INSERT INTO menu_option_groups (menu_id, group_id) VALUES (2737, 1531) ON CONFLICT DO NOTHING;
INSERT INTO menu_option_groups (menu_id, group_id) VALUES (2737, 1609) ON CONFLICT DO NOTHING;
INSERT INTO menu_option_groups (menu_id, group_id) VALUES (2737, 1563) ON CONFLICT DO NOTHING;
INSERT INTO menu_option_groups (menu_id, group_id) VALUES (2737, 1542) ON CONFLICT DO NOTHING;
INSERT INTO menu_option_groups (menu_id, group_id) VALUES (2737, 1541) ON CONFLICT DO NOTHING;
INSERT INTO menu_option_groups (menu_id, group_id) VALUES (2737, 1611) ON CONFLICT DO NOTHING;
INSERT INTO menus (id, name, description, image_url, category_id) VALUES (2738, 'Halloumi Pita Combo', 'Pita halloumi, patate të skuqura, pije, ketchup, mustardë', 'https://d3u269mlo8clta.cloudfront.net/opa/83007b46-5ccf-11f1-83e6-4e238d7eb25d_ahr0chm6ly9zdg9yywdllmdvb2dszwfwaxmuy29tl2lrb25hlwj1y2tldc1wcm9kdwn0aw9ul2ltywdlcy82odgzm2e2mzaznmu4ztc3ntg4njbimzgvv29sdf9pueelmjbiywxsb3vtasuymfbpdgetnjg5mdc4zjdhnwnlzjq2zwnlodyzzwzilnbuzw__.jpeg.png', 207) ON CONFLICT DO NOTHING;
INSERT INTO menu_option_groups (menu_id, group_id) VALUES (2738, 1591) ON CONFLICT DO NOTHING;
INSERT INTO menu_option_groups (menu_id, group_id) VALUES (2738, 1568) ON CONFLICT DO NOTHING;
INSERT INTO menu_option_groups (menu_id, group_id) VALUES (2738, 1605) ON CONFLICT DO NOTHING;
INSERT INTO menu_option_groups (menu_id, group_id) VALUES (2738, 1563) ON CONFLICT DO NOTHING;
INSERT INTO menu_option_groups (menu_id, group_id) VALUES (2738, 1542) ON CONFLICT DO NOTHING;
INSERT INTO menu_option_groups (menu_id, group_id) VALUES (2738, 1541) ON CONFLICT DO NOTHING;
INSERT INTO menu_option_groups (menu_id, group_id) VALUES (2738, 1611) ON CONFLICT DO NOTHING;
INSERT INTO menus (id, name, description, image_url, category_id) VALUES (2739, 'Halloumi Pita Big Combo', 'Pita halloumi big, patate të skuqura, pije, ketchup, mustardë', 'https://d3u269mlo8clta.cloudfront.net/opa/83007b46-5ccf-11f1-83e6-4e238d7eb25d_ahr0chm6ly9zdg9yywdllmdvb2dszwfwaxmuy29tl2lrb25hlwj1y2tldc1wcm9kdwn0aw9ul2ltywdlcy82odgzm2e2mzaznmu4ztc3ntg4njbimzgvv29sdf9pueelmjbiywxsb3vtasuymfbpdgetnjg5mdc4zjdhnwnlzjq2zwnlodyzzwzilnbuzw__.jpeg.png', 207) ON CONFLICT DO NOTHING;
INSERT INTO menu_option_groups (menu_id, group_id) VALUES (2739, 1578) ON CONFLICT DO NOTHING;
INSERT INTO menu_option_groups (menu_id, group_id) VALUES (2739, 1531) ON CONFLICT DO NOTHING;
INSERT INTO menu_option_groups (menu_id, group_id) VALUES (2739, 1609) ON CONFLICT DO NOTHING;
INSERT INTO menu_option_groups (menu_id, group_id) VALUES (2739, 1563) ON CONFLICT DO NOTHING;
INSERT INTO menu_option_groups (menu_id, group_id) VALUES (2739, 1542) ON CONFLICT DO NOTHING;
INSERT INTO menu_option_groups (menu_id, group_id) VALUES (2739, 1541) ON CONFLICT DO NOTHING;
INSERT INTO menu_option_groups (menu_id, group_id) VALUES (2739, 1611) ON CONFLICT DO NOTHING;
INSERT INTO menus (id, name, description, image_url, category_id) VALUES (2740, 'Schnitzel Pita Combo ', 'Schnitzel pite, patate të skuqura, pije ketchup, mustardë', 'https://d3u269mlo8clta.cloudfront.net/opa/830227e8-5ccf-11f1-83e6-4e238d7eb25d_ahr0chm6ly9zdg9yywdllmdvb2dszwfwaxmuy29tl2lrb25hlwj1y2tldc1wcm9kdwn0aw9ul2ltywdlcy82odgzm2e2mzaznmu4ztc3ntg4njbimzgvu2nobml0emvsjtiwq29tym8tnjg5mddhzwy3m2rjmwu0zge2otvinzcylnbuzw__.jpeg.png', 207) ON CONFLICT DO NOTHING;
INSERT INTO menu_option_groups (menu_id, group_id) VALUES (2740, 1569) ON CONFLICT DO NOTHING;
INSERT INTO menu_option_groups (menu_id, group_id) VALUES (2740, 1568) ON CONFLICT DO NOTHING;
INSERT INTO menu_option_groups (menu_id, group_id) VALUES (2740, 1605) ON CONFLICT DO NOTHING;
INSERT INTO menu_option_groups (menu_id, group_id) VALUES (2740, 1563) ON CONFLICT DO NOTHING;
INSERT INTO menu_option_groups (menu_id, group_id) VALUES (2740, 1542) ON CONFLICT DO NOTHING;
INSERT INTO menu_option_groups (menu_id, group_id) VALUES (2740, 1541) ON CONFLICT DO NOTHING;
INSERT INTO menu_option_groups (menu_id, group_id) VALUES (2740, 1611) ON CONFLICT DO NOTHING;
INSERT INTO menus (id, name, description, image_url, category_id) VALUES (2741, 'Schnitzel Pita Big Combo', 'Schnitzel pite big, patate të skuqura, pije ketchup, mustardë', 'https://d3u269mlo8clta.cloudfront.net/opa/830227e8-5ccf-11f1-83e6-4e238d7eb25d_ahr0chm6ly9zdg9yywdllmdvb2dszwfwaxmuy29tl2lrb25hlwj1y2tldc1wcm9kdwn0aw9ul2ltywdlcy82odgzm2e2mzaznmu4ztc3ntg4njbimzgvu2nobml0emvsjtiwq29tym8tnjg5mddhzwy3m2rjmwu0zge2otvinzcylnbuzw__.jpeg.png', 207) ON CONFLICT DO NOTHING;
INSERT INTO menu_option_groups (menu_id, group_id) VALUES (2741, 1552) ON CONFLICT DO NOTHING;
INSERT INTO menu_option_groups (menu_id, group_id) VALUES (2741, 1531) ON CONFLICT DO NOTHING;
INSERT INTO menu_option_groups (menu_id, group_id) VALUES (2741, 1609) ON CONFLICT DO NOTHING;
INSERT INTO menu_option_groups (menu_id, group_id) VALUES (2741, 1563) ON CONFLICT DO NOTHING;
INSERT INTO menu_option_groups (menu_id, group_id) VALUES (2741, 1556) ON CONFLICT DO NOTHING;
INSERT INTO menu_option_groups (menu_id, group_id) VALUES (2741, 1543) ON CONFLICT DO NOTHING;
INSERT INTO menu_option_groups (menu_id, group_id) VALUES (2741, 1604) ON CONFLICT DO NOTHING;
INSERT INTO menus (id, name, description, image_url, category_id) VALUES (2742, 'Chicken Breast Pita Combo ', 'Chicken breast pita, patate, pije, ketchup, mustard', 'https://d3u269mlo8clta.cloudfront.net/opa/271f7dba-5b3d-11f1-a0ec-ce60ff2c0b4d_ahr0chm6ly9zdg9yywdllmdvb2dszwfwaxmuy29tl2lrb25hlwj1y2tldc1wcm9kdwn0aw9ul2ltywdlcy82odgzm2e2mzaznmu4ztc3ntg4njbimzgvv29sdf9pueelmjbdaglja2vujtiwqnjlyxn0jtiwugl0ysuymenvbwjvlty4ota3otnhmgeyztm5njuwywflytcwmi5wbmc_.jpeg.png', 207) ON CONFLICT DO NOTHING;
INSERT INTO menu_option_groups (menu_id, group_id) VALUES (2742, 1605) ON CONFLICT DO NOTHING;
INSERT INTO menu_option_groups (menu_id, group_id) VALUES (2742, 1568) ON CONFLICT DO NOTHING;
INSERT INTO menu_option_groups (menu_id, group_id) VALUES (2742, 1563) ON CONFLICT DO NOTHING;
INSERT INTO menu_option_groups (menu_id, group_id) VALUES (2742, 1542) ON CONFLICT DO NOTHING;
INSERT INTO menu_option_groups (menu_id, group_id) VALUES (2742, 1541) ON CONFLICT DO NOTHING;
INSERT INTO menu_option_groups (menu_id, group_id) VALUES (2742, 1611) ON CONFLICT DO NOTHING;
INSERT INTO menus (id, name, description, image_url, category_id) VALUES (2743, 'Chicken Breast Pita Big Combo', 'Chicken breast pita big, patate, pije, ketchup, mustard

', 'https://d3u269mlo8clta.cloudfront.net/opa/271f7dba-5b3d-11f1-a0ec-ce60ff2c0b4d_ahr0chm6ly9zdg9yywdllmdvb2dszwfwaxmuy29tl2lrb25hlwj1y2tldc1wcm9kdwn0aw9ul2ltywdlcy82odgzm2e2mzaznmu4ztc3ntg4njbimzgvv29sdf9pueelmjbdaglja2vujtiwqnjlyxn0jtiwugl0ysuymenvbwjvlty4ota3otnhmgeyztm5njuwywflytcwmi5wbmc_.jpeg.png', 207) ON CONFLICT DO NOTHING;
INSERT INTO menu_option_groups (menu_id, group_id) VALUES (2743, 1581) ON CONFLICT DO NOTHING;
INSERT INTO menu_option_groups (menu_id, group_id) VALUES (2743, 1531) ON CONFLICT DO NOTHING;
INSERT INTO menu_option_groups (menu_id, group_id) VALUES (2743, 1609) ON CONFLICT DO NOTHING;
INSERT INTO menu_option_groups (menu_id, group_id) VALUES (2743, 1563) ON CONFLICT DO NOTHING;
INSERT INTO menu_option_groups (menu_id, group_id) VALUES (2743, 1542) ON CONFLICT DO NOTHING;
INSERT INTO menu_option_groups (menu_id, group_id) VALUES (2743, 1541) ON CONFLICT DO NOTHING;
INSERT INTO menu_option_groups (menu_id, group_id) VALUES (2743, 1611) ON CONFLICT DO NOTHING;
INSERT INTO menus (id, name, description, image_url, category_id) VALUES (2744, 'Chicken Skepasti Combo ', 'Skepasti pule, patate të skuqura, pije, ketchup, mustardë', 'https://d3u269mlo8clta.cloudfront.net/opa/83077aea-5ccf-11f1-83e6-4e238d7eb25d_ahr0chm6ly9zdg9yywdllmdvb2dszwfwaxmuy29tl2lrb25hlwj1y2tldc1wcm9kdwn0aw9ul2ltywdlcy82odgzm2e2mzaznmu4ztc3ntg4njbimzgvq2hpy2tlbiuymfnrzxbhc3rpjtiwy29tym8tnjg5mdc4nthhnwnlzjq2zwnlodyzzwy0lnbuzw__.jpeg.png', 207) ON CONFLICT DO NOTHING;
INSERT INTO menu_option_groups (menu_id, group_id) VALUES (2744, 1622) ON CONFLICT DO NOTHING;
INSERT INTO menu_option_groups (menu_id, group_id) VALUES (2744, 1582) ON CONFLICT DO NOTHING;
INSERT INTO menu_option_groups (menu_id, group_id) VALUES (2744, 1605) ON CONFLICT DO NOTHING;
INSERT INTO menu_option_groups (menu_id, group_id) VALUES (2744, 1563) ON CONFLICT DO NOTHING;
INSERT INTO menu_option_groups (menu_id, group_id) VALUES (2744, 1542) ON CONFLICT DO NOTHING;
INSERT INTO menu_option_groups (menu_id, group_id) VALUES (2744, 1541) ON CONFLICT DO NOTHING;
INSERT INTO menu_option_groups (menu_id, group_id) VALUES (2744, 1611) ON CONFLICT DO NOTHING;
INSERT INTO menus (id, name, description, image_url, category_id) VALUES (2745, 'Chicken Skepasti Big Combo', 'Skepasti pule big, patate të skuqura, pije, ketchup, mustardë

', 'https://d3u269mlo8clta.cloudfront.net/opa/83077aea-5ccf-11f1-83e6-4e238d7eb25d_ahr0chm6ly9zdg9yywdllmdvb2dszwfwaxmuy29tl2lrb25hlwj1y2tldc1wcm9kdwn0aw9ul2ltywdlcy82odgzm2e2mzaznmu4ztc3ntg4njbimzgvq2hpy2tlbiuymfnrzxbhc3rpjtiwy29tym8tnjg5mdc4nthhnwnlzjq2zwnlodyzzwy0lnbuzw__.jpeg.png', 207) ON CONFLICT DO NOTHING;
INSERT INTO menu_option_groups (menu_id, group_id) VALUES (2745, 1620) ON CONFLICT DO NOTHING;
INSERT INTO menu_option_groups (menu_id, group_id) VALUES (2745, 1582) ON CONFLICT DO NOTHING;
INSERT INTO menu_option_groups (menu_id, group_id) VALUES (2745, 1623) ON CONFLICT DO NOTHING;
INSERT INTO menu_option_groups (menu_id, group_id) VALUES (2745, 1609) ON CONFLICT DO NOTHING;
INSERT INTO menu_option_groups (menu_id, group_id) VALUES (2745, 1563) ON CONFLICT DO NOTHING;
INSERT INTO menu_option_groups (menu_id, group_id) VALUES (2745, 1542) ON CONFLICT DO NOTHING;
INSERT INTO menu_option_groups (menu_id, group_id) VALUES (2745, 1541) ON CONFLICT DO NOTHING;
INSERT INTO menu_option_groups (menu_id, group_id) VALUES (2745, 1611) ON CONFLICT DO NOTHING;
INSERT INTO menus (id, name, description, image_url, category_id) VALUES (2746, 'Pork Skepasti Combo ', 'Skepasti gici, patate të skuqura, pije, ketchup, mustardë', 'https://d3u269mlo8clta.cloudfront.net/opa/830960f8-5ccf-11f1-83e6-4e238d7eb25d_ahr0chm6ly9zdg9yywdllmdvb2dszwfwaxmuy29tl2lrb25hlwj1y2tldc1wcm9kdwn0aw9ul2ltywdlcy82odgzm2e2mzaznmu4ztc3ntg4njbimzgvug9yayuymfnrzxbhc3rpjtiwq29tym8tnjg5mddhywnknwywndfkogfjmge1n2exlnbuzw__.jpeg.png', 207) ON CONFLICT DO NOTHING;
INSERT INTO menu_option_groups (menu_id, group_id) VALUES (2746, 1584) ON CONFLICT DO NOTHING;
INSERT INTO menu_option_groups (menu_id, group_id) VALUES (2746, 1582) ON CONFLICT DO NOTHING;
INSERT INTO menu_option_groups (menu_id, group_id) VALUES (2746, 1605) ON CONFLICT DO NOTHING;
INSERT INTO menu_option_groups (menu_id, group_id) VALUES (2746, 1563) ON CONFLICT DO NOTHING;
INSERT INTO menu_option_groups (menu_id, group_id) VALUES (2746, 1542) ON CONFLICT DO NOTHING;
INSERT INTO menu_option_groups (menu_id, group_id) VALUES (2746, 1541) ON CONFLICT DO NOTHING;
INSERT INTO menu_option_groups (menu_id, group_id) VALUES (2746, 1611) ON CONFLICT DO NOTHING;
INSERT INTO menus (id, name, description, image_url, category_id) VALUES (2747, 'Pork Skepasti Big Combo', 'Skepasti gici big, patate të skuqura, pije, ketchup, mustardë', 'https://d3u269mlo8clta.cloudfront.net/opa/830960f8-5ccf-11f1-83e6-4e238d7eb25d_ahr0chm6ly9zdg9yywdllmdvb2dszwfwaxmuy29tl2lrb25hlwj1y2tldc1wcm9kdwn0aw9ul2ltywdlcy82odgzm2e2mzaznmu4ztc3ntg4njbimzgvug9yayuymfnrzxbhc3rpjtiwq29tym8tnjg5mddhywnknwywndfkogfjmge1n2exlnbuzw__.jpeg.png', 207) ON CONFLICT DO NOTHING;
INSERT INTO menu_option_groups (menu_id, group_id) VALUES (2747, 1579) ON CONFLICT DO NOTHING;
INSERT INTO menu_option_groups (menu_id, group_id) VALUES (2747, 1582) ON CONFLICT DO NOTHING;
INSERT INTO menu_option_groups (menu_id, group_id) VALUES (2747, 1609) ON CONFLICT DO NOTHING;
INSERT INTO menu_option_groups (menu_id, group_id) VALUES (2747, 1563) ON CONFLICT DO NOTHING;
INSERT INTO menu_option_groups (menu_id, group_id) VALUES (2747, 1623) ON CONFLICT DO NOTHING;
INSERT INTO menu_option_groups (menu_id, group_id) VALUES (2747, 1542) ON CONFLICT DO NOTHING;
INSERT INTO menu_option_groups (menu_id, group_id) VALUES (2747, 1541) ON CONFLICT DO NOTHING;
INSERT INTO menu_option_groups (menu_id, group_id) VALUES (2747, 1611) ON CONFLICT DO NOTHING;
INSERT INTO menus (id, name, description, image_url, category_id) VALUES (2748, 'Minced Beef Skepasti Combo', 'Pite, qofte viçi, domate, qepë të kuqe, majonezë burgeri, salcë BBQ, paprika, patate të skuqura, kastravec turshi të bërë në shtëpi', 'https://d3u269mlo8clta.cloudfront.net/opa/2723be2a-5b3d-11f1-a0ec-ce60ff2c0b4d_ahr0chm6ly9zdg9yywdllmdvb2dszwfwaxmuy29tl2lrb25hlwj1y2tldc1wcm9kdwn0aw9ul2ltywdlcy82odgzm2e2mzaznmu4ztc3ntg4njbimzgvtwluy2vkjtiwqmvlziuymenvbwitnjg5mdc5zgzmmjmzztm0mzy0zmexy2vjlnbuzw__.jpeg.png', 207) ON CONFLICT DO NOTHING;
INSERT INTO menu_option_groups (menu_id, group_id) VALUES (2748, 1571) ON CONFLICT DO NOTHING;
INSERT INTO menu_option_groups (menu_id, group_id) VALUES (2748, 1582) ON CONFLICT DO NOTHING;
INSERT INTO menu_option_groups (menu_id, group_id) VALUES (2748, 1605) ON CONFLICT DO NOTHING;
INSERT INTO menu_option_groups (menu_id, group_id) VALUES (2748, 1563) ON CONFLICT DO NOTHING;
INSERT INTO menu_option_groups (menu_id, group_id) VALUES (2748, 1542) ON CONFLICT DO NOTHING;
INSERT INTO menu_option_groups (menu_id, group_id) VALUES (2748, 1541) ON CONFLICT DO NOTHING;
INSERT INTO menu_option_groups (menu_id, group_id) VALUES (2748, 1611) ON CONFLICT DO NOTHING;
INSERT INTO menus (id, name, description, image_url, category_id) VALUES (2749, 'Minced Beef Skepasti Big Combo', 'Pite big, qofte viçi, domate, qepë të kuqe, majonezë burgeri, salcë BBQ, paprika, patate të skuqura, kastravec turshi të bërë në shtëpi', 'https://d3u269mlo8clta.cloudfront.net/opa/2723be2a-5b3d-11f1-a0ec-ce60ff2c0b4d_ahr0chm6ly9zdg9yywdllmdvb2dszwfwaxmuy29tl2lrb25hlwj1y2tldc1wcm9kdwn0aw9ul2ltywdlcy82odgzm2e2mzaznmu4ztc3ntg4njbimzgvtwluy2vkjtiwqmvlziuymenvbwitnjg5mdc5zgzmmjmzztm0mzy0zmexy2vjlnbuzw__.jpeg.png', 207) ON CONFLICT DO NOTHING;
INSERT INTO menu_option_groups (menu_id, group_id) VALUES (2749, 1548) ON CONFLICT DO NOTHING;
INSERT INTO menu_option_groups (menu_id, group_id) VALUES (2749, 1582) ON CONFLICT DO NOTHING;
INSERT INTO menu_option_groups (menu_id, group_id) VALUES (2749, 1623) ON CONFLICT DO NOTHING;
INSERT INTO menu_option_groups (menu_id, group_id) VALUES (2749, 1609) ON CONFLICT DO NOTHING;
INSERT INTO menu_option_groups (menu_id, group_id) VALUES (2749, 1563) ON CONFLICT DO NOTHING;
INSERT INTO menu_option_groups (menu_id, group_id) VALUES (2749, 1542) ON CONFLICT DO NOTHING;
INSERT INTO menu_option_groups (menu_id, group_id) VALUES (2749, 1541) ON CONFLICT DO NOTHING;
INSERT INTO menu_option_groups (menu_id, group_id) VALUES (2749, 1611) ON CONFLICT DO NOTHING;
INSERT INTO menus (id, name, description, image_url, category_id) VALUES (2750, 'OPA Smash Burger Combo', 'Opa smash burger, patate të skuqura, pije, ketchup, mustardë', 'https://d3u269mlo8clta.cloudfront.net/opa/830c4eda-5ccf-11f1-83e6-4e238d7eb25d_ahr0chm6ly9zdg9yywdllmdvb2dszwfwaxmuy29tl2lrb25hlwj1y2tldc1wcm9kdwn0aw9ul2ltywdlcy82odgzm2e2mzaznmu4ztc3ntg4njbimzgvv29sdf9pueelmjbtaw5nbgulmjbtbwfzacuymej1cmdlciuymenvbwjvlty4ota3yti5zjizm2uzndm2ngzhmwnlzi5wbmc_.jpeg.png', 207) ON CONFLICT DO NOTHING;
INSERT INTO menu_option_groups (menu_id, group_id) VALUES (2750, 1539) ON CONFLICT DO NOTHING;
INSERT INTO menu_option_groups (menu_id, group_id) VALUES (2750, 1568) ON CONFLICT DO NOTHING;
INSERT INTO menu_option_groups (menu_id, group_id) VALUES (2750, 1605) ON CONFLICT DO NOTHING;
INSERT INTO menu_option_groups (menu_id, group_id) VALUES (2750, 1563) ON CONFLICT DO NOTHING;
INSERT INTO menu_option_groups (menu_id, group_id) VALUES (2750, 1542) ON CONFLICT DO NOTHING;
INSERT INTO menu_option_groups (menu_id, group_id) VALUES (2750, 1541) ON CONFLICT DO NOTHING;
INSERT INTO menu_option_groups (menu_id, group_id) VALUES (2750, 1611) ON CONFLICT DO NOTHING;
INSERT INTO menus (id, name, description, image_url, category_id) VALUES (2751, 'Double OPA Smash Burger Combo', '2x Qofte me mish viçi, bukë burgeri, sallatë romane, salcë burgeri, kastravec turshi të shtëpisë, djathë cheddar, pije', 'https://d3u269mlo8clta.cloudfront.net/opa/830c4eda-5ccf-11f1-83e6-4e238d7eb25d_ahr0chm6ly9zdg9yywdllmdvb2dszwfwaxmuy29tl2lrb25hlwj1y2tldc1wcm9kdwn0aw9ul2ltywdlcy82odgzm2e2mzaznmu4ztc3ntg4njbimzgvv29sdf9pueelmjbtaw5nbgulmjbtbwfzacuymej1cmdlciuymenvbwjvlty4ota3yti5zjizm2uzndm2ngzhmwnlzi5wbmc_.jpeg.png', 207) ON CONFLICT DO NOTHING;
INSERT INTO menu_option_groups (menu_id, group_id) VALUES (2751, 1576) ON CONFLICT DO NOTHING;
INSERT INTO menu_option_groups (menu_id, group_id) VALUES (2751, 1568) ON CONFLICT DO NOTHING;
INSERT INTO menu_option_groups (menu_id, group_id) VALUES (2751, 1605) ON CONFLICT DO NOTHING;
INSERT INTO menu_option_groups (menu_id, group_id) VALUES (2751, 1563) ON CONFLICT DO NOTHING;
INSERT INTO menu_option_groups (menu_id, group_id) VALUES (2751, 1542) ON CONFLICT DO NOTHING;
INSERT INTO menu_option_groups (menu_id, group_id) VALUES (2751, 1541) ON CONFLICT DO NOTHING;
INSERT INTO menu_option_groups (menu_id, group_id) VALUES (2751, 1611) ON CONFLICT DO NOTHING;
INSERT INTO menus (id, name, description, image_url, category_id) VALUES (2752, 'Crispy Chicken Burger Combo ', 'Crispy chicken burger, patate të skuqura, pije, ketchup, mustardë', 'https://d3u269mlo8clta.cloudfront.net/opa/272653b0-5b3d-11f1-a0ec-ce60ff2c0b4d_ahr0chm6ly9zdg9yywdllmdvb2dszwfwaxmuy29tl2lrb25hlwj1y2tldc1wcm9kdwn0aw9ul2ltywdlcy82odgzm2e2mzaznmu4ztc3ntg4njbimzgvv29sdf9pueelmjbdcmlzchklmjbdaglja2vujtiwq29tym8tnjg5mddintrknwywndfkogfjmge1n2fmlnbuzw__.jpeg.png', 207) ON CONFLICT DO NOTHING;
INSERT INTO menu_option_groups (menu_id, group_id) VALUES (2752, 1410) ON CONFLICT DO NOTHING;
INSERT INTO menu_option_groups (menu_id, group_id) VALUES (2752, 1568) ON CONFLICT DO NOTHING;
INSERT INTO menu_option_groups (menu_id, group_id) VALUES (2752, 1605) ON CONFLICT DO NOTHING;
INSERT INTO menu_option_groups (menu_id, group_id) VALUES (2752, 1563) ON CONFLICT DO NOTHING;
INSERT INTO menu_option_groups (menu_id, group_id) VALUES (2752, 1542) ON CONFLICT DO NOTHING;
INSERT INTO menu_option_groups (menu_id, group_id) VALUES (2752, 1541) ON CONFLICT DO NOTHING;
INSERT INTO menu_option_groups (menu_id, group_id) VALUES (2752, 1611) ON CONFLICT DO NOTHING;
INSERT INTO menus (id, name, description, image_url, category_id) VALUES (2753, 'Eros Combo', 'Eros wrap, patate të skuqura, pije, ketchup, mustardë', 'https://d3u269mlo8clta.cloudfront.net/opa/830f2ede-5ccf-11f1-83e6-4e238d7eb25d_ahr0chm6ly9zdg9yywdllmdvb2dszwfwaxmuy29tl2lrb25hlwj1y2tldc1wcm9kdwn0aw9ul2ltywdlcy82odgzm2e2mzaznmu4ztc3ntg4njbimzgvrxjvcyuymenvbwjvlty4ota3odc5ytvjzwy0nmvjztg2m2vmoc5wbmc_.jpeg.png', 207) ON CONFLICT DO NOTHING;
INSERT INTO menu_option_groups (menu_id, group_id) VALUES (2753, 1585) ON CONFLICT DO NOTHING;
INSERT INTO menu_option_groups (menu_id, group_id) VALUES (2753, 1568) ON CONFLICT DO NOTHING;
INSERT INTO menu_option_groups (menu_id, group_id) VALUES (2753, 1605) ON CONFLICT DO NOTHING;
INSERT INTO menu_option_groups (menu_id, group_id) VALUES (2753, 1563) ON CONFLICT DO NOTHING;
INSERT INTO menu_option_groups (menu_id, group_id) VALUES (2753, 1542) ON CONFLICT DO NOTHING;
INSERT INTO menu_option_groups (menu_id, group_id) VALUES (2753, 1541) ON CONFLICT DO NOTHING;
INSERT INTO menu_option_groups (menu_id, group_id) VALUES (2753, 1611) ON CONFLICT DO NOTHING;
INSERT INTO menus (id, name, description, image_url, category_id) VALUES (2754, 'Eros Big Combo', 'Eros wrap big, patate të skuqura, pije, ketchup, mustardë
', 'https://d3u269mlo8clta.cloudfront.net/opa/830f2ede-5ccf-11f1-83e6-4e238d7eb25d_ahr0chm6ly9zdg9yywdllmdvb2dszwfwaxmuy29tl2lrb25hlwj1y2tldc1wcm9kdwn0aw9ul2ltywdlcy82odgzm2e2mzaznmu4ztc3ntg4njbimzgvrxjvcyuymenvbwjvlty4ota3odc5ytvjzwy0nmvjztg2m2vmoc5wbmc_.jpeg.png', 207) ON CONFLICT DO NOTHING;
INSERT INTO menu_option_groups (menu_id, group_id) VALUES (2754, 1594) ON CONFLICT DO NOTHING;
INSERT INTO menu_option_groups (menu_id, group_id) VALUES (2754, 1531) ON CONFLICT DO NOTHING;
INSERT INTO menu_option_groups (menu_id, group_id) VALUES (2754, 1609) ON CONFLICT DO NOTHING;
INSERT INTO menu_option_groups (menu_id, group_id) VALUES (2754, 1563) ON CONFLICT DO NOTHING;
INSERT INTO menu_option_groups (menu_id, group_id) VALUES (2754, 1542) ON CONFLICT DO NOTHING;
INSERT INTO menu_option_groups (menu_id, group_id) VALUES (2754, 1541) ON CONFLICT DO NOTHING;
INSERT INTO menu_option_groups (menu_id, group_id) VALUES (2754, 1611) ON CONFLICT DO NOTHING;
INSERT INTO menus (id, name, description, image_url, category_id) VALUES (2755, 'Hermes Combo', 'Hermes wrap, patate të skuqura, pije, ketchup, mustardë', 'https://d3u269mlo8clta.cloudfront.net/opa/3bb7b898-544c-11f1-ad33-2e1ca93508c8_ahr0chm6ly9zdg9yywdllmdvb2dszwfwaxmuy29tl2lrb25hlwj1y2tldc1wcm9kdwn0aw9ul2ltywdlcy82odgzm2e2mzaznmu4ztc3ntg4njbimzgvsgvybwvzjtiwq29tym8tnjg5mdc5nmmxyjg1ztjlngm4yjjmodbklnbuzw__.jpeg.png', 207) ON CONFLICT DO NOTHING;
INSERT INTO menu_option_groups (menu_id, group_id) VALUES (2755, 1535) ON CONFLICT DO NOTHING;
INSERT INTO menu_option_groups (menu_id, group_id) VALUES (2755, 1568) ON CONFLICT DO NOTHING;
INSERT INTO menu_option_groups (menu_id, group_id) VALUES (2755, 1605) ON CONFLICT DO NOTHING;
INSERT INTO menu_option_groups (menu_id, group_id) VALUES (2755, 1563) ON CONFLICT DO NOTHING;
INSERT INTO menu_option_groups (menu_id, group_id) VALUES (2755, 1542) ON CONFLICT DO NOTHING;
INSERT INTO menu_option_groups (menu_id, group_id) VALUES (2755, 1541) ON CONFLICT DO NOTHING;
INSERT INTO menu_option_groups (menu_id, group_id) VALUES (2755, 1611) ON CONFLICT DO NOTHING;
INSERT INTO menus (id, name, description, image_url, category_id) VALUES (2756, 'Hermes Big Combo', 'Hermes wrap big, patate të skuqura, pije, ketchup, mustardë', 'https://d3u269mlo8clta.cloudfront.net/opa/3bb7b898-544c-11f1-ad33-2e1ca93508c8_ahr0chm6ly9zdg9yywdllmdvb2dszwfwaxmuy29tl2lrb25hlwj1y2tldc1wcm9kdwn0aw9ul2ltywdlcy82odgzm2e2mzaznmu4ztc3ntg4njbimzgvsgvybwvzjtiwq29tym8tnjg5mdc5nmmxyjg1ztjlngm4yjjmodbklnbuzw__.jpeg.png', 207) ON CONFLICT DO NOTHING;
INSERT INTO menu_option_groups (menu_id, group_id) VALUES (2756, 1590) ON CONFLICT DO NOTHING;
INSERT INTO menu_option_groups (menu_id, group_id) VALUES (2756, 1531) ON CONFLICT DO NOTHING;
INSERT INTO menu_option_groups (menu_id, group_id) VALUES (2756, 1609) ON CONFLICT DO NOTHING;
INSERT INTO menu_option_groups (menu_id, group_id) VALUES (2756, 1563) ON CONFLICT DO NOTHING;
INSERT INTO menu_option_groups (menu_id, group_id) VALUES (2756, 1542) ON CONFLICT DO NOTHING;
INSERT INTO menu_option_groups (menu_id, group_id) VALUES (2756, 1541) ON CONFLICT DO NOTHING;
INSERT INTO menu_option_groups (menu_id, group_id) VALUES (2756, 1611) ON CONFLICT DO NOTHING;
INSERT INTO menus (id, name, description, image_url, category_id) VALUES (2757, 'Gaia Combo', 'Gaia wrap, patate të skuqura, pije ketchup, mustardë', 'https://d3u269mlo8clta.cloudfront.net/opa/272a6ed2-5b3d-11f1-a0ec-ce60ff2c0b4d_ahr0chm6ly9zdg9yywdllmdvb2dszwfwaxmuy29tl2lrb25hlwj1y2tldc1wcm9kdwn0aw9ul2ltywdlcy82odgzm2e2mzaznmu4ztc3ntg4njbimzgvr2fpysuymgnvbwjvlty4ota3ognlnznkyzflngrhnjk1yjc1zi5wbmc_.jpeg.png', 207) ON CONFLICT DO NOTHING;
INSERT INTO menu_option_groups (menu_id, group_id) VALUES (2757, 1593) ON CONFLICT DO NOTHING;
INSERT INTO menu_option_groups (menu_id, group_id) VALUES (2757, 1568) ON CONFLICT DO NOTHING;
INSERT INTO menu_option_groups (menu_id, group_id) VALUES (2757, 1605) ON CONFLICT DO NOTHING;
INSERT INTO menu_option_groups (menu_id, group_id) VALUES (2757, 1563) ON CONFLICT DO NOTHING;
INSERT INTO menu_option_groups (menu_id, group_id) VALUES (2757, 1542) ON CONFLICT DO NOTHING;
INSERT INTO menu_option_groups (menu_id, group_id) VALUES (2757, 1541) ON CONFLICT DO NOTHING;
INSERT INTO menu_option_groups (menu_id, group_id) VALUES (2757, 1611) ON CONFLICT DO NOTHING;
INSERT INTO menus (id, name, description, image_url, category_id) VALUES (2758, 'Gaia Big Combo', 'Gaia wrap big, patate të skuqura, pije ketchup, mustardë', 'https://d3u269mlo8clta.cloudfront.net/opa/272a6ed2-5b3d-11f1-a0ec-ce60ff2c0b4d_ahr0chm6ly9zdg9yywdllmdvb2dszwfwaxmuy29tl2lrb25hlwj1y2tldc1wcm9kdwn0aw9ul2ltywdlcy82odgzm2e2mzaznmu4ztc3ntg4njbimzgvr2fpysuymgnvbwjvlty4ota3ognlnznkyzflngrhnjk1yjc1zi5wbmc_.jpeg.png', 207) ON CONFLICT DO NOTHING;
INSERT INTO menu_option_groups (menu_id, group_id) VALUES (2758, 1531) ON CONFLICT DO NOTHING;
INSERT INTO menu_option_groups (menu_id, group_id) VALUES (2758, 1609) ON CONFLICT DO NOTHING;
INSERT INTO menu_option_groups (menu_id, group_id) VALUES (2758, 1563) ON CONFLICT DO NOTHING;
INSERT INTO menu_option_groups (menu_id, group_id) VALUES (2758, 1542) ON CONFLICT DO NOTHING;
INSERT INTO menu_option_groups (menu_id, group_id) VALUES (2758, 1541) ON CONFLICT DO NOTHING;
INSERT INTO menu_option_groups (menu_id, group_id) VALUES (2758, 1611) ON CONFLICT DO NOTHING;
INSERT INTO menus (id, name, description, image_url, category_id) VALUES (2759, 'Zeus Combo', 'Zeus wrap, patate të skuqura, pije, ketchup, mustardë', 'https://d3u269mlo8clta.cloudfront.net/opa/8313370e-5ccf-11f1-83e6-4e238d7eb25d_ahr0chm6ly9zdg9yywdllmdvb2dszwfwaxmuy29tl2lrb25hlwj1y2tldc1wcm9kdwn0aw9ul2ltywdlcy82odgzm2e2mzaznmu4ztc3ntg4njbimzgvwmv1cyuymenvbwjvlty4ota3yjiyzdvmmdqxzdhhyzbhntdhoc5wbmc_.jpeg.png', 207) ON CONFLICT DO NOTHING;
INSERT INTO menu_option_groups (menu_id, group_id) VALUES (2759, 1566) ON CONFLICT DO NOTHING;
INSERT INTO menu_option_groups (menu_id, group_id) VALUES (2759, 1568) ON CONFLICT DO NOTHING;
INSERT INTO menu_option_groups (menu_id, group_id) VALUES (2759, 1605) ON CONFLICT DO NOTHING;
INSERT INTO menu_option_groups (menu_id, group_id) VALUES (2759, 1563) ON CONFLICT DO NOTHING;
INSERT INTO menu_option_groups (menu_id, group_id) VALUES (2759, 1542) ON CONFLICT DO NOTHING;
INSERT INTO menu_option_groups (menu_id, group_id) VALUES (2759, 1541) ON CONFLICT DO NOTHING;
INSERT INTO menu_option_groups (menu_id, group_id) VALUES (2759, 1611) ON CONFLICT DO NOTHING;
INSERT INTO menus (id, name, description, image_url, category_id) VALUES (2760, 'Zeus Big Combo', 'Zeus wrap big, patate të skuqura, pije, ketchup, mustardë', 'https://d3u269mlo8clta.cloudfront.net/opa/8313370e-5ccf-11f1-83e6-4e238d7eb25d_ahr0chm6ly9zdg9yywdllmdvb2dszwfwaxmuy29tl2lrb25hlwj1y2tldc1wcm9kdwn0aw9ul2ltywdlcy82odgzm2e2mzaznmu4ztc3ntg4njbimzgvwmv1cyuymenvbwjvlty4ota3yjiyzdvmmdqxzdhhyzbhntdhoc5wbmc_.jpeg.png', 207) ON CONFLICT DO NOTHING;
INSERT INTO menu_option_groups (menu_id, group_id) VALUES (2760, 1531) ON CONFLICT DO NOTHING;
INSERT INTO menu_option_groups (menu_id, group_id) VALUES (2760, 1609) ON CONFLICT DO NOTHING;
INSERT INTO menu_option_groups (menu_id, group_id) VALUES (2760, 1563) ON CONFLICT DO NOTHING;
INSERT INTO menu_option_groups (menu_id, group_id) VALUES (2760, 1542) ON CONFLICT DO NOTHING;
INSERT INTO menu_option_groups (menu_id, group_id) VALUES (2760, 1541) ON CONFLICT DO NOTHING;
INSERT INTO menu_option_groups (menu_id, group_id) VALUES (2760, 1611) ON CONFLICT DO NOTHING;
INSERT INTO menus (id, name, description, image_url, category_id) VALUES (2761, 'Pork Doner Combo ', 'pork doner, fries, ketchup, mustard, drink', 'https://d3u269mlo8clta.cloudfront.net/opa/4a34775e-5383-11f1-b246-76de16ae3890_ahr0chm6ly9zdg9yywdllmdvb2dszwfwaxmuy29tl2lrb25hlwj1y2tldc1wcm9kdwn0aw9ul2ltywdlcy82odgzm2e2mzaznmu4ztc3ntg4njbimzgvv29sdf9fug9yayuymervbmvyjtiwy29tym8tnjhkzdcyzjdlogmxythimmeyy2m4m2iwlnbuzw__.jpeg.png', 207) ON CONFLICT DO NOTHING;
INSERT INTO menu_option_groups (menu_id, group_id) VALUES (2761, 1551) ON CONFLICT DO NOTHING;
INSERT INTO menu_option_groups (menu_id, group_id) VALUES (2761, 1568) ON CONFLICT DO NOTHING;
INSERT INTO menu_option_groups (menu_id, group_id) VALUES (2761, 1605) ON CONFLICT DO NOTHING;
INSERT INTO menu_option_groups (menu_id, group_id) VALUES (2761, 1563) ON CONFLICT DO NOTHING;
INSERT INTO menu_option_groups (menu_id, group_id) VALUES (2761, 1542) ON CONFLICT DO NOTHING;
INSERT INTO menu_option_groups (menu_id, group_id) VALUES (2761, 1541) ON CONFLICT DO NOTHING;
INSERT INTO menu_option_groups (menu_id, group_id) VALUES (2761, 1611) ON CONFLICT DO NOTHING;
INSERT INTO menus (id, name, description, image_url, category_id) VALUES (2762, 'Chicken Doner Combo ', 'chicken doner, fries, drink, ketchup, mustard', 'https://d3u269mlo8clta.cloudfront.net/opa/a66c8bec-42df-11f1-879e-3a1d0684e0bc_ahr0chm6ly9zdg9yywdllmdvb2dszwfwaxmuy29tl2lrb25hlwj1y2tldc1wcm9kdwn0aw9ul2ltywdlcy82odgzm2e2mzaznmu4ztc3ntg4njbimzgvv29sdf9fq2hpy2tlbiuymervbmvyjtiwy29tyiuymc02ogrknzjmn2u4yzfhogiyytjjyzgzywuucg5n.jpeg.png', 208) ON CONFLICT DO NOTHING;
INSERT INTO menu_option_groups (menu_id, group_id) VALUES (2762, 1567) ON CONFLICT DO NOTHING;
INSERT INTO menu_option_groups (menu_id, group_id) VALUES (2762, 1568) ON CONFLICT DO NOTHING;
INSERT INTO menu_option_groups (menu_id, group_id) VALUES (2762, 1605) ON CONFLICT DO NOTHING;
INSERT INTO menu_option_groups (menu_id, group_id) VALUES (2762, 1563) ON CONFLICT DO NOTHING;
INSERT INTO menu_option_groups (menu_id, group_id) VALUES (2762, 1542) ON CONFLICT DO NOTHING;
INSERT INTO menu_option_groups (menu_id, group_id) VALUES (2762, 1541) ON CONFLICT DO NOTHING;
INSERT INTO menu_option_groups (menu_id, group_id) VALUES (2762, 1611) ON CONFLICT DO NOTHING;
INSERT INTO menus (id, name, description, image_url, category_id) VALUES (2763, 'Schnitzel Wrap Combo ', 'schnitzel wrap, fries, drink, ketchup, mustard', 'https://d3u269mlo8clta.cloudfront.net/opa/83198c9e-5ccf-11f1-83e6-4e238d7eb25d_ahr0chm6ly9zdg9yywdllmdvb2dszwfwaxmuy29tl2lrb25hlwj1y2tldc1wcm9kdwn0aw9ul2ltywdlcy82odgzm2e2mzaznmu4ztc3ntg4njbimzgvv29sdf9fu2nobml0emvsjtiwv3jhccuymenvbwjvjtiwbm9ybwfszsuymc02ogrknzjmn2u4yzfhogiyytjjyzgzyjqucg5n.jpeg.png', 207) ON CONFLICT DO NOTHING;
INSERT INTO menu_option_groups (menu_id, group_id) VALUES (2763, 1610) ON CONFLICT DO NOTHING;
INSERT INTO menu_option_groups (menu_id, group_id) VALUES (2763, 1568) ON CONFLICT DO NOTHING;
INSERT INTO menu_option_groups (menu_id, group_id) VALUES (2763, 1605) ON CONFLICT DO NOTHING;
INSERT INTO menu_option_groups (menu_id, group_id) VALUES (2763, 1563) ON CONFLICT DO NOTHING;
INSERT INTO menu_option_groups (menu_id, group_id) VALUES (2763, 1542) ON CONFLICT DO NOTHING;
INSERT INTO menu_option_groups (menu_id, group_id) VALUES (2763, 1541) ON CONFLICT DO NOTHING;
INSERT INTO menu_option_groups (menu_id, group_id) VALUES (2763, 1611) ON CONFLICT DO NOTHING;
INSERT INTO menus (id, name, description, image_url, category_id) VALUES (2764, 'Schnitzel Wrap Big Combo ', 'schnitzel wrap big, fries, drink, ketchup, mustard', 'https://d3u269mlo8clta.cloudfront.net/opa/831d654e-5ccf-11f1-83e6-4e238d7eb25d_ahr0chm6ly9zdg9yywdllmdvb2dszwfwaxmuy29tl2lrb25hlwj1y2tldc1wcm9kdwn0aw9ul2ltywdlcy82odgzm2e2mzaznmu4ztc3ntg4njbimzgvv29sdf9fu2nobml0emvsjtiwv3jhccuymgjpzyuymgnvbwjvjtiwlty4zgq3mmy3zthjmwe4yjjhmmnjodnimy5wbmc_.jpeg.png', 207) ON CONFLICT DO NOTHING;
INSERT INTO menu_option_groups (menu_id, group_id) VALUES (2764, 1617) ON CONFLICT DO NOTHING;
INSERT INTO menu_option_groups (menu_id, group_id) VALUES (2764, 1575) ON CONFLICT DO NOTHING;
INSERT INTO menu_option_groups (menu_id, group_id) VALUES (2764, 1618) ON CONFLICT DO NOTHING;
INSERT INTO menu_option_groups (menu_id, group_id) VALUES (2764, 1563) ON CONFLICT DO NOTHING;
INSERT INTO menu_option_groups (menu_id, group_id) VALUES (2764, 1542) ON CONFLICT DO NOTHING;
INSERT INTO menu_option_groups (menu_id, group_id) VALUES (2764, 1541) ON CONFLICT DO NOTHING;
INSERT INTO menu_option_groups (menu_id, group_id) VALUES (2764, 1611) ON CONFLICT DO NOTHING;
INSERT INTO menus (id, name, description, image_url, category_id) VALUES (2765, 'BBQ Chicken Wings (8 cope) Combo ', 'BBQ Chicken Wings (8 cope), fries, drink', 'https://d3u269mlo8clta.cloudfront.net/opa/831fa2be-5ccf-11f1-83e6-4e238d7eb25d_ahr0chm6ly9zdg9yywdllmdvb2dszwfwaxmuy29tl2lrb25hlwj1y2tldc1wcm9kdwn0aw9ul2ltywdlcy82odgzm2e2mzaznmu4ztc3ntg4njbimzgvv29sdf9daglja2vujtiwv2luz3mlmja2jtiwy29wzsuymgnvbwjvjtiwlty4zgq3mmy3zthjmwe4yjjhmmnjodnioc5wbmc_.jpeg.png', 207) ON CONFLICT DO NOTHING;
INSERT INTO menu_option_groups (menu_id, group_id) VALUES (2765, 1595) ON CONFLICT DO NOTHING;
INSERT INTO menu_option_groups (menu_id, group_id) VALUES (2765, 1541) ON CONFLICT DO NOTHING;
INSERT INTO menu_option_groups (menu_id, group_id) VALUES (2765, 1611) ON CONFLICT DO NOTHING;
INSERT INTO menu_option_groups (menu_id, group_id) VALUES (2765, 1555) ON CONFLICT DO NOTHING;
INSERT INTO menu_option_groups (menu_id, group_id) VALUES (2765, 1575) ON CONFLICT DO NOTHING;
INSERT INTO menu_option_groups (menu_id, group_id) VALUES (2765, 1605) ON CONFLICT DO NOTHING;
INSERT INTO menu_option_groups (menu_id, group_id) VALUES (2765, 1542) ON CONFLICT DO NOTHING;
INSERT INTO menu_option_groups (menu_id, group_id) VALUES (2765, 1541) ON CONFLICT DO NOTHING;
INSERT INTO menu_option_groups (menu_id, group_id) VALUES (2765, 1611) ON CONFLICT DO NOTHING;
INSERT INTO menus (id, name, description, image_url, category_id) VALUES (2766, 'BBQ Chicken Wings (6cope) Combo ', 'BBQ Chicken Wings (6cope) , fries, drink', 'https://d3u269mlo8clta.cloudfront.net/opa/83215cc6-5ccf-11f1-83e6-4e238d7eb25d_ahr0chm6ly9zdg9yywdllmdvb2dszwfwaxmuy29tl2lrb25hlwj1y2tldc1wcm9kdwn0aw9ul2ltywdlcy82odgzm2e2mzaznmu4ztc3ntg4njbimzgvv29sdf9daglja2vujtiwv2luz3mlmja0jtiwy29wzsuymgnvbwjvjtiwlty4zgq3mmy3zthjmwe4yjjhmmnjodnini5wbmc_.jpeg.png', 207) ON CONFLICT DO NOTHING;
INSERT INTO menu_option_groups (menu_id, group_id) VALUES (2766, 1589) ON CONFLICT DO NOTHING;
INSERT INTO menu_option_groups (menu_id, group_id) VALUES (2766, 1541) ON CONFLICT DO NOTHING;
INSERT INTO menu_option_groups (menu_id, group_id) VALUES (2766, 1611) ON CONFLICT DO NOTHING;
INSERT INTO menu_option_groups (menu_id, group_id) VALUES (2766, 1540) ON CONFLICT DO NOTHING;
INSERT INTO menu_option_groups (menu_id, group_id) VALUES (2766, 1575) ON CONFLICT DO NOTHING;
INSERT INTO menu_option_groups (menu_id, group_id) VALUES (2766, 1605) ON CONFLICT DO NOTHING;
INSERT INTO menu_option_groups (menu_id, group_id) VALUES (2766, 1542) ON CONFLICT DO NOTHING;
INSERT INTO menu_option_groups (menu_id, group_id) VALUES (2766, 1541) ON CONFLICT DO NOTHING;
INSERT INTO menu_option_groups (menu_id, group_id) VALUES (2766, 1611) ON CONFLICT DO NOTHING;
INSERT INTO menus (id, name, description, image_url, category_id) VALUES (2767, 'BBQ Chicken Wings (10 cope) Combo ', 'BBQ Chicken Wings (10 cope), fries, drink', 'https://d3u269mlo8clta.cloudfront.net/opa/a7f45972-5810-11f1-84b4-363dd4c82eca_ahr0chm6ly9zdg9yywdllmdvb2dszwfwaxmuy29tl2lrb25hlwj1y2tldc1wcm9kdwn0aw9ul2ltywdlcy82odgzm2e2mzaznmu4ztc3ntg4njbimzgvv29sdf9daglja2vujtiwv2luz3mlmja4jtiwy29wzsuymgnvbwjvjtiwlty4zgq3mmy3zthjmwe4yjjhmmnjodniys5wbmc_.jpeg.png', 207) ON CONFLICT DO NOTHING;
INSERT INTO menu_option_groups (menu_id, group_id) VALUES (2767, 1603) ON CONFLICT DO NOTHING;
INSERT INTO menu_option_groups (menu_id, group_id) VALUES (2767, 1541) ON CONFLICT DO NOTHING;
INSERT INTO menu_option_groups (menu_id, group_id) VALUES (2767, 1611) ON CONFLICT DO NOTHING;
INSERT INTO menu_option_groups (menu_id, group_id) VALUES (2767, 1534) ON CONFLICT DO NOTHING;
INSERT INTO menu_option_groups (menu_id, group_id) VALUES (2767, 1575) ON CONFLICT DO NOTHING;
INSERT INTO menu_option_groups (menu_id, group_id) VALUES (2767, 1605) ON CONFLICT DO NOTHING;
INSERT INTO menu_option_groups (menu_id, group_id) VALUES (2767, 1542) ON CONFLICT DO NOTHING;
INSERT INTO menu_option_groups (menu_id, group_id) VALUES (2767, 1541) ON CONFLICT DO NOTHING;
INSERT INTO menu_option_groups (menu_id, group_id) VALUES (2767, 1611) ON CONFLICT DO NOTHING;
INSERT INTO menus (id, name, description, image_url, category_id) VALUES (2768, 'Chicken Doner ', 'buke doneri, gjiro pule, OPA Mayo, patate, domate, sallate, paprika', 'https://d3u269mlo8clta.cloudfront.net/opa/8328ba3e-5ccf-11f1-83e6-4e238d7eb25d_ahr0chm6ly9zdg9yywdllmdvb2dszwfwaxmuy29tl2lrb25hlwj1y2tldc1wcm9kdwn0aw9ul2ltywdlcy82odgzm2e2mzaznmu4ztc3ntg4njbimzgvv29sdf9fq2hpy2tlbiuymervbmvylty4zgq3mmy3zthjmwe4yjjhmmnjodnhzi5wbmc_.jpeg.png', 208) ON CONFLICT DO NOTHING;
INSERT INTO menu_option_groups (menu_id, group_id) VALUES (2768, 1542) ON CONFLICT DO NOTHING;
INSERT INTO menu_option_groups (menu_id, group_id) VALUES (2768, 1541) ON CONFLICT DO NOTHING;
INSERT INTO menu_option_groups (menu_id, group_id) VALUES (2768, 1611) ON CONFLICT DO NOTHING;
INSERT INTO menus (id, name, description, image_url, category_id) VALUES (2769, 'Pork Doner ', 'Buke doneri, gjiro gici , tzatziki, patate, domate, qepe te kuqe, paprika', 'https://d3u269mlo8clta.cloudfront.net/opa/250c1cb8-5b3d-11f1-9091-6275ffac7d4a_ahr0chm6ly9zdg9yywdllmdvb2dszwfwaxmuy29tl2lrb25hlwj1y2tldc1wcm9kdwn0aw9ul2ltywdlcy82odgzm2e2mzaznmu4ztc3ntg4njbimzgvv29sdf9fug9yayuymervbmvylty4zgq3mmy3zthjmwe4yjjhmmnjodnims5wbmc_.jpeg.png', 208) ON CONFLICT DO NOTHING;
INSERT INTO menu_option_groups (menu_id, group_id) VALUES (2769, 1542) ON CONFLICT DO NOTHING;
INSERT INTO menu_option_groups (menu_id, group_id) VALUES (2769, 1541) ON CONFLICT DO NOTHING;
INSERT INTO menu_option_groups (menu_id, group_id) VALUES (2769, 1611) ON CONFLICT DO NOTHING;
INSERT INTO menus (id, name, description, image_url, category_id) VALUES (2770, 'Schnitzel Wrap Big ', 'tortilla, pule e skuqur krokante, domate, sallate, salce djegese me majoneze dhe hudher, djathe cedar', 'https://d3u269mlo8clta.cloudfront.net/opa/855df288-5ccf-11f1-91a3-aa50e5e38a2b_ahr0chm6ly9zdg9yywdllmdvb2dszwfwaxmuy29tl2lrb25hlwj1y2tldc1wcm9kdwn0aw9ul2ltywdlcy82odgzm2e2mzaznmu4ztc3ntg4njbimzgvv29sdf9fu2nobml0emvsjtiwv3jhcc02ogrknzjmn2u4yzfhogiyytjjyzgzyjuucg5n.jpeg.png', 208) ON CONFLICT DO NOTHING;
INSERT INTO menu_option_groups (menu_id, group_id) VALUES (2770, 1542) ON CONFLICT DO NOTHING;
INSERT INTO menu_option_groups (menu_id, group_id) VALUES (2770, 1541) ON CONFLICT DO NOTHING;
INSERT INTO menu_option_groups (menu_id, group_id) VALUES (2770, 1611) ON CONFLICT DO NOTHING;
INSERT INTO menus (id, name, description, image_url, category_id) VALUES (2771, 'Schnitzel Wrap ', 'tortilla, pule e skuqur krokante, domate, sallate, salce djegese me majoneze dhe hudher, djathe cedar', 'https://d3u269mlo8clta.cloudfront.net/opa/855df288-5ccf-11f1-91a3-aa50e5e38a2b_ahr0chm6ly9zdg9yywdllmdvb2dszwfwaxmuy29tl2lrb25hlwj1y2tldc1wcm9kdwn0aw9ul2ltywdlcy82odgzm2e2mzaznmu4ztc3ntg4njbimzgvv29sdf9fu2nobml0emvsjtiwv3jhcc02ogrknzjmn2u4yzfhogiyytjjyzgzyjuucg5n.jpeg.png', 208) ON CONFLICT DO NOTHING;
INSERT INTO menu_option_groups (menu_id, group_id) VALUES (2771, 1542) ON CONFLICT DO NOTHING;
INSERT INTO menu_option_groups (menu_id, group_id) VALUES (2771, 1541) ON CONFLICT DO NOTHING;
INSERT INTO menu_option_groups (menu_id, group_id) VALUES (2771, 1611) ON CONFLICT DO NOTHING;
INSERT INTO menus (id, name, description, image_url, category_id) VALUES (2772, 'OPA Bowl ', 'Zgjidh 1 Proteine, Zgjidh Sides, dhe Zgjidh Salcen.', 'https://d3u269mlo8clta.cloudfront.net/opa/250ea302-5b3d-11f1-9091-6275ffac7d4a_ahr0chm6ly9zdg9yywdllmdvb2dszwfwaxmuy29tl2lrb25hlwj1y2tldc1wcm9kdwn0aw9ul2ltywdlcy82odgzm2e2mzaznmu4ztc3ntg4njbimzgvv29sdf9pueelmjbqb3jrjtiwr3lyb3mlmjalmjbcb3dslty4ota3zju5zjizm2uzndm2ngzhmwqymy02ogriytqwmwq2ytvjnjm1zmfkmzy1mmmucg5n.jpeg.png', 208) ON CONFLICT DO NOTHING;
INSERT INTO menu_option_groups (menu_id, group_id) VALUES (2772, 1624) ON CONFLICT DO NOTHING;
INSERT INTO menu_option_groups (menu_id, group_id) VALUES (2772, 1626) ON CONFLICT DO NOTHING;
INSERT INTO menu_option_groups (menu_id, group_id) VALUES (2772, 1557) ON CONFLICT DO NOTHING;
INSERT INTO menu_option_groups (menu_id, group_id) VALUES (2772, 1560) ON CONFLICT DO NOTHING;
INSERT INTO menus (id, name, description, image_url, category_id) VALUES (2773, 'BBQ Chicken Wings (6 cope)', 'krahe pule te marinuara me salce BBQ', 'https://d3u269mlo8clta.cloudfront.net/opa/856be640-5ccf-11f1-91a3-aa50e5e38a2b_ahr0chm6ly9zdg9yywdllmdvb2dszwfwaxmuy29tl2lrb25hlwj1y2tldc1wcm9kdwn0aw9ul2ltywdlcy82odgzm2e2mzaznmu4ztc3ntg4njbimzgvv29sdf9daglja2vujtiwv2luz3mlmja2lty4zgq3mmy3zthjmwe4yjjhmmnjodnios5wbmc_.jpeg.png', 208) ON CONFLICT DO NOTHING;
INSERT INTO menu_option_groups (menu_id, group_id) VALUES (2773, 1541) ON CONFLICT DO NOTHING;
INSERT INTO menu_option_groups (menu_id, group_id) VALUES (2773, 1611) ON CONFLICT DO NOTHING;
INSERT INTO menu_option_groups (menu_id, group_id) VALUES (2773, 1540) ON CONFLICT DO NOTHING;
INSERT INTO menus (id, name, description, image_url, category_id) VALUES (2774, 'BBQ Chicken Wings (8 cope)', 'krahe pule te marinuara me salce BBQ', 'https://d3u269mlo8clta.cloudfront.net/opa/4bbeef3a-55ec-11f1-ae13-66eb004a3be4_ahr0chm6ly9zdg9yywdllmdvb2dszwfwaxmuy29tl2lrb25hlwj1y2tldc1wcm9kdwn0aw9ul2ltywdlcy82odgzm2e2mzaznmu4ztc3ntg4njbimzgvv29sdf9daglja2vujtiwv2luz3mlmja4lty4zgq3mmy3zthjmwe4yjjhmmnjodniyi5wbmc_.jpeg.png', 208) ON CONFLICT DO NOTHING;
INSERT INTO menu_option_groups (menu_id, group_id) VALUES (2774, 1541) ON CONFLICT DO NOTHING;
INSERT INTO menu_option_groups (menu_id, group_id) VALUES (2774, 1611) ON CONFLICT DO NOTHING;
INSERT INTO menu_option_groups (menu_id, group_id) VALUES (2774, 1555) ON CONFLICT DO NOTHING;
INSERT INTO menus (id, name, description, image_url, category_id) VALUES (2775, 'BBQ Chicken Wings (10 cope)', 'krahe pule te marinuara me salce BBQ', 'https://d3u269mlo8clta.cloudfront.net/opa/c9e75db8-59aa-11f1-99df-3e5ee5795ffd_ahr0chm6ly9zdg9yywdllmdvb2dszwfwaxmuy29tl2lrb25hlwj1y2tldc1wcm9kdwn0aw9ul2ltywdlcy82odgzm2e2mzaznmu4ztc3ntg4njbimzgvv29sdf9daglja2vujtiwv2luz3mlmjaxmi02otg0odjjntm1mdcxn2ywndmxymvmndcucg5n.jpeg.png', 208) ON CONFLICT DO NOTHING;
INSERT INTO menu_option_groups (menu_id, group_id) VALUES (2775, 1541) ON CONFLICT DO NOTHING;
INSERT INTO menu_option_groups (menu_id, group_id) VALUES (2775, 1611) ON CONFLICT DO NOTHING;
INSERT INTO menu_option_groups (menu_id, group_id) VALUES (2775, 1534) ON CONFLICT DO NOTHING;
INSERT INTO menus (id, name, description, image_url, category_id) VALUES (2776, 'Chicken Doner Combo ', 'chicken doner, fries, drink, ketchup, mustard', 'https://d3u269mlo8clta.cloudfront.net/opa/a66c8bec-42df-11f1-879e-3a1d0684e0bc_ahr0chm6ly9zdg9yywdllmdvb2dszwfwaxmuy29tl2lrb25hlwj1y2tldc1wcm9kdwn0aw9ul2ltywdlcy82odgzm2e2mzaznmu4ztc3ntg4njbimzgvv29sdf9fq2hpy2tlbiuymervbmvyjtiwy29tyiuymc02ogrknzjmn2u4yzfhogiyytjjyzgzywuucg5n.jpeg.png', 207) ON CONFLICT DO NOTHING;
INSERT INTO menu_option_groups (menu_id, group_id) VALUES (2776, 1567) ON CONFLICT DO NOTHING;
INSERT INTO menu_option_groups (menu_id, group_id) VALUES (2776, 1568) ON CONFLICT DO NOTHING;
INSERT INTO menu_option_groups (menu_id, group_id) VALUES (2776, 1605) ON CONFLICT DO NOTHING;
INSERT INTO menu_option_groups (menu_id, group_id) VALUES (2776, 1563) ON CONFLICT DO NOTHING;
INSERT INTO menu_option_groups (menu_id, group_id) VALUES (2776, 1542) ON CONFLICT DO NOTHING;
INSERT INTO menu_option_groups (menu_id, group_id) VALUES (2776, 1541) ON CONFLICT DO NOTHING;
INSERT INTO menu_option_groups (menu_id, group_id) VALUES (2776, 1611) ON CONFLICT DO NOTHING;
INSERT INTO menus (id, name, description, image_url, category_id) VALUES (2777, 'Pork Doner Combo ', 'pork doner, fries, ketchup, mustard, drink', 'https://d3u269mlo8clta.cloudfront.net/opa/4a34775e-5383-11f1-b246-76de16ae3890_ahr0chm6ly9zdg9yywdllmdvb2dszwfwaxmuy29tl2lrb25hlwj1y2tldc1wcm9kdwn0aw9ul2ltywdlcy82odgzm2e2mzaznmu4ztc3ntg4njbimzgvv29sdf9fug9yayuymervbmvyjtiwy29tym8tnjhkzdcyzjdlogmxythimmeyy2m4m2iwlnbuzw__.jpeg.png', 208) ON CONFLICT DO NOTHING;
INSERT INTO menu_option_groups (menu_id, group_id) VALUES (2777, 1551) ON CONFLICT DO NOTHING;
INSERT INTO menu_option_groups (menu_id, group_id) VALUES (2777, 1568) ON CONFLICT DO NOTHING;
INSERT INTO menu_option_groups (menu_id, group_id) VALUES (2777, 1605) ON CONFLICT DO NOTHING;
INSERT INTO menu_option_groups (menu_id, group_id) VALUES (2777, 1563) ON CONFLICT DO NOTHING;
INSERT INTO menu_option_groups (menu_id, group_id) VALUES (2777, 1542) ON CONFLICT DO NOTHING;
INSERT INTO menu_option_groups (menu_id, group_id) VALUES (2777, 1541) ON CONFLICT DO NOTHING;
INSERT INTO menu_option_groups (menu_id, group_id) VALUES (2777, 1611) ON CONFLICT DO NOTHING;
INSERT INTO menus (id, name, description, image_url, category_id) VALUES (2778, 'BBQ Chicken Wings (10 cope) Combo ', 'BBQ Chicken Wings (10 cope), fries, drink', 'https://d3u269mlo8clta.cloudfront.net/opa/a7f45972-5810-11f1-84b4-363dd4c82eca_ahr0chm6ly9zdg9yywdllmdvb2dszwfwaxmuy29tl2lrb25hlwj1y2tldc1wcm9kdwn0aw9ul2ltywdlcy82odgzm2e2mzaznmu4ztc3ntg4njbimzgvv29sdf9daglja2vujtiwv2luz3mlmja4jtiwy29wzsuymgnvbwjvjtiwlty4zgq3mmy3zthjmwe4yjjhmmnjodniys5wbmc_.jpeg.png', 208) ON CONFLICT DO NOTHING;
INSERT INTO menu_option_groups (menu_id, group_id) VALUES (2778, 1603) ON CONFLICT DO NOTHING;
INSERT INTO menu_option_groups (menu_id, group_id) VALUES (2778, 1541) ON CONFLICT DO NOTHING;
INSERT INTO menu_option_groups (menu_id, group_id) VALUES (2778, 1611) ON CONFLICT DO NOTHING;
INSERT INTO menu_option_groups (menu_id, group_id) VALUES (2778, 1534) ON CONFLICT DO NOTHING;
INSERT INTO menu_option_groups (menu_id, group_id) VALUES (2778, 1575) ON CONFLICT DO NOTHING;
INSERT INTO menu_option_groups (menu_id, group_id) VALUES (2778, 1605) ON CONFLICT DO NOTHING;
INSERT INTO menu_option_groups (menu_id, group_id) VALUES (2778, 1542) ON CONFLICT DO NOTHING;
INSERT INTO menu_option_groups (menu_id, group_id) VALUES (2778, 1541) ON CONFLICT DO NOTHING;
INSERT INTO menu_option_groups (menu_id, group_id) VALUES (2778, 1611) ON CONFLICT DO NOTHING;
INSERT INTO menus (id, name, description, image_url, category_id) VALUES (2779, 'BBQ Chicken Wings (8 cope) Combo ', 'BBQ Chicken Wings (8 cope), fries, drink', 'https://d3u269mlo8clta.cloudfront.net/opa/831fa2be-5ccf-11f1-83e6-4e238d7eb25d_ahr0chm6ly9zdg9yywdllmdvb2dszwfwaxmuy29tl2lrb25hlwj1y2tldc1wcm9kdwn0aw9ul2ltywdlcy82odgzm2e2mzaznmu4ztc3ntg4njbimzgvv29sdf9daglja2vujtiwv2luz3mlmja2jtiwy29wzsuymgnvbwjvjtiwlty4zgq3mmy3zthjmwe4yjjhmmnjodnioc5wbmc_.jpeg.png', 208) ON CONFLICT DO NOTHING;
INSERT INTO menu_option_groups (menu_id, group_id) VALUES (2779, 1595) ON CONFLICT DO NOTHING;
INSERT INTO menu_option_groups (menu_id, group_id) VALUES (2779, 1541) ON CONFLICT DO NOTHING;
INSERT INTO menu_option_groups (menu_id, group_id) VALUES (2779, 1611) ON CONFLICT DO NOTHING;
INSERT INTO menu_option_groups (menu_id, group_id) VALUES (2779, 1555) ON CONFLICT DO NOTHING;
INSERT INTO menu_option_groups (menu_id, group_id) VALUES (2779, 1575) ON CONFLICT DO NOTHING;
INSERT INTO menu_option_groups (menu_id, group_id) VALUES (2779, 1605) ON CONFLICT DO NOTHING;
INSERT INTO menu_option_groups (menu_id, group_id) VALUES (2779, 1542) ON CONFLICT DO NOTHING;
INSERT INTO menu_option_groups (menu_id, group_id) VALUES (2779, 1541) ON CONFLICT DO NOTHING;
INSERT INTO menu_option_groups (menu_id, group_id) VALUES (2779, 1611) ON CONFLICT DO NOTHING;
INSERT INTO menus (id, name, description, image_url, category_id) VALUES (2780, 'BBQ Chicken Wings (6cope) Combo ', 'BBQ Chicken Wings (6cope) , fries, drink', 'https://d3u269mlo8clta.cloudfront.net/opa/83215cc6-5ccf-11f1-83e6-4e238d7eb25d_ahr0chm6ly9zdg9yywdllmdvb2dszwfwaxmuy29tl2lrb25hlwj1y2tldc1wcm9kdwn0aw9ul2ltywdlcy82odgzm2e2mzaznmu4ztc3ntg4njbimzgvv29sdf9daglja2vujtiwv2luz3mlmja0jtiwy29wzsuymgnvbwjvjtiwlty4zgq3mmy3zthjmwe4yjjhmmnjodnini5wbmc_.jpeg.png', 208) ON CONFLICT DO NOTHING;
INSERT INTO menu_option_groups (menu_id, group_id) VALUES (2780, 1589) ON CONFLICT DO NOTHING;
INSERT INTO menu_option_groups (menu_id, group_id) VALUES (2780, 1541) ON CONFLICT DO NOTHING;
INSERT INTO menu_option_groups (menu_id, group_id) VALUES (2780, 1611) ON CONFLICT DO NOTHING;
INSERT INTO menu_option_groups (menu_id, group_id) VALUES (2780, 1540) ON CONFLICT DO NOTHING;
INSERT INTO menu_option_groups (menu_id, group_id) VALUES (2780, 1575) ON CONFLICT DO NOTHING;
INSERT INTO menu_option_groups (menu_id, group_id) VALUES (2780, 1605) ON CONFLICT DO NOTHING;
INSERT INTO menu_option_groups (menu_id, group_id) VALUES (2780, 1542) ON CONFLICT DO NOTHING;
INSERT INTO menu_option_groups (menu_id, group_id) VALUES (2780, 1541) ON CONFLICT DO NOTHING;
INSERT INTO menu_option_groups (menu_id, group_id) VALUES (2780, 1611) ON CONFLICT DO NOTHING;
INSERT INTO menus (id, name, description, image_url, category_id) VALUES (2781, 'Kebab Bowl', 'Oriz me perime greke ose patate të skuqura, 2 qebapë të pjekur në skarë, tzatziki, sallatë greke, qepë të kuqe, bukë pite', 'https://d3u269mlo8clta.cloudfront.net/opa/8b4edd30-4abc-11f1-a31c-5eff02776e20_ahr0chm6ly9zdg9yywdllmdvb2dszwfwaxmuy29tl2lrb25hlwj1y2tldc1wcm9kdwn0aw9ul2ltywdlcy82odgzm2e2mzaznmu4ztc3ntg4njbimzgvnjdmy2uxmtzjm2i3ztzhyti5zdvknjdhlty4zdnky2u3ymyzn2vlmtljmgixndu4my5wbmc_.jpeg.png', 209) ON CONFLICT DO NOTHING;
INSERT INTO menu_option_groups (menu_id, group_id) VALUES (2781, 1532) ON CONFLICT DO NOTHING;
INSERT INTO menu_option_groups (menu_id, group_id) VALUES (2781, 1550) ON CONFLICT DO NOTHING;
INSERT INTO menu_option_groups (menu_id, group_id) VALUES (2781, 1542) ON CONFLICT DO NOTHING;
INSERT INTO menu_option_groups (menu_id, group_id) VALUES (2781, 1541) ON CONFLICT DO NOTHING;
INSERT INTO menu_option_groups (menu_id, group_id) VALUES (2781, 1611) ON CONFLICT DO NOTHING;
INSERT INTO menu_option_groups (menu_id, group_id) VALUES (2781, 1546) ON CONFLICT DO NOTHING;
INSERT INTO menus (id, name, description, image_url, category_id) VALUES (2782, 'Athena Vegan Bowl 🥬', 'Oriz me perime ose patate të skuqura, greekamole, falafel, misër, sallatë greke, rrepkë, pite, lajm ', 'https://d3u269mlo8clta.cloudfront.net/opa/85ecd16a-5ccf-11f1-91a3-aa50e5e38a2b_ahr0chm6ly9zdg9yywdllmdvb2dszwfwaxmuy29tl2lrb25hlwj1y2tldc1wcm9kdwn0aw9ul2ltywdlcy82odgzm2e2mzaznmu4ztc3ntg4njbimzgvnjg2ngzlmtaxmdqxztfjngmxotk5ntc3lty4zdnky2u3ymyzn2vlmtljmgixndu4ny5wbmc_.jpeg.png', 209) ON CONFLICT DO NOTHING;
INSERT INTO menu_option_groups (menu_id, group_id) VALUES (2782, 1625) ON CONFLICT DO NOTHING;
INSERT INTO menu_option_groups (menu_id, group_id) VALUES (2782, 1542) ON CONFLICT DO NOTHING;
INSERT INTO menu_option_groups (menu_id, group_id) VALUES (2782, 1611) ON CONFLICT DO NOTHING;
INSERT INTO menu_option_groups (menu_id, group_id) VALUES (2782, 1546) ON CONFLICT DO NOTHING;
INSERT INTO menu_option_groups (menu_id, group_id) VALUES (2782, 1541) ON CONFLICT DO NOTHING;
INSERT INTO menus (id, name, description, image_url, category_id) VALUES (2783, 'Leonidas Bowl', 'Oriz me perime greke ose patate të skuqura, 2 shishqebap pule të marinuar me salcë djegës të ëmbël dhe tarragon, sallatë greke, salcë tzatziki, bukë pite', 'https://d3u269mlo8clta.cloudfront.net/opa/85f098a4-5ccf-11f1-91a3-aa50e5e38a2b_ahr0chm6ly9zdg9yywdllmdvb2dszwfwaxmuy29tl2lrb25hlwj1y2tldc1wcm9kdwn0aw9ul2ltywdlcy82odgzm2e2mzaznmu4ztc3ntg4njbimzgvnjg2ntawowjimdfmowe3odm1mtu2ntvmlty4zdnkztq1yziyngq5mmfin2zlndyxys5wbmc_.jpeg.png', 209) ON CONFLICT DO NOTHING;
INSERT INTO menu_option_groups (menu_id, group_id) VALUES (2783, 1628) ON CONFLICT DO NOTHING;
INSERT INTO menu_option_groups (menu_id, group_id) VALUES (2783, 1587) ON CONFLICT DO NOTHING;
INSERT INTO menu_option_groups (menu_id, group_id) VALUES (2783, 1542) ON CONFLICT DO NOTHING;
INSERT INTO menu_option_groups (menu_id, group_id) VALUES (2783, 1611) ON CONFLICT DO NOTHING;
INSERT INTO menu_option_groups (menu_id, group_id) VALUES (2783, 1546) ON CONFLICT DO NOTHING;
INSERT INTO menu_option_groups (menu_id, group_id) VALUES (2783, 1541) ON CONFLICT DO NOTHING;
INSERT INTO menus (id, name, description, image_url, category_id) VALUES (2784, 'Dias Bowl', 'Oriz me perime greke ose patate të skuqura, 2 shishqebapë gici të pjekur në skarë, tzatziki, sallatë greke, qepë të kuqe, bukë pite', 'https://d3u269mlo8clta.cloudfront.net/opa/274481b4-5b3d-11f1-a0ec-ce60ff2c0b4d_ahr0chm6ly9zdg9yywdllmdvb2dszwfwaxmuy29tl2lrb25hlwj1y2tldc1wcm9kdwn0aw9ul2ltywdlcy82odgzm2e2mzaznmu4ztc3ntg4njbimzgvnjg2ngzmnwvimdfmowe3odm1mtu2ngvhlty4zdnky2u3ymyzn2vlmtljmgixndu4mi5wbmc_.jpeg.png', 209) ON CONFLICT DO NOTHING;
INSERT INTO menu_option_groups (menu_id, group_id) VALUES (2784, 1633) ON CONFLICT DO NOTHING;
INSERT INTO menu_option_groups (menu_id, group_id) VALUES (2784, 1572) ON CONFLICT DO NOTHING;
INSERT INTO menu_option_groups (menu_id, group_id) VALUES (2784, 1542) ON CONFLICT DO NOTHING;
INSERT INTO menu_option_groups (menu_id, group_id) VALUES (2784, 1611) ON CONFLICT DO NOTHING;
INSERT INTO menu_option_groups (menu_id, group_id) VALUES (2784, 1546) ON CONFLICT DO NOTHING;
INSERT INTO menu_option_groups (menu_id, group_id) VALUES (2784, 1541) ON CONFLICT DO NOTHING;
INSERT INTO menus (id, name, description, image_url, category_id) VALUES (2785, 'Chicken Gyros Bowl', 'Oriz me perime ose patate, gjiro pule, salcë opa majonezë, sallatë greke, pita, paprika', 'https://d3u269mlo8clta.cloudfront.net/opa/85fb2b8e-5ccf-11f1-91a3-aa50e5e38a2b_ahr0chm6ly9zdg9yywdllmdvb2dszwfwaxmuy29tl2lrb25hlwj1y2tldc1wcm9kdwn0aw9ul2ltywdlcy82odgzm2e2mzaznmu4ztc3ntg4njbimzgvnjg0mwjlmwy0ytc1ytdkymq3nti2njm3lty4zdnky2u3ymyzn2vlmtljmgixndu4ni5wbmc_.jpeg.png', 209) ON CONFLICT DO NOTHING;
INSERT INTO menu_option_groups (menu_id, group_id) VALUES (2785, 1558) ON CONFLICT DO NOTHING;
INSERT INTO menu_option_groups (menu_id, group_id) VALUES (2785, 1542) ON CONFLICT DO NOTHING;
INSERT INTO menu_option_groups (menu_id, group_id) VALUES (2785, 1611) ON CONFLICT DO NOTHING;
INSERT INTO menu_option_groups (menu_id, group_id) VALUES (2785, 1546) ON CONFLICT DO NOTHING;
INSERT INTO menu_option_groups (menu_id, group_id) VALUES (2785, 1541) ON CONFLICT DO NOTHING;
INSERT INTO menus (id, name, description, image_url, category_id) VALUES (2786, 'Schnitzel Bowl ', 'Oriz me perime ose patate të skuqura, schnitzel pule i skuqur, majonezë me hudhër & spec djegës, sallatë greke, pita', 'https://d3u269mlo8clta.cloudfront.net/opa/85fd196c-5ccf-11f1-91a3-aa50e5e38a2b_ahr0chm6ly9zdg9yywdllmdvb2dszwfwaxmuy29tl2lrb25hlwj1y2tldc1wcm9kdwn0aw9ul2ltywdlcy82odgzm2e2mzaznmu4ztc3ntg4njbimzgvnjg0mwjkn2njztrhyzvhnje3mmyymwq0lty4zdnky2u3ymyzn2vlmtljmgixndu4nc5wbmc_.jpeg.png', 209) ON CONFLICT DO NOTHING;
INSERT INTO menu_option_groups (menu_id, group_id) VALUES (2786, 1553) ON CONFLICT DO NOTHING;
INSERT INTO menu_option_groups (menu_id, group_id) VALUES (2786, 1542) ON CONFLICT DO NOTHING;
INSERT INTO menu_option_groups (menu_id, group_id) VALUES (2786, 1611) ON CONFLICT DO NOTHING;
INSERT INTO menu_option_groups (menu_id, group_id) VALUES (2786, 1546) ON CONFLICT DO NOTHING;
INSERT INTO menu_option_groups (menu_id, group_id) VALUES (2786, 1541) ON CONFLICT DO NOTHING;
INSERT INTO menus (id, name, description, image_url, category_id) VALUES (2787, 'Pork Gyros Bowl', 'Oriz me perime ose patate, gjiro  gici, salcë tzatziki, sallatë greke, pita, paprika', 'https://d3u269mlo8clta.cloudfront.net/opa/ca3322b6-59aa-11f1-92b4-1ad39886056e_ahr0chm6ly9zdg9yywdllmdvb2dszwfwaxmuy29tl2lrb25hlwj1y2tldc1wcm9kdwn0aw9ul2ltywdlcy82odgzm2e2mzaznmu4ztc3ntg4njbimzgvv29sdf9pueelmjbqb3jrjtiwr3lyb3mlmjalmjbcb3dslty4ota3zju5zjizm2uzndm2ngzhmwqymy5wbmc_.jpeg.png', 209) ON CONFLICT DO NOTHING;
INSERT INTO menu_option_groups (menu_id, group_id) VALUES (2787, 1596) ON CONFLICT DO NOTHING;
INSERT INTO menu_option_groups (menu_id, group_id) VALUES (2787, 1542) ON CONFLICT DO NOTHING;
INSERT INTO menu_option_groups (menu_id, group_id) VALUES (2787, 1611) ON CONFLICT DO NOTHING;
INSERT INTO menu_option_groups (menu_id, group_id) VALUES (2787, 1546) ON CONFLICT DO NOTHING;
INSERT INTO menu_option_groups (menu_id, group_id) VALUES (2787, 1541) ON CONFLICT DO NOTHING;
INSERT INTO menus (id, name, description, image_url, category_id) VALUES (2788, '4 Chicken Skewers ', 'pita, 4 marinated chicken skewers, tomatoes, lettuce, OPA Mayo, fries, paprika, lemon', 'https://d3u269mlo8clta.cloudfront.net/opa/292c19f6-5b3d-11f1-ba7d-6621ae8bd004_ahr0chm6ly9zdg9yywdllmdvb2dszwfwaxmuy29tl2lrb25hlwj1y2tldc1wcm9kdwn0aw9ul2ltywdlcy82odgzm2e2mzaznmu4ztc3ntg4njbimzgvnhglmjbdaglja2vujtiwu2tld2vycy02odlkodk0nwnhzgywowzmzjcxndhjztauanbn.jpeg.png', 210) ON CONFLICT DO NOTHING;
INSERT INTO menu_option_groups (menu_id, group_id) VALUES (2788, 1587) ON CONFLICT DO NOTHING;
INSERT INTO menu_option_groups (menu_id, group_id) VALUES (2788, 1542) ON CONFLICT DO NOTHING;
INSERT INTO menu_option_groups (menu_id, group_id) VALUES (2788, 1541) ON CONFLICT DO NOTHING;
INSERT INTO menu_option_groups (menu_id, group_id) VALUES (2788, 1611) ON CONFLICT DO NOTHING;
INSERT INTO menus (id, name, description, image_url, category_id) VALUES (2789, '4 Pork Skewers ', 'pita, 4 marinated pork skewers, tomatoes, onions, fries, tzatziki sauce, paprika, lemon', 'https://d3u269mlo8clta.cloudfront.net/opa/1b650d3a-4794-11f1-a3f4-ae21820094f9_ahr0chm6ly9zdg9yywdllmdvb2dszwfwaxmuy29tl2lrb25hlwj1y2tldc1wcm9kdwn0aw9ul2ltywdlcy82odgzm2e2mzaznmu4ztc3ntg4njbimzgvnhglmjbqb3jrjtiwu2tld2vycy02odlkodk0nwnhzgywowzmzjcxndhjzteuanbn.jpeg.png', 210) ON CONFLICT DO NOTHING;
INSERT INTO menu_option_groups (menu_id, group_id) VALUES (2789, 1572) ON CONFLICT DO NOTHING;
INSERT INTO menu_option_groups (menu_id, group_id) VALUES (2789, 1542) ON CONFLICT DO NOTHING;
INSERT INTO menu_option_groups (menu_id, group_id) VALUES (2789, 1541) ON CONFLICT DO NOTHING;
INSERT INTO menu_option_groups (menu_id, group_id) VALUES (2789, 1611) ON CONFLICT DO NOTHING;
INSERT INTO menus (id, name, description, image_url, category_id) VALUES (2790, '4 Kebab Patatoes ', 'pita, 4 kebab skewers, tomatoes, onions, fries, tzatziki sauce, paprika, lemon', 'https://d3u269mlo8clta.cloudfront.net/opa/c9f7e3f4-59aa-11f1-99df-3e5ee5795ffd_ahr0chm6ly9zdg9yywdllmdvb2dszwfwaxmuy29tl2lrb25hlwj1y2tldc1wcm9kdwn0aw9ul2ltywdlcy82odgzm2e2mzaznmu4ztc3ntg4njbimzgvnhglmjblzwjhyiuymfbhdgf0b2vzlty4owq4otq1y2fkzja5zmzmnze0ognlmi5qcgc_.jpeg.png', 210) ON CONFLICT DO NOTHING;
INSERT INTO menu_option_groups (menu_id, group_id) VALUES (2790, 1550) ON CONFLICT DO NOTHING;
INSERT INTO menu_option_groups (menu_id, group_id) VALUES (2790, 1542) ON CONFLICT DO NOTHING;
INSERT INTO menu_option_groups (menu_id, group_id) VALUES (2790, 1541) ON CONFLICT DO NOTHING;
INSERT INTO menu_option_groups (menu_id, group_id) VALUES (2790, 1611) ON CONFLICT DO NOTHING;
INSERT INTO menus (id, name, description, image_url, category_id) VALUES (2791, 'Pork Skepasti', 'Dy pite, gjiro gici, tzatziki, domate, qepë të kuqe, patate të skuqura', 'https://d3u269mlo8clta.cloudfront.net/opa/e54be98e-4c4e-11f1-ac1d-3222dff8c841_ahr0chm6ly9zdg9yywdllmdvb2dszwfwaxmuy29tl2lrb25hlwj1y2tldc1wcm9kdwn0aw9ul2ltywdlcy82odgzm2e2mzaznmu4ztc3ntg4njbimzgvug9yayuymfnrzxbhc3rplty4ota3zgvhyte2m2rkmzjjowi5ngezyi5wbmc_.jpeg.png', 211) ON CONFLICT DO NOTHING;
INSERT INTO menu_option_groups (menu_id, group_id) VALUES (2791, 1574) ON CONFLICT DO NOTHING;
INSERT INTO menu_option_groups (menu_id, group_id) VALUES (2791, 1582) ON CONFLICT DO NOTHING;
INSERT INTO menu_option_groups (menu_id, group_id) VALUES (2791, 1541) ON CONFLICT DO NOTHING;
INSERT INTO menu_option_groups (menu_id, group_id) VALUES (2791, 1611) ON CONFLICT DO NOTHING;
INSERT INTO menu_option_groups (menu_id, group_id) VALUES (2791, 1542) ON CONFLICT DO NOTHING;
INSERT INTO menus (id, name, description, image_url, category_id) VALUES (2792, 'Chicken Skepasti Bacon Sauce', 'Pite, gjoks pule i marinuar, sallatë romane, lakër e bardhë, domate, salcë mustard me mjaltë, salcë bacon, majonezë burgeri, patate të skuqura, paprika', 'https://d3u269mlo8clta.cloudfront.net/opa/a82d78ba-5810-11f1-84b4-363dd4c82eca_ahr0chm6ly9zdg9yywdllmdvb2dszwfwaxmuy29tl2lrb25hlwj1y2tldc1wcm9kdwn0aw9ul2ltywdlcy82odgzm2e2mzaznmu4ztc3ntg4njbimzgvq2hpy2tlbiuymfnrzxbhc3rplty4ota3zgm3mgeyztm5njuwywflytcyyi5wbmc_.jpeg.png', 211) ON CONFLICT DO NOTHING;
INSERT INTO menu_option_groups (menu_id, group_id) VALUES (2792, 1636) ON CONFLICT DO NOTHING;
INSERT INTO menu_option_groups (menu_id, group_id) VALUES (2792, 1582) ON CONFLICT DO NOTHING;
INSERT INTO menu_option_groups (menu_id, group_id) VALUES (2792, 1542) ON CONFLICT DO NOTHING;
INSERT INTO menu_option_groups (menu_id, group_id) VALUES (2792, 1541) ON CONFLICT DO NOTHING;
INSERT INTO menu_option_groups (menu_id, group_id) VALUES (2792, 1611) ON CONFLICT DO NOTHING;
INSERT INTO menus (id, name, description, image_url, category_id) VALUES (2793, 'Chicken Skepasti Sos', 'Pite, gjoks pule i marinuar, sallatë romane, lakër e bardhë, domate, salcë mustard me mjaltë, salcë bacon, majonezë burgeri, patate të skuqura, paprika', 'https://d3u269mlo8clta.cloudfront.net/opa/a82d78ba-5810-11f1-84b4-363dd4c82eca_ahr0chm6ly9zdg9yywdllmdvb2dszwfwaxmuy29tl2lrb25hlwj1y2tldc1wcm9kdwn0aw9ul2ltywdlcy82odgzm2e2mzaznmu4ztc3ntg4njbimzgvq2hpy2tlbiuymfnrzxbhc3rplty4ota3zgm3mgeyztm5njuwywflytcyyi5wbmc_.jpeg.png', 211) ON CONFLICT DO NOTHING;
INSERT INTO menu_option_groups (menu_id, group_id) VALUES (2793, 1536) ON CONFLICT DO NOTHING;
INSERT INTO menu_option_groups (menu_id, group_id) VALUES (2793, 1582) ON CONFLICT DO NOTHING;
INSERT INTO menu_option_groups (menu_id, group_id) VALUES (2793, 1542) ON CONFLICT DO NOTHING;
INSERT INTO menu_option_groups (menu_id, group_id) VALUES (2793, 1541) ON CONFLICT DO NOTHING;
INSERT INTO menu_option_groups (menu_id, group_id) VALUES (2793, 1611) ON CONFLICT DO NOTHING;
INSERT INTO menus (id, name, description, image_url, category_id) VALUES (2794, 'OPA Smash Burger ', 'Bukë burgeri, qofte viçi, djathë cheddar, kastravec turshi i bërë në shtëpi, majonezë burger, sallatë romane', 'https://d3u269mlo8clta.cloudfront.net/opa/ce8a2028-52b9-11f1-a0a8-02fc71c6f102_ahr0chm6ly9zdg9yywdllmdvb2dszwfwaxmuy29tl2lrb25hlwj1y2tldc1wcm9kdwn0aw9ul2ltywdlcy82odgzm2e2mzaznmu4ztc3ntg4njbimzgvt3bhjtiwyxbwx09qqsuymfnpbmdszsuymfntyxnolty4ota3ztm2ndm2ody3mjfhztewymvhzs5wbmc_.jpeg.png', 211) ON CONFLICT DO NOTHING;
INSERT INTO menu_option_groups (menu_id, group_id) VALUES (2794, 1621) ON CONFLICT DO NOTHING;
INSERT INTO menu_option_groups (menu_id, group_id) VALUES (2794, 1602) ON CONFLICT DO NOTHING;
INSERT INTO menu_option_groups (menu_id, group_id) VALUES (2794, 1542) ON CONFLICT DO NOTHING;
INSERT INTO menu_option_groups (menu_id, group_id) VALUES (2794, 1541) ON CONFLICT DO NOTHING;
INSERT INTO menu_option_groups (menu_id, group_id) VALUES (2794, 1611) ON CONFLICT DO NOTHING;
INSERT INTO menus (id, name, description, image_url, category_id) VALUES (2795, 'Minced Beef Skepasti', 'Pite, qofte viçi, domate, qepë të kuqe, majonezë burgeri, salcë BBQ, paprika, patate të skuqura, kastravec turshi të bërë në shtëpi', 'https://d3u269mlo8clta.cloudfront.net/opa/860a4d80-5ccf-11f1-91a3-aa50e5e38a2b_ahr0chm6ly9zdg9yywdllmdvb2dszwfwaxmuy29tl2lrb25hlwj1y2tldc1wcm9kdwn0aw9ul2ltywdlcy82odgzm2e2mzaznmu4ztc3ntg4njbimzgvtwluy2vkjtiwqmvlziuymfnrzxbhc3rplty4ota3zta0zwniyjk5nwrhyzrjzmy4oc5wbmc_.jpeg.png', 211) ON CONFLICT DO NOTHING;
INSERT INTO menu_option_groups (menu_id, group_id) VALUES (2795, 1629) ON CONFLICT DO NOTHING;
INSERT INTO menu_option_groups (menu_id, group_id) VALUES (2795, 1582) ON CONFLICT DO NOTHING;
INSERT INTO menu_option_groups (menu_id, group_id) VALUES (2795, 1542) ON CONFLICT DO NOTHING;
INSERT INTO menu_option_groups (menu_id, group_id) VALUES (2795, 1541) ON CONFLICT DO NOTHING;
INSERT INTO menu_option_groups (menu_id, group_id) VALUES (2795, 1611) ON CONFLICT DO NOTHING;
INSERT INTO menus (id, name, description, image_url, category_id) VALUES (2796, 'Truffle Chicken Gyros', 'Pite, gjiro pule, majonezë tartufi, qepë të kuqe, djathë parmixhano, domate, sallatë romane, bukë krokante', 'https://d3u269mlo8clta.cloudfront.net/opa/395a5304-3b05-11f1-ad24-323a3da1e175_ahr0chm6ly9zdg9yywdllmdvb2dszwfwaxmuy29tl2lrb25hlwj1y2tldc1wcm9kdwn0aw9ul2ltywdlcy82odgzm2e2mzaznmu4ztc3ntg4njbimzgvvhj1zmzszsuymenoawnrzw4lmjbhexjvcy02odkwn2myy2yymznlmzqznjrmytfjzmyucg5n.jpeg.png', 211) ON CONFLICT DO NOTHING;
INSERT INTO menu_option_groups (menu_id, group_id) VALUES (2796, 1597) ON CONFLICT DO NOTHING;
INSERT INTO menu_option_groups (menu_id, group_id) VALUES (2796, 1542) ON CONFLICT DO NOTHING;
INSERT INTO menu_option_groups (menu_id, group_id) VALUES (2796, 1541) ON CONFLICT DO NOTHING;
INSERT INTO menu_option_groups (menu_id, group_id) VALUES (2796, 1611) ON CONFLICT DO NOTHING;
INSERT INTO menus (id, name, description, image_url, category_id) VALUES (2797, 'Crispy Chicken Burger ', 'Shnitzel krokant pule, bukë burgeri, djathë cheddar, sallatë, domate, majonezë burgeri', 'https://d3u269mlo8clta.cloudfront.net/opa/860db1b4-5ccf-11f1-91a3-aa50e5e38a2b_ahr0chm6ly9zdg9yywdllmdvb2dszwfwaxmuy29tl2lrb25hlwj1y2tldc1wcm9kdwn0aw9ul2ltywdlcy82odgzm2e2mzaznmu4ztc3ntg4njbimzgvv29sdf9pueelmjbdcmlzchklmjbdaglja2vulty4ota3ztkzyte2m2rkmzjjowi5nge0mi5wbmc_.jpeg.png', 211) ON CONFLICT DO NOTHING;
INSERT INTO menu_option_groups (menu_id, group_id) VALUES (2797, 1602) ON CONFLICT DO NOTHING;
INSERT INTO menu_option_groups (menu_id, group_id) VALUES (2797, 1542) ON CONFLICT DO NOTHING;
INSERT INTO menu_option_groups (menu_id, group_id) VALUES (2797, 1541) ON CONFLICT DO NOTHING;
INSERT INTO menu_option_groups (menu_id, group_id) VALUES (2797, 1611) ON CONFLICT DO NOTHING;
INSERT INTO menus (id, name, description, image_url, category_id) VALUES (2798, 'Apollo Pita', 'Pite, shishqebap gici i marinuar, domate, qepë të kuqe, tirokafteri, paprika', 'https://d3u269mlo8clta.cloudfront.net/opa/3c035082-544c-11f1-ad33-2e1ca93508c8_ahr0chm6ly9zdg9yywdllmdvb2dszwfwaxmuy29tl2lrb25hlwj1y2tldc1wcm9kdwn0aw9ul2ltywdlcy82odgzm2e2mzaznmu4ztc3ntg4njbimzgvqxbvbgxvjtiwugl0ys02odkwn2m0nznmzmninjvmoddjzjixzgiucg5n.jpeg.png', 211) ON CONFLICT DO NOTHING;
INSERT INTO menu_option_groups (menu_id, group_id) VALUES (2798, 1630) ON CONFLICT DO NOTHING;
INSERT INTO menu_option_groups (menu_id, group_id) VALUES (2798, 1542) ON CONFLICT DO NOTHING;
INSERT INTO menu_option_groups (menu_id, group_id) VALUES (2798, 1541) ON CONFLICT DO NOTHING;
INSERT INTO menu_option_groups (menu_id, group_id) VALUES (2798, 1611) ON CONFLICT DO NOTHING;
INSERT INTO menus (id, name, description, image_url, category_id) VALUES (2799, 'Halloumi Pita', 'Djathë halloumi, pite, sallatë romane, domate, tzatziki, pate ulliri, speca të pjekur', 'https://d3u269mlo8clta.cloudfront.net/opa/86128fb8-5ccf-11f1-91a3-aa50e5e38a2b_ahr0chm6ly9zdg9yywdllmdvb2dszwfwaxmuy29tl2lrb25hlwj1y2tldc1wcm9kdwn0aw9ul2ltywdlcy82odgzm2e2mzaznmu4ztc3ntg4njbimzgvv29sdf9pueelmjbiywxsb3vtasuymfbpdgetnjg5mddkndazzmzjyjy1zjg3y2yymwuzlnbuzw__.jpeg.png', 211) ON CONFLICT DO NOTHING;
INSERT INTO menu_option_groups (menu_id, group_id) VALUES (2799, 1627) ON CONFLICT DO NOTHING;
INSERT INTO menu_option_groups (menu_id, group_id) VALUES (2799, 1542) ON CONFLICT DO NOTHING;
INSERT INTO menu_option_groups (menu_id, group_id) VALUES (2799, 1541) ON CONFLICT DO NOTHING;
INSERT INTO menu_option_groups (menu_id, group_id) VALUES (2799, 1611) ON CONFLICT DO NOTHING;
INSERT INTO menus (id, name, description, image_url, category_id) VALUES (2800, 'Schnitzel Pita 🌶️', 'Pite, schnitzel pule krokante, majonezë me hudhër djegës, sallatë romane, domate, patate', 'https://d3u269mlo8clta.cloudfront.net/opa/67d39f1e-5127-11f1-b8e7-ae89ebd620ac_ahr0chm6ly9zdg9yywdllmdvb2dszwfwaxmuy29tl2lrb25hlwj1y2tldc1wcm9kdwn0aw9ul2ltywdlcy82odgzm2e2mzaznmu4ztc3ntg4njbimzgvu2nobml0emvsjtiwugl0ys02odkwn2q2mmq1zja0mwq4ywmwytu3yziucg5n.jpeg.png', 211) ON CONFLICT DO NOTHING;
INSERT INTO menu_option_groups (menu_id, group_id) VALUES (2800, 1632) ON CONFLICT DO NOTHING;
INSERT INTO menu_option_groups (menu_id, group_id) VALUES (2800, 1542) ON CONFLICT DO NOTHING;
INSERT INTO menu_option_groups (menu_id, group_id) VALUES (2800, 1541) ON CONFLICT DO NOTHING;
INSERT INTO menu_option_groups (menu_id, group_id) VALUES (2800, 1611) ON CONFLICT DO NOTHING;
INSERT INTO menus (id, name, description, image_url, category_id) VALUES (2801, 'Chicken Breast Pita 🌶️', 'Pite, salcë djegëse me majonezë & hudhër, speca të pjekur, sallatë romane, shishqebab pule i marinuar, djathë i bardhë feta', 'https://d3u269mlo8clta.cloudfront.net/opa/3c09be54-544c-11f1-ad33-2e1ca93508c8_ahr0chm6ly9zdg9yywdllmdvb2dszwfwaxmuy29tl2lrb25hlwj1y2tldc1wcm9kdwn0aw9ul2ltywdlcy82odgzm2e2mzaznmu4ztc3ntg4njbimzgvv29sdf9pueelmjbdaglja2vujtiwqnjlyxn0jtiwugl0ys02odkwn2rhyjqznjg2nzixywuxmgjlytgucg5n.jpeg.png', 211) ON CONFLICT DO NOTHING;
INSERT INTO menu_option_groups (menu_id, group_id) VALUES (2801, 1559) ON CONFLICT DO NOTHING;
INSERT INTO menu_option_groups (menu_id, group_id) VALUES (2801, 1542) ON CONFLICT DO NOTHING;
INSERT INTO menu_option_groups (menu_id, group_id) VALUES (2801, 1541) ON CONFLICT DO NOTHING;
INSERT INTO menu_option_groups (menu_id, group_id) VALUES (2801, 1611) ON CONFLICT DO NOTHING;
INSERT INTO menus (id, name, description, image_url, category_id) VALUES (2802, 'Aphrodite Pita', 'Aphrodite Pita', 'https://d3u269mlo8clta.cloudfront.net/opa/8617bca4-5ccf-11f1-91a3-aa50e5e38a2b_ahr0chm6ly9zdg9yywdllmdvb2dszwfwaxmuy29tl2lrb25hlwj1y2tldc1wcm9kdwn0aw9ul2ltywdlcy82odgzm2e2mzaznmu4ztc3ntg4njbimzgvnjg2ngzkztcxmdqxztfjngmxotk5ntzklty4zdnlmgyxymyzn2vlmtljmgixndvknc5wbmc_.jpeg.png', 211) ON CONFLICT DO NOTHING;
INSERT INTO menu_option_groups (menu_id, group_id) VALUES (2802, 1542) ON CONFLICT DO NOTHING;
INSERT INTO menu_option_groups (menu_id, group_id) VALUES (2802, 1541) ON CONFLICT DO NOTHING;
INSERT INTO menu_option_groups (menu_id, group_id) VALUES (2802, 1611) ON CONFLICT DO NOTHING;
INSERT INTO menus (id, name, description, image_url, category_id) VALUES (2803, 'Kashkaval Chips', 'Djathë saganaq i skuqur, shoqëruar me salcë kosi', 'https://d3u269mlo8clta.cloudfront.net/opa/e57014c6-4c4e-11f1-ac1d-3222dff8c841_ahr0chm6ly9zdg9yywdllmdvb2dszwfwaxmuy29tl2lrb25hlwj1y2tldc1wcm9kdwn0aw9ul2ltywdlcy82odgzm2e2mzaznmu4ztc3ntg4njbimzgvs2fjjundjue3a2f2ywxsjtiwq2hpchmtnjg5zdg3ytk4zda4yjnjnzi3zjmxmmy2lmpwzw__.jpeg.png', 212) ON CONFLICT DO NOTHING;
INSERT INTO menu_option_groups (menu_id, group_id) VALUES (2803, 1541) ON CONFLICT DO NOTHING;
INSERT INTO menu_option_groups (menu_id, group_id) VALUES (2803, 1611) ON CONFLICT DO NOTHING;
INSERT INTO menu_option_groups (menu_id, group_id) VALUES (2803, 1546) ON CONFLICT DO NOTHING;
INSERT INTO menus (id, name, description, image_url, category_id) VALUES (2804, 'Halloumi chips', 'Djathi halloumi i servirur me salcë jogurti', 'https://d3u269mlo8clta.cloudfront.net/opa/861a4b72-5ccf-11f1-91a3-aa50e5e38a2b_ahr0chm6ly9zdg9yywdllmdvb2dszwfwaxmuy29tl2lrb25hlwj1y2tldc1wcm9kdwn0aw9ul2ltywdlcy82odgzm2e2mzaznmu4ztc3ntg4njbimzgvsgfsbg91bwklmjbdaglwcy02odljy2q4nzbhmmuzoty1mgfhzwnmndcuanbn.jpeg.png', 212) ON CONFLICT DO NOTHING;
INSERT INTO menu_option_groups (menu_id, group_id) VALUES (2804, 1541) ON CONFLICT DO NOTHING;
INSERT INTO menu_option_groups (menu_id, group_id) VALUES (2804, 1611) ON CONFLICT DO NOTHING;
INSERT INTO menu_option_groups (menu_id, group_id) VALUES (2804, 1546) ON CONFLICT DO NOTHING;
INSERT INTO menus (id, name, description, image_url, category_id) VALUES (2805, 'Bacon Fries', 'Patate të skuqura, salcë djathi cheddar, proshutë e pjekur në skarë', 'https://d3u269mlo8clta.cloudfront.net/opa/29584576-5b3d-11f1-ba7d-6621ae8bd004_ahr0chm6ly9zdg9yywdllmdvb2dszwfwaxmuy29tl2lrb25hlwj1y2tldc1wcm9kdwn0aw9ul2ltywdlcy82odgzm2e2mzaznmu4ztc3ntg4njbimzgvqmfjb24trnjpzxmtnjg5y2nkodywytjlmzk2ntbhywvjzjqxlmpwzw__.jpeg.png', 212) ON CONFLICT DO NOTHING;
INSERT INTO menu_option_groups (menu_id, group_id) VALUES (2805, 1541) ON CONFLICT DO NOTHING;
INSERT INTO menu_option_groups (menu_id, group_id) VALUES (2805, 1611) ON CONFLICT DO NOTHING;
INSERT INTO menu_option_groups (menu_id, group_id) VALUES (2805, 1546) ON CONFLICT DO NOTHING;
INSERT INTO menus (id, name, description, image_url, category_id) VALUES (2806, 'Tzatziki Racion ', 'Kos grek, kastravec, konfit hudhër dhe kopër', 'https://d3u269mlo8clta.cloudfront.net/opa/2959e3d6-5b3d-11f1-ba7d-6621ae8bd004_ahr0chm6ly9zdg9yywdllmdvb2dszwfwaxmuy29tl2lrb25hlwj1y2tldc1wcm9kdwn0aw9ul2ltywdlcy82odgzm2e2mzaznmu4ztc3ntg4njbimzgvvhphdhppa2ktnjg5y2nkodywytjlmzk2ntbhywvjzjq0lmpwzw__.jpeg.png', 212) ON CONFLICT DO NOTHING;
INSERT INTO menu_option_groups (menu_id, group_id) VALUES (2806, 1611) ON CONFLICT DO NOTHING;
INSERT INTO menu_option_groups (menu_id, group_id) VALUES (2806, 1546) ON CONFLICT DO NOTHING;
INSERT INTO menus (id, name, description, image_url, category_id) VALUES (2807, 'Tirokafteri', 'Tirokafteri', 'https://d3u269mlo8clta.cloudfront.net/opa/295cfdd2-5b3d-11f1-ba7d-6621ae8bd004_ahr0chm6ly9zdg9yywdllmdvb2dszwfwaxmuy29tl2lrb25hlwj1y2tldc1wcm9kdwn0aw9ul2ltywdlcy82odgzm2e2mzaznmu4ztc3ntg4njbimzgvv29sdf9uaxjva2fmdgvyas02ogu4yzy2nzg0mwy4zwuwn2vlm2q3nmmucg5n.jpeg.png', 212) ON CONFLICT DO NOTHING;
INSERT INTO menu_option_groups (menu_id, group_id) VALUES (2807, 1611) ON CONFLICT DO NOTHING;
INSERT INTO menu_option_groups (menu_id, group_id) VALUES (2807, 1546) ON CONFLICT DO NOTHING;
INSERT INTO menus (id, name, description, image_url, category_id) VALUES (2808, 'Mediterranean Hummus', 'Pastë qiqrash, tahini, hudhra e pjekur në skarë & kumin', 'https://d3u269mlo8clta.cloudfront.net/opa/caabba64-59aa-11f1-adea-f2cb67d275e0_ahr0chm6ly9zdg9yywdllmdvb2dszwfwaxmuy29tl2lrb25hlwj1y2tldc1wcm9kdwn0aw9ul2ltywdlcy82odgzm2e2mzaznmu4ztc3ntg4njbimzgvtwvkaxrlcnjhbmvhbi1idw1tdxmtnjg5y2nkodywytjlmzk2ntbhywvjzjq1lmpwzw__.jpeg.png', 212) ON CONFLICT DO NOTHING;
INSERT INTO menu_option_groups (menu_id, group_id) VALUES (2808, 1611) ON CONFLICT DO NOTHING;
INSERT INTO menu_option_groups (menu_id, group_id) VALUES (2808, 1546) ON CONFLICT DO NOTHING;
INSERT INTO menus (id, name, description, image_url, category_id) VALUES (2809, 'Moussaka Croquettes', 'Kroketa krokante me ragu viçi, mollë jeshile, pastë domate dhe djathë parmigiano', 'https://d3u269mlo8clta.cloudfront.net/opa/86217b18-5ccf-11f1-91a3-aa50e5e38a2b_ahr0chm6ly9zdg9yywdllmdvb2dszwfwaxmuy29tl2lrb25hlwj1y2tldc1wcm9kdwn0aw9ul2ltywdlcy82odgzm2e2mzaznmu4ztc3ntg4njbimzgvtw91c3nha2etnjg5y2nkodcwytjlmzk2ntbhywvjzjq2lmpwzw__.jpeg.png', 212) ON CONFLICT DO NOTHING;
INSERT INTO menu_option_groups (menu_id, group_id) VALUES (2809, 1611) ON CONFLICT DO NOTHING;
INSERT INTO menu_option_groups (menu_id, group_id) VALUES (2809, 1546) ON CONFLICT DO NOTHING;
INSERT INTO menus (id, name, description, image_url, category_id) VALUES (2810, 'French Fries Large ', 'Patate të skuqura, kripë, rigon', 'https://d3u269mlo8clta.cloudfront.net/opa/86237a44-5ccf-11f1-91a3-aa50e5e38a2b_ahr0chm6ly9zdg9yywdllmdvb2dszwfwaxmuy29tl2lrb25hlwj1y2tldc1wcm9kdwn0aw9ul2ltywdlcy82odgzm2e2mzaznmu4ztc3ntg4njbimzgvrnjlbmnoluzyawvzlty4ownjzdg2mgeyztm5njuwywfly2y0mc5qcgc_.jpeg.png', 212) ON CONFLICT DO NOTHING;
INSERT INTO menus (id, name, description, image_url, category_id) VALUES (2811, 'Feta Cheese', 'Feta Cheese', 'https://d3u269mlo8clta.cloudfront.net/opa/9f902f44-43cb-11f1-bf87-9291eb7f5333_ahr0chm6ly9zdg9yywdllmdvb2dszwfwaxmuy29tl2lrb25hlwj1y2tldc1wcm9kdwn0aw9ul2ltywdlcy82odgzm2e2mzaznmu4ztc3ntg4njbimzgvv29sdf9pueffrmv0ysuymenozwvzzs02ogm5mzqyzmjlmgvhytczyjkyyjljytcucg5n.jpeg.png', 212) ON CONFLICT DO NOTHING;
INSERT INTO menu_option_groups (menu_id, group_id) VALUES (2811, 1611) ON CONFLICT DO NOTHING;
INSERT INTO menu_option_groups (menu_id, group_id) VALUES (2811, 1546) ON CONFLICT DO NOTHING;
INSERT INTO menus (id, name, description, image_url, category_id) VALUES (2812, 'Ullinj Kallamata ', 'Ullinj Kallamata ', 'https://d3u269mlo8clta.cloudfront.net/opa/2973114e-5b3d-11f1-ba7d-6621ae8bd004_ahr0chm6ly9zdg9yywdllmdvb2dszwfwaxmuy29tl2lrb25hlwj1y2tldc1wcm9kdwn0aw9ul2ltywdlcy82odgzm2e2mzaznmu4ztc3ntg4njbimzgvv29sdf9pueffvwxsaw5qjtiwa2fsbgftyxrhlty4yzkzndu0m2vknta0odqxmju0ndq5yy5wbmc_.jpeg.png', 212) ON CONFLICT DO NOTHING;
INSERT INTO menu_option_groups (menu_id, group_id) VALUES (2812, 1546) ON CONFLICT DO NOTHING;
INSERT INTO menus (id, name, description, image_url, category_id) VALUES (2813, 'Greek Fries', 'Patate të skuqura, thërrime djathi feta, rigon', 'https://d3u269mlo8clta.cloudfront.net/opa/10c1c2a2-4f95-11f1-b3a5-cacb78ccc8c2_ahr0chm6ly9zdg9yywdllmdvb2dszwfwaxmuy29tl2lrb25hlwj1y2tldc1wcm9kdwn0aw9ul2ltywdlcy82odgzm2e2mzaznmu4ztc3ntg4njbimzgvvghlludyzwvrluzyawvzlty4ownjzdg2mgeyztm5njuwywfly2y0mi5qcgc_.jpeg.png', 212) ON CONFLICT DO NOTHING;
INSERT INTO menu_option_groups (menu_id, group_id) VALUES (2813, 1541) ON CONFLICT DO NOTHING;
INSERT INTO menu_option_groups (menu_id, group_id) VALUES (2813, 1611) ON CONFLICT DO NOTHING;
INSERT INTO menu_option_groups (menu_id, group_id) VALUES (2813, 1546) ON CONFLICT DO NOTHING;
INSERT INTO menus (id, name, description, image_url, category_id) VALUES (2814, 'Crinkle Truffle Fries ', 'Crinkle fries, truffle mayo, parmigiano', 'https://d3u269mlo8clta.cloudfront.net/opa/f6f863c0-55bc-11f1-9f6c-6e54898b6448_ahr0chm6ly9zdg9yywdllmdvb2dszwfwaxmuy29tl2lrb25hlwj1y2tldc1wcm9kdwn0aw9ul2ltywdlcy82odgzm2e2mzaznmu4ztc3ntg4njbimzgvq3jpbmtszsuymfrydwzmbgulmjbgcmllcy02odljy2q4nzbhmmuzoty1mgfhzwnmndkuanbn.jpeg.png', 212) ON CONFLICT DO NOTHING;
INSERT INTO menu_option_groups (menu_id, group_id) VALUES (2814, 1541) ON CONFLICT DO NOTHING;
INSERT INTO menu_option_groups (menu_id, group_id) VALUES (2814, 1611) ON CONFLICT DO NOTHING;
INSERT INTO menu_option_groups (menu_id, group_id) VALUES (2814, 1546) ON CONFLICT DO NOTHING;
INSERT INTO menus (id, name, description, image_url, category_id) VALUES (2815, 'Cheddar Fries ', 'Cheddar Fries ', 'https://d3u269mlo8clta.cloudfront.net/opa/862b9616-5ccf-11f1-91a3-aa50e5e38a2b_ahr0chm6ly9zdg9yywdllmdvb2dszwfwaxmuy29tl2lrb25hlwj1y2tldc1wcm9kdwn0aw9ul2ltywdlcy82odgzm2e2mzaznmu4ztc3ntg4njbimzgvq2hlzgrhciuymezyawvzlty4ownjzdg3mgeyztm5njuwywfly2y0oc5qcgc_.jpeg.png', 212) ON CONFLICT DO NOTHING;
INSERT INTO menu_option_groups (menu_id, group_id) VALUES (2815, 1541) ON CONFLICT DO NOTHING;
INSERT INTO menu_option_groups (menu_id, group_id) VALUES (2815, 1611) ON CONFLICT DO NOTHING;
INSERT INTO menu_option_groups (menu_id, group_id) VALUES (2815, 1546) ON CONFLICT DO NOTHING;
INSERT INTO menus (id, name, description, image_url, category_id) VALUES (2816, 'Fried Zucchini Balls ', 'Fried Zucchini Balls ', 'https://d3u269mlo8clta.cloudfront.net/opa/862dc15c-5ccf-11f1-91a3-aa50e5e38a2b_ahr0chm6ly9zdg9yywdllmdvb2dszwfwaxmuy29tl2lrb25hlwj1y2tldc1wcm9kdwn0aw9ul2ltywdlcy82odgzm2e2mzaznmu4ztc3ntg4njbimzgvrnjpzwqtwnvjy2hpbmktqmfsbhmtnjg5y2nkodywytjlmzk2ntbhywvjzjqzlmpwzw__.jpeg.png', 212) ON CONFLICT DO NOTHING;
INSERT INTO menu_option_groups (menu_id, group_id) VALUES (2816, 1541) ON CONFLICT DO NOTHING;
INSERT INTO menu_option_groups (menu_id, group_id) VALUES (2816, 1611) ON CONFLICT DO NOTHING;
INSERT INTO menu_option_groups (menu_id, group_id) VALUES (2816, 1546) ON CONFLICT DO NOTHING;
INSERT INTO menus (id, name, description, image_url, category_id) VALUES (2817, 'Traditional Pita', 'Traditional Pita', 'https://d3u269mlo8clta.cloudfront.net/opa/862fbc0a-5ccf-11f1-91a3-aa50e5e38a2b_ahr0chm6ly9zdg9yywdllmdvb2dszwfwaxmuy29tl2lrb25hlwj1y2tldc1wcm9kdwn0aw9ul2ltywdlcy82odgzm2e2mzaznmu4ztc3ntg4njbimzgvcgl0zsuymgv4dhjhlty5mtqzzjjmymq2ntnlztqwntvjngfmns5wbmc_.jpeg.png', 212) ON CONFLICT DO NOTHING;
INSERT INTO menus (id, name, description, image_url, category_id) VALUES (2818, 'Pite Extra Large ', 'Pite Extra Large ', 'https://d3u269mlo8clta.cloudfront.net/opa/862fbc0a-5ccf-11f1-91a3-aa50e5e38a2b_ahr0chm6ly9zdg9yywdllmdvb2dszwfwaxmuy29tl2lrb25hlwj1y2tldc1wcm9kdwn0aw9ul2ltywdlcy82odgzm2e2mzaznmu4ztc3ntg4njbimzgvcgl0zsuymgv4dhjhlty5mtqzzjjmymq2ntnlztqwntvjngfmns5wbmc_.jpeg.png', 212) ON CONFLICT DO NOTHING;
INSERT INTO menus (id, name, description, image_url, category_id) VALUES (2819, 'Chicken Gyros', 'Pite, gjiro pule, salcë opa majonezë, sallatë romane, patate të skuqura, paprika, domate', 'https://d3u269mlo8clta.cloudfront.net/opa/ca73639e-59aa-11f1-92b4-1ad39886056e_ahr0chm6ly9zdg9yywdllmdvb2dszwfwaxmuy29tl2lrb25hlwj1y2tldc1wcm9kdwn0aw9ul2ltywdlcy82odgzm2e2mzaznmu4ztc3ntg4njbimzgvy2hpy2tlbi1nexjvcy1waxrhlty4ogm4mmywm2zmy2i2nwy4n2nmmthios5qcgc_.jpeg.png', 213) ON CONFLICT DO NOTHING;
INSERT INTO menu_option_groups (menu_id, group_id) VALUES (2819, 1615) ON CONFLICT DO NOTHING;
INSERT INTO menu_option_groups (menu_id, group_id) VALUES (2819, 1542) ON CONFLICT DO NOTHING;
INSERT INTO menu_option_groups (menu_id, group_id) VALUES (2819, 1541) ON CONFLICT DO NOTHING;
INSERT INTO menu_option_groups (menu_id, group_id) VALUES (2819, 1611) ON CONFLICT DO NOTHING;
INSERT INTO menus (id, name, description, image_url, category_id) VALUES (2820, 'Pork Gyros', 'Pite, gjiro gici, tzatziki, domate, qepë e kuqe, patate të skuqura, paprika', 'https://d3u269mlo8clta.cloudfront.net/opa/86383d44-5ccf-11f1-91a3-aa50e5e38a2b_ahr0chm6ly9zdg9yywdllmdvb2dszwfwaxmuy29tl2lrb25hlwj1y2tldc1wcm9kdwn0aw9ul2ltywdlcy82odgzm2e2mzaznmu4ztc3ntg4njbimzgvcg9yay1nexjvcy1waxrhlty4ogm4mmywm2zmy2i2nwy4n2nmmthiyy5qcgc_.jpeg.png', 213) ON CONFLICT DO NOTHING;
INSERT INTO menu_option_groups (menu_id, group_id) VALUES (2820, 1573) ON CONFLICT DO NOTHING;
INSERT INTO menu_option_groups (menu_id, group_id) VALUES (2820, 1542) ON CONFLICT DO NOTHING;
INSERT INTO menu_option_groups (menu_id, group_id) VALUES (2820, 1541) ON CONFLICT DO NOTHING;
INSERT INTO menu_option_groups (menu_id, group_id) VALUES (2820, 1611) ON CONFLICT DO NOTHING;
INSERT INTO menus (id, name, description, image_url, category_id) VALUES (2821, 'Gjiro e Hapur', 'Gjiro e hapur pule ose gici(zgjidh preferencen e mishit)', 'https://d3u269mlo8clta.cloudfront.net/opa/8639abde-5ccf-11f1-91a3-aa50e5e38a2b_ahr0chm6ly9zdg9yywdllmdvb2dszwfwaxmuy29tl2lrb25hlwj1y2tldc1wcm9kdwn0aw9ul2ltywdlcy82odgzm2e2mzaznmu4ztc3ntg4njbimzgvq0hjq0tftiuyme9qru4lmjbhwvjplty4ota3ymmxywm4mzi4mgmwyti3zjfhys5qcgc_.jpeg.png', 213) ON CONFLICT DO NOTHING;
INSERT INTO menu_option_groups (menu_id, group_id) VALUES (2821, 1468) ON CONFLICT DO NOTHING;
INSERT INTO menu_option_groups (menu_id, group_id) VALUES (2821, 1542) ON CONFLICT DO NOTHING;
INSERT INTO menu_option_groups (menu_id, group_id) VALUES (2821, 1541) ON CONFLICT DO NOTHING;
INSERT INTO menu_option_groups (menu_id, group_id) VALUES (2821, 1546) ON CONFLICT DO NOTHING;
INSERT INTO menu_option_groups (menu_id, group_id) VALUES (2821, 1611) ON CONFLICT DO NOTHING;
INSERT INTO menus (id, name, description, image_url, category_id) VALUES (2822, 'Kebab Pita 🌯', 'Pita, tzatziki, qofte viçi, qepë të kuqe, domate, salcë BBQ, paprika', 'https://d3u269mlo8clta.cloudfront.net/opa/8632d2f0-5ccf-11f1-91a3-aa50e5e38a2b_ahr0chm6ly9zdg9yywdllmdvb2dszwfwaxmuy29tl2lrb25hlwj1y2tldc1wcm9kdwn0aw9ul2ltywdlcy82odgzm2e2mzaznmu4ztc3ntg4njbimzgvv29sdf9pueelmjblzwjhyiuymfbpdgetnjg5mddin2yxyjg1ztjlngm4yjjmodi4lnbuzw__.jpeg.png', 213) ON CONFLICT DO NOTHING;
INSERT INTO menu_option_groups (menu_id, group_id) VALUES (2822, 1634) ON CONFLICT DO NOTHING;
INSERT INTO menu_option_groups (menu_id, group_id) VALUES (2822, 1542) ON CONFLICT DO NOTHING;
INSERT INTO menu_option_groups (menu_id, group_id) VALUES (2822, 1611) ON CONFLICT DO NOTHING;
INSERT INTO menu_option_groups (menu_id, group_id) VALUES (2822, 1541) ON CONFLICT DO NOTHING;
INSERT INTO menus (id, name, description, image_url, category_id) VALUES (2823, 'Falafel Pita Hummus', 'Pita, humus, qofte falafeli, qepë të kuqe, domate, sallatë, paprika, speca të pjekur', 'https://d3u269mlo8clta.cloudfront.net/opa/863c10c2-5ccf-11f1-91a3-aa50e5e38a2b_ahr0chm6ly9zdg9yywdllmdvb2dszwfwaxmuy29tl2lrb25hlwj1y2tldc1wcm9kdwn0aw9ul2ltywdlcy82odgzm2e2mzaznmu4ztc3ntg4njbimzgvrmfsywzlbcuymfbpdgetnjg5mddiowjknwywndfkogfjmge1n2iylnbuzw__.jpeg.png', 213) ON CONFLICT DO NOTHING;
INSERT INTO menu_option_groups (menu_id, group_id) VALUES (2823, 1537) ON CONFLICT DO NOTHING;
INSERT INTO menu_option_groups (menu_id, group_id) VALUES (2823, 1542) ON CONFLICT DO NOTHING;
INSERT INTO menu_option_groups (menu_id, group_id) VALUES (2823, 1541) ON CONFLICT DO NOTHING;
INSERT INTO menu_option_groups (menu_id, group_id) VALUES (2823, 1611) ON CONFLICT DO NOTHING;
INSERT INTO menus (id, name, description, image_url, category_id) VALUES (2824, 'Falafael Pita Yougurt', 'Pita, salcë kosi, qofte falafeli, qepë të kuqe, domate, sallatë, paprika, speca të pjekur', 'https://d3u269mlo8clta.cloudfront.net/opa/863c10c2-5ccf-11f1-91a3-aa50e5e38a2b_ahr0chm6ly9zdg9yywdllmdvb2dszwfwaxmuy29tl2lrb25hlwj1y2tldc1wcm9kdwn0aw9ul2ltywdlcy82odgzm2e2mzaznmu4ztc3ntg4njbimzgvrmfsywzlbcuymfbpdgetnjg5mddiowjknwywndfkogfjmge1n2iylnbuzw__.jpeg.png', 213) ON CONFLICT DO NOTHING;
INSERT INTO menu_option_groups (menu_id, group_id) VALUES (2824, 1598) ON CONFLICT DO NOTHING;
INSERT INTO menu_option_groups (menu_id, group_id) VALUES (2824, 1542) ON CONFLICT DO NOTHING;
INSERT INTO menu_option_groups (menu_id, group_id) VALUES (2824, 1541) ON CONFLICT DO NOTHING;
INSERT INTO menu_option_groups (menu_id, group_id) VALUES (2824, 1611) ON CONFLICT DO NOTHING;
INSERT INTO menus (id, name, description, image_url, category_id) VALUES (2825, 'Cheesecake', 'Reçel me fruta të egra', 'https://d3u269mlo8clta.cloudfront.net/opa/b987d668-4e02-11f1-9d34-be6744b30af2_ahr0chm6ly9zdg9yywdllmdvb2dszwfwaxmuy29tl2lrb25hlwj1y2tldc1wcm9kdwn0aw9ul2ltywdlcy82odgzm2e2mzaznmu4ztc3ntg4njbimzgvq2hlzxnly2frzs02odlkoge0yzhkmdhim2m3mjdmmzeyzmquanbn.jpeg.png', 214) ON CONFLICT DO NOTHING;
INSERT INTO menu_option_groups (menu_id, group_id) VALUES (2825, 1611) ON CONFLICT DO NOTHING;
INSERT INTO menus (id, name, description, image_url, category_id) VALUES (2826, 'Loukoumades me Nutella Dhe Lajthi', 'Loukoumades me Nutella Dhe Lajthi', 'https://d3u269mlo8clta.cloudfront.net/opa/87fd97aa-5ccf-11f1-9dc1-aa50e5e38a2b_ahr0chm6ly9zdg9yywdllmdvb2dszwfwaxmuy29tl2lrb25hlwj1y2tldc1wcm9kdwn0aw9ul2ltywdlcy82odgzm2e2mzaznmu4ztc3ntg4njbimzgvtg91a291bwfkzxmlmjbodxrlbgxhjtiwjti2jtiwsgf6zwxudxqtnjg5zdhhngm4zda4yjnjnzi3zjmxmmzmlmpwzw__.jpeg.png', 214) ON CONFLICT DO NOTHING;
INSERT INTO menu_option_groups (menu_id, group_id) VALUES (2826, 1640) ON CONFLICT DO NOTHING;
INSERT INTO menu_option_groups (menu_id, group_id) VALUES (2826, 1611) ON CONFLICT DO NOTHING;
INSERT INTO menus (id, name, description, image_url, category_id) VALUES (2827, 'Loukomades me Mjalte dhe Arra', 'Loukomades me Mjalte dhe Arra', 'https://d3u269mlo8clta.cloudfront.net/opa/a8766d90-5810-11f1-84b4-363dd4c82eca_ahr0chm6ly9zdg9yywdllmdvb2dszwfwaxmuy29tl2lrb25hlwj1y2tldc1wcm9kdwn0aw9ul2ltywdlcy82odgzm2e2mzaznmu4ztc3ntg4njbimzgvtg91a291bwfkzxmlmjbib25lesuymcuyniuyme51dhmtnjg5zdhhngm4zda4yjnjnzi3zjmxmzawlmpwzw__.jpeg.png', 214) ON CONFLICT DO NOTHING;
INSERT INTO menu_option_groups (menu_id, group_id) VALUES (2827, 1549) ON CONFLICT DO NOTHING;
INSERT INTO menu_option_groups (menu_id, group_id) VALUES (2827, 1611) ON CONFLICT DO NOTHING;
INSERT INTO menus (id, name, description, image_url, category_id) VALUES (2828, 'Loukomades Ruspberry and Pistachio', 'Loukoumades with Nutella and Hazelnut', 'https://d3u269mlo8clta.cloudfront.net/opa/2ae07e90-5b3d-11f1-b20c-5a781360214a_ahr0chm6ly9zdg9yywdllmdvb2dszwfwaxmuy29tl2lrb25hlwj1y2tldc1wcm9kdwn0aw9ul2ltywdlcy82odgzm2e2mzaznmu4ztc3ntg4njbimzgvtg91a291bwfkzxmlmjbsyxnwymvycnklmjalmjylmjbqaxn0ywnoaw8tnjg5zdhhngm4zda4yjnjnzi3zjmxmmzllmpwzw__.jpeg.png', 214) ON CONFLICT DO NOTHING;
INSERT INTO menu_option_groups (menu_id, group_id) VALUES (2828, 1600) ON CONFLICT DO NOTHING;
INSERT INTO menu_option_groups (menu_id, group_id) VALUES (2828, 1611) ON CONFLICT DO NOTHING;
INSERT INTO menus (id, name, description, image_url, category_id) VALUES (2829, 'Yogurt', 'Kos grek me mjaltë, arra', 'https://d3u269mlo8clta.cloudfront.net/opa/b99fd1be-4e02-11f1-9d34-be6744b30af2_ahr0chm6ly9zdg9yywdllmdvb2dszwfwaxmuy29tl2lrb25hlwj1y2tldc1wcm9kdwn0aw9ul2ltywdlcy82odgzm2e2mzaznmu4ztc3ntg4njbimzgvww9ndxj0lty4owq4ytrjogqwogizyzcyn2yzmtmwms5qcgc_.jpeg.png', 214) ON CONFLICT DO NOTHING;
INSERT INTO menu_option_groups (menu_id, group_id) VALUES (2829, 1611) ON CONFLICT DO NOTHING;
INSERT INTO menus (id, name, description, image_url, category_id) VALUES (2830, 'Traditional Bakllava ', 'Një version i mbështjellë i bakllavasë tradicionale, 1 copë', 'https://d3u269mlo8clta.cloudfront.net/opa/2ae5325a-5b3d-11f1-b20c-5a781360214a_ahr0chm6ly9zdg9yywdllmdvb2dszwfwaxmuy29tl2lrb25hlwj1y2tldc1wcm9kdwn0aw9ul2ltywdlcy82odgzm2e2mzaznmu4ztc3ntg4njbimzgvqmfrbgxhdmetnjhkmjzjmwfizjm3zwuxowmwyjezzdi1lmpwzw__.jpeg.png', 214) ON CONFLICT DO NOTHING;
INSERT INTO menu_option_groups (menu_id, group_id) VALUES (2830, 1611) ON CONFLICT DO NOTHING;
INSERT INTO menus (id, name, description, image_url, category_id) VALUES (2831, 'Greek Salad', 'Domate, kastravec, speca jeshile, qepë, ullinj kalamata, kapere, djathë i bardhë, rigon', 'https://d3u269mlo8clta.cloudfront.net/opa/cd3023ba-59aa-11f1-a1ea-3e5ee5795ffd_ahr0chm6ly9zdg9yywdllmdvb2dszwfwaxmuy29tl2lrb25hlwj1y2tldc1wcm9kdwn0aw9ul2ltywdlcy82odgzm2e2mzaznmu4ztc3ntg4njbimzgvz3jlzwstc2fsywqtnjg4yzgyzjazzmzjyjy1zjg3y2yxogjilmpwzw__.jpeg.png', 215) ON CONFLICT DO NOTHING;
INSERT INTO menu_option_groups (menu_id, group_id) VALUES (2831, 1542) ON CONFLICT DO NOTHING;
INSERT INTO menu_option_groups (menu_id, group_id) VALUES (2831, 1546) ON CONFLICT DO NOTHING;
INSERT INTO menu_option_groups (menu_id, group_id) VALUES (2831, 1611) ON CONFLICT DO NOTHING;
INSERT INTO menus (id, name, description, image_url, category_id) VALUES (2832, 'Greek Caesar Salad', 'Sallatë baby romane, bukë krokante, salcë Caesar, djathë parmixhan, domate', 'https://d3u269mlo8clta.cloudfront.net/opa/2aa04e7e-5b3d-11f1-9efb-5a781360214a_ahr0chm6ly9zdg9yywdllmdvb2dszwfwaxmuy29tl2lrb25hlwj1y2tldc1wcm9kdwn0aw9ul2ltywdlcy82odgzm2e2mzaznmu4ztc3ntg4njbimzgvz3jlzwsty2flc2fylxnhbgfklty4ogm4mzm3zwniyjk5nwrhyzrjzjvmmy5qcgc_.jpeg.png', 215) ON CONFLICT DO NOTHING;
INSERT INTO menu_option_groups (menu_id, group_id) VALUES (2832, 1542) ON CONFLICT DO NOTHING;
INSERT INTO menu_option_groups (menu_id, group_id) VALUES (2832, 1586) ON CONFLICT DO NOTHING;
INSERT INTO menu_option_groups (menu_id, group_id) VALUES (2832, 1546) ON CONFLICT DO NOTHING;
INSERT INTO menu_option_groups (menu_id, group_id) VALUES (2832, 1611) ON CONFLICT DO NOTHING;
INSERT INTO menus (id, name, description, image_url, category_id) VALUES (2833, 'Cretan Salad ', 'domate, kaperi, vaj ulliri me hudher, djath i bardhe feta, rigon, buke krokante', 'https://d3u269mlo8clta.cloudfront.net/opa/86415e7e-5ccf-11f1-91a3-aa50e5e38a2b_ahr0chm6ly9zdg9yywdllmdvb2dszwfwaxmuy29tl2lrb25hlwj1y2tldc1wcm9kdwn0aw9ul2ltywdlcy82odgzm2e2mzaznmu4ztc3ntg4njbimzgvy3jldgfulxnhbgfklty4ogm4mmywm2zmy2i2nwy4n2nmmthiys5qcgc_.jpeg.png', 215) ON CONFLICT DO NOTHING;
INSERT INTO menu_option_groups (menu_id, group_id) VALUES (2833, 1542) ON CONFLICT DO NOTHING;
INSERT INTO menu_option_groups (menu_id, group_id) VALUES (2833, 1546) ON CONFLICT DO NOTHING;
INSERT INTO menu_option_groups (menu_id, group_id) VALUES (2833, 1611) ON CONFLICT DO NOTHING;
INSERT INTO menus (id, name, description, image_url, category_id) VALUES (2834, 'Avocado Salad ', 'Sallatë baby romane, koper, salcë me mustard & mjaltë, bukë krokante, avokado', 'https://d3u269mlo8clta.cloudfront.net/opa/86429a5a-5ccf-11f1-91a3-aa50e5e38a2b_ahr0chm6ly9zdg9yywdllmdvb2dszwfwaxmuy29tl2lrb25hlwj1y2tldc1wcm9kdwn0aw9ul2ltywdlcy82odgzm2e2mzaznmu4ztc3ntg4njbimzgvv29sdf9pueelmjbbdm9jywrvjtiwu2fsywqtnjlknzyymgizzdbkztk4yjhkyjg4nmixlnbuzw__.jpeg.png', 215) ON CONFLICT DO NOTHING;
INSERT INTO menu_option_groups (menu_id, group_id) VALUES (2834, 1546) ON CONFLICT DO NOTHING;
INSERT INTO menu_option_groups (menu_id, group_id) VALUES (2834, 1542) ON CONFLICT DO NOTHING;
INSERT INTO menus (id, name, description, image_url, category_id) VALUES (2835, 'Pork Skewers 1 cope ', 'Pork Skewers 1 cope ', 'https://d3u269mlo8clta.cloudfront.net/opa/de9a2194-5105-11f1-ae25-d25ea4edeca5_ahr0chm6ly9zdg9yywdllmdvb2dszwfwaxmuy29tl2lrb25hlwj1y2tldc1wcm9kdwn0aw9ul2ltywdlcy82odgzm2e2mzaznmu4ztc3ntg4njbimzgvug9yayuymfnrzxdlcnmtnjg5y2mxnzqzm2jhy2ezy2jhnzyyzdzmlmpwzw__.jpeg.png', 216) ON CONFLICT DO NOTHING;
INSERT INTO menu_option_groups (menu_id, group_id) VALUES (2835, 1542) ON CONFLICT DO NOTHING;
INSERT INTO menu_option_groups (menu_id, group_id) VALUES (2835, 1541) ON CONFLICT DO NOTHING;
INSERT INTO menu_option_groups (menu_id, group_id) VALUES (2835, 1611) ON CONFLICT DO NOTHING;
INSERT INTO menu_option_groups (menu_id, group_id) VALUES (2835, 1546) ON CONFLICT DO NOTHING;
INSERT INTO menus (id, name, description, image_url, category_id) VALUES (2836, 'Chicken Skewers 1 cope DEL', 'Chicken Skewers 1 cope', 'https://d3u269mlo8clta.cloudfront.net/opa/a88b36bc-5810-11f1-84b4-363dd4c82eca_ahr0chm6ly9zdg9yywdllmdvb2dszwfwaxmuy29tl2lrb25hlwj1y2tldc1wcm9kdwn0aw9ul2ltywdlcy82odgzm2e2mzaznmu4ztc3ntg4njbimzgvq2hpy2tlbiuymfnrzxdlcnmtnjg5y2mxnzqzm2jhy2ezy2jhnzyyzdzllmpwzw__.jpeg.png', 216) ON CONFLICT DO NOTHING;
INSERT INTO menu_option_groups (menu_id, group_id) VALUES (2836, 1542) ON CONFLICT DO NOTHING;
INSERT INTO menu_option_groups (menu_id, group_id) VALUES (2836, 1546) ON CONFLICT DO NOTHING;
INSERT INTO menu_option_groups (menu_id, group_id) VALUES (2836, 1541) ON CONFLICT DO NOTHING;
INSERT INTO menu_option_groups (menu_id, group_id) VALUES (2836, 1611) ON CONFLICT DO NOTHING;
INSERT INTO menus (id, name, description, image_url, category_id) VALUES (2837, 'Kebab Skewers 1 cope', 'Kebab Skewers 1 cope', 'https://d3u269mlo8clta.cloudfront.net/opa/86468d36-5ccf-11f1-91a3-aa50e5e38a2b_ahr0chm6ly9zdg9yywdllmdvb2dszwfwaxmuy29tl2lrb25hlwj1y2tldc1wcm9kdwn0aw9ul2ltywdlcy82odgzm2e2mzaznmu4ztc3ntg4njbimzgvs2viywilmjbta2v3zxjzlty4ownjmtc0mzniywnhm2niytc2mmq3mc5qcgc_.jpeg.png', 216) ON CONFLICT DO NOTHING;
INSERT INTO menu_option_groups (menu_id, group_id) VALUES (2837, 1542) ON CONFLICT DO NOTHING;
INSERT INTO menu_option_groups (menu_id, group_id) VALUES (2837, 1546) ON CONFLICT DO NOTHING;
INSERT INTO menu_option_groups (menu_id, group_id) VALUES (2837, 1541) ON CONFLICT DO NOTHING;
INSERT INTO menu_option_groups (menu_id, group_id) VALUES (2837, 1611) ON CONFLICT DO NOTHING;
INSERT INTO menus (id, name, description, image_url, category_id) VALUES (2838, 'Junior Tortilla Combo', 'Tortilla, gjiro, djathë çedar, patate të skuqura, pije', 'https://d3u269mlo8clta.cloudfront.net/opa/8647c2b4-5ccf-11f1-91a3-aa50e5e38a2b_ahr0chm6ly9zdg9yywdllmdvb2dszwfwaxmuy29tl2lrb25hlwj1y2tldc1wcm9kdwn0aw9ul2ltywdlcy82odgzm2e2mzaznmu4ztc3ntg4njbimzgvsnvuaw9yjtiwvg9ydglsbgelmjbdb21iby02odljy2i1mdmzymfjytnjyme3njjkzjyuanbn.jpeg.png', 217) ON CONFLICT DO NOTHING;
INSERT INTO menu_option_groups (menu_id, group_id) VALUES (2838, 1637) ON CONFLICT DO NOTHING;
INSERT INTO menu_option_groups (menu_id, group_id) VALUES (2838, 1568) ON CONFLICT DO NOTHING;
INSERT INTO menu_option_groups (menu_id, group_id) VALUES (2838, 1635) ON CONFLICT DO NOTHING;
INSERT INTO menu_option_groups (menu_id, group_id) VALUES (2838, 1546) ON CONFLICT DO NOTHING;
INSERT INTO menu_option_groups (menu_id, group_id) VALUES (2838, 1611) ON CONFLICT DO NOTHING;
INSERT INTO menus (id, name, description, image_url, category_id) VALUES (2839, 'Junior Pita Combo', 'Tortilla, gjiro, salcë çedari, patate të skuqura, pije', 'https://d3u269mlo8clta.cloudfront.net/opa/a9cb3d1a-5810-11f1-a4cc-f27f12c3e0fa_ahr0chm6ly9zdg9yywdllmdvb2dszwfwaxmuy29tl2lrb25hlwj1y2tldc1wcm9kdwn0aw9ul2ltywdlcy82odgzm2e2mzaznmu4ztc3ntg4njbimzgvsnvuaw9yjtiwugl0ysuymenvbwjvlty4ownjyjuwmzniywnhm2niytc2mmrmny5qcgc_.jpeg.png', 217) ON CONFLICT DO NOTHING;
INSERT INTO menu_option_groups (menu_id, group_id) VALUES (2839, 1599) ON CONFLICT DO NOTHING;
INSERT INTO menu_option_groups (menu_id, group_id) VALUES (2839, 1568) ON CONFLICT DO NOTHING;
INSERT INTO menu_option_groups (menu_id, group_id) VALUES (2839, 1635) ON CONFLICT DO NOTHING;
INSERT INTO menu_option_groups (menu_id, group_id) VALUES (2839, 1546) ON CONFLICT DO NOTHING;
INSERT INTO menu_option_groups (menu_id, group_id) VALUES (2839, 1611) ON CONFLICT DO NOTHING;
INSERT INTO menus (id, name, description, image_url, category_id) VALUES (2840, 'OPA Junior Burger Combo', 'Qofte me mish viçi, bukë burgeri, djathë çedari, ketchup, patate të skuqura, coca-cola 0.25l', 'https://d3u269mlo8clta.cloudfront.net/opa/3e552afe-544c-11f1-8f56-0a821d6f233c_ahr0chm6ly9zdg9yywdllmdvb2dszwfwaxmuy29tl2lrb25hlwj1y2tldc1wcm9kdwn0aw9ul2ltywdlcy82odgzm2e2mzaznmu4ztc3ntg4njbimzgvt3bhlup1bmlvci1cdxjnzxitnjg5y2nkodywytjlmzk2ntbhywvjzjnmlmpwzw__.jpeg.png', 217) ON CONFLICT DO NOTHING;
INSERT INTO menu_option_groups (menu_id, group_id) VALUES (2840, 1568) ON CONFLICT DO NOTHING;
INSERT INTO menu_option_groups (menu_id, group_id) VALUES (2840, 1635) ON CONFLICT DO NOTHING;
INSERT INTO menu_option_groups (menu_id, group_id) VALUES (2840, 1546) ON CONFLICT DO NOTHING;
INSERT INTO menu_option_groups (menu_id, group_id) VALUES (2840, 1611) ON CONFLICT DO NOTHING;
INSERT INTO menus (id, name, description, image_url, category_id) VALUES (2841, 'Eros', 'Tortilla, shishqebap gici, tzatziki, sallatë romane, qepë të kuqe & domate', 'https://d3u269mlo8clta.cloudfront.net/opa/2ab29638-5b3d-11f1-9efb-5a781360214a_ahr0chm6ly9zdg9yywdllmdvb2dszwfwaxmuy29tl2lrb25hlwj1y2tldc1wcm9kdwn0aw9ul2ltywdlcy82odgzm2e2mzaznmu4ztc3ntg4njbimzgvrxjvcy02odljyzk2ywe1y2vmndzly2u4njy2odmuanbn.jpeg.png', 218) ON CONFLICT DO NOTHING;
INSERT INTO menu_option_groups (menu_id, group_id) VALUES (2841, 1631) ON CONFLICT DO NOTHING;
INSERT INTO menu_option_groups (menu_id, group_id) VALUES (2841, 1542) ON CONFLICT DO NOTHING;
INSERT INTO menu_option_groups (menu_id, group_id) VALUES (2841, 1541) ON CONFLICT DO NOTHING;
INSERT INTO menu_option_groups (menu_id, group_id) VALUES (2841, 1611) ON CONFLICT DO NOTHING;
INSERT INTO menus (id, name, description, image_url, category_id) VALUES (2842, 'Gaia', 'Tortilla, gjiro pule, salcë opa majonezë, sallatë romane, qepë të kuqe & domate', 'https://d3u269mlo8clta.cloudfront.net/opa/a9d27544-5810-11f1-a4cc-f27f12c3e0fa_ahr0chm6ly9zdg9yywdllmdvb2dszwfwaxmuy29tl2lrb25hlwj1y2tldc1wcm9kdwn0aw9ul2ltywdlcy82odgzm2e2mzaznmu4ztc3ntg4njbimzgvr2fpys02odljyzk2ywe1y2vmndzly2u4njy2odyuanbn.jpeg.png', 218) ON CONFLICT DO NOTHING;
INSERT INTO menu_option_groups (menu_id, group_id) VALUES (2842, 1639) ON CONFLICT DO NOTHING;
INSERT INTO menu_option_groups (menu_id, group_id) VALUES (2842, 1542) ON CONFLICT DO NOTHING;
INSERT INTO menu_option_groups (menu_id, group_id) VALUES (2842, 1541) ON CONFLICT DO NOTHING;
INSERT INTO menu_option_groups (menu_id, group_id) VALUES (2842, 1611) ON CONFLICT DO NOTHING;
INSERT INTO menus (id, name, description, image_url, category_id) VALUES (2843, 'Zeus', 'Tortilla, gjiro gici, tzatziki, sallatë romane, qepë të kuqe & domate', 'https://d3u269mlo8clta.cloudfront.net/opa/865094f2-5ccf-11f1-91a3-aa50e5e38a2b_ahr0chm6ly9zdg9yywdllmdvb2dszwfwaxmuy29tl2lrb25hlwj1y2tldc1wcm9kdwn0aw9ul2ltywdlcy82odgzm2e2mzaznmu4ztc3ntg4njbimzgvwmv1cy02odljyzk2ywe1y2vmndzly2u4njy2oduuanbn.jpeg.png', 218) ON CONFLICT DO NOTHING;
INSERT INTO menu_option_groups (menu_id, group_id) VALUES (2843, 1638) ON CONFLICT DO NOTHING;
INSERT INTO menu_option_groups (menu_id, group_id) VALUES (2843, 1542) ON CONFLICT DO NOTHING;
INSERT INTO menu_option_groups (menu_id, group_id) VALUES (2843, 1541) ON CONFLICT DO NOTHING;
INSERT INTO menu_option_groups (menu_id, group_id) VALUES (2843, 1611) ON CONFLICT DO NOTHING;
INSERT INTO menus (id, name, description, image_url, category_id) VALUES (2844, 'Hermes', 'Tortilla, shishqebap pule i marinuar, sallatë romane, opa majonezë, qepë të kuqe & domate', 'https://d3u269mlo8clta.cloudfront.net/opa/87e2cd80-5ccf-11f1-9dc1-aa50e5e38a2b_ahr0chm6ly9zdg9yywdllmdvb2dszwfwaxmuy29tl2lrb25hlwj1y2tldc1wcm9kdwn0aw9ul2ltywdlcy82odgzm2e2mzaznmu4ztc3ntg4njbimzgvsgvybwvzlty4ownjotzhytvjzwy0nmvjztg2njy4nc5qcgc_.jpeg.png', 218) ON CONFLICT DO NOTHING;
INSERT INTO menu_option_groups (menu_id, group_id) VALUES (2844, 1554) ON CONFLICT DO NOTHING;
INSERT INTO menu_option_groups (menu_id, group_id) VALUES (2844, 1542) ON CONFLICT DO NOTHING;
INSERT INTO menu_option_groups (menu_id, group_id) VALUES (2844, 1541) ON CONFLICT DO NOTHING;
INSERT INTO menu_option_groups (menu_id, group_id) VALUES (2844, 1611) ON CONFLICT DO NOTHING;
INSERT INTO menus (id, name, description, image_url, category_id) VALUES (2845, 'Selita 0.5L Natyral', 'Selita 0.5L Natyral', 'https://d3u269mlo8clta.cloudfront.net/opa/4955dda6-5c06-11f1-b78f-821f4baea331_ahr0chm6ly9zdg9yywdllmdvb2dszwfwaxmuy29tl2lrb25hlwj1y2tldc1wcm9kdwn0aw9ul2ltywdlcy82odgzm2e2mzaznmu4ztc3ntg4njbimzgvymizmgmzztatzte0zc0xmwvlltg0ndgtzdyxmje3n2q4m2i2x2rvd25sb2fkx18xxy02ogqzzdyxnmfioti2ogrkodbknjm4mwyuanbn.jpeg.png', 219) ON CONFLICT DO NOTHING;
INSERT INTO menus (id, name, description, image_url, category_id) VALUES (2846, 'Selita 0.5l Gaz ', 'Selita 0.5l Gaz', 'https://d3u269mlo8clta.cloudfront.net/opa/2ac5a750-5b3d-11f1-8363-76680f96d918_ahr0chm6ly9zdg9yywdllmdvb2dszwfwaxmuy29tl2lrb25hlwj1y2tldc1wcm9kdwn0aw9ul2ltywdlcy82odgzm2e2mzaznmu4ztc3ntg4njbimzgvnjzlmdflnzkwzta1mjq1zmriotawymuwjtiwkdeplty4zdnlztuznwqymzkxy2m5zta3nwnjmy5qcgvn.jpeg.png', 219) ON CONFLICT DO NOTHING;
INSERT INTO menus (id, name, description, image_url, category_id) VALUES (2847, 'Coca Cola 0.33 Normale ', 'Coca Cola 0.33 Normale ', 'https://d3u269mlo8clta.cloudfront.net/opa/87e71106-5ccf-11f1-9dc1-aa50e5e38a2b_ahr0chm6ly9zdg9yywdllmdvb2dszwfwaxmuy29tl2lrb25hlwj1y2tldc1wcm9kdwn0aw9ul2ltywdlcy82odgzm2e2mzaznmu4ztc3ntg4njbimzgvm2m4y2mwytytzgzlni0xmwvllthhzjytmmfmmtczogvlzwe3x2nvy2fsx2nvbgetnjhkm2rjztdizjm3zwuxowmwyje0ntzmlnbuzw__.jpeg.png', 219) ON CONFLICT DO NOTHING;
INSERT INTO menus (id, name, description, image_url, category_id) VALUES (2848, 'Coca Cola 0.33 Zero', 'Coca Cola 0.33 Zero DEL', 'https://d3u269mlo8clta.cloudfront.net/opa/f7a22f7c-55bc-11f1-8cfe-86b169170ea4_ahr0chm6ly9zdg9yywdllmdvb2dszwfwaxmuy29tl2lrb25hlwj1y2tldc1wcm9kdwn0aw9ul2ltywdlcy82odgzm2e2mzaznmu4ztc3ntg4njbimzgvndc0mtdkzjitztfmoc0xmwvllwi1mwmtzdixmdg4ytliztfix2nvy2ffy29syv96zxjvlty4zdnky2u3ymyzn2vlmtljmgixndu3mc5wbmc_.jpeg.png', 219) ON CONFLICT DO NOTHING;
INSERT INTO menus (id, name, description, image_url, category_id) VALUES (2849, 'Fanta Ekzotik 0.33', 'Fanta Ekzotik 0.33 ', 'https://d3u269mlo8clta.cloudfront.net/opa/87e9c9aa-5ccf-11f1-9dc1-aa50e5e38a2b_ahr0chm6ly9zdg9yywdllmdvb2dszwfwaxmuy29tl2lrb25hlwj1y2tldc1wcm9kdwn0aw9ul2ltywdlcy82odgzm2e2mzaznmu4ztc3ntg4njbimzgvnjcxzjy1mde5ngjmoti2nguxzdliztvjlty4zdnky2u3ymyzn2vlmtljmgixndu3mi5wbmc_.jpeg.png', 219) ON CONFLICT DO NOTHING;
INSERT INTO menus (id, name, description, image_url, category_id) VALUES (2850, 'Fanta Orange 0.33 ', 'Fanta Orange 0.33 ', 'https://d3u269mlo8clta.cloudfront.net/opa/87eb12ba-5ccf-11f1-9dc1-aa50e5e38a2b_ahr0chm6ly9zdg9yywdllmdvb2dszwfwaxmuy29tl2lrb25hlwj1y2tldc1wcm9kdwn0aw9ul2ltywdlcy82odgzm2e2mzaznmu4ztc3ntg4njbimzgvmjk1zdqzyzatzgzlni0xmwvllwjhngitn2ezmjqyotqzzmi1x2zhbnrhx29yyw5nzwfkzs02ogqzzgnln2jmmzdlzte5yzbimtq1nzeucg5n.jpeg.png', 219) ON CONFLICT DO NOTHING;
INSERT INTO menus (id, name, description, image_url, category_id) VALUES (2851, 'Lipton Ice Tea Lemon 0.33', 'Lipton Ice Tea Lemon 0.33', 'https://d3u269mlo8clta.cloudfront.net/opa/d9b785d8-5770-11f1-a865-7acffcb6af02_ahr0chm6ly9zdg9yywdllmdvb2dszwfwaxmuy29tl2lrb25hlwj1y2tldc1wcm9kdwn0aw9ul2ltywdlcy82odgzm2e2mzaznmu4ztc3ntg4njbimzgvnjzlmde5mziwzta1mjq1zmriotawyjfilty4zdnky2u3ymyzn2vlmtljmgixndu3nc5wbmc_.jpeg.png', 219) ON CONFLICT DO NOTHING;
INSERT INTO menus (id, name, description, image_url, category_id) VALUES (2852, 'Lipton Ice Tea Peach 0.33', 'Lipton Ice Tea Peach 0.33', 'https://d3u269mlo8clta.cloudfront.net/opa/d9b785d8-5770-11f1-a865-7acffcb6af02_ahr0chm6ly9zdg9yywdllmdvb2dszwfwaxmuy29tl2lrb25hlwj1y2tldc1wcm9kdwn0aw9ul2ltywdlcy82odgzm2e2mzaznmu4ztc3ntg4njbimzgvnjzlmde5mziwzta1mjq1zmriotawyjfilty4zdnky2u3ymyzn2vlmtljmgixndu3nc5wbmc_.jpeg.png', 219) ON CONFLICT DO NOTHING;
INSERT INTO menus (id, name, description, image_url, category_id) VALUES (2853, 'Ayran ', 'Ayran ', 'https://d3u269mlo8clta.cloudfront.net/opa/4ddc0320-55ec-11f1-96d9-324858f7876b_ahr0chm6ly9zdg9yywdllmdvb2dszwfwaxmuy29tl2lrb25hlwj1y2tldc1wcm9kdwn0aw9ul2ltywdlcy82odgzm2e2mzaznmu4ztc3ntg4njbimzgvmtywodgxlty4zdnlnmewowi5ymexyjhiotgyzwy3zs5wbmc_.jpeg.png', 219) ON CONFLICT DO NOTHING;
INSERT INTO menus (id, name, description, image_url, category_id) VALUES (2854, 'Orange Soda 0.33', 'Orange Soda 0.33', 'https://d3u269mlo8clta.cloudfront.net/opa/6aff999a-5127-11f1-888b-6afdeb040c6f_ahr0chm6ly9zdg9yywdllmdvb2dszwfwaxmuy29tl2lrb25hlwj1y2tldc1wcm9kdwn0aw9ul2ltywdlcy82odgzm2e2mzaznmu4ztc3ntg4njbimzgvnjzlmde5yjm1mgzjnwu2nzg5zwe4mtnilty4zdnky2u3ymyzn2vlmtljmgixndu3ns5qcgvn.jpeg.png', 219) ON CONFLICT DO NOTHING;
INSERT INTO menus (id, name, description, image_url, category_id) VALUES (2855, 'Lemon Soda 0.33', 'Lemon Soda 0.33', 'https://d3u269mlo8clta.cloudfront.net/opa/87f6c1dc-5ccf-11f1-9dc1-aa50e5e38a2b_ahr0chm6ly9zdg9yywdllmdvb2dszwfwaxmuy29tl2lrb25hlwj1y2tldc1wcm9kdwn0aw9ul2ltywdlcy82odgzm2e2mzaznmu4ztc3ntg4njbimzgvnjzlmde5yjk1mgzjnwu2nzg5zwe4mtnjlty4zdnky2u3ymyzn2vlmtljmgixndu3ni5qcgvn.jpeg.png', 219) ON CONFLICT DO NOTHING;
INSERT INTO menus (id, name, description, image_url, category_id) VALUES (2856, 'Rose Lemonade ', 'Rose Lemonade ', 'https://d3u269mlo8clta.cloudfront.net/opa/87f915b8-5ccf-11f1-9dc1-aa50e5e38a2b_ahr0chm6ly9zdg9yywdllmdvb2dszwfwaxmuy29tl2lrb25hlwj1y2tldc1wcm9kdwn0aw9ul2ltywdlcy82odgzm2e2mzaznmu4ztc3ntg4njbimzgvv2hhdhnbchalmjbjbwfnzsuymdiwmjutmdktmjqlmjbhdcuymdeyntizml9jmdi2odywmi02ogqzy2rlmwuzmdfmowmwmdfhoduwowmuanbn.jpeg.png', 219) ON CONFLICT DO NOTHING;
INSERT INTO menus (id, name, description, image_url, category_id) VALUES (2857, 'Schweppes Indian Tonic 0.33L', 'Schweppes Indian Tonic 0.33L', 'https://d3u269mlo8clta.cloudfront.net/opa/87fb2e8e-5ccf-11f1-9dc1-aa50e5e38a2b_ahr0chm6ly9zdg9yywdllmdvb2dszwfwaxmuy29tl2lrb25hlwj1y2tldc1wcm9kdwn0aw9ul2ltywdlcy82odgzm2e2mzaznmu4ztc3ntg4njbimzgvnjhimtljztizy2ixnmrmywyxoda3yty1lty4zdnky2u3ymyzn2vlmtljmgixndu3os5wbmc_.jpeg.png', 219) ON CONFLICT DO NOTHING;
INSERT INTO menus (id, name, description, image_url, category_id) VALUES (2858, 'Bacon Mayo Sauce', 'Bacon Mayo Sauce', 'https://d3u269mlo8clta.cloudfront.net/opa/88058866-5ccf-11f1-9dc1-aa50e5e38a2b_ahr0chm6ly9zdg9yywdllmdvb2dszwfwaxmuy29tl2lrb25hlwj1y2tldc1wcm9kdwn0aw9ul2ltywdlcy82odgzm2e2mzaznmu4ztc3ntg4njbimzgvqmfjb24lmjbtyxvjzsuymfbmvsuymdewmda3mda0lty4yzk0mdc2ztmwmwy5yzawmwe4mjzhys5wbmc_.jpeg.png', 220) ON CONFLICT DO NOTHING;
INSERT INTO menus (id, name, description, image_url, category_id) VALUES (2859, 'Barbeque sauce', 'Barbeque sauce', 'https://d3u269mlo8clta.cloudfront.net/opa/880735d0-5ccf-11f1-9dc1-aa50e5e38a2b_ahr0chm6ly9zdg9yywdllmdvb2dszwfwaxmuy29tl2lrb25hlwj1y2tldc1wcm9kdwn0aw9ul2ltywdlcy82odgzm2e2mzaznmu4ztc3ntg4njbimzgvu3dlzxqlmjbdaglsasuynlrhcnjhz29ujtiwu2f1y2ulmjbqtfulmjaxmdawnzayny02ogm5ndfkytliowjhmwi4yjk4mmm0n2uucg5n.jpeg.png', 220) ON CONFLICT DO NOTHING;
INSERT INTO menus (id, name, description, image_url, category_id) VALUES (2860, 'Cheddar Sauce ', 'Cheddar Sauce ', 'https://d3u269mlo8clta.cloudfront.net/opa/2b0a3366-5b3d-11f1-b26e-a67a9c999200_ahr0chm6ly9zdg9yywdllmdvb2dszwfwaxmuy29tl2lrb25hlwj1y2tldc1wcm9kdwn0aw9ul2ltywdlcy82odgzm2e2mzaznmu4ztc3ntg4njbimzgvq2hlzgrhciuymfnhdwnljtiwcgx1jtiwmtawmdcwmtytnjhjotqxngrlotdmogm4yzgwntm1owvmlnbuzw__.jpeg.png', 220) ON CONFLICT DO NOTHING;
INSERT INTO menus (id, name, description, image_url, category_id) VALUES (2861, 'Chili Garlic Mayo', 'Chili Garlic Mayo', 'https://d3u269mlo8clta.cloudfront.net/opa/bc5e9e08-4e02-11f1-b5fe-c24319c933ee_ahr0chm6ly9zdg9yywdllmdvb2dszwfwaxmuy29tl2lrb25hlwj1y2tldc1wcm9kdwn0aw9ul2ltywdlcy82odgzm2e2mzaznmu4ztc3ntg4njbimzgvq2hpbgklmjbhyxjsawmlmjbnyxlvjtiwuexvjtiwmtawmdcwmjmtnjhjotqxngrlotdmogm4yzgwntm1owywlnbuzw__.jpeg.png', 220) ON CONFLICT DO NOTHING;
INSERT INTO menus (id, name, description, image_url, category_id) VALUES (2862, 'Greekamole', 'Greekamole', 'https://d3u269mlo8clta.cloudfront.net/opa/880b2dc0-5ccf-11f1-9dc1-aa50e5e38a2b_ahr0chm6ly9zdg9yywdllmdvb2dszwfwaxmuy29tl2lrb25hlwj1y2tldc1wcm9kdwn0aw9ul2ltywdlcy82odgzm2e2mzaznmu4ztc3ntg4njbimzgvr3jlzwthbw9szsuymfbmvsuymdewmda3mdi2lty4yzk0mje2nti1nznjy2eyntg2owmync5wbmc_.jpeg.png', 220) ON CONFLICT DO NOTHING;
INSERT INTO menus (id, name, description, image_url, category_id) VALUES (2863, 'Homemade Pickled Cucumber', 'Homemade Pickled Cucumber', 'https://d3u269mlo8clta.cloudfront.net/opa/ceb46048-59aa-11f1-93ad-96266858967f_ahr0chm6ly9zdg9yywdllmdvb2dszwfwaxmuy29tl2lrb25hlwj1y2tldc1wcm9kdwn0aw9ul2ltywdlcy82odgzm2e2mzaznmu4ztc3ntg4njbimzgvsg9tzw1hzgulmjbqawnrbgulmjbddwn1bwjlciuymfbmvsuymdewmda3mdi0lty4y2e2yjm4njk4nznhowfkmta2zty4zi5wbmc_.jpeg.png', 220) ON CONFLICT DO NOTHING;
INSERT INTO menus (id, name, description, image_url, category_id) VALUES (2864, 'Hummus Small', 'Hummus', 'https://d3u269mlo8clta.cloudfront.net/opa/4deb71d4-55ec-11f1-96d9-324858f7876b_ahr0chm6ly9zdg9yywdllmdvb2dszwfwaxmuy29tl2lrb25hlwj1y2tldc1wcm9kdwn0aw9ul2ltywdlcy82odgzm2e2mzaznmu4ztc3ntg4njbimzgvshvtbxvzjtiwcgx1jtiwmtawmdcwmjutnjhjotqxngrlotdmogm4yzgwntm1owvllnbuzw__.jpeg.png', 220) ON CONFLICT DO NOTHING;
INSERT INTO menus (id, name, description, image_url, category_id) VALUES (2865, 'Ketchup Bustine', 'Ketchup Bustine', 'https://d3u269mlo8clta.cloudfront.net/opa/a714b1de-54f3-11f1-9197-6605e9b45cdd_ahr0chm6ly9zdg9yywdllmdvb2dszwfwaxmuy29tl2lrb25hlwj1y2tldc1wcm9kdwn0aw9ul2ltywdlcy82odgzm2e2mzaznmu4ztc3ntg4njbimzgvu2lyywnhjtiwu21hbgwlmjaxmdawnzaxmc02otqyodm5zwe0mtdjnjgxodkzmwi3ytuucg5n.jpeg.png', 220) ON CONFLICT DO NOTHING;
INSERT INTO menus (id, name, description, image_url, category_id) VALUES (2866, 'Mayonnaise Bustine', 'Mayonnaise', 'https://d3u269mlo8clta.cloudfront.net/opa/88107f6e-5ccf-11f1-9dc1-aa50e5e38a2b_ahr0chm6ly9zdg9yywdllmdvb2dszwfwaxmuy29tl2lrb25hlwj1y2tldc1wcm9kdwn0aw9ul2ltywdlcy82odgzm2e2mzaznmu4ztc3ntg4njbimzgvtwf5b25uywlzzsuymej1c3rpbmulmjaxmdawnzaymi02ogm5nde0zgu5n2y4yzhjoda1mzu5zjeucg5n.jpeg.png', 220) ON CONFLICT DO NOTHING;
INSERT INTO menus (id, name, description, image_url, category_id) VALUES (2867, 'Mustarde - bustine', 'Mustarde', 'https://d3u269mlo8clta.cloudfront.net/opa/cebb2b26-59aa-11f1-93ad-96266858967f_ahr0chm6ly9zdg9yywdllmdvb2dszwfwaxmuy29tl2lrb25hlwj1y2tldc1wcm9kdwn0aw9ul2ltywdlcy82odgzm2e2mzaznmu4ztc3ntg4njbimzgvtxvzdgfyzcuymej1c3rpbmulmjaxmdawnzaxmy02ogm5nde0zgu5n2y4yzhjoda1mzu5zjiucg5n.jpeg.png', 220) ON CONFLICT DO NOTHING;
INSERT INTO menus (id, name, description, image_url, category_id) VALUES (2868, 'OPA Mayo', 'OPA Mayo', 'https://d3u269mlo8clta.cloudfront.net/opa/2af548fc-5b3d-11f1-b255-66762f591619_ahr0chm6ly9zdg9yywdllmdvb2dszwfwaxmuy29tl2lrb25hlwj1y2tldc1wcm9kdwn0aw9ul2ltywdlcy82odgzm2e2mzaznmu4ztc3ntg4njbimzgvt1bbjtiwtwf5byuymfbmvsuymdewmda3mda5lty4yzk0mwjhm2vknta0odqxmju0ndrlzs5wbmc_.jpeg.png', 220) ON CONFLICT DO NOTHING;
INSERT INTO menus (id, name, description, image_url, category_id) VALUES (2869, 'Siraca - small', 'Siraca', 'https://d3u269mlo8clta.cloudfront.net/opa/44f2f4f4-46f0-11f1-87bf-4603c4ef4e2a_ahr0chm6ly9zdg9yywdllmdvb2dszwfwaxmuy29tl2lrb25hlwj1y2tldc1wcm9kdwn0aw9ul2ltywdlcy82odgzm2e2mzaznmu4ztc3ntg4njbimzgvu2lyywnhlty4y2e2yjywotc3ztbimzkxyjhjyznhni5wbmc_.jpeg.png', 220) ON CONFLICT DO NOTHING;
INSERT INTO menus (id, name, description, image_url, category_id) VALUES (2870, 'Sweet chilli & tarragon sauce', 'Sweet chilli & tarragon sauce', 'https://d3u269mlo8clta.cloudfront.net/opa/880735d0-5ccf-11f1-9dc1-aa50e5e38a2b_ahr0chm6ly9zdg9yywdllmdvb2dszwfwaxmuy29tl2lrb25hlwj1y2tldc1wcm9kdwn0aw9ul2ltywdlcy82odgzm2e2mzaznmu4ztc3ntg4njbimzgvu3dlzxqlmjbdaglsasuynlrhcnjhz29ujtiwu2f1y2ulmjbqtfulmjaxmdawnzayny02ogm5ndfkytliowjhmwi4yjk4mmm0n2uucg5n.jpeg.png', 220) ON CONFLICT DO NOTHING;
INSERT INTO menus (id, name, description, image_url, category_id) VALUES (2871, 'Tirokafteri - small', 'Tirokafteri', 'https://d3u269mlo8clta.cloudfront.net/opa/88172396-5ccf-11f1-9dc1-aa50e5e38a2b_ahr0chm6ly9zdg9yywdllmdvb2dszwfwaxmuy29tl2lrb25hlwj1y2tldc1wcm9kdwn0aw9ul2ltywdlcy82odgzm2e2mzaznmu4ztc3ntg4njbimzgvvglyb2thznrlcmktms02ogm5ndfmmtnhmjg5ndnlmwflmja5mjeucg5n.jpeg.png', 220) ON CONFLICT DO NOTHING;
INSERT INTO menus (id, name, description, image_url, category_id) VALUES (2872, 'Truffle Mayo', 'Truffle Mayo', 'https://d3u269mlo8clta.cloudfront.net/opa/bc8783cc-4e02-11f1-b5fe-c24319c933ee_ahr0chm6ly9zdg9yywdllmdvb2dszwfwaxmuy29tl2lrb25hlwj1y2tldc1wcm9kdwn0aw9ul2ltywdlcy82odgzm2e2mzaznmu4ztc3ntg4njbimzgvvhj1zmzszsuyme1hew8lmjbwbhulmjaxmdawnzaxnc02ogm5nda3nmuzmdfmowmwmdfhodi2ywmucg5n.jpeg.png', 220) ON CONFLICT DO NOTHING;
INSERT INTO menus (id, name, description, image_url, category_id) VALUES (2873, 'Tzatziki Sauce', 'Tzatziki Sauce', 'https://d3u269mlo8clta.cloudfront.net/opa/8819bfca-5ccf-11f1-9dc1-aa50e5e38a2b_ahr0chm6ly9zdg9yywdllmdvb2dszwfwaxmuy29tl2lrb25hlwj1y2tldc1wcm9kdwn0aw9ul2ltywdlcy82odgzm2e2mzaznmu4ztc3ntg4njbimzgvvhphdhppa2klmjbtyxvjzsuymfbmvsuymdewmda3mda1lty4yzk0mdc2ztmwmwy5yzawmwe4mjzhzc5wbmc_.jpeg.png', 220) ON CONFLICT DO NOTHING;
INSERT INTO menus (id, name, description, image_url, category_id) VALUES (2874, 'Yougurt Sauce ', 'Yougurt Sauce ', 'https://d3u269mlo8clta.cloudfront.net/opa/881afe26-5ccf-11f1-9dc1-aa50e5e38a2b_ahr0chm6ly9zdg9yywdllmdvb2dszwfwaxmuy29tl2lrb25hlwj1y2tldc1wcm9kdwn0aw9ul2ltywdlcy82odgzm2e2mzaznmu4ztc3ntg4njbimzgvww91z3vydcuymfnhdwnljtiwuexvjtiwmtawmdcwmditnjhjotqwnzzlmzaxzjljmdaxytgynmfllnbuzw__.jpeg.png', 220) ON CONFLICT DO NOTHING;
INSERT INTO menus (id, name, description, image_url, category_id) VALUES (2875, 'Amstel 0.33L ', 'Amstel 0.33L ', 'https://d3u269mlo8clta.cloudfront.net/opa/1195ebea-4f95-11f1-93f5-8aa8321e7242_ahr0chm6ly9zdg9yywdllmdvb2dszwfwaxmuy29tl2lrb25hlwj1y2tldc1wcm9kdwn0aw9ul2ltywdlcy82odgzm2e2mzaznmu4ztc3ntg4njbimzgvnjdkzdyxnduynwuzowe0mjhhnjyzmgfjlty4zdnky2u3ymyzn2vlmtljmgixndu3yi5wbmc_.jpeg.png', 221) ON CONFLICT DO NOTHING;
INSERT INTO menus (id, name, description, image_url, category_id) VALUES (2876, 'Baladin 0.33L ', 'Baladin 0.33L ', 'https://d3u269mlo8clta.cloudfront.net/opa/2b0b5872-5b3d-11f1-b20c-5a781360214a_ahr0chm6ly9zdg9yywdllmdvb2dszwfwaxmuy29tl2lrb25hlwj1y2tldc1wcm9kdwn0aw9ul2ltywdlcy82odgzm2e2mzaznmu4ztc3ntg4njbimzgvqkfmqurjti1ju0fbq185mdb4lty4zdnlnjvlyziyngq5mmfin2zlndy0zs5qcgc_.jpeg.png', 221) ON CONFLICT DO NOTHING;
INSERT INTO menus (id, name, description, image_url, category_id) VALUES (2877, 'Korça 0.33L ', 'Korça 0.33L ', 'https://d3u269mlo8clta.cloudfront.net/opa/881eba84-5ccf-11f1-9dc1-aa50e5e38a2b_ahr0chm6ly9zdg9yywdllmdvb2dszwfwaxmuy29tl2lrb25hlwj1y2tldc1wcm9kdwn0aw9ul2ltywdlcy82odgzm2e2mzaznmu4ztc3ntg4njbimzgvnjgyyji0ytq5zwfmngfizte5ytu2mdu0lty4zdnky2u3ymyzn2vlmtljmgixndu3ys5qcgvn.jpeg.png', 221) ON CONFLICT DO NOTHING;
INSERT INTO menus (id, name, description, image_url, category_id) VALUES (2878, 'Paulaner 0.5L ', 'Paulaner 0.5L ', 'https://d3u269mlo8clta.cloudfront.net/opa/d2f0e6f6-52b9-11f1-b9b1-e6c6cce2a848_ahr0chm6ly9zdg9yywdllmdvb2dszwfwaxmuy29tl2lrb25hlwj1y2tldc1wcm9kdwn0aw9ul2ltywdlcy82odgzm2e2mzaznmu4ztc3ntg4njbimzgvnjdkzdyxnduynwuzowe0mjhhnjyzmgfilty4zdnky2u3ymyzn2vlmtljmgixndu3zs5wbmc_.jpeg.png', 221) ON CONFLICT DO NOTHING;
INSERT INTO menus (id, name, description, image_url, category_id) VALUES (2879, 'Peja 0.33L ', 'Peja 0.33L ', 'https://d3u269mlo8clta.cloudfront.net/opa/aa212d9c-5810-11f1-a4cc-f27f12c3e0fa_ahr0chm6ly9zdg9yywdllmdvb2dszwfwaxmuy29tl2lrb25hlwj1y2tldc1wcm9kdwn0aw9ul2ltywdlcy82odgzm2e2mzaznmu4ztc3ntg4njbimzgvugvqysuymdiwmdaxmdaylty4zdnjyjy0nwqymzkxy2m5zta3nwjhzi5wbmc_.jpeg.png', 221) ON CONFLICT DO NOTHING;
INSERT INTO menus (id, name, description, image_url, category_id) VALUES (2880, 'Super Bock 0.33L ', 'Super Bock 0.33L ', 'https://d3u269mlo8clta.cloudfront.net/opa/ceca9dd6-59aa-11f1-93ad-96266858967f_ahr0chm6ly9zdg9yywdllmdvb2dszwfwaxmuy29tl2lrb25hlwj1y2tldc1wcm9kdwn0aw9ul2ltywdlcy82odgzm2e2mzaznmu4ztc3ntg4njbimzgvnjdkzdyxnduynwuzowe0mjhhnjyzmgixlty4zdnky2u3ymyzn2vlmtljmgixndu3zc5wbmc_.jpeg.png', 221) ON CONFLICT DO NOTHING;
INSERT INTO menus (id, name, description, image_url, category_id) VALUES (2881, 'Super Bock 0% ', 'Super Bock 0% ', 'https://d3u269mlo8clta.cloudfront.net/opa/ceca9dd6-59aa-11f1-93ad-96266858967f_ahr0chm6ly9zdg9yywdllmdvb2dszwfwaxmuy29tl2lrb25hlwj1y2tldc1wcm9kdwn0aw9ul2ltywdlcy82odgzm2e2mzaznmu4ztc3ntg4njbimzgvnjdkzdyxnduynwuzowe0mjhhnjyzmgixlty4zdnky2u3ymyzn2vlmtljmgixndu3zc5wbmc_.jpeg.png', 221) ON CONFLICT DO NOTHING;
INSERT INTO menus (id, name, description, image_url, category_id) VALUES (2882, 'Heineken 0.33 ', 'Heineken 0.33 ', 'https://d3u269mlo8clta.cloudfront.net/opa/3ed5fe22-544c-11f1-9fa0-6e63833dc5a0_ahr0chm6ly9zdg9yywdllmdvb2dszwfwaxmuy29tl2lrb25hlwj1y2tldc1wcm9kdwn0aw9ul2ltywdlcy82odgzm2e2mzaznmu4ztc3ntg4njbimzgvnjdkzdyxnduynwuzowe0mjhhnjyzmgfklty4zdnky2u3ymyzn2vlmtljmgixndu3zi5wbmc_.jpeg.png', 221) ON CONFLICT DO NOTHING;
INSERT INTO menus (id, name, description, image_url, category_id) VALUES (2883, 'Red Roar ', 'Karrotë, panxhar, mollë, limon, xhinxher', 'https://d3u269mlo8clta.cloudfront.net/opa/4e09604a-55ec-11f1-96d9-324858f7876b_ahr0chm6ly9zdg9yywdllmdvb2dszwfwaxmuy29tl2lrb25hlwj1y2tldc1wcm9kdwn0aw9ul2ltywdlcy82odgzm2e2mzaznmu4ztc3ntg4njbimzgvv29sdf9pueelmjbszwqlmjbsb2fyjtiwyw5kjtiwsgfuz292zxitnjhhntg3mwrkmgzlnwu2mzkwnzizmdkwlnbuzw__.jpeg.png', 222) ON CONFLICT DO NOTHING;
INSERT INTO menus (id, name, description, image_url, category_id) VALUES (2884, 'Sunny MInt ', 'Mollë, portokall, nenexhik', 'https://d3u269mlo8clta.cloudfront.net/opa/de28c904-5c27-11f1-93a9-461d1f33d31b_ahr0chm6ly9zdg9yywdllmdvb2dszwfwaxmuy29tl2lrb25hlwj1y2tldc1wcm9kdwn0aw9ul2ltywdlcy82odgzm2e2mzaznmu4ztc3ntg4njbimzgvv29sdf9pueelmjbtdw5uesuyme1pbnqtnjhhntg3mwrkmgzlnwu2mzkwnzizmdhmlnbuzw__.jpeg.png', 222) ON CONFLICT DO NOTHING;
INSERT INTO menus (id, name, description, image_url, category_id) VALUES (2885, 'Mean Green ', 'Mollë, kastravec, selino, spinaq, xhinxher', 'https://d3u269mlo8clta.cloudfront.net/opa/a9f3bcb8-5810-11f1-8975-e2ee85ef9b09_ahr0chm6ly9zdg9yywdllmdvb2dszwfwaxmuy29tl2lrb25hlwj1y2tldc1wcm9kdwn0aw9ul2ltywdlcy82odgzm2e2mzaznmu4ztc3ntg4njbimzgvv29sdf9pueelmjbnzwfujtiwr3jlzw4tnjhhntg3mwrkmgzlnwu2mzkwnzizmdkylnbuzw__.jpeg.png', 222) ON CONFLICT DO NOTHING;
INSERT INTO menus (id, name, description, image_url, category_id) VALUES (2886, 'Boost Juice ', 'Karrotë, portokall, limon, kastravec, xhinxher', 'https://d3u269mlo8clta.cloudfront.net/opa/8827550e-5ccf-11f1-9dc1-aa50e5e38a2b_ahr0chm6ly9zdg9yywdllmdvb2dszwfwaxmuy29tl2lrb25hlwj1y2tldc1wcm9kdwn0aw9ul2ltywdlcy82odgzm2e2mzaznmu4ztc3ntg4njbimzgvv29sdf9pueelmjbcb29zdcuymep1awnllty4ytu4ogi3mzniywnhm2niytc2ndhloc5wbmc_.jpeg.png', 222) ON CONFLICT DO NOTHING;
INSERT INTO menus (id, name, description, image_url, category_id) VALUES (2887, 'Orange Juice ', 'Portokall i freskët', 'https://d3u269mlo8clta.cloudfront.net/opa/2b2828ee-5b3d-11f1-b26e-a67a9c999200_ahr0chm6ly9zdg9yywdllmdvb2dszwfwaxmuy29tl2lrb25hlwj1y2tldc1wcm9kdwn0aw9ul2ltywdlcy82odgzm2e2mzaznmu4ztc3ntg4njbimzgvv29sdf9pueelmjbpcmfuz2ulmjbkdwljzs02oge1odcxzgqwzmu1ztyzota3mjmwoteucg5n.jpeg.png', 222) ON CONFLICT DO NOTHING;
INSERT INTO menus (id, name, description, image_url, category_id) VALUES (2888, 'Green Juice ', 'Apple, celery, mint, cucumber, ginger', '', 222) ON CONFLICT DO NOTHING;
INSERT INTO menus (id, name, description, image_url, category_id) VALUES (2889, 'Hangover ', 'Apple, carrot, beet, lemon', 'https://d3u269mlo8clta.cloudfront.net/opa/4e09604a-55ec-11f1-96d9-324858f7876b_ahr0chm6ly9zdg9yywdllmdvb2dszwfwaxmuy29tl2lrb25hlwj1y2tldc1wcm9kdwn0aw9ul2ltywdlcy82odgzm2e2mzaznmu4ztc3ntg4njbimzgvv29sdf9pueelmjbszwqlmjbsb2fyjtiwyw5kjtiwsgfuz292zxitnjhhntg3mwrkmgzlnwu2mzkwnzizmdkwlnbuzw__.jpeg.png', 222) ON CONFLICT DO NOTHING;
INSERT INTO menus (id, name, description, image_url, category_id) VALUES (2890, 'Caramel Cold Capuccino ', 'Caramel Cold Capuccino ', 'https://d3u269mlo8clta.cloudfront.net/opa/bccc5614-4e02-11f1-b5fe-c24319c933ee_ahr0chm6ly9zdg9yywdllmdvb2dszwfwaxmuy29tl2lrb25hlwj1y2tldc1wcm9kdwn0aw9ul2ltywdlcy82odgzm2e2mzaznmu4ztc3ntg4njbimzgvv29sdf9pueelmjbdb2xkjtiwq2fwchvjaglubyuymgfuzcuymgnhcmftzwwlmjbjb2xkjtiwy2fwdwnjaw5vlty4yzk0mjuwnti1nznjy2eyntg2owmyzi5wbmc_.jpeg.png', 223) ON CONFLICT DO NOTHING;
INSERT INTO menus (id, name, description, image_url, category_id) VALUES (2891, 'Cinnamon Iced Coffee ', 'Cinnamon Iced Coffee ', 'https://d3u269mlo8clta.cloudfront.net/opa/2b008410-5b3d-11f1-8a4c-c6914a6ac9ea_ahr0chm6ly9zdg9yywdllmdvb2dszwfwaxmuy29tl2lrb25hlwj1y2tldc1wcm9kdwn0aw9ul2ltywdlcy82odgzm2e2mzaznmu4ztc3ntg4njbimzgvv29sdf9pueelmjbdaw5uyw1vbiuymenvzmzlzs02ogm5ndi2nznlzduwndg0mti1ndq0zjyucg5n.jpeg.png', 223) ON CONFLICT DO NOTHING;
INSERT INTO menus (id, name, description, image_url, category_id) VALUES (2892, 'Cold Capuccino ', 'Cold Capuccino ', 'https://d3u269mlo8clta.cloudfront.net/opa/bccc5614-4e02-11f1-b5fe-c24319c933ee_ahr0chm6ly9zdg9yywdllmdvb2dszwfwaxmuy29tl2lrb25hlwj1y2tldc1wcm9kdwn0aw9ul2ltywdlcy82odgzm2e2mzaznmu4ztc3ntg4njbimzgvv29sdf9pueelmjbdb2xkjtiwq2fwchvjaglubyuymgfuzcuymgnhcmftzwwlmjbjb2xkjtiwy2fwdwnjaw5vlty4yzk0mjuwnti1nznjy2eyntg2owmyzi5wbmc_.jpeg.png', 223) ON CONFLICT DO NOTHING;
INSERT INTO menus (id, name, description, image_url, category_id) VALUES (2893, 'Roast Lamb Sandwich Meal ', 'roast lamb sandwich, fries, drinks, sauces', 'https://d3u269mlo8clta.cloudfront.net/opa/f1ee32d8-55bc-11f1-9d1c-f20d2b669b14_ahr0chm6ly9zdg9yywdllmdvb2dszwfwaxmuy29tl2lrb25hlwj1y2tldc1wcm9kdwn0aw9ul2ltywdlcy82odgzm2e2mzaznmu4ztc3ntg4njbimzgvv29sdf9sb2fzdcuymexhbwilmjbdb21iby02yta0nzm0mzvknzrhyjfiyjzmndjlymiucg5n.jpeg.png', 204) ON CONFLICT DO NOTHING;
INSERT INTO menu_option_groups (menu_id, group_id) VALUES (2893, 1544) ON CONFLICT DO NOTHING;
INSERT INTO menu_option_groups (menu_id, group_id) VALUES (2893, 1568) ON CONFLICT DO NOTHING;
INSERT INTO menu_option_groups (menu_id, group_id) VALUES (2893, 1605) ON CONFLICT DO NOTHING;
INSERT INTO menu_option_groups (menu_id, group_id) VALUES (2893, 1563) ON CONFLICT DO NOTHING;
INSERT INTO menu_option_groups (menu_id, group_id) VALUES (2893, 1542) ON CONFLICT DO NOTHING;
INSERT INTO menu_option_groups (menu_id, group_id) VALUES (2893, 1611) ON CONFLICT DO NOTHING;
INSERT INTO menu_option_groups (menu_id, group_id) VALUES (2893, 1541) ON CONFLICT DO NOTHING;
INSERT INTO menus (id, name, description, image_url, category_id) VALUES (2894, 'Eat Big with OPA', 'chicken gyros big, BBQ chicken wings (4cope), french fries, sauce, drink💥💥', 'https://d3u269mlo8clta.cloudfront.net/opa/82da2f40-5ccf-11f1-83e6-4e238d7eb25d_ahr0chm6ly9zdg9yywdllmdvb2dszwfwaxmuy29tl2lrb25hlwj1y2tldc1wcm9kdwn0aw9ul2ltywdlcy82odgzm2e2mzaznmu4ztc3ntg4njbimzgvv29sdf9fyxqlmjbcawctnjlizda4mzfmzwi0mjuwymm1zgq5yjaylnbuzw__.jpeg.png', 205) ON CONFLICT DO NOTHING;
INSERT INTO menu_option_groups (menu_id, group_id) VALUES (2894, 1580) ON CONFLICT DO NOTHING;
INSERT INTO menu_option_groups (menu_id, group_id) VALUES (2894, 1616) ON CONFLICT DO NOTHING;
INSERT INTO menu_option_groups (menu_id, group_id) VALUES (2894, 1565) ON CONFLICT DO NOTHING;
INSERT INTO menu_option_groups (menu_id, group_id) VALUES (2894, 1605) ON CONFLICT DO NOTHING;
INSERT INTO menu_option_groups (menu_id, group_id) VALUES (2894, 1612) ON CONFLICT DO NOTHING;
INSERT INTO menu_option_groups (menu_id, group_id) VALUES (2894, 1542) ON CONFLICT DO NOTHING;
INSERT INTO menu_option_groups (menu_id, group_id) VALUES (2894, 1611) ON CONFLICT DO NOTHING;
INSERT INTO menu_option_groups (menu_id, group_id) VALUES (2894, 1541) ON CONFLICT DO NOTHING;
INSERT INTO menus (id, name, description, image_url, category_id) VALUES (2895, 'OPA Family Box ', 'chicken doner, crispy chicken burger, 4 halloumi fingers, fries, sauce, drinks👨‍👩‍👧‍👦', 'https://d3u269mlo8clta.cloudfront.net/opa/a7a2788c-5810-11f1-84b4-363dd4c82eca_ahr0chm6ly9zdg9yywdllmdvb2dszwfwaxmuy29tl2lrb25hlwj1y2tldc1wcm9kdwn0aw9ul2ltywdlcy82odgzm2e2mzaznmu4ztc3ntg4njbimzgvv29sdf9gyw1pbhklmjbcb3gtnjlizda4m2qwzddlmtewogyyodcwnjc0lnbuzw__.jpeg.png', 205) ON CONFLICT DO NOTHING;
INSERT INTO menu_option_groups (menu_id, group_id) VALUES (2895, 1567) ON CONFLICT DO NOTHING;
INSERT INTO menu_option_groups (menu_id, group_id) VALUES (2895, 1411) ON CONFLICT DO NOTHING;
INSERT INTO menu_option_groups (menu_id, group_id) VALUES (2895, 1602) ON CONFLICT DO NOTHING;
INSERT INTO menu_option_groups (menu_id, group_id) VALUES (2895, 1601) ON CONFLICT DO NOTHING;
INSERT INTO menu_option_groups (menu_id, group_id) VALUES (2895, 1614) ON CONFLICT DO NOTHING;
INSERT INTO menu_option_groups (menu_id, group_id) VALUES (2895, 1608) ON CONFLICT DO NOTHING;
INSERT INTO menu_option_groups (menu_id, group_id) VALUES (2895, 1613) ON CONFLICT DO NOTHING;
INSERT INTO menu_option_groups (menu_id, group_id) VALUES (2895, 1542) ON CONFLICT DO NOTHING;
INSERT INTO menu_option_groups (menu_id, group_id) VALUES (2895, 1611) ON CONFLICT DO NOTHING;
INSERT INTO menu_option_groups (menu_id, group_id) VALUES (2895, 1541) ON CONFLICT DO NOTHING;
INSERT INTO menus (id, name, description, image_url, category_id) VALUES (2896, 'Chicken Gyros Big DEL', 'Chicken Gyros Big ', 'https://d3u269mlo8clta.cloudfront.net/opa/ca73639e-59aa-11f1-92b4-1ad39886056e_ahr0chm6ly9zdg9yywdllmdvb2dszwfwaxmuy29tl2lrb25hlwj1y2tldc1wcm9kdwn0aw9ul2ltywdlcy82odgzm2e2mzaznmu4ztc3ntg4njbimzgvy2hpy2tlbi1nexjvcy1waxrhlty4ogm4mmywm2zmy2i2nwy4n2nmmthios5qcgc_.jpeg.png', 213) ON CONFLICT DO NOTHING;
INSERT INTO menus (id, name, description, image_url, category_id) VALUES (2897, 'Greek Slaw Salad ', 'laker, salce kosi, majoneze, mustard, rrush i thate, majdanoz dhe sheqer kaf.', 'https://d3u269mlo8clta.cloudfront.net/opa/25c23d40-5b3d-11f1-b7a5-5a781360214a_ahr0chm6ly9zdg9yywdllmdvb2dszwfwaxmuy29tl2lrb25hlwj1y2tldc1wcm9kdwn0aw9ul2ltywdlcy82odgzm2e2mzaznmu4ztc3ntg4njbimzgvv29sdf9hcmvlayuymfnsyxctnmewndc1mjvinduznze5ztq2ntfjztewlnbuzw__.jpeg.png', 204) ON CONFLICT DO NOTHING;
INSERT INTO menu_option_groups (menu_id, group_id) VALUES (2897, 1586) ON CONFLICT DO NOTHING;
INSERT INTO menu_option_groups (menu_id, group_id) VALUES (2897, 1546) ON CONFLICT DO NOTHING;
INSERT INTO menu_option_groups (menu_id, group_id) VALUES (2897, 1611) ON CONFLICT DO NOTHING;
INSERT INTO menu_option_groups (menu_id, group_id) VALUES (2897, 1542) ON CONFLICT DO NOTHING;
INSERT INTO menus (id, name, description, image_url, category_id) VALUES (2898, 'Crispy Energy Combo ', 'crispy chicken burger, red bull infusion drink, fries, ketchup, mustard ', 'https://d3u269mlo8clta.cloudfront.net/opa/25ca27f8-5b3d-11f1-b7a5-5a781360214a_ahr0chm6ly9zdg9yywdllmdvb2dszwfwaxmuy29tl2lrb25hlwj1y2tldc1wcm9kdwn0aw9ul2ltywdlcy82odgzm2e2mzaznmu4ztc3ntg4njbimzgvumvkjtiwqnvsbcuymeluznvzaw9ujtiwq29tym9fmditnjlmywyyodu3ntfhztuwmtkyodnkzmyylnbuzw__.jpeg.png', 206) ON CONFLICT DO NOTHING;
INSERT INTO menu_option_groups (menu_id, group_id) VALUES (2898, 1410) ON CONFLICT DO NOTHING;
INSERT INTO menu_option_groups (menu_id, group_id) VALUES (2898, 1568) ON CONFLICT DO NOTHING;
INSERT INTO menu_option_groups (menu_id, group_id) VALUES (2898, 1533) ON CONFLICT DO NOTHING;
INSERT INTO menu_option_groups (menu_id, group_id) VALUES (2898, 1563) ON CONFLICT DO NOTHING;
INSERT INTO menus (id, name, description, image_url, category_id) VALUES (2899, 'Barbeque Pork Sandwich Meal ', 'barbeque pork sandwich, fries, drink, sauces', 'https://d3u269mlo8clta.cloudfront.net/opa/25c0c578-5b3d-11f1-b7a5-5a781360214a_ahr0chm6ly9zdg9yywdllmdvb2dszwfwaxmuy29tl2lrb25hlwj1y2tldc1wcm9kdwn0aw9ul2ltywdlcy82odgzm2e2mzaznmu4ztc3ntg4njbimzgvv29sdf9cyxjizxf1zsuymfbvcmslmjbdb21iby02yta0nznlztg1zja0nty4ndkxzmm1y2yucg5n.jpeg.png', 204) ON CONFLICT DO NOTHING;
INSERT INTO menu_option_groups (menu_id, group_id) VALUES (2899, 1545) ON CONFLICT DO NOTHING;
INSERT INTO menu_option_groups (menu_id, group_id) VALUES (2899, 1568) ON CONFLICT DO NOTHING;
INSERT INTO menu_option_groups (menu_id, group_id) VALUES (2899, 1605) ON CONFLICT DO NOTHING;
INSERT INTO menu_option_groups (menu_id, group_id) VALUES (2899, 1563) ON CONFLICT DO NOTHING;
INSERT INTO menu_option_groups (menu_id, group_id) VALUES (2899, 1542) ON CONFLICT DO NOTHING;
INSERT INTO menu_option_groups (menu_id, group_id) VALUES (2899, 1611) ON CONFLICT DO NOTHING;
INSERT INTO menu_option_groups (menu_id, group_id) VALUES (2899, 1541) ON CONFLICT DO NOTHING;
INSERT INTO menus (id, name, description, image_url, category_id) VALUES (2900, 'Barbeque Pork Sandwich ', 'buke, sallate greek slaw, salce barbeque, mish gici i pjekur me ngadale', 'https://d3u269mlo8clta.cloudfront.net/opa/e80741a6-4ecd-11f1-a706-46801cf61cb0_ahr0chm6ly9zdg9yywdllmdvb2dszwfwaxmuy29tl2lrb25hlwj1y2tldc1wcm9kdwn0aw9ul2ltywdlcy82odgzm2e2mzaznmu4ztc3ntg4njbimzgvv29sdf9cyxjizxf1zsuymfbvcmstnmewndc0ntg1zdc0ywixymi2zjqyzwnmlnbuzw__.jpeg.png', 204) ON CONFLICT DO NOTHING;
INSERT INTO menu_option_groups (menu_id, group_id) VALUES (2900, 1542) ON CONFLICT DO NOTHING;
INSERT INTO menu_option_groups (menu_id, group_id) VALUES (2900, 1611) ON CONFLICT DO NOTHING;
INSERT INTO menu_option_groups (menu_id, group_id) VALUES (2900, 1541) ON CONFLICT DO NOTHING;
INSERT INTO menus (id, name, description, image_url, category_id) VALUES (2901, 'Chicken Gyros Bowl', 'Oriz me perime ose patate, gjiro pule, salcë opa majonezë, sallatë greke, pita, paprika', 'https://d3u269mlo8clta.cloudfront.net/opa/85fb2b8e-5ccf-11f1-91a3-aa50e5e38a2b_ahr0chm6ly9zdg9yywdllmdvb2dszwfwaxmuy29tl2lrb25hlwj1y2tldc1wcm9kdwn0aw9ul2ltywdlcy82odgzm2e2mzaznmu4ztc3ntg4njbimzgvnjg0mwjlmwy0ytc1ytdkymq3nti2njm3lty4zdnky2u3ymyzn2vlmtljmgixndu4ni5wbmc_.jpeg.png', 209) ON CONFLICT DO NOTHING;
INSERT INTO menu_option_groups (menu_id, group_id) VALUES (2901, 1723) ON CONFLICT DO NOTHING;
INSERT INTO menu_option_groups (menu_id, group_id) VALUES (2901, 1760) ON CONFLICT DO NOTHING;
INSERT INTO menu_option_groups (menu_id, group_id) VALUES (2901, 1668) ON CONFLICT DO NOTHING;
INSERT INTO menu_option_groups (menu_id, group_id) VALUES (2901, 1716) ON CONFLICT DO NOTHING;
INSERT INTO menu_option_groups (menu_id, group_id) VALUES (2901, 1672) ON CONFLICT DO NOTHING;
INSERT INTO menus (id, name, description, image_url, category_id) VALUES (2902, 'Sweet chilli & tarragon sauce', 'Sweet chilli & tarragon sauce', 'https://d3u269mlo8clta.cloudfront.net/opa/880735d0-5ccf-11f1-9dc1-aa50e5e38a2b_ahr0chm6ly9zdg9yywdllmdvb2dszwfwaxmuy29tl2lrb25hlwj1y2tldc1wcm9kdwn0aw9ul2ltywdlcy82odgzm2e2mzaznmu4ztc3ntg4njbimzgvu3dlzxqlmjbdaglsasuynlrhcnjhz29ujtiwu2f1y2ulmjbqtfulmjaxmdawnzayny02ogm5ndfkytliowjhmwi4yjk4mmm0n2uucg5n.jpeg.png', 220) ON CONFLICT DO NOTHING;
INSERT INTO menus (id, name, description, image_url, category_id) VALUES (2903, 'Coca Cola 0.33 Zero', 'Coca Cola 0.33 Zero DEL', 'https://d3u269mlo8clta.cloudfront.net/opa/f7a22f7c-55bc-11f1-8cfe-86b169170ea4_ahr0chm6ly9zdg9yywdllmdvb2dszwfwaxmuy29tl2lrb25hlwj1y2tldc1wcm9kdwn0aw9ul2ltywdlcy82odgzm2e2mzaznmu4ztc3ntg4njbimzgvndc0mtdkzjitztfmoc0xmwvllwi1mwmtzdixmdg4ytliztfix2nvy2ffy29syv96zxjvlty4zdnky2u3ymyzn2vlmtljmgixndu3mc5wbmc_.jpeg.png', 219) ON CONFLICT DO NOTHING;
INSERT INTO menus (id, name, description, image_url, category_id) VALUES (2904, 'Orange Soda 0.33', 'Orange Soda 0.33', 'https://d3u269mlo8clta.cloudfront.net/opa/6aff999a-5127-11f1-888b-6afdeb040c6f_ahr0chm6ly9zdg9yywdllmdvb2dszwfwaxmuy29tl2lrb25hlwj1y2tldc1wcm9kdwn0aw9ul2ltywdlcy82odgzm2e2mzaznmu4ztc3ntg4njbimzgvnjzlmde5yjm1mgzjnwu2nzg5zwe4mtnilty4zdnky2u3ymyzn2vlmtljmgixndu3ns5qcgvn.jpeg.png', 219) ON CONFLICT DO NOTHING;
INSERT INTO menus (id, name, description, image_url, category_id) VALUES (2905, 'Ayran ', 'Ayran ', 'https://d3u269mlo8clta.cloudfront.net/opa/4ddc0320-55ec-11f1-96d9-324858f7876b_ahr0chm6ly9zdg9yywdllmdvb2dszwfwaxmuy29tl2lrb25hlwj1y2tldc1wcm9kdwn0aw9ul2ltywdlcy82odgzm2e2mzaznmu4ztc3ntg4njbimzgvmtywodgxlty4zdnlnmewowi5ymexyjhiotgyzwy3zs5wbmc_.jpeg.png', 219) ON CONFLICT DO NOTHING;
INSERT INTO menus (id, name, description, image_url, category_id) VALUES (2906, 'Falafel Pita Hummus', 'Pita, humus, qofte falafeli, qepë të kuqe, domate, sallatë, paprika, speca të pjekur', 'https://d3u269mlo8clta.cloudfront.net/opa/863c10c2-5ccf-11f1-91a3-aa50e5e38a2b_ahr0chm6ly9zdg9yywdllmdvb2dszwfwaxmuy29tl2lrb25hlwj1y2tldc1wcm9kdwn0aw9ul2ltywdlcy82odgzm2e2mzaznmu4ztc3ntg4njbimzgvrmfsywzlbcuymfbpdgetnjg5mddiowjknwywndfkogfjmge1n2iylnbuzw__.jpeg.png', 213) ON CONFLICT DO NOTHING;
INSERT INTO menu_option_groups (menu_id, group_id) VALUES (2906, 1743) ON CONFLICT DO NOTHING;
INSERT INTO menu_option_groups (menu_id, group_id) VALUES (2906, 1760) ON CONFLICT DO NOTHING;
INSERT INTO menu_option_groups (menu_id, group_id) VALUES (2906, 1672) ON CONFLICT DO NOTHING;
INSERT INTO menu_option_groups (menu_id, group_id) VALUES (2906, 1668) ON CONFLICT DO NOTHING;
INSERT INTO menus (id, name, description, image_url, category_id) VALUES (2907, 'Roast Lamb Sandwich Meal ', 'roast lamb sandwich, fries, drinks, sauces', 'https://d3u269mlo8clta.cloudfront.net/opa/f1ee32d8-55bc-11f1-9d1c-f20d2b669b14_ahr0chm6ly9zdg9yywdllmdvb2dszwfwaxmuy29tl2lrb25hlwj1y2tldc1wcm9kdwn0aw9ul2ltywdlcy82odgzm2e2mzaznmu4ztc3ntg4njbimzgvv29sdf9sb2fzdcuymexhbwilmjbdb21iby02yta0nzm0mzvknzrhyjfiyjzmndjlymiucg5n.jpeg.png', 204) ON CONFLICT DO NOTHING;
INSERT INTO menu_option_groups (menu_id, group_id) VALUES (2907, 1669) ON CONFLICT DO NOTHING;
INSERT INTO menu_option_groups (menu_id, group_id) VALUES (2907, 1661) ON CONFLICT DO NOTHING;
INSERT INTO menu_option_groups (menu_id, group_id) VALUES (2907, 1758) ON CONFLICT DO NOTHING;
INSERT INTO menu_option_groups (menu_id, group_id) VALUES (2907, 1679) ON CONFLICT DO NOTHING;
INSERT INTO menu_option_groups (menu_id, group_id) VALUES (2907, 1760) ON CONFLICT DO NOTHING;
INSERT INTO menu_option_groups (menu_id, group_id) VALUES (2907, 1668) ON CONFLICT DO NOTHING;
INSERT INTO menu_option_groups (menu_id, group_id) VALUES (2907, 1672) ON CONFLICT DO NOTHING;
INSERT INTO menus (id, name, description, image_url, category_id) VALUES (2908, 'Cheddar Fries ', 'Cheddar Fries ', 'https://d3u269mlo8clta.cloudfront.net/opa/862b9616-5ccf-11f1-91a3-aa50e5e38a2b_ahr0chm6ly9zdg9yywdllmdvb2dszwfwaxmuy29tl2lrb25hlwj1y2tldc1wcm9kdwn0aw9ul2ltywdlcy82odgzm2e2mzaznmu4ztc3ntg4njbimzgvq2hlzgrhciuymezyawvzlty4ownjzdg3mgeyztm5njuwywfly2y0oc5qcgc_.jpeg.png', 212) ON CONFLICT DO NOTHING;
INSERT INTO menu_option_groups (menu_id, group_id) VALUES (2908, 1672) ON CONFLICT DO NOTHING;
INSERT INTO menu_option_groups (menu_id, group_id) VALUES (2908, 1668) ON CONFLICT DO NOTHING;
INSERT INTO menu_option_groups (menu_id, group_id) VALUES (2908, 1716) ON CONFLICT DO NOTHING;
INSERT INTO menus (id, name, description, image_url, category_id) VALUES (2909, 'Lipton Ice Tea Peach 0.33', 'Lipton Ice Tea Peach 0.33', 'https://d3u269mlo8clta.cloudfront.net/opa/d9b785d8-5770-11f1-a865-7acffcb6af02_ahr0chm6ly9zdg9yywdllmdvb2dszwfwaxmuy29tl2lrb25hlwj1y2tldc1wcm9kdwn0aw9ul2ltywdlcy82odgzm2e2mzaznmu4ztc3ntg4njbimzgvnjzlmde5mziwzta1mjq1zmriotawyjfilty4zdnky2u3ymyzn2vlmtljmgixndu3nc5wbmc_.jpeg.png', 219) ON CONFLICT DO NOTHING;
INSERT INTO menus (id, name, description, image_url, category_id) VALUES (2910, 'Aphrodite Pita', 'Aphrodite Pita', 'https://d3u269mlo8clta.cloudfront.net/opa/8617bca4-5ccf-11f1-91a3-aa50e5e38a2b_ahr0chm6ly9zdg9yywdllmdvb2dszwfwaxmuy29tl2lrb25hlwj1y2tldc1wcm9kdwn0aw9ul2ltywdlcy82odgzm2e2mzaznmu4ztc3ntg4njbimzgvnjg2ngzkztcxmdqxztfjngmxotk5ntzklty4zdnlmgyxymyzn2vlmtljmgixndvknc5wbmc_.jpeg.png', 211) ON CONFLICT DO NOTHING;
INSERT INTO menu_option_groups (menu_id, group_id) VALUES (2910, 1760) ON CONFLICT DO NOTHING;
INSERT INTO menu_option_groups (menu_id, group_id) VALUES (2910, 1672) ON CONFLICT DO NOTHING;
INSERT INTO menu_option_groups (menu_id, group_id) VALUES (2910, 1668) ON CONFLICT DO NOTHING;
INSERT INTO menus (id, name, description, image_url, category_id) VALUES (2911, 'BBQ Chicken Wings (10 cope) Combo ', 'BBQ Chicken Wings (10 cope), fries, drink', 'https://d3u269mlo8clta.cloudfront.net/opa/a7f45972-5810-11f1-84b4-363dd4c82eca_ahr0chm6ly9zdg9yywdllmdvb2dszwfwaxmuy29tl2lrb25hlwj1y2tldc1wcm9kdwn0aw9ul2ltywdlcy82odgzm2e2mzaznmu4ztc3ntg4njbimzgvv29sdf9daglja2vujtiwv2luz3mlmja4jtiwy29wzsuymgnvbwjvjtiwlty4zgq3mmy3zthjmwe4yjjhmmnjodniys5wbmc_.jpeg.png', 207) ON CONFLICT DO NOTHING;
INSERT INTO menu_option_groups (menu_id, group_id) VALUES (2911, 1712) ON CONFLICT DO NOTHING;
INSERT INTO menu_option_groups (menu_id, group_id) VALUES (2911, 1672) ON CONFLICT DO NOTHING;
INSERT INTO menu_option_groups (menu_id, group_id) VALUES (2911, 1668) ON CONFLICT DO NOTHING;
INSERT INTO menu_option_groups (menu_id, group_id) VALUES (2911, 1664) ON CONFLICT DO NOTHING;
INSERT INTO menu_option_groups (menu_id, group_id) VALUES (2911, 1724) ON CONFLICT DO NOTHING;
INSERT INTO menu_option_groups (menu_id, group_id) VALUES (2911, 1758) ON CONFLICT DO NOTHING;
INSERT INTO menu_option_groups (menu_id, group_id) VALUES (2911, 1760) ON CONFLICT DO NOTHING;
INSERT INTO menu_option_groups (menu_id, group_id) VALUES (2911, 1672) ON CONFLICT DO NOTHING;
INSERT INTO menu_option_groups (menu_id, group_id) VALUES (2911, 1668) ON CONFLICT DO NOTHING;
INSERT INTO menus (id, name, description, image_url, category_id) VALUES (2912, 'Chicken Skepasti Big Combo', 'Skepasti pule big, patate të skuqura, pije, ketchup, mustardë

', 'https://d3u269mlo8clta.cloudfront.net/opa/83077aea-5ccf-11f1-83e6-4e238d7eb25d_ahr0chm6ly9zdg9yywdllmdvb2dszwfwaxmuy29tl2lrb25hlwj1y2tldc1wcm9kdwn0aw9ul2ltywdlcy82odgzm2e2mzaznmu4ztc3ntg4njbimzgvq2hpy2tlbiuymfnrzxbhc3rpjtiwy29tym8tnjg5mdc4nthhnwnlzjq2zwnlodyzzwy0lnbuzw__.jpeg.png', 207) ON CONFLICT DO NOTHING;
INSERT INTO menu_option_groups (menu_id, group_id) VALUES (2912, 1665) ON CONFLICT DO NOTHING;
INSERT INTO menu_option_groups (menu_id, group_id) VALUES (2912, 1693) ON CONFLICT DO NOTHING;
INSERT INTO menu_option_groups (menu_id, group_id) VALUES (2912, 1697) ON CONFLICT DO NOTHING;
INSERT INTO menu_option_groups (menu_id, group_id) VALUES (2912, 1756) ON CONFLICT DO NOTHING;
INSERT INTO menu_option_groups (menu_id, group_id) VALUES (2912, 1679) ON CONFLICT DO NOTHING;
INSERT INTO menu_option_groups (menu_id, group_id) VALUES (2912, 1760) ON CONFLICT DO NOTHING;
INSERT INTO menu_option_groups (menu_id, group_id) VALUES (2912, 1672) ON CONFLICT DO NOTHING;
INSERT INTO menu_option_groups (menu_id, group_id) VALUES (2912, 1668) ON CONFLICT DO NOTHING;
INSERT INTO menus (id, name, description, image_url, category_id) VALUES (2913, 'Chicken Doner Combo ', 'chicken doner, fries, drink, ketchup, mustard', 'https://d3u269mlo8clta.cloudfront.net/opa/a66c8bec-42df-11f1-879e-3a1d0684e0bc_ahr0chm6ly9zdg9yywdllmdvb2dszwfwaxmuy29tl2lrb25hlwj1y2tldc1wcm9kdwn0aw9ul2ltywdlcy82odgzm2e2mzaznmu4ztc3ntg4njbimzgvv29sdf9fq2hpy2tlbiuymervbmvyjtiwy29tyiuymc02ogrknzjmn2u4yzfhogiyytjjyzgzywuucg5n.jpeg.png', 207) ON CONFLICT DO NOTHING;
INSERT INTO menu_option_groups (menu_id, group_id) VALUES (2913, 1676) ON CONFLICT DO NOTHING;
INSERT INTO menu_option_groups (menu_id, group_id) VALUES (2913, 1661) ON CONFLICT DO NOTHING;
INSERT INTO menu_option_groups (menu_id, group_id) VALUES (2913, 1758) ON CONFLICT DO NOTHING;
INSERT INTO menu_option_groups (menu_id, group_id) VALUES (2913, 1679) ON CONFLICT DO NOTHING;
INSERT INTO menu_option_groups (menu_id, group_id) VALUES (2913, 1760) ON CONFLICT DO NOTHING;
INSERT INTO menu_option_groups (menu_id, group_id) VALUES (2913, 1672) ON CONFLICT DO NOTHING;
INSERT INTO menu_option_groups (menu_id, group_id) VALUES (2913, 1668) ON CONFLICT DO NOTHING;
INSERT INTO menus (id, name, description, image_url, category_id) VALUES (2914, 'Pork Doner Combo ', 'pork doner, fries, ketchup, mustard, drink', 'https://d3u269mlo8clta.cloudfront.net/opa/4a34775e-5383-11f1-b246-76de16ae3890_ahr0chm6ly9zdg9yywdllmdvb2dszwfwaxmuy29tl2lrb25hlwj1y2tldc1wcm9kdwn0aw9ul2ltywdlcy82odgzm2e2mzaznmu4ztc3ntg4njbimzgvv29sdf9fug9yayuymervbmvyjtiwy29tym8tnjhkzdcyzjdlogmxythimmeyy2m4m2iwlnbuzw__.jpeg.png', 207) ON CONFLICT DO NOTHING;
INSERT INTO menu_option_groups (menu_id, group_id) VALUES (2914, 1714) ON CONFLICT DO NOTHING;
INSERT INTO menu_option_groups (menu_id, group_id) VALUES (2914, 1661) ON CONFLICT DO NOTHING;
INSERT INTO menu_option_groups (menu_id, group_id) VALUES (2914, 1758) ON CONFLICT DO NOTHING;
INSERT INTO menu_option_groups (menu_id, group_id) VALUES (2914, 1679) ON CONFLICT DO NOTHING;
INSERT INTO menu_option_groups (menu_id, group_id) VALUES (2914, 1760) ON CONFLICT DO NOTHING;
INSERT INTO menu_option_groups (menu_id, group_id) VALUES (2914, 1672) ON CONFLICT DO NOTHING;
INSERT INTO menu_option_groups (menu_id, group_id) VALUES (2914, 1668) ON CONFLICT DO NOTHING;
INSERT INTO menus (id, name, description, image_url, category_id) VALUES (2915, 'Chicken Breast Pita 🌶️', 'Pite, salcë djegëse me majonezë & hudhër, speca të pjekur, sallatë romane, shishqebab pule i marinuar, djathë i bardhë feta', 'https://d3u269mlo8clta.cloudfront.net/opa/3c09be54-544c-11f1-ad33-2e1ca93508c8_ahr0chm6ly9zdg9yywdllmdvb2dszwfwaxmuy29tl2lrb25hlwj1y2tldc1wcm9kdwn0aw9ul2ltywdlcy82odgzm2e2mzaznmu4ztc3ntg4njbimzgvv29sdf9pueelmjbdaglja2vujtiwqnjlyxn0jtiwugl0ys02odkwn2rhyjqznjg2nzixywuxmgjlytgucg5n.jpeg.png', 211) ON CONFLICT DO NOTHING;
INSERT INTO menu_option_groups (menu_id, group_id) VALUES (2915, 1741) ON CONFLICT DO NOTHING;
INSERT INTO menu_option_groups (menu_id, group_id) VALUES (2915, 1760) ON CONFLICT DO NOTHING;
INSERT INTO menu_option_groups (menu_id, group_id) VALUES (2915, 1672) ON CONFLICT DO NOTHING;
INSERT INTO menu_option_groups (menu_id, group_id) VALUES (2915, 1668) ON CONFLICT DO NOTHING;
INSERT INTO menus (id, name, description, image_url, category_id) VALUES (2916, 'Hermes', 'Tortilla, shishqebap pule i marinuar, sallatë romane, opa majonezë, qepë të kuqe & domate', 'https://d3u269mlo8clta.cloudfront.net/opa/87e2cd80-5ccf-11f1-9dc1-aa50e5e38a2b_ahr0chm6ly9zdg9yywdllmdvb2dszwfwaxmuy29tl2lrb25hlwj1y2tldc1wcm9kdwn0aw9ul2ltywdlcy82odgzm2e2mzaznmu4ztc3ntg4njbimzgvsgvybwvzlty4ownjotzhytvjzwy0nmvjztg2njy4nc5qcgc_.jpeg.png', 218) ON CONFLICT DO NOTHING;
INSERT INTO menu_option_groups (menu_id, group_id) VALUES (2916, 1720) ON CONFLICT DO NOTHING;
INSERT INTO menu_option_groups (menu_id, group_id) VALUES (2916, 1760) ON CONFLICT DO NOTHING;
INSERT INTO menu_option_groups (menu_id, group_id) VALUES (2916, 1672) ON CONFLICT DO NOTHING;
INSERT INTO menu_option_groups (menu_id, group_id) VALUES (2916, 1668) ON CONFLICT DO NOTHING;
INSERT INTO menus (id, name, description, image_url, category_id) VALUES (2917, 'Kebap Pita Combo', 'Qebap pita, patate të skuqura, pije, ketchup, mustardë', 'https://d3u269mlo8clta.cloudfront.net/opa/82f58736-5ccf-11f1-83e6-4e238d7eb25d_ahr0chm6ly9zdg9yywdllmdvb2dszwfwaxmuy29tl2lrb25hlwj1y2tldc1wcm9kdwn0aw9ul2ltywdlcy82odgzm2e2mzaznmu4ztc3ntg4njbimzgvv29sdf9pueelmjblzwjhyiuymfbpdgetnjg5mdc5otjly2jiotk1zgfjngnmzjzmlnbuzw__.jpeg.png', 207) ON CONFLICT DO NOTHING;
INSERT INTO menu_option_groups (menu_id, group_id) VALUES (2917, 1700) ON CONFLICT DO NOTHING;
INSERT INTO menu_option_groups (menu_id, group_id) VALUES (2917, 1661) ON CONFLICT DO NOTHING;
INSERT INTO menu_option_groups (menu_id, group_id) VALUES (2917, 1758) ON CONFLICT DO NOTHING;
INSERT INTO menu_option_groups (menu_id, group_id) VALUES (2917, 1679) ON CONFLICT DO NOTHING;
INSERT INTO menu_option_groups (menu_id, group_id) VALUES (2917, 1760) ON CONFLICT DO NOTHING;
INSERT INTO menu_option_groups (menu_id, group_id) VALUES (2917, 1672) ON CONFLICT DO NOTHING;
INSERT INTO menu_option_groups (menu_id, group_id) VALUES (2917, 1668) ON CONFLICT DO NOTHING;
INSERT INTO menus (id, name, description, image_url, category_id) VALUES (2918, 'Cheddar Sauce ', 'Cheddar Sauce ', 'https://d3u269mlo8clta.cloudfront.net/opa/2b0a3366-5b3d-11f1-b26e-a67a9c999200_ahr0chm6ly9zdg9yywdllmdvb2dszwfwaxmuy29tl2lrb25hlwj1y2tldc1wcm9kdwn0aw9ul2ltywdlcy82odgzm2e2mzaznmu4ztc3ntg4njbimzgvq2hlzgrhciuymfnhdwnljtiwcgx1jtiwmtawmdcwmtytnjhjotqxngrlotdmogm4yzgwntm1owvmlnbuzw__.jpeg.png', 220) ON CONFLICT DO NOTHING;
INSERT INTO menus (id, name, description, image_url, category_id) VALUES (2919, 'OPA Junior Burger Combo', 'Qofte me mish viçi, bukë burgeri, djathë çedari, ketchup, patate të skuqura, coca-cola 0.25l', 'https://d3u269mlo8clta.cloudfront.net/opa/3e552afe-544c-11f1-8f56-0a821d6f233c_ahr0chm6ly9zdg9yywdllmdvb2dszwfwaxmuy29tl2lrb25hlwj1y2tldc1wcm9kdwn0aw9ul2ltywdlcy82odgzm2e2mzaznmu4ztc3ntg4njbimzgvt3bhlup1bmlvci1cdxjnzxitnjg5y2nkodywytjlmzk2ntbhywvjzjnmlmpwzw__.jpeg.png', 217) ON CONFLICT DO NOTHING;
INSERT INTO menu_option_groups (menu_id, group_id) VALUES (2919, 1661) ON CONFLICT DO NOTHING;
INSERT INTO menu_option_groups (menu_id, group_id) VALUES (2919, 1753) ON CONFLICT DO NOTHING;
INSERT INTO menu_option_groups (menu_id, group_id) VALUES (2919, 1716) ON CONFLICT DO NOTHING;
INSERT INTO menu_option_groups (menu_id, group_id) VALUES (2919, 1668) ON CONFLICT DO NOTHING;
INSERT INTO menus (id, name, description, image_url, category_id) VALUES (2920, 'French Fries Large ', 'Patate të skuqura, kripë, rigon', 'https://d3u269mlo8clta.cloudfront.net/opa/86237a44-5ccf-11f1-91a3-aa50e5e38a2b_ahr0chm6ly9zdg9yywdllmdvb2dszwfwaxmuy29tl2lrb25hlwj1y2tldc1wcm9kdwn0aw9ul2ltywdlcy82odgzm2e2mzaznmu4ztc3ntg4njbimzgvrnjlbmnoluzyawvzlty4ownjzdg2mgeyztm5njuwywfly2y0mc5qcgc_.jpeg.png', 212) ON CONFLICT DO NOTHING;
INSERT INTO menus (id, name, description, image_url, category_id) VALUES (2921, 'Kebab Bowl', 'Oriz me perime greke ose patate të skuqura, 2 qebapë të pjekur në skarë, tzatziki, sallatë greke, qepë të kuqe, bukë pite', 'https://d3u269mlo8clta.cloudfront.net/opa/8b4edd30-4abc-11f1-a31c-5eff02776e20_ahr0chm6ly9zdg9yywdllmdvb2dszwfwaxmuy29tl2lrb25hlwj1y2tldc1wcm9kdwn0aw9ul2ltywdlcy82odgzm2e2mzaznmu4ztc3ntg4njbimzgvnjdmy2uxmtzjm2i3ztzhyti5zdvknjdhlty4zdnky2u3ymyzn2vlmtljmgixndu4my5wbmc_.jpeg.png', 209) ON CONFLICT DO NOTHING;
INSERT INTO menu_option_groups (menu_id, group_id) VALUES (2921, 1725) ON CONFLICT DO NOTHING;
INSERT INTO menu_option_groups (menu_id, group_id) VALUES (2921, 1735) ON CONFLICT DO NOTHING;
INSERT INTO menu_option_groups (menu_id, group_id) VALUES (2921, 1760) ON CONFLICT DO NOTHING;
INSERT INTO menu_option_groups (menu_id, group_id) VALUES (2921, 1672) ON CONFLICT DO NOTHING;
INSERT INTO menu_option_groups (menu_id, group_id) VALUES (2921, 1668) ON CONFLICT DO NOTHING;
INSERT INTO menu_option_groups (menu_id, group_id) VALUES (2921, 1716) ON CONFLICT DO NOTHING;
INSERT INTO menus (id, name, description, image_url, category_id) VALUES (2922, 'BBQ Chicken Wings (8 cope) Combo ', 'BBQ Chicken Wings (8 cope), fries, drink', 'https://d3u269mlo8clta.cloudfront.net/opa/831fa2be-5ccf-11f1-83e6-4e238d7eb25d_ahr0chm6ly9zdg9yywdllmdvb2dszwfwaxmuy29tl2lrb25hlwj1y2tldc1wcm9kdwn0aw9ul2ltywdlcy82odgzm2e2mzaznmu4ztc3ntg4njbimzgvv29sdf9daglja2vujtiwv2luz3mlmja2jtiwy29wzsuymgnvbwjvjtiwlty4zgq3mmy3zthjmwe4yjjhmmnjodnioc5wbmc_.jpeg.png', 207) ON CONFLICT DO NOTHING;
INSERT INTO menu_option_groups (menu_id, group_id) VALUES (2922, 1659) ON CONFLICT DO NOTHING;
INSERT INTO menu_option_groups (menu_id, group_id) VALUES (2922, 1672) ON CONFLICT DO NOTHING;
INSERT INTO menu_option_groups (menu_id, group_id) VALUES (2922, 1668) ON CONFLICT DO NOTHING;
INSERT INTO menu_option_groups (menu_id, group_id) VALUES (2922, 1671) ON CONFLICT DO NOTHING;
INSERT INTO menu_option_groups (menu_id, group_id) VALUES (2922, 1724) ON CONFLICT DO NOTHING;
INSERT INTO menu_option_groups (menu_id, group_id) VALUES (2922, 1758) ON CONFLICT DO NOTHING;
INSERT INTO menu_option_groups (menu_id, group_id) VALUES (2922, 1760) ON CONFLICT DO NOTHING;
INSERT INTO menu_option_groups (menu_id, group_id) VALUES (2922, 1672) ON CONFLICT DO NOTHING;
INSERT INTO menu_option_groups (menu_id, group_id) VALUES (2922, 1668) ON CONFLICT DO NOTHING;
INSERT INTO menus (id, name, description, image_url, category_id) VALUES (2923, 'Crispy Chicken Burger Combo ', 'Crispy chicken burger, patate të skuqura, pije, ketchup, mustardë', 'https://d3u269mlo8clta.cloudfront.net/opa/272653b0-5b3d-11f1-a0ec-ce60ff2c0b4d_ahr0chm6ly9zdg9yywdllmdvb2dszwfwaxmuy29tl2lrb25hlwj1y2tldc1wcm9kdwn0aw9ul2ltywdlcy82odgzm2e2mzaznmu4ztc3ntg4njbimzgvv29sdf9pueelmjbdcmlzchklmjbdaglja2vujtiwq29tym8tnjg5mddintrknwywndfkogfjmge1n2fmlnbuzw__.jpeg.png', 207) ON CONFLICT DO NOTHING;
INSERT INTO menu_option_groups (menu_id, group_id) VALUES (2923, 1695) ON CONFLICT DO NOTHING;
INSERT INTO menu_option_groups (menu_id, group_id) VALUES (2923, 1661) ON CONFLICT DO NOTHING;
INSERT INTO menu_option_groups (menu_id, group_id) VALUES (2923, 1758) ON CONFLICT DO NOTHING;
INSERT INTO menu_option_groups (menu_id, group_id) VALUES (2923, 1679) ON CONFLICT DO NOTHING;
INSERT INTO menu_option_groups (menu_id, group_id) VALUES (2923, 1760) ON CONFLICT DO NOTHING;
INSERT INTO menu_option_groups (menu_id, group_id) VALUES (2923, 1672) ON CONFLICT DO NOTHING;
INSERT INTO menu_option_groups (menu_id, group_id) VALUES (2923, 1668) ON CONFLICT DO NOTHING;
INSERT INTO menus (id, name, description, image_url, category_id) VALUES (2924, 'Greek Salad', 'Domate, kastravec, speca jeshile, qepë, ullinj kalamata, kapere, djathë i bardhë, rigon', 'https://d3u269mlo8clta.cloudfront.net/opa/cd3023ba-59aa-11f1-a1ea-3e5ee5795ffd_ahr0chm6ly9zdg9yywdllmdvb2dszwfwaxmuy29tl2lrb25hlwj1y2tldc1wcm9kdwn0aw9ul2ltywdlcy82odgzm2e2mzaznmu4ztc3ntg4njbimzgvz3jlzwstc2fsywqtnjg4yzgyzjazzmzjyjy1zjg3y2yxogjilmpwzw__.jpeg.png', 215) ON CONFLICT DO NOTHING;
INSERT INTO menu_option_groups (menu_id, group_id) VALUES (2924, 1760) ON CONFLICT DO NOTHING;
INSERT INTO menu_option_groups (menu_id, group_id) VALUES (2924, 1716) ON CONFLICT DO NOTHING;
INSERT INTO menu_option_groups (menu_id, group_id) VALUES (2924, 1668) ON CONFLICT DO NOTHING;
INSERT INTO menus (id, name, description, image_url, category_id) VALUES (2925, 'Loukoumades me Nutella Dhe Lajthi', 'Loukoumades me Nutella Dhe Lajthi', 'https://d3u269mlo8clta.cloudfront.net/opa/87fd97aa-5ccf-11f1-9dc1-aa50e5e38a2b_ahr0chm6ly9zdg9yywdllmdvb2dszwfwaxmuy29tl2lrb25hlwj1y2tldc1wcm9kdwn0aw9ul2ltywdlcy82odgzm2e2mzaznmu4ztc3ntg4njbimzgvtg91a291bwfkzxmlmjbodxrlbgxhjtiwjti2jtiwsgf6zwxudxqtnjg5zdhhngm4zda4yjnjnzi3zjmxmmzmlmpwzw__.jpeg.png', 214) ON CONFLICT DO NOTHING;
INSERT INTO menu_option_groups (menu_id, group_id) VALUES (2925, 1750) ON CONFLICT DO NOTHING;
INSERT INTO menu_option_groups (menu_id, group_id) VALUES (2925, 1668) ON CONFLICT DO NOTHING;
INSERT INTO menus (id, name, description, image_url, category_id) VALUES (2926, 'Fanta Orange 0.33 ', 'Fanta Orange 0.33 ', 'https://d3u269mlo8clta.cloudfront.net/opa/87eb12ba-5ccf-11f1-9dc1-aa50e5e38a2b_ahr0chm6ly9zdg9yywdllmdvb2dszwfwaxmuy29tl2lrb25hlwj1y2tldc1wcm9kdwn0aw9ul2ltywdlcy82odgzm2e2mzaznmu4ztc3ntg4njbimzgvmjk1zdqzyzatzgzlni0xmwvllwjhngitn2ezmjqyotqzzmi1x2zhbnrhx29yyw5nzwfkzs02ogqzzgnln2jmmzdlzte5yzbimtq1nzeucg5n.jpeg.png', 219) ON CONFLICT DO NOTHING;
INSERT INTO menus (id, name, description, image_url, category_id) VALUES (2927, '4 Kebab Patatoes ', 'pita, 4 kebab skewers, tomatoes, onions, fries, tzatziki sauce, paprika, lemon', 'https://d3u269mlo8clta.cloudfront.net/opa/c9f7e3f4-59aa-11f1-99df-3e5ee5795ffd_ahr0chm6ly9zdg9yywdllmdvb2dszwfwaxmuy29tl2lrb25hlwj1y2tldc1wcm9kdwn0aw9ul2ltywdlcy82odgzm2e2mzaznmu4ztc3ntg4njbimzgvnhglmjblzwjhyiuymfbhdgf0b2vzlty4owq4otq1y2fkzja5zmzmnze0ognlmi5qcgc_.jpeg.png', 210) ON CONFLICT DO NOTHING;
INSERT INTO menu_option_groups (menu_id, group_id) VALUES (2927, 1735) ON CONFLICT DO NOTHING;
INSERT INTO menu_option_groups (menu_id, group_id) VALUES (2927, 1760) ON CONFLICT DO NOTHING;
INSERT INTO menu_option_groups (menu_id, group_id) VALUES (2927, 1672) ON CONFLICT DO NOTHING;
INSERT INTO menu_option_groups (menu_id, group_id) VALUES (2927, 1668) ON CONFLICT DO NOTHING;
INSERT INTO menus (id, name, description, image_url, category_id) VALUES (2928, 'Tzatziki Racion ', 'Kos grek, kastravec, konfit hudhër dhe kopër', 'https://d3u269mlo8clta.cloudfront.net/opa/2959e3d6-5b3d-11f1-ba7d-6621ae8bd004_ahr0chm6ly9zdg9yywdllmdvb2dszwfwaxmuy29tl2lrb25hlwj1y2tldc1wcm9kdwn0aw9ul2ltywdlcy82odgzm2e2mzaznmu4ztc3ntg4njbimzgvvhphdhppa2ktnjg5y2nkodywytjlmzk2ntbhywvjzjq0lmpwzw__.jpeg.png', 212) ON CONFLICT DO NOTHING;
INSERT INTO menu_option_groups (menu_id, group_id) VALUES (2928, 1668) ON CONFLICT DO NOTHING;
INSERT INTO menu_option_groups (menu_id, group_id) VALUES (2928, 1716) ON CONFLICT DO NOTHING;
INSERT INTO menus (id, name, description, image_url, category_id) VALUES (2929, 'Chicken Doner Combo ', 'chicken doner, fries, drink, ketchup, mustard', 'https://d3u269mlo8clta.cloudfront.net/opa/a66c8bec-42df-11f1-879e-3a1d0684e0bc_ahr0chm6ly9zdg9yywdllmdvb2dszwfwaxmuy29tl2lrb25hlwj1y2tldc1wcm9kdwn0aw9ul2ltywdlcy82odgzm2e2mzaznmu4ztc3ntg4njbimzgvv29sdf9fq2hpy2tlbiuymervbmvyjtiwy29tyiuymc02ogrknzjmn2u4yzfhogiyytjjyzgzywuucg5n.jpeg.png', 208) ON CONFLICT DO NOTHING;
INSERT INTO menu_option_groups (menu_id, group_id) VALUES (2929, 1676) ON CONFLICT DO NOTHING;
INSERT INTO menu_option_groups (menu_id, group_id) VALUES (2929, 1661) ON CONFLICT DO NOTHING;
INSERT INTO menu_option_groups (menu_id, group_id) VALUES (2929, 1758) ON CONFLICT DO NOTHING;
INSERT INTO menu_option_groups (menu_id, group_id) VALUES (2929, 1679) ON CONFLICT DO NOTHING;
INSERT INTO menu_option_groups (menu_id, group_id) VALUES (2929, 1760) ON CONFLICT DO NOTHING;
INSERT INTO menu_option_groups (menu_id, group_id) VALUES (2929, 1672) ON CONFLICT DO NOTHING;
INSERT INTO menu_option_groups (menu_id, group_id) VALUES (2929, 1668) ON CONFLICT DO NOTHING;
INSERT INTO menus (id, name, description, image_url, category_id) VALUES (2930, 'Falafael Pita Yougurt', 'Pita, salcë kosi, qofte falafeli, qepë të kuqe, domate, sallatë, paprika, speca të pjekur', 'https://d3u269mlo8clta.cloudfront.net/opa/863c10c2-5ccf-11f1-91a3-aa50e5e38a2b_ahr0chm6ly9zdg9yywdllmdvb2dszwfwaxmuy29tl2lrb25hlwj1y2tldc1wcm9kdwn0aw9ul2ltywdlcy82odgzm2e2mzaznmu4ztc3ntg4njbimzgvrmfsywzlbcuymfbpdgetnjg5mddiowjknwywndfkogfjmge1n2iylnbuzw__.jpeg.png', 213) ON CONFLICT DO NOTHING;
INSERT INTO menu_option_groups (menu_id, group_id) VALUES (2930, 1751) ON CONFLICT DO NOTHING;
INSERT INTO menu_option_groups (menu_id, group_id) VALUES (2930, 1760) ON CONFLICT DO NOTHING;
INSERT INTO menu_option_groups (menu_id, group_id) VALUES (2930, 1672) ON CONFLICT DO NOTHING;
INSERT INTO menu_option_groups (menu_id, group_id) VALUES (2930, 1668) ON CONFLICT DO NOTHING;
INSERT INTO menus (id, name, description, image_url, category_id) VALUES (2931, 'Chicken Skepasti Combo ', 'Skepasti pule, patate të skuqura, pije, ketchup, mustardë', 'https://d3u269mlo8clta.cloudfront.net/opa/83077aea-5ccf-11f1-83e6-4e238d7eb25d_ahr0chm6ly9zdg9yywdllmdvb2dszwfwaxmuy29tl2lrb25hlwj1y2tldc1wcm9kdwn0aw9ul2ltywdlcy82odgzm2e2mzaznmu4ztc3ntg4njbimzgvq2hpy2tlbiuymfnrzxbhc3rpjtiwy29tym8tnjg5mdc4nthhnwnlzjq2zwnlodyzzwy0lnbuzw__.jpeg.png', 207) ON CONFLICT DO NOTHING;
INSERT INTO menu_option_groups (menu_id, group_id) VALUES (2931, 1703) ON CONFLICT DO NOTHING;
INSERT INTO menu_option_groups (menu_id, group_id) VALUES (2931, 1693) ON CONFLICT DO NOTHING;
INSERT INTO menu_option_groups (menu_id, group_id) VALUES (2931, 1758) ON CONFLICT DO NOTHING;
INSERT INTO menu_option_groups (menu_id, group_id) VALUES (2931, 1679) ON CONFLICT DO NOTHING;
INSERT INTO menu_option_groups (menu_id, group_id) VALUES (2931, 1760) ON CONFLICT DO NOTHING;
INSERT INTO menu_option_groups (menu_id, group_id) VALUES (2931, 1672) ON CONFLICT DO NOTHING;
INSERT INTO menu_option_groups (menu_id, group_id) VALUES (2931, 1668) ON CONFLICT DO NOTHING;
INSERT INTO menus (id, name, description, image_url, category_id) VALUES (2932, 'BBQ Chicken Wings (10 cope) Combo ', 'BBQ Chicken Wings (10 cope), fries, drink', 'https://d3u269mlo8clta.cloudfront.net/opa/a7f45972-5810-11f1-84b4-363dd4c82eca_ahr0chm6ly9zdg9yywdllmdvb2dszwfwaxmuy29tl2lrb25hlwj1y2tldc1wcm9kdwn0aw9ul2ltywdlcy82odgzm2e2mzaznmu4ztc3ntg4njbimzgvv29sdf9daglja2vujtiwv2luz3mlmja4jtiwy29wzsuymgnvbwjvjtiwlty4zgq3mmy3zthjmwe4yjjhmmnjodniys5wbmc_.jpeg.png', 208) ON CONFLICT DO NOTHING;
INSERT INTO menu_option_groups (menu_id, group_id) VALUES (2932, 1712) ON CONFLICT DO NOTHING;
INSERT INTO menu_option_groups (menu_id, group_id) VALUES (2932, 1672) ON CONFLICT DO NOTHING;
INSERT INTO menu_option_groups (menu_id, group_id) VALUES (2932, 1668) ON CONFLICT DO NOTHING;
INSERT INTO menu_option_groups (menu_id, group_id) VALUES (2932, 1664) ON CONFLICT DO NOTHING;
INSERT INTO menu_option_groups (menu_id, group_id) VALUES (2932, 1724) ON CONFLICT DO NOTHING;
INSERT INTO menu_option_groups (menu_id, group_id) VALUES (2932, 1758) ON CONFLICT DO NOTHING;
INSERT INTO menu_option_groups (menu_id, group_id) VALUES (2932, 1760) ON CONFLICT DO NOTHING;
INSERT INTO menu_option_groups (menu_id, group_id) VALUES (2932, 1672) ON CONFLICT DO NOTHING;
INSERT INTO menu_option_groups (menu_id, group_id) VALUES (2932, 1668) ON CONFLICT DO NOTHING;
INSERT INTO menus (id, name, description, image_url, category_id) VALUES (2933, 'Kebab Pita Big Combo', 'Qebap pita big, patate të skuqura, pije, ketchup, mustardë', 'https://d3u269mlo8clta.cloudfront.net/opa/82f58736-5ccf-11f1-83e6-4e238d7eb25d_ahr0chm6ly9zdg9yywdllmdvb2dszwfwaxmuy29tl2lrb25hlwj1y2tldc1wcm9kdwn0aw9ul2ltywdlcy82odgzm2e2mzaznmu4ztc3ntg4njbimzgvv29sdf9pueelmjblzwjhyiuymfbpdgetnjg5mdc5otjly2jiotk1zgfjngnmzjzmlnbuzw__.jpeg.png', 207) ON CONFLICT DO NOTHING;
INSERT INTO menu_option_groups (menu_id, group_id) VALUES (2933, 1681) ON CONFLICT DO NOTHING;
INSERT INTO menu_option_groups (menu_id, group_id) VALUES (2933, 1690) ON CONFLICT DO NOTHING;
INSERT INTO menu_option_groups (menu_id, group_id) VALUES (2933, 1756) ON CONFLICT DO NOTHING;
INSERT INTO menu_option_groups (menu_id, group_id) VALUES (2933, 1679) ON CONFLICT DO NOTHING;
INSERT INTO menu_option_groups (menu_id, group_id) VALUES (2933, 1760) ON CONFLICT DO NOTHING;
INSERT INTO menu_option_groups (menu_id, group_id) VALUES (2933, 1672) ON CONFLICT DO NOTHING;
INSERT INTO menu_option_groups (menu_id, group_id) VALUES (2933, 1668) ON CONFLICT DO NOTHING;
INSERT INTO menus (id, name, description, image_url, category_id) VALUES (2934, 'Pork Skepasti', 'Dy pite, gjiro gici, tzatziki, domate, qepë të kuqe, patate të skuqura', 'https://d3u269mlo8clta.cloudfront.net/opa/e54be98e-4c4e-11f1-ac1d-3222dff8c841_ahr0chm6ly9zdg9yywdllmdvb2dszwfwaxmuy29tl2lrb25hlwj1y2tldc1wcm9kdwn0aw9ul2ltywdlcy82odgzm2e2mzaznmu4ztc3ntg4njbimzgvug9yayuymfnrzxbhc3rplty4ota3zgvhyte2m2rkmzjjowi5ngezyi5wbmc_.jpeg.png', 211) ON CONFLICT DO NOTHING;
INSERT INTO menu_option_groups (menu_id, group_id) VALUES (2934, 1733) ON CONFLICT DO NOTHING;
INSERT INTO menu_option_groups (menu_id, group_id) VALUES (2934, 1693) ON CONFLICT DO NOTHING;
INSERT INTO menu_option_groups (menu_id, group_id) VALUES (2934, 1672) ON CONFLICT DO NOTHING;
INSERT INTO menu_option_groups (menu_id, group_id) VALUES (2934, 1668) ON CONFLICT DO NOTHING;
INSERT INTO menu_option_groups (menu_id, group_id) VALUES (2934, 1760) ON CONFLICT DO NOTHING;
INSERT INTO menus (id, name, description, image_url, category_id) VALUES (2935, 'Kebab Skewers 1 cope', 'Kebab Skewers 1 cope', 'https://d3u269mlo8clta.cloudfront.net/opa/86468d36-5ccf-11f1-91a3-aa50e5e38a2b_ahr0chm6ly9zdg9yywdllmdvb2dszwfwaxmuy29tl2lrb25hlwj1y2tldc1wcm9kdwn0aw9ul2ltywdlcy82odgzm2e2mzaznmu4ztc3ntg4njbimzgvs2viywilmjbta2v3zxjzlty4ownjmtc0mzniywnhm2niytc2mmq3mc5qcgc_.jpeg.png', 216) ON CONFLICT DO NOTHING;
INSERT INTO menu_option_groups (menu_id, group_id) VALUES (2935, 1760) ON CONFLICT DO NOTHING;
INSERT INTO menu_option_groups (menu_id, group_id) VALUES (2935, 1716) ON CONFLICT DO NOTHING;
INSERT INTO menu_option_groups (menu_id, group_id) VALUES (2935, 1672) ON CONFLICT DO NOTHING;
INSERT INTO menu_option_groups (menu_id, group_id) VALUES (2935, 1668) ON CONFLICT DO NOTHING;
INSERT INTO menus (id, name, description, image_url, category_id) VALUES (2936, 'Greek Slaw Salad ', 'laker, salce kosi, majoneze, mustard, rrush i thate, majdanoz dhe sheqer kaf.', 'https://d3u269mlo8clta.cloudfront.net/opa/25c23d40-5b3d-11f1-b7a5-5a781360214a_ahr0chm6ly9zdg9yywdllmdvb2dszwfwaxmuy29tl2lrb25hlwj1y2tldc1wcm9kdwn0aw9ul2ltywdlcy82odgzm2e2mzaznmu4ztc3ntg4njbimzgvv29sdf9hcmvlayuymfnsyxctnmewndc1mjvinduznze5ztq2ntfjztewlnbuzw__.jpeg.png', 204) ON CONFLICT DO NOTHING;
INSERT INTO menu_option_groups (menu_id, group_id) VALUES (2936, 1755) ON CONFLICT DO NOTHING;
INSERT INTO menu_option_groups (menu_id, group_id) VALUES (2936, 1716) ON CONFLICT DO NOTHING;
INSERT INTO menu_option_groups (menu_id, group_id) VALUES (2936, 1668) ON CONFLICT DO NOTHING;
INSERT INTO menu_option_groups (menu_id, group_id) VALUES (2936, 1760) ON CONFLICT DO NOTHING;
INSERT INTO menus (id, name, description, image_url, category_id) VALUES (2937, 'Schnitzel Bowl ', 'Oriz me perime ose patate të skuqura, schnitzel pule i skuqur, majonezë me hudhër & spec djegës, sallatë greke, pita', 'https://d3u269mlo8clta.cloudfront.net/opa/85fd196c-5ccf-11f1-91a3-aa50e5e38a2b_ahr0chm6ly9zdg9yywdllmdvb2dszwfwaxmuy29tl2lrb25hlwj1y2tldc1wcm9kdwn0aw9ul2ltywdlcy82odgzm2e2mzaznmu4ztc3ntg4njbimzgvnjg0mwjkn2njztrhyzvhnje3mmyymwq0lty4zdnky2u3ymyzn2vlmtljmgixndu4nc5wbmc_.jpeg.png', 209) ON CONFLICT DO NOTHING;
INSERT INTO menu_option_groups (menu_id, group_id) VALUES (2937, 1739) ON CONFLICT DO NOTHING;
INSERT INTO menu_option_groups (menu_id, group_id) VALUES (2937, 1760) ON CONFLICT DO NOTHING;
INSERT INTO menu_option_groups (menu_id, group_id) VALUES (2937, 1668) ON CONFLICT DO NOTHING;
INSERT INTO menu_option_groups (menu_id, group_id) VALUES (2937, 1716) ON CONFLICT DO NOTHING;
INSERT INTO menu_option_groups (menu_id, group_id) VALUES (2937, 1672) ON CONFLICT DO NOTHING;
INSERT INTO menus (id, name, description, image_url, category_id) VALUES (2938, 'Chicken Gyros Big Combo ', 'Chicken gyros big, patate të skuqura, ketchup, mustardë, pije', 'https://d3u269mlo8clta.cloudfront.net/opa/ca341572-59aa-11f1-adea-f2cb67d275e0_ahr0chm6ly9zdg9yywdllmdvb2dszwfwaxmuy29tl2lrb25hlwj1y2tldc1wcm9kdwn0aw9ul2ltywdlcy82odgzm2e2mzaznmu4ztc3ntg4njbimzgvy2hpy2tlbi1nexjvcy1jb21iby02odhjodrkotczzgmxztrkyty5nwflntiuanbn.jpeg.png', 207) ON CONFLICT DO NOTHING;
INSERT INTO menu_option_groups (menu_id, group_id) VALUES (2938, 1692) ON CONFLICT DO NOTHING;
INSERT INTO menu_option_groups (menu_id, group_id) VALUES (2938, 1690) ON CONFLICT DO NOTHING;
INSERT INTO menu_option_groups (menu_id, group_id) VALUES (2938, 1758) ON CONFLICT DO NOTHING;
INSERT INTO menu_option_groups (menu_id, group_id) VALUES (2938, 1679) ON CONFLICT DO NOTHING;
INSERT INTO menu_option_groups (menu_id, group_id) VALUES (2938, 1760) ON CONFLICT DO NOTHING;
INSERT INTO menu_option_groups (menu_id, group_id) VALUES (2938, 1672) ON CONFLICT DO NOTHING;
INSERT INTO menu_option_groups (menu_id, group_id) VALUES (2938, 1668) ON CONFLICT DO NOTHING;
INSERT INTO menus (id, name, description, image_url, category_id) VALUES (2939, 'Red Roar ', 'Karrotë, panxhar, mollë, limon, xhinxher', 'https://d3u269mlo8clta.cloudfront.net/opa/4e09604a-55ec-11f1-96d9-324858f7876b_ahr0chm6ly9zdg9yywdllmdvb2dszwfwaxmuy29tl2lrb25hlwj1y2tldc1wcm9kdwn0aw9ul2ltywdlcy82odgzm2e2mzaznmu4ztc3ntg4njbimzgvv29sdf9pueelmjbszwqlmjbsb2fyjtiwyw5kjtiwsgfuz292zxitnjhhntg3mwrkmgzlnwu2mzkwnzizmdkwlnbuzw__.jpeg.png', 222) ON CONFLICT DO NOTHING;
INSERT INTO menus (id, name, description, image_url, category_id) VALUES (2940, 'Mediterranean Hummus', 'Pastë qiqrash, tahini, hudhra e pjekur në skarë & kumin', 'https://d3u269mlo8clta.cloudfront.net/opa/caabba64-59aa-11f1-adea-f2cb67d275e0_ahr0chm6ly9zdg9yywdllmdvb2dszwfwaxmuy29tl2lrb25hlwj1y2tldc1wcm9kdwn0aw9ul2ltywdlcy82odgzm2e2mzaznmu4ztc3ntg4njbimzgvtwvkaxrlcnjhbmvhbi1idw1tdxmtnjg5y2nkodywytjlmzk2ntbhywvjzjq1lmpwzw__.jpeg.png', 212) ON CONFLICT DO NOTHING;
INSERT INTO menu_option_groups (menu_id, group_id) VALUES (2940, 1668) ON CONFLICT DO NOTHING;
INSERT INTO menu_option_groups (menu_id, group_id) VALUES (2940, 1716) ON CONFLICT DO NOTHING;
INSERT INTO menus (id, name, description, image_url, category_id) VALUES (2941, 'Lipton Ice Tea Lemon 0.33', 'Lipton Ice Tea Lemon 0.33', 'https://d3u269mlo8clta.cloudfront.net/opa/d9b785d8-5770-11f1-a865-7acffcb6af02_ahr0chm6ly9zdg9yywdllmdvb2dszwfwaxmuy29tl2lrb25hlwj1y2tldc1wcm9kdwn0aw9ul2ltywdlcy82odgzm2e2mzaznmu4ztc3ntg4njbimzgvnjzlmde5mziwzta1mjq1zmriotawyjfilty4zdnky2u3ymyzn2vlmtljmgixndu3nc5wbmc_.jpeg.png', 219) ON CONFLICT DO NOTHING;
INSERT INTO menus (id, name, description, image_url, category_id) VALUES (2942, 'Selita 0.5L Natyral', 'Selita 0.5L Natyral', 'https://d3u269mlo8clta.cloudfront.net/opa/4955dda6-5c06-11f1-b78f-821f4baea331_ahr0chm6ly9zdg9yywdllmdvb2dszwfwaxmuy29tl2lrb25hlwj1y2tldc1wcm9kdwn0aw9ul2ltywdlcy82odgzm2e2mzaznmu4ztc3ntg4njbimzgvymizmgmzztatzte0zc0xmwvlltg0ndgtzdyxmje3n2q4m2i2x2rvd25sb2fkx18xxy02ogqzzdyxnmfioti2ogrkodbknjm4mwyuanbn.jpeg.png', 219) ON CONFLICT DO NOTHING;
INSERT INTO menus (id, name, description, image_url, category_id) VALUES (2943, 'Feta Cheese', 'Feta Cheese', 'https://d3u269mlo8clta.cloudfront.net/opa/9f902f44-43cb-11f1-bf87-9291eb7f5333_ahr0chm6ly9zdg9yywdllmdvb2dszwfwaxmuy29tl2lrb25hlwj1y2tldc1wcm9kdwn0aw9ul2ltywdlcy82odgzm2e2mzaznmu4ztc3ntg4njbimzgvv29sdf9pueffrmv0ysuymenozwvzzs02ogm5mzqyzmjlmgvhytczyjkyyjljytcucg5n.jpeg.png', 212) ON CONFLICT DO NOTHING;
INSERT INTO menu_option_groups (menu_id, group_id) VALUES (2943, 1668) ON CONFLICT DO NOTHING;
INSERT INTO menu_option_groups (menu_id, group_id) VALUES (2943, 1716) ON CONFLICT DO NOTHING;
INSERT INTO menus (id, name, description, image_url, category_id) VALUES (2944, 'Truffle Chicken Gyros Combo ', 'Truffle chicken gyros, patate të skuqura, pije, ketchup, mustardë', 'https://d3u269mlo8clta.cloudfront.net/opa/ca3c08cc-59aa-11f1-adea-f2cb67d275e0_ahr0chm6ly9zdg9yywdllmdvb2dszwfwaxmuy29tl2lrb25hlwj1y2tldc1wcm9kdwn0aw9ul2ltywdlcy82odgzm2e2mzaznmu4ztc3ntg4njbimzgvvhj1zmzszsuymgnvbwjvlty4ota3yjbhytvjzwy0nmvjztg2m2yxmy5wbmc_.jpeg.png', 207) ON CONFLICT DO NOTHING;
INSERT INTO menu_option_groups (menu_id, group_id) VALUES (2944, 1689) ON CONFLICT DO NOTHING;
INSERT INTO menu_option_groups (menu_id, group_id) VALUES (2944, 1661) ON CONFLICT DO NOTHING;
INSERT INTO menu_option_groups (menu_id, group_id) VALUES (2944, 1679) ON CONFLICT DO NOTHING;
INSERT INTO menu_option_groups (menu_id, group_id) VALUES (2944, 1758) ON CONFLICT DO NOTHING;
INSERT INTO menu_option_groups (menu_id, group_id) VALUES (2944, 1760) ON CONFLICT DO NOTHING;
INSERT INTO menu_option_groups (menu_id, group_id) VALUES (2944, 1672) ON CONFLICT DO NOTHING;
INSERT INTO menu_option_groups (menu_id, group_id) VALUES (2944, 1668) ON CONFLICT DO NOTHING;
INSERT INTO menus (id, name, description, image_url, category_id) VALUES (2945, 'Zeus Big Combo', 'Zeus wrap big, patate të skuqura, pije, ketchup, mustardë', 'https://d3u269mlo8clta.cloudfront.net/opa/8313370e-5ccf-11f1-83e6-4e238d7eb25d_ahr0chm6ly9zdg9yywdllmdvb2dszwfwaxmuy29tl2lrb25hlwj1y2tldc1wcm9kdwn0aw9ul2ltywdlcy82odgzm2e2mzaznmu4ztc3ntg4njbimzgvwmv1cyuymenvbwjvlty4ota3yjiyzdvmmdqxzdhhyzbhntdhoc5wbmc_.jpeg.png', 207) ON CONFLICT DO NOTHING;
INSERT INTO menu_option_groups (menu_id, group_id) VALUES (2945, 1690) ON CONFLICT DO NOTHING;
INSERT INTO menu_option_groups (menu_id, group_id) VALUES (2945, 1756) ON CONFLICT DO NOTHING;
INSERT INTO menu_option_groups (menu_id, group_id) VALUES (2945, 1679) ON CONFLICT DO NOTHING;
INSERT INTO menu_option_groups (menu_id, group_id) VALUES (2945, 1760) ON CONFLICT DO NOTHING;
INSERT INTO menu_option_groups (menu_id, group_id) VALUES (2945, 1672) ON CONFLICT DO NOTHING;
INSERT INTO menu_option_groups (menu_id, group_id) VALUES (2945, 1668) ON CONFLICT DO NOTHING;
INSERT INTO menus (id, name, description, image_url, category_id) VALUES (2946, 'Barbeque sauce', 'Barbeque sauce', 'https://d3u269mlo8clta.cloudfront.net/opa/880735d0-5ccf-11f1-9dc1-aa50e5e38a2b_ahr0chm6ly9zdg9yywdllmdvb2dszwfwaxmuy29tl2lrb25hlwj1y2tldc1wcm9kdwn0aw9ul2ltywdlcy82odgzm2e2mzaznmu4ztc3ntg4njbimzgvu3dlzxqlmjbdaglsasuynlrhcnjhz29ujtiwu2f1y2ulmjbqtfulmjaxmdawnzayny02ogm5ndfkytliowjhmwi4yjk4mmm0n2uucg5n.jpeg.png', 220) ON CONFLICT DO NOTHING;
INSERT INTO menus (id, name, description, image_url, category_id) VALUES (2947, 'Truffle Mayo', 'Truffle Mayo', 'https://d3u269mlo8clta.cloudfront.net/opa/bc8783cc-4e02-11f1-b5fe-c24319c933ee_ahr0chm6ly9zdg9yywdllmdvb2dszwfwaxmuy29tl2lrb25hlwj1y2tldc1wcm9kdwn0aw9ul2ltywdlcy82odgzm2e2mzaznmu4ztc3ntg4njbimzgvvhj1zmzszsuyme1hew8lmjbwbhulmjaxmdawnzaxnc02ogm5nda3nmuzmdfmowmwmdfhodi2ywmucg5n.jpeg.png', 220) ON CONFLICT DO NOTHING;
INSERT INTO menus (id, name, description, image_url, category_id) VALUES (2948, 'BBQ Chicken Wings (10 cope)', 'krahe pule te marinuara me salce BBQ', 'https://d3u269mlo8clta.cloudfront.net/opa/c9e75db8-59aa-11f1-99df-3e5ee5795ffd_ahr0chm6ly9zdg9yywdllmdvb2dszwfwaxmuy29tl2lrb25hlwj1y2tldc1wcm9kdwn0aw9ul2ltywdlcy82odgzm2e2mzaznmu4ztc3ntg4njbimzgvv29sdf9daglja2vujtiwv2luz3mlmjaxmi02otg0odjjntm1mdcxn2ywndmxymvmndcucg5n.jpeg.png', 208) ON CONFLICT DO NOTHING;
INSERT INTO menu_option_groups (menu_id, group_id) VALUES (2948, 1672) ON CONFLICT DO NOTHING;
INSERT INTO menu_option_groups (menu_id, group_id) VALUES (2948, 1668) ON CONFLICT DO NOTHING;
INSERT INTO menu_option_groups (menu_id, group_id) VALUES (2948, 1664) ON CONFLICT DO NOTHING;
INSERT INTO menus (id, name, description, image_url, category_id) VALUES (2949, 'Barbeque Pork Sandwich ', 'buke, sallate greek slaw, salce barbeque, mish gici i pjekur me ngadale', 'https://d3u269mlo8clta.cloudfront.net/opa/e80741a6-4ecd-11f1-a706-46801cf61cb0_ahr0chm6ly9zdg9yywdllmdvb2dszwfwaxmuy29tl2lrb25hlwj1y2tldc1wcm9kdwn0aw9ul2ltywdlcy82odgzm2e2mzaznmu4ztc3ntg4njbimzgvv29sdf9cyxjizxf1zsuymfbvcmstnmewndc0ntg1zdc0ywixymi2zjqyzwnmlnbuzw__.jpeg.png', 204) ON CONFLICT DO NOTHING;
INSERT INTO menu_option_groups (menu_id, group_id) VALUES (2949, 1760) ON CONFLICT DO NOTHING;
INSERT INTO menu_option_groups (menu_id, group_id) VALUES (2949, 1668) ON CONFLICT DO NOTHING;
INSERT INTO menu_option_groups (menu_id, group_id) VALUES (2949, 1672) ON CONFLICT DO NOTHING;
INSERT INTO menus (id, name, description, image_url, category_id) VALUES (2950, 'Apollo Big Combo', 'Apollo pita big, patate të skuqura, pije, ketchup, mustardë
', 'https://d3u269mlo8clta.cloudfront.net/opa/25d9f84a-5b3d-11f1-b7a5-5a781360214a_ahr0chm6ly9zdg9yywdllmdvb2dszwfwaxmuy29tl2lrb25hlwj1y2tldc1wcm9kdwn0aw9ul2ltywdlcy82odgzm2e2mzaznmu4ztc3ntg4njbimzgvyxbvbgxvlxbpdgety29tym8tnjg4yzg0zdk3m2rjmwu0zge2otvhztuxlmpwzw__.jpeg.png', 207) ON CONFLICT DO NOTHING;
INSERT INTO menu_option_groups (menu_id, group_id) VALUES (2950, 1684) ON CONFLICT DO NOTHING;
INSERT INTO menu_option_groups (menu_id, group_id) VALUES (2950, 1690) ON CONFLICT DO NOTHING;
INSERT INTO menu_option_groups (menu_id, group_id) VALUES (2950, 1756) ON CONFLICT DO NOTHING;
INSERT INTO menu_option_groups (menu_id, group_id) VALUES (2950, 1679) ON CONFLICT DO NOTHING;
INSERT INTO menu_option_groups (menu_id, group_id) VALUES (2950, 1760) ON CONFLICT DO NOTHING;
INSERT INTO menu_option_groups (menu_id, group_id) VALUES (2950, 1672) ON CONFLICT DO NOTHING;
INSERT INTO menu_option_groups (menu_id, group_id) VALUES (2950, 1668) ON CONFLICT DO NOTHING;
INSERT INTO menus (id, name, description, image_url, category_id) VALUES (2951, 'Halloumi Pita Big Combo', 'Pita halloumi big, patate të skuqura, pije, ketchup, mustardë', 'https://d3u269mlo8clta.cloudfront.net/opa/83007b46-5ccf-11f1-83e6-4e238d7eb25d_ahr0chm6ly9zdg9yywdllmdvb2dszwfwaxmuy29tl2lrb25hlwj1y2tldc1wcm9kdwn0aw9ul2ltywdlcy82odgzm2e2mzaznmu4ztc3ntg4njbimzgvv29sdf9pueelmjbiywxsb3vtasuymfbpdgetnjg5mdc4zjdhnwnlzjq2zwnlodyzzwzilnbuzw__.jpeg.png', 207) ON CONFLICT DO NOTHING;
INSERT INTO menu_option_groups (menu_id, group_id) VALUES (2951, 1708) ON CONFLICT DO NOTHING;
INSERT INTO menu_option_groups (menu_id, group_id) VALUES (2951, 1690) ON CONFLICT DO NOTHING;
INSERT INTO menu_option_groups (menu_id, group_id) VALUES (2951, 1756) ON CONFLICT DO NOTHING;
INSERT INTO menu_option_groups (menu_id, group_id) VALUES (2951, 1679) ON CONFLICT DO NOTHING;
INSERT INTO menu_option_groups (menu_id, group_id) VALUES (2951, 1760) ON CONFLICT DO NOTHING;
INSERT INTO menu_option_groups (menu_id, group_id) VALUES (2951, 1672) ON CONFLICT DO NOTHING;
INSERT INTO menu_option_groups (menu_id, group_id) VALUES (2951, 1668) ON CONFLICT DO NOTHING;
INSERT INTO menus (id, name, description, image_url, category_id) VALUES (2952, 'Falafel Pita Big Combo', 'Falafal pita big, patate të skuqura, pije, ketchup, mustardë', 'https://d3u269mlo8clta.cloudfront.net/opa/0dc686d2-4f95-11f1-8de9-ae2b87b01858_ahr0chm6ly9zdg9yywdllmdvb2dszwfwaxmuy29tl2lrb25hlwj1y2tldc1wcm9kdwn0aw9ul2ltywdlcy82odgzm2e2mzaznmu4ztc3ntg4njbimzgvrmfsywzltcuymenptujplty4ota3oge1zdvmmdqxzdhhyzbhntc4mi5wbmc_.jpeg.png', 207) ON CONFLICT DO NOTHING;
INSERT INTO menu_option_groups (menu_id, group_id) VALUES (2952, 1709) ON CONFLICT DO NOTHING;
INSERT INTO menu_option_groups (menu_id, group_id) VALUES (2952, 1690) ON CONFLICT DO NOTHING;
INSERT INTO menu_option_groups (menu_id, group_id) VALUES (2952, 1756) ON CONFLICT DO NOTHING;
INSERT INTO menu_option_groups (menu_id, group_id) VALUES (2952, 1679) ON CONFLICT DO NOTHING;
INSERT INTO menu_option_groups (menu_id, group_id) VALUES (2952, 1760) ON CONFLICT DO NOTHING;
INSERT INTO menu_option_groups (menu_id, group_id) VALUES (2952, 1672) ON CONFLICT DO NOTHING;
INSERT INTO menu_option_groups (menu_id, group_id) VALUES (2952, 1668) ON CONFLICT DO NOTHING;
INSERT INTO menus (id, name, description, image_url, category_id) VALUES (2953, 'BBQ Chicken Wings (6cope) Combo ', 'BBQ Chicken Wings (6cope) , fries, drink', 'https://d3u269mlo8clta.cloudfront.net/opa/83215cc6-5ccf-11f1-83e6-4e238d7eb25d_ahr0chm6ly9zdg9yywdllmdvb2dszwfwaxmuy29tl2lrb25hlwj1y2tldc1wcm9kdwn0aw9ul2ltywdlcy82odgzm2e2mzaznmu4ztc3ntg4njbimzgvv29sdf9daglja2vujtiwv2luz3mlmja0jtiwy29wzsuymgnvbwjvjtiwlty4zgq3mmy3zthjmwe4yjjhmmnjodnini5wbmc_.jpeg.png', 208) ON CONFLICT DO NOTHING;
INSERT INTO menu_option_groups (menu_id, group_id) VALUES (2953, 1718) ON CONFLICT DO NOTHING;
INSERT INTO menu_option_groups (menu_id, group_id) VALUES (2953, 1672) ON CONFLICT DO NOTHING;
INSERT INTO menu_option_groups (menu_id, group_id) VALUES (2953, 1668) ON CONFLICT DO NOTHING;
INSERT INTO menu_option_groups (menu_id, group_id) VALUES (2953, 1673) ON CONFLICT DO NOTHING;
INSERT INTO menu_option_groups (menu_id, group_id) VALUES (2953, 1724) ON CONFLICT DO NOTHING;
INSERT INTO menu_option_groups (menu_id, group_id) VALUES (2953, 1758) ON CONFLICT DO NOTHING;
INSERT INTO menu_option_groups (menu_id, group_id) VALUES (2953, 1760) ON CONFLICT DO NOTHING;
INSERT INTO menu_option_groups (menu_id, group_id) VALUES (2953, 1672) ON CONFLICT DO NOTHING;
INSERT INTO menu_option_groups (menu_id, group_id) VALUES (2953, 1668) ON CONFLICT DO NOTHING;
INSERT INTO menus (id, name, description, image_url, category_id) VALUES (2954, 'Chicken Gyros', 'Pite, gjiro pule, salcë opa majonezë, sallatë romane, patate të skuqura, paprika, domate', 'https://d3u269mlo8clta.cloudfront.net/opa/ca73639e-59aa-11f1-92b4-1ad39886056e_ahr0chm6ly9zdg9yywdllmdvb2dszwfwaxmuy29tl2lrb25hlwj1y2tldc1wcm9kdwn0aw9ul2ltywdlcy82odgzm2e2mzaznmu4ztc3ntg4njbimzgvy2hpy2tlbi1nexjvcy1waxrhlty4ogm4mmywm2zmy2i2nwy4n2nmmthios5qcgc_.jpeg.png', 213) ON CONFLICT DO NOTHING;
INSERT INTO menu_option_groups (menu_id, group_id) VALUES (2954, 1767) ON CONFLICT DO NOTHING;
INSERT INTO menu_option_groups (menu_id, group_id) VALUES (2954, 1760) ON CONFLICT DO NOTHING;
INSERT INTO menu_option_groups (menu_id, group_id) VALUES (2954, 1672) ON CONFLICT DO NOTHING;
INSERT INTO menu_option_groups (menu_id, group_id) VALUES (2954, 1668) ON CONFLICT DO NOTHING;
INSERT INTO menus (id, name, description, image_url, category_id) VALUES (2955, 'Truffle Chicken Gyros', 'Pite, gjiro pule, majonezë tartufi, qepë të kuqe, djathë parmixhano, domate, sallatë romane, bukë krokante', 'https://d3u269mlo8clta.cloudfront.net/opa/395a5304-3b05-11f1-ad24-323a3da1e175_ahr0chm6ly9zdg9yywdllmdvb2dszwfwaxmuy29tl2lrb25hlwj1y2tldc1wcm9kdwn0aw9ul2ltywdlcy82odgzm2e2mzaznmu4ztc3ntg4njbimzgvvhj1zmzszsuymenoawnrzw4lmjbhexjvcy02odkwn2myy2yymznlmzqznjrmytfjzmyucg5n.jpeg.png', 211) ON CONFLICT DO NOTHING;
INSERT INTO menu_option_groups (menu_id, group_id) VALUES (2955, 1728) ON CONFLICT DO NOTHING;
INSERT INTO menu_option_groups (menu_id, group_id) VALUES (2955, 1760) ON CONFLICT DO NOTHING;
INSERT INTO menu_option_groups (menu_id, group_id) VALUES (2955, 1672) ON CONFLICT DO NOTHING;
INSERT INTO menu_option_groups (menu_id, group_id) VALUES (2955, 1668) ON CONFLICT DO NOTHING;
INSERT INTO menus (id, name, description, image_url, category_id) VALUES (2956, 'Tirokafteri', 'Tirokafteri', 'https://d3u269mlo8clta.cloudfront.net/opa/295cfdd2-5b3d-11f1-ba7d-6621ae8bd004_ahr0chm6ly9zdg9yywdllmdvb2dszwfwaxmuy29tl2lrb25hlwj1y2tldc1wcm9kdwn0aw9ul2ltywdlcy82odgzm2e2mzaznmu4ztc3ntg4njbimzgvv29sdf9uaxjva2fmdgvyas02ogu4yzy2nzg0mwy4zwuwn2vlm2q3nmmucg5n.jpeg.png', 212) ON CONFLICT DO NOTHING;
INSERT INTO menu_option_groups (menu_id, group_id) VALUES (2956, 1668) ON CONFLICT DO NOTHING;
INSERT INTO menu_option_groups (menu_id, group_id) VALUES (2956, 1716) ON CONFLICT DO NOTHING;
INSERT INTO menus (id, name, description, image_url, category_id) VALUES (2957, 'Loukomades me Mjalte dhe Arra', 'Loukomades me Mjalte dhe Arra', 'https://d3u269mlo8clta.cloudfront.net/opa/a8766d90-5810-11f1-84b4-363dd4c82eca_ahr0chm6ly9zdg9yywdllmdvb2dszwfwaxmuy29tl2lrb25hlwj1y2tldc1wcm9kdwn0aw9ul2ltywdlcy82odgzm2e2mzaznmu4ztc3ntg4njbimzgvtg91a291bwfkzxmlmjbib25lesuymcuyniuyme51dhmtnjg5zdhhngm4zda4yjnjnzi3zjmxmzawlmpwzw__.jpeg.png', 214) ON CONFLICT DO NOTHING;
INSERT INTO menu_option_groups (menu_id, group_id) VALUES (2957, 1749) ON CONFLICT DO NOTHING;
INSERT INTO menu_option_groups (menu_id, group_id) VALUES (2957, 1668) ON CONFLICT DO NOTHING;
INSERT INTO menus (id, name, description, image_url, category_id) VALUES (2958, 'Pork Doner ', 'Buke doneri, gjiro gici , tzatziki, patate, domate, qepe te kuqe, paprika', 'https://d3u269mlo8clta.cloudfront.net/opa/250c1cb8-5b3d-11f1-9091-6275ffac7d4a_ahr0chm6ly9zdg9yywdllmdvb2dszwfwaxmuy29tl2lrb25hlwj1y2tldc1wcm9kdwn0aw9ul2ltywdlcy82odgzm2e2mzaznmu4ztc3ntg4njbimzgvv29sdf9fug9yayuymervbmvylty4zgq3mmy3zthjmwe4yjjhmmnjodnims5wbmc_.jpeg.png', 208) ON CONFLICT DO NOTHING;
INSERT INTO menu_option_groups (menu_id, group_id) VALUES (2958, 1760) ON CONFLICT DO NOTHING;
INSERT INTO menu_option_groups (menu_id, group_id) VALUES (2958, 1672) ON CONFLICT DO NOTHING;
INSERT INTO menu_option_groups (menu_id, group_id) VALUES (2958, 1668) ON CONFLICT DO NOTHING;
INSERT INTO menus (id, name, description, image_url, category_id) VALUES (2959, 'Siraca - small', 'Siraca', 'https://d3u269mlo8clta.cloudfront.net/opa/44f2f4f4-46f0-11f1-87bf-4603c4ef4e2a_ahr0chm6ly9zdg9yywdllmdvb2dszwfwaxmuy29tl2lrb25hlwj1y2tldc1wcm9kdwn0aw9ul2ltywdlcy82odgzm2e2mzaznmu4ztc3ntg4njbimzgvu2lyywnhlty4y2e2yjywotc3ztbimzkxyjhjyznhni5wbmc_.jpeg.png', 220) ON CONFLICT DO NOTHING;
INSERT INTO menus (id, name, description, image_url, category_id) VALUES (2960, 'Roast Lamb Sandwich ', 'buke, sallate, domate, qepe e kuqe, salce kosi, mustard, mish qingji i pjekur ngadale', 'https://d3u269mlo8clta.cloudfront.net/opa/24d37944-5b3d-11f1-9091-6275ffac7d4a_ahr0chm6ly9zdg9yywdllmdvb2dszwfwaxmuy29tl2lrb25hlwj1y2tldc1wcm9kdwn0aw9ul2ltywdlcy82odgzm2e2mzaznmu4ztc3ntg4njbimzgvv29sdf9sb2fzdcuymexhbwitnmewndcyyzi3ngi4mjawotmxnmqwywjilnbuzw__.jpeg.png', 204) ON CONFLICT DO NOTHING;
INSERT INTO menu_option_groups (menu_id, group_id) VALUES (2960, 1760) ON CONFLICT DO NOTHING;
INSERT INTO menu_option_groups (menu_id, group_id) VALUES (2960, 1668) ON CONFLICT DO NOTHING;
INSERT INTO menu_option_groups (menu_id, group_id) VALUES (2960, 1672) ON CONFLICT DO NOTHING;
INSERT INTO menus (id, name, description, image_url, category_id) VALUES (2961, 'Schnitzel Pita Big Combo', 'Schnitzel pite big, patate të skuqura, pije ketchup, mustardë', 'https://d3u269mlo8clta.cloudfront.net/opa/830227e8-5ccf-11f1-83e6-4e238d7eb25d_ahr0chm6ly9zdg9yywdllmdvb2dszwfwaxmuy29tl2lrb25hlwj1y2tldc1wcm9kdwn0aw9ul2ltywdlcy82odgzm2e2mzaznmu4ztc3ntg4njbimzgvu2nobml0emvsjtiwq29tym8tnjg5mddhzwy3m2rjmwu0zge2otvinzcylnbuzw__.jpeg.png', 207) ON CONFLICT DO NOTHING;
INSERT INTO menu_option_groups (menu_id, group_id) VALUES (2961, 1699) ON CONFLICT DO NOTHING;
INSERT INTO menu_option_groups (menu_id, group_id) VALUES (2961, 1690) ON CONFLICT DO NOTHING;
INSERT INTO menu_option_groups (menu_id, group_id) VALUES (2961, 1756) ON CONFLICT DO NOTHING;
INSERT INTO menu_option_groups (menu_id, group_id) VALUES (2961, 1679) ON CONFLICT DO NOTHING;
INSERT INTO menu_option_groups (menu_id, group_id) VALUES (2961, 1737) ON CONFLICT DO NOTHING;
INSERT INTO menu_option_groups (menu_id, group_id) VALUES (2961, 1674) ON CONFLICT DO NOTHING;
INSERT INTO menu_option_groups (menu_id, group_id) VALUES (2961, 1667) ON CONFLICT DO NOTHING;
INSERT INTO menus (id, name, description, image_url, category_id) VALUES (2962, 'Traditional Pita', 'Traditional Pita', 'https://d3u269mlo8clta.cloudfront.net/opa/862fbc0a-5ccf-11f1-91a3-aa50e5e38a2b_ahr0chm6ly9zdg9yywdllmdvb2dszwfwaxmuy29tl2lrb25hlwj1y2tldc1wcm9kdwn0aw9ul2ltywdlcy82odgzm2e2mzaznmu4ztc3ntg4njbimzgvcgl0zsuymgv4dhjhlty5mtqzzjjmymq2ntnlztqwntvjngfmns5wbmc_.jpeg.png', 212) ON CONFLICT DO NOTHING;
INSERT INTO menus (id, name, description, image_url, category_id) VALUES (2963, 'Gaia Combo', 'Gaia wrap, patate të skuqura, pije ketchup, mustardë', 'https://d3u269mlo8clta.cloudfront.net/opa/272a6ed2-5b3d-11f1-a0ec-ce60ff2c0b4d_ahr0chm6ly9zdg9yywdllmdvb2dszwfwaxmuy29tl2lrb25hlwj1y2tldc1wcm9kdwn0aw9ul2ltywdlcy82odgzm2e2mzaznmu4ztc3ntg4njbimzgvr2fpysuymgnvbwjvlty4ota3ognlnznkyzflngrhnjk1yjc1zi5wbmc_.jpeg.png', 207) ON CONFLICT DO NOTHING;
INSERT INTO menu_option_groups (menu_id, group_id) VALUES (2963, 1657) ON CONFLICT DO NOTHING;
INSERT INTO menu_option_groups (menu_id, group_id) VALUES (2963, 1661) ON CONFLICT DO NOTHING;
INSERT INTO menu_option_groups (menu_id, group_id) VALUES (2963, 1758) ON CONFLICT DO NOTHING;
INSERT INTO menu_option_groups (menu_id, group_id) VALUES (2963, 1679) ON CONFLICT DO NOTHING;
INSERT INTO menu_option_groups (menu_id, group_id) VALUES (2963, 1760) ON CONFLICT DO NOTHING;
INSERT INTO menu_option_groups (menu_id, group_id) VALUES (2963, 1672) ON CONFLICT DO NOTHING;
INSERT INTO menu_option_groups (menu_id, group_id) VALUES (2963, 1668) ON CONFLICT DO NOTHING;
INSERT INTO menus (id, name, description, image_url, category_id) VALUES (2964, 'Greek Caesar Salad', 'Sallatë baby romane, bukë krokante, salcë Caesar, djathë parmixhan, domate', 'https://d3u269mlo8clta.cloudfront.net/opa/2aa04e7e-5b3d-11f1-9efb-5a781360214a_ahr0chm6ly9zdg9yywdllmdvb2dszwfwaxmuy29tl2lrb25hlwj1y2tldc1wcm9kdwn0aw9ul2ltywdlcy82odgzm2e2mzaznmu4ztc3ntg4njbimzgvz3jlzwsty2flc2fylxnhbgfklty4ogm4mzm3zwniyjk5nwrhyzrjzjvmmy5qcgc_.jpeg.png', 215) ON CONFLICT DO NOTHING;
INSERT INTO menu_option_groups (menu_id, group_id) VALUES (2964, 1760) ON CONFLICT DO NOTHING;
INSERT INTO menu_option_groups (menu_id, group_id) VALUES (2964, 1755) ON CONFLICT DO NOTHING;
INSERT INTO menu_option_groups (menu_id, group_id) VALUES (2964, 1716) ON CONFLICT DO NOTHING;
INSERT INTO menu_option_groups (menu_id, group_id) VALUES (2964, 1668) ON CONFLICT DO NOTHING;
INSERT INTO menus (id, name, description, image_url, category_id) VALUES (2965, 'Minced Beef Skepasti Combo', 'Pite, qofte viçi, domate, qepë të kuqe, majonezë burgeri, salcë BBQ, paprika, patate të skuqura, kastravec turshi të bërë në shtëpi', 'https://d3u269mlo8clta.cloudfront.net/opa/2723be2a-5b3d-11f1-a0ec-ce60ff2c0b4d_ahr0chm6ly9zdg9yywdllmdvb2dszwfwaxmuy29tl2lrb25hlwj1y2tldc1wcm9kdwn0aw9ul2ltywdlcy82odgzm2e2mzaznmu4ztc3ntg4njbimzgvtwluy2vkjtiwqmvlziuymenvbwitnjg5mdc5zgzmmjmzztm0mzy0zmexy2vjlnbuzw__.jpeg.png', 207) ON CONFLICT DO NOTHING;
INSERT INTO menu_option_groups (menu_id, group_id) VALUES (2965, 1702) ON CONFLICT DO NOTHING;
INSERT INTO menu_option_groups (menu_id, group_id) VALUES (2965, 1693) ON CONFLICT DO NOTHING;
INSERT INTO menu_option_groups (menu_id, group_id) VALUES (2965, 1758) ON CONFLICT DO NOTHING;
INSERT INTO menu_option_groups (menu_id, group_id) VALUES (2965, 1679) ON CONFLICT DO NOTHING;
INSERT INTO menu_option_groups (menu_id, group_id) VALUES (2965, 1760) ON CONFLICT DO NOTHING;
INSERT INTO menu_option_groups (menu_id, group_id) VALUES (2965, 1672) ON CONFLICT DO NOTHING;
INSERT INTO menu_option_groups (menu_id, group_id) VALUES (2965, 1668) ON CONFLICT DO NOTHING;
INSERT INTO menus (id, name, description, image_url, category_id) VALUES (2966, 'Bacon Fries', 'Patate të skuqura, salcë djathi cheddar, proshutë e pjekur në skarë', 'https://d3u269mlo8clta.cloudfront.net/opa/29584576-5b3d-11f1-ba7d-6621ae8bd004_ahr0chm6ly9zdg9yywdllmdvb2dszwfwaxmuy29tl2lrb25hlwj1y2tldc1wcm9kdwn0aw9ul2ltywdlcy82odgzm2e2mzaznmu4ztc3ntg4njbimzgvqmfjb24trnjpzxmtnjg5y2nkodywytjlmzk2ntbhywvjzjqxlmpwzw__.jpeg.png', 212) ON CONFLICT DO NOTHING;
INSERT INTO menu_option_groups (menu_id, group_id) VALUES (2966, 1672) ON CONFLICT DO NOTHING;
INSERT INTO menu_option_groups (menu_id, group_id) VALUES (2966, 1668) ON CONFLICT DO NOTHING;
INSERT INTO menu_option_groups (menu_id, group_id) VALUES (2966, 1716) ON CONFLICT DO NOTHING;
INSERT INTO menus (id, name, description, image_url, category_id) VALUES (2967, 'Gaia', 'Tortilla, gjiro pule, salcë opa majonezë, sallatë romane, qepë të kuqe & domate', 'https://d3u269mlo8clta.cloudfront.net/opa/a9d27544-5810-11f1-a4cc-f27f12c3e0fa_ahr0chm6ly9zdg9yywdllmdvb2dszwfwaxmuy29tl2lrb25hlwj1y2tldc1wcm9kdwn0aw9ul2ltywdlcy82odgzm2e2mzaznmu4ztc3ntg4njbimzgvr2fpys02odljyzk2ywe1y2vmndzly2u4njy2odyuanbn.jpeg.png', 218) ON CONFLICT DO NOTHING;
INSERT INTO menu_option_groups (menu_id, group_id) VALUES (2967, 1752) ON CONFLICT DO NOTHING;
INSERT INTO menu_option_groups (menu_id, group_id) VALUES (2967, 1760) ON CONFLICT DO NOTHING;
INSERT INTO menu_option_groups (menu_id, group_id) VALUES (2967, 1672) ON CONFLICT DO NOTHING;
INSERT INTO menu_option_groups (menu_id, group_id) VALUES (2967, 1668) ON CONFLICT DO NOTHING;
INSERT INTO menus (id, name, description, image_url, category_id) VALUES (2968, 'Hangover ', 'Apple, carrot, beet, lemon', 'https://d3u269mlo8clta.cloudfront.net/opa/4e09604a-55ec-11f1-96d9-324858f7876b_ahr0chm6ly9zdg9yywdllmdvb2dszwfwaxmuy29tl2lrb25hlwj1y2tldc1wcm9kdwn0aw9ul2ltywdlcy82odgzm2e2mzaznmu4ztc3ntg4njbimzgvv29sdf9pueelmjbszwqlmjbsb2fyjtiwyw5kjtiwsgfuz292zxitnjhhntg3mwrkmgzlnwu2mzkwnzizmdkwlnbuzw__.jpeg.png', 222) ON CONFLICT DO NOTHING;
INSERT INTO menus (id, name, description, image_url, category_id) VALUES (2969, 'Gaia Big Combo', 'Gaia wrap big, patate të skuqura, pije ketchup, mustardë', 'https://d3u269mlo8clta.cloudfront.net/opa/272a6ed2-5b3d-11f1-a0ec-ce60ff2c0b4d_ahr0chm6ly9zdg9yywdllmdvb2dszwfwaxmuy29tl2lrb25hlwj1y2tldc1wcm9kdwn0aw9ul2ltywdlcy82odgzm2e2mzaznmu4ztc3ntg4njbimzgvr2fpysuymgnvbwjvlty4ota3ognlnznkyzflngrhnjk1yjc1zi5wbmc_.jpeg.png', 207) ON CONFLICT DO NOTHING;
INSERT INTO menu_option_groups (menu_id, group_id) VALUES (2969, 1690) ON CONFLICT DO NOTHING;
INSERT INTO menu_option_groups (menu_id, group_id) VALUES (2969, 1756) ON CONFLICT DO NOTHING;
INSERT INTO menu_option_groups (menu_id, group_id) VALUES (2969, 1679) ON CONFLICT DO NOTHING;
INSERT INTO menu_option_groups (menu_id, group_id) VALUES (2969, 1760) ON CONFLICT DO NOTHING;
INSERT INTO menu_option_groups (menu_id, group_id) VALUES (2969, 1672) ON CONFLICT DO NOTHING;
INSERT INTO menu_option_groups (menu_id, group_id) VALUES (2969, 1668) ON CONFLICT DO NOTHING;
INSERT INTO menus (id, name, description, image_url, category_id) VALUES (2970, 'Chicken Gyros Combo ', 'Gjiro pule, patate të skuqura, pije, ketchup, mustardë', 'https://d3u269mlo8clta.cloudfront.net/opa/ca341572-59aa-11f1-adea-f2cb67d275e0_ahr0chm6ly9zdg9yywdllmdvb2dszwfwaxmuy29tl2lrb25hlwj1y2tldc1wcm9kdwn0aw9ul2ltywdlcy82odgzm2e2mzaznmu4ztc3ntg4njbimzgvy2hpy2tlbi1nexjvcy1jb21iby02odhjodrkotczzgmxztrkyty5nwflntiuanbn.jpeg.png', 207) ON CONFLICT DO NOTHING;
INSERT INTO menu_option_groups (menu_id, group_id) VALUES (2970, 1765) ON CONFLICT DO NOTHING;
INSERT INTO menu_option_groups (menu_id, group_id) VALUES (2970, 1758) ON CONFLICT DO NOTHING;
INSERT INTO menu_option_groups (menu_id, group_id) VALUES (2970, 1661) ON CONFLICT DO NOTHING;
INSERT INTO menu_option_groups (menu_id, group_id) VALUES (2970, 1679) ON CONFLICT DO NOTHING;
INSERT INTO menu_option_groups (menu_id, group_id) VALUES (2970, 1760) ON CONFLICT DO NOTHING;
INSERT INTO menu_option_groups (menu_id, group_id) VALUES (2970, 1672) ON CONFLICT DO NOTHING;
INSERT INTO menu_option_groups (menu_id, group_id) VALUES (2970, 1668) ON CONFLICT DO NOTHING;
INSERT INTO menus (id, name, description, image_url, category_id) VALUES (2971, 'Cretan Salad ', 'domate, kaperi, vaj ulliri me hudher, djath i bardhe feta, rigon, buke krokante', 'https://d3u269mlo8clta.cloudfront.net/opa/86415e7e-5ccf-11f1-91a3-aa50e5e38a2b_ahr0chm6ly9zdg9yywdllmdvb2dszwfwaxmuy29tl2lrb25hlwj1y2tldc1wcm9kdwn0aw9ul2ltywdlcy82odgzm2e2mzaznmu4ztc3ntg4njbimzgvy3jldgfulxnhbgfklty4ogm4mmywm2zmy2i2nwy4n2nmmthiys5qcgc_.jpeg.png', 215) ON CONFLICT DO NOTHING;
INSERT INTO menu_option_groups (menu_id, group_id) VALUES (2971, 1760) ON CONFLICT DO NOTHING;
INSERT INTO menu_option_groups (menu_id, group_id) VALUES (2971, 1716) ON CONFLICT DO NOTHING;
INSERT INTO menu_option_groups (menu_id, group_id) VALUES (2971, 1668) ON CONFLICT DO NOTHING;
INSERT INTO menus (id, name, description, image_url, category_id) VALUES (2972, 'Pite Extra Large ', 'Pite Extra Large ', 'https://d3u269mlo8clta.cloudfront.net/opa/862fbc0a-5ccf-11f1-91a3-aa50e5e38a2b_ahr0chm6ly9zdg9yywdllmdvb2dszwfwaxmuy29tl2lrb25hlwj1y2tldc1wcm9kdwn0aw9ul2ltywdlcy82odgzm2e2mzaznmu4ztc3ntg4njbimzgvcgl0zsuymgv4dhjhlty5mtqzzjjmymq2ntnlztqwntvjngfmns5wbmc_.jpeg.png', 212) ON CONFLICT DO NOTHING;
INSERT INTO menus (id, name, description, image_url, category_id) VALUES (2973, 'Chicken Skepasti Sos', 'Pite, gjoks pule i marinuar, sallatë romane, lakër e bardhë, domate, salcë mustard me mjaltë, salcë bacon, majonezë burgeri, patate të skuqura, paprika', 'https://d3u269mlo8clta.cloudfront.net/opa/a82d78ba-5810-11f1-84b4-363dd4c82eca_ahr0chm6ly9zdg9yywdllmdvb2dszwfwaxmuy29tl2lrb25hlwj1y2tldc1wcm9kdwn0aw9ul2ltywdlcy82odgzm2e2mzaznmu4ztc3ntg4njbimzgvq2hpy2tlbiuymfnrzxbhc3rplty4ota3zgm3mgeyztm5njuwywflytcyyi5wbmc_.jpeg.png', 211) ON CONFLICT DO NOTHING;
INSERT INTO menu_option_groups (menu_id, group_id) VALUES (2973, 1744) ON CONFLICT DO NOTHING;
INSERT INTO menu_option_groups (menu_id, group_id) VALUES (2973, 1693) ON CONFLICT DO NOTHING;
INSERT INTO menu_option_groups (menu_id, group_id) VALUES (2973, 1760) ON CONFLICT DO NOTHING;
INSERT INTO menu_option_groups (menu_id, group_id) VALUES (2973, 1672) ON CONFLICT DO NOTHING;
INSERT INTO menu_option_groups (menu_id, group_id) VALUES (2973, 1668) ON CONFLICT DO NOTHING;
INSERT INTO menus (id, name, description, image_url, category_id) VALUES (2974, 'Minced Beef Skepasti Big Combo', 'Pite big, qofte viçi, domate, qepë të kuqe, majonezë burgeri, salcë BBQ, paprika, patate të skuqura, kastravec turshi të bërë në shtëpi', 'https://d3u269mlo8clta.cloudfront.net/opa/2723be2a-5b3d-11f1-a0ec-ce60ff2c0b4d_ahr0chm6ly9zdg9yywdllmdvb2dszwfwaxmuy29tl2lrb25hlwj1y2tldc1wcm9kdwn0aw9ul2ltywdlcy82odgzm2e2mzaznmu4ztc3ntg4njbimzgvtwluy2vkjtiwqmvlziuymenvbwitnjg5mdc5zgzmmjmzztm0mzy0zmexy2vjlnbuzw__.jpeg.png', 207) ON CONFLICT DO NOTHING;
INSERT INTO menu_option_groups (menu_id, group_id) VALUES (2974, 1711) ON CONFLICT DO NOTHING;
INSERT INTO menu_option_groups (menu_id, group_id) VALUES (2974, 1693) ON CONFLICT DO NOTHING;
INSERT INTO menu_option_groups (menu_id, group_id) VALUES (2974, 1697) ON CONFLICT DO NOTHING;
INSERT INTO menu_option_groups (menu_id, group_id) VALUES (2974, 1756) ON CONFLICT DO NOTHING;
INSERT INTO menu_option_groups (menu_id, group_id) VALUES (2974, 1679) ON CONFLICT DO NOTHING;
INSERT INTO menu_option_groups (menu_id, group_id) VALUES (2974, 1760) ON CONFLICT DO NOTHING;
INSERT INTO menu_option_groups (menu_id, group_id) VALUES (2974, 1672) ON CONFLICT DO NOTHING;
INSERT INTO menu_option_groups (menu_id, group_id) VALUES (2974, 1668) ON CONFLICT DO NOTHING;
INSERT INTO menus (id, name, description, image_url, category_id) VALUES (2975, 'BBQ Chicken Wings (6cope) Combo ', 'BBQ Chicken Wings (6cope) , fries, drink', 'https://d3u269mlo8clta.cloudfront.net/opa/83215cc6-5ccf-11f1-83e6-4e238d7eb25d_ahr0chm6ly9zdg9yywdllmdvb2dszwfwaxmuy29tl2lrb25hlwj1y2tldc1wcm9kdwn0aw9ul2ltywdlcy82odgzm2e2mzaznmu4ztc3ntg4njbimzgvv29sdf9daglja2vujtiwv2luz3mlmja0jtiwy29wzsuymgnvbwjvjtiwlty4zgq3mmy3zthjmwe4yjjhmmnjodnini5wbmc_.jpeg.png', 207) ON CONFLICT DO NOTHING;
INSERT INTO menu_option_groups (menu_id, group_id) VALUES (2975, 1718) ON CONFLICT DO NOTHING;
INSERT INTO menu_option_groups (menu_id, group_id) VALUES (2975, 1672) ON CONFLICT DO NOTHING;
INSERT INTO menu_option_groups (menu_id, group_id) VALUES (2975, 1668) ON CONFLICT DO NOTHING;
INSERT INTO menu_option_groups (menu_id, group_id) VALUES (2975, 1673) ON CONFLICT DO NOTHING;
INSERT INTO menu_option_groups (menu_id, group_id) VALUES (2975, 1724) ON CONFLICT DO NOTHING;
INSERT INTO menu_option_groups (menu_id, group_id) VALUES (2975, 1758) ON CONFLICT DO NOTHING;
INSERT INTO menu_option_groups (menu_id, group_id) VALUES (2975, 1760) ON CONFLICT DO NOTHING;
INSERT INTO menu_option_groups (menu_id, group_id) VALUES (2975, 1672) ON CONFLICT DO NOTHING;
INSERT INTO menu_option_groups (menu_id, group_id) VALUES (2975, 1668) ON CONFLICT DO NOTHING;
INSERT INTO menus (id, name, description, image_url, category_id) VALUES (2976, 'OPA Bowl ', 'Zgjidh 1 Proteine, Zgjidh Sides, dhe Zgjidh Salcen.', 'https://d3u269mlo8clta.cloudfront.net/opa/250ea302-5b3d-11f1-9091-6275ffac7d4a_ahr0chm6ly9zdg9yywdllmdvb2dszwfwaxmuy29tl2lrb25hlwj1y2tldc1wcm9kdwn0aw9ul2ltywdlcy82odgzm2e2mzaznmu4ztc3ntg4njbimzgvv29sdf9pueelmjbqb3jrjtiwr3lyb3mlmjalmjbcb3dslty4ota3zju5zjizm2uzndm2ngzhmwqymy02ogriytqwmwq2ytvjnjm1zmfkmzy1mmmucg5n.jpeg.png', 208) ON CONFLICT DO NOTHING;
INSERT INTO menu_option_groups (menu_id, group_id) VALUES (2976, 1729) ON CONFLICT DO NOTHING;
INSERT INTO menu_option_groups (menu_id, group_id) VALUES (2976, 1730) ON CONFLICT DO NOTHING;
INSERT INTO menu_option_groups (menu_id, group_id) VALUES (2976, 1763) ON CONFLICT DO NOTHING;
INSERT INTO menu_option_groups (menu_id, group_id) VALUES (2976, 1727) ON CONFLICT DO NOTHING;
INSERT INTO menus (id, name, description, image_url, category_id) VALUES (2977, 'Halloumi Pita', 'Djathë halloumi, pite, sallatë romane, domate, tzatziki, pate ulliri, speca të pjekur', 'https://d3u269mlo8clta.cloudfront.net/opa/86128fb8-5ccf-11f1-91a3-aa50e5e38a2b_ahr0chm6ly9zdg9yywdllmdvb2dszwfwaxmuy29tl2lrb25hlwj1y2tldc1wcm9kdwn0aw9ul2ltywdlcy82odgzm2e2mzaznmu4ztc3ntg4njbimzgvv29sdf9pueelmjbiywxsb3vtasuymfbpdgetnjg5mddkndazzmzjyjy1zjg3y2yymwuzlnbuzw__.jpeg.png', 211) ON CONFLICT DO NOTHING;
INSERT INTO menu_option_groups (menu_id, group_id) VALUES (2977, 1745) ON CONFLICT DO NOTHING;
INSERT INTO menu_option_groups (menu_id, group_id) VALUES (2977, 1760) ON CONFLICT DO NOTHING;
INSERT INTO menu_option_groups (menu_id, group_id) VALUES (2977, 1672) ON CONFLICT DO NOTHING;
INSERT INTO menu_option_groups (menu_id, group_id) VALUES (2977, 1668) ON CONFLICT DO NOTHING;
INSERT INTO menus (id, name, description, image_url, category_id) VALUES (2978, 'Crispy Chicken Burger ', 'Shnitzel krokant pule, bukë burgeri, djathë cheddar, sallatë, domate, majonezë burgeri', 'https://d3u269mlo8clta.cloudfront.net/opa/860db1b4-5ccf-11f1-91a3-aa50e5e38a2b_ahr0chm6ly9zdg9yywdllmdvb2dszwfwaxmuy29tl2lrb25hlwj1y2tldc1wcm9kdwn0aw9ul2ltywdlcy82odgzm2e2mzaznmu4ztc3ntg4njbimzgvv29sdf9pueelmjbdcmlzchklmjbdaglja2vulty4ota3ztkzyte2m2rkmzjjowi5nge0mi5wbmc_.jpeg.png', 211) ON CONFLICT DO NOTHING;
INSERT INTO menu_option_groups (menu_id, group_id) VALUES (2978, 1682) ON CONFLICT DO NOTHING;
INSERT INTO menu_option_groups (menu_id, group_id) VALUES (2978, 1760) ON CONFLICT DO NOTHING;
INSERT INTO menu_option_groups (menu_id, group_id) VALUES (2978, 1672) ON CONFLICT DO NOTHING;
INSERT INTO menu_option_groups (menu_id, group_id) VALUES (2978, 1668) ON CONFLICT DO NOTHING;
INSERT INTO menus (id, name, description, image_url, category_id) VALUES (2979, 'Caramel Cold Capuccino ', 'Caramel Cold Capuccino ', 'https://d3u269mlo8clta.cloudfront.net/opa/bccc5614-4e02-11f1-b5fe-c24319c933ee_ahr0chm6ly9zdg9yywdllmdvb2dszwfwaxmuy29tl2lrb25hlwj1y2tldc1wcm9kdwn0aw9ul2ltywdlcy82odgzm2e2mzaznmu4ztc3ntg4njbimzgvv29sdf9pueelmjbdb2xkjtiwq2fwchvjaglubyuymgfuzcuymgnhcmftzwwlmjbjb2xkjtiwy2fwdwnjaw5vlty4yzk0mjuwnti1nznjy2eyntg2owmyzi5wbmc_.jpeg.png', 223) ON CONFLICT DO NOTHING;
INSERT INTO menus (id, name, description, image_url, category_id) VALUES (2980, 'Schnitzel Wrap Combo ', 'schnitzel wrap, fries, drink, ketchup, mustard', 'https://d3u269mlo8clta.cloudfront.net/opa/83198c9e-5ccf-11f1-83e6-4e238d7eb25d_ahr0chm6ly9zdg9yywdllmdvb2dszwfwaxmuy29tl2lrb25hlwj1y2tldc1wcm9kdwn0aw9ul2ltywdlcy82odgzm2e2mzaznmu4ztc3ntg4njbimzgvv29sdf9fu2nobml0emvsjtiwv3jhccuymenvbwjvjtiwbm9ybwfszsuymc02ogrknzjmn2u4yzfhogiyytjjyzgzyjqucg5n.jpeg.png', 207) ON CONFLICT DO NOTHING;
INSERT INTO menu_option_groups (menu_id, group_id) VALUES (2980, 1715) ON CONFLICT DO NOTHING;
INSERT INTO menu_option_groups (menu_id, group_id) VALUES (2980, 1661) ON CONFLICT DO NOTHING;
INSERT INTO menu_option_groups (menu_id, group_id) VALUES (2980, 1758) ON CONFLICT DO NOTHING;
INSERT INTO menu_option_groups (menu_id, group_id) VALUES (2980, 1679) ON CONFLICT DO NOTHING;
INSERT INTO menu_option_groups (menu_id, group_id) VALUES (2980, 1760) ON CONFLICT DO NOTHING;
INSERT INTO menu_option_groups (menu_id, group_id) VALUES (2980, 1672) ON CONFLICT DO NOTHING;
INSERT INTO menu_option_groups (menu_id, group_id) VALUES (2980, 1668) ON CONFLICT DO NOTHING;
INSERT INTO menus (id, name, description, image_url, category_id) VALUES (2981, 'Chili Garlic Mayo', 'Chili Garlic Mayo', 'https://d3u269mlo8clta.cloudfront.net/opa/bc5e9e08-4e02-11f1-b5fe-c24319c933ee_ahr0chm6ly9zdg9yywdllmdvb2dszwfwaxmuy29tl2lrb25hlwj1y2tldc1wcm9kdwn0aw9ul2ltywdlcy82odgzm2e2mzaznmu4ztc3ntg4njbimzgvq2hpbgklmjbhyxjsawmlmjbnyxlvjtiwuexvjtiwmtawmdcwmjmtnjhjotqxngrlotdmogm4yzgwntm1owywlnbuzw__.jpeg.png', 220) ON CONFLICT DO NOTHING;
INSERT INTO menus (id, name, description, image_url, category_id) VALUES (2982, 'Fried Zucchini Balls ', 'Fried Zucchini Balls ', 'https://d3u269mlo8clta.cloudfront.net/opa/862dc15c-5ccf-11f1-91a3-aa50e5e38a2b_ahr0chm6ly9zdg9yywdllmdvb2dszwfwaxmuy29tl2lrb25hlwj1y2tldc1wcm9kdwn0aw9ul2ltywdlcy82odgzm2e2mzaznmu4ztc3ntg4njbimzgvrnjpzwqtwnvjy2hpbmktqmfsbhmtnjg5y2nkodywytjlmzk2ntbhywvjzjqzlmpwzw__.jpeg.png', 212) ON CONFLICT DO NOTHING;
INSERT INTO menu_option_groups (menu_id, group_id) VALUES (2982, 1672) ON CONFLICT DO NOTHING;
INSERT INTO menu_option_groups (menu_id, group_id) VALUES (2982, 1668) ON CONFLICT DO NOTHING;
INSERT INTO menu_option_groups (menu_id, group_id) VALUES (2982, 1716) ON CONFLICT DO NOTHING;
INSERT INTO menus (id, name, description, image_url, category_id) VALUES (2983, '4 Pork Skewers ', 'pita, 4 marinated pork skewers, tomatoes, onions, fries, tzatziki sauce, paprika, lemon', 'https://d3u269mlo8clta.cloudfront.net/opa/1b650d3a-4794-11f1-a3f4-ae21820094f9_ahr0chm6ly9zdg9yywdllmdvb2dszwfwaxmuy29tl2lrb25hlwj1y2tldc1wcm9kdwn0aw9ul2ltywdlcy82odgzm2e2mzaznmu4ztc3ntg4njbimzgvnhglmjbqb3jrjtiwu2tld2vycy02odlkodk0nwnhzgywowzmzjcxndhjzteuanbn.jpeg.png', 210) ON CONFLICT DO NOTHING;
INSERT INTO menu_option_groups (menu_id, group_id) VALUES (2983, 1732) ON CONFLICT DO NOTHING;
INSERT INTO menu_option_groups (menu_id, group_id) VALUES (2983, 1760) ON CONFLICT DO NOTHING;
INSERT INTO menu_option_groups (menu_id, group_id) VALUES (2983, 1672) ON CONFLICT DO NOTHING;
INSERT INTO menu_option_groups (menu_id, group_id) VALUES (2983, 1668) ON CONFLICT DO NOTHING;
INSERT INTO menus (id, name, description, image_url, category_id) VALUES (2984, 'Double OPA Smash Burger Combo', '2x Qofte me mish viçi, bukë burgeri, sallatë romane, salcë burgeri, kastravec turshi të shtëpisë, djathë cheddar, pije', 'https://d3u269mlo8clta.cloudfront.net/opa/830c4eda-5ccf-11f1-83e6-4e238d7eb25d_ahr0chm6ly9zdg9yywdllmdvb2dszwfwaxmuy29tl2lrb25hlwj1y2tldc1wcm9kdwn0aw9ul2ltywdlcy82odgzm2e2mzaznmu4ztc3ntg4njbimzgvv29sdf9pueelmjbtaw5nbgulmjbtbwfzacuymej1cmdlciuymenvbwjvlty4ota3yti5zjizm2uzndm2ngzhmwnlzi5wbmc_.jpeg.png', 207) ON CONFLICT DO NOTHING;
INSERT INTO menu_option_groups (menu_id, group_id) VALUES (2984, 1706) ON CONFLICT DO NOTHING;
INSERT INTO menu_option_groups (menu_id, group_id) VALUES (2984, 1661) ON CONFLICT DO NOTHING;
INSERT INTO menu_option_groups (menu_id, group_id) VALUES (2984, 1758) ON CONFLICT DO NOTHING;
INSERT INTO menu_option_groups (menu_id, group_id) VALUES (2984, 1679) ON CONFLICT DO NOTHING;
INSERT INTO menu_option_groups (menu_id, group_id) VALUES (2984, 1760) ON CONFLICT DO NOTHING;
INSERT INTO menu_option_groups (menu_id, group_id) VALUES (2984, 1672) ON CONFLICT DO NOTHING;
INSERT INTO menu_option_groups (menu_id, group_id) VALUES (2984, 1668) ON CONFLICT DO NOTHING;
INSERT INTO menus (id, name, description, image_url, category_id) VALUES (2985, 'Coca Cola 0.33 Normale ', 'Coca Cola 0.33 Normale ', 'https://d3u269mlo8clta.cloudfront.net/opa/87e71106-5ccf-11f1-9dc1-aa50e5e38a2b_ahr0chm6ly9zdg9yywdllmdvb2dszwfwaxmuy29tl2lrb25hlwj1y2tldc1wcm9kdwn0aw9ul2ltywdlcy82odgzm2e2mzaznmu4ztc3ntg4njbimzgvm2m4y2mwytytzgzlni0xmwvllthhzjytmmfmmtczogvlzwe3x2nvy2fsx2nvbgetnjhkm2rjztdizjm3zwuxowmwyje0ntzmlnbuzw__.jpeg.png', 219) ON CONFLICT DO NOTHING;
INSERT INTO menus (id, name, description, image_url, category_id) VALUES (2986, 'Junior Pita Combo', 'Tortilla, gjiro, salcë çedari, patate të skuqura, pije', 'https://d3u269mlo8clta.cloudfront.net/opa/a9cb3d1a-5810-11f1-a4cc-f27f12c3e0fa_ahr0chm6ly9zdg9yywdllmdvb2dszwfwaxmuy29tl2lrb25hlwj1y2tldc1wcm9kdwn0aw9ul2ltywdlcy82odgzm2e2mzaznmu4ztc3ntg4njbimzgvsnvuaw9yjtiwugl0ysuymenvbwjvlty4ownjyjuwmzniywnhm2niytc2mmrmny5qcgc_.jpeg.png', 217) ON CONFLICT DO NOTHING;
INSERT INTO menu_option_groups (menu_id, group_id) VALUES (2986, 1747) ON CONFLICT DO NOTHING;
INSERT INTO menu_option_groups (menu_id, group_id) VALUES (2986, 1661) ON CONFLICT DO NOTHING;
INSERT INTO menu_option_groups (menu_id, group_id) VALUES (2986, 1753) ON CONFLICT DO NOTHING;
INSERT INTO menu_option_groups (menu_id, group_id) VALUES (2986, 1716) ON CONFLICT DO NOTHING;
INSERT INTO menu_option_groups (menu_id, group_id) VALUES (2986, 1668) ON CONFLICT DO NOTHING;
INSERT INTO menus (id, name, description, image_url, category_id) VALUES (2987, 'Bacon Mayo Sauce', 'Bacon Mayo Sauce', 'https://d3u269mlo8clta.cloudfront.net/opa/88058866-5ccf-11f1-9dc1-aa50e5e38a2b_ahr0chm6ly9zdg9yywdllmdvb2dszwfwaxmuy29tl2lrb25hlwj1y2tldc1wcm9kdwn0aw9ul2ltywdlcy82odgzm2e2mzaznmu4ztc3ntg4njbimzgvqmfjb24lmjbtyxvjzsuymfbmvsuymdewmda3mda0lty4yzk0mdc2ztmwmwy5yzawmwe4mjzhys5wbmc_.jpeg.png', 220) ON CONFLICT DO NOTHING;
INSERT INTO menus (id, name, description, image_url, category_id) VALUES (2988, 'Athena Vegan Bowl 🥬', 'Oriz me perime ose patate të skuqura, greekamole, falafel, misër, sallatë greke, rrepkë, pite, lajm ', 'https://d3u269mlo8clta.cloudfront.net/opa/85ecd16a-5ccf-11f1-91a3-aa50e5e38a2b_ahr0chm6ly9zdg9yywdllmdvb2dszwfwaxmuy29tl2lrb25hlwj1y2tldc1wcm9kdwn0aw9ul2ltywdlcy82odgzm2e2mzaznmu4ztc3ntg4njbimzgvnjg2ngzlmtaxmdqxztfjngmxotk5ntc3lty4zdnky2u3ymyzn2vlmtljmgixndu4ny5wbmc_.jpeg.png', 209) ON CONFLICT DO NOTHING;
INSERT INTO menu_option_groups (menu_id, group_id) VALUES (2988, 1731) ON CONFLICT DO NOTHING;
INSERT INTO menu_option_groups (menu_id, group_id) VALUES (2988, 1760) ON CONFLICT DO NOTHING;
INSERT INTO menu_option_groups (menu_id, group_id) VALUES (2988, 1668) ON CONFLICT DO NOTHING;
INSERT INTO menu_option_groups (menu_id, group_id) VALUES (2988, 1716) ON CONFLICT DO NOTHING;
INSERT INTO menu_option_groups (menu_id, group_id) VALUES (2988, 1672) ON CONFLICT DO NOTHING;
INSERT INTO menus (id, name, description, image_url, category_id) VALUES (2989, 'Mayonnaise Bustine', 'Mayonnaise', 'https://d3u269mlo8clta.cloudfront.net/opa/88107f6e-5ccf-11f1-9dc1-aa50e5e38a2b_ahr0chm6ly9zdg9yywdllmdvb2dszwfwaxmuy29tl2lrb25hlwj1y2tldc1wcm9kdwn0aw9ul2ltywdlcy82odgzm2e2mzaznmu4ztc3ntg4njbimzgvtwf5b25uywlzzsuymej1c3rpbmulmjaxmdawnzaymi02ogm5nde0zgu5n2y4yzhjoda1mzu5zjeucg5n.jpeg.png', 220) ON CONFLICT DO NOTHING;
INSERT INTO menus (id, name, description, image_url, category_id) VALUES (2990, 'Hermes Combo', 'Hermes wrap, patate të skuqura, pije, ketchup, mustardë', 'https://d3u269mlo8clta.cloudfront.net/opa/3bb7b898-544c-11f1-ad33-2e1ca93508c8_ahr0chm6ly9zdg9yywdllmdvb2dszwfwaxmuy29tl2lrb25hlwj1y2tldc1wcm9kdwn0aw9ul2ltywdlcy82odgzm2e2mzaznmu4ztc3ntg4njbimzgvsgvybwvzjtiwq29tym8tnjg5mdc5nmmxyjg1ztjlngm4yjjmodbklnbuzw__.jpeg.png', 207) ON CONFLICT DO NOTHING;
INSERT INTO menu_option_groups (menu_id, group_id) VALUES (2990, 1717) ON CONFLICT DO NOTHING;
INSERT INTO menu_option_groups (menu_id, group_id) VALUES (2990, 1661) ON CONFLICT DO NOTHING;
INSERT INTO menu_option_groups (menu_id, group_id) VALUES (2990, 1758) ON CONFLICT DO NOTHING;
INSERT INTO menu_option_groups (menu_id, group_id) VALUES (2990, 1679) ON CONFLICT DO NOTHING;
INSERT INTO menu_option_groups (menu_id, group_id) VALUES (2990, 1760) ON CONFLICT DO NOTHING;
INSERT INTO menu_option_groups (menu_id, group_id) VALUES (2990, 1672) ON CONFLICT DO NOTHING;
INSERT INTO menu_option_groups (menu_id, group_id) VALUES (2990, 1668) ON CONFLICT DO NOTHING;
INSERT INTO menus (id, name, description, image_url, category_id) VALUES (2991, 'Ketchup Bustine', 'Ketchup Bustine', 'https://d3u269mlo8clta.cloudfront.net/opa/a714b1de-54f3-11f1-9197-6605e9b45cdd_ahr0chm6ly9zdg9yywdllmdvb2dszwfwaxmuy29tl2lrb25hlwj1y2tldc1wcm9kdwn0aw9ul2ltywdlcy82odgzm2e2mzaznmu4ztc3ntg4njbimzgvu2lyywnhjtiwu21hbgwlmjaxmdawnzaxmc02otqyodm5zwe0mtdjnjgxodkzmwi3ytuucg5n.jpeg.png', 220) ON CONFLICT DO NOTHING;
INSERT INTO menus (id, name, description, image_url, category_id) VALUES (2992, 'Falafel Pita Combo', 'Falafal pita, patate të skuqura, pije, ketchup, mustardë', 'https://d3u269mlo8clta.cloudfront.net/opa/0dc686d2-4f95-11f1-8de9-ae2b87b01858_ahr0chm6ly9zdg9yywdllmdvb2dszwfwaxmuy29tl2lrb25hlwj1y2tldc1wcm9kdwn0aw9ul2ltywdlcy82odgzm2e2mzaznmu4ztc3ntg4njbimzgvrmfsywzltcuymenptujplty4ota3oge1zdvmmdqxzdhhyzbhntc4mi5wbmc_.jpeg.png', 207) ON CONFLICT DO NOTHING;
INSERT INTO menu_option_groups (menu_id, group_id) VALUES (2992, 1683) ON CONFLICT DO NOTHING;
INSERT INTO menu_option_groups (menu_id, group_id) VALUES (2992, 1661) ON CONFLICT DO NOTHING;
INSERT INTO menu_option_groups (menu_id, group_id) VALUES (2992, 1758) ON CONFLICT DO NOTHING;
INSERT INTO menu_option_groups (menu_id, group_id) VALUES (2992, 1679) ON CONFLICT DO NOTHING;
INSERT INTO menu_option_groups (menu_id, group_id) VALUES (2992, 1760) ON CONFLICT DO NOTHING;
INSERT INTO menu_option_groups (menu_id, group_id) VALUES (2992, 1672) ON CONFLICT DO NOTHING;
INSERT INTO menu_option_groups (menu_id, group_id) VALUES (2992, 1668) ON CONFLICT DO NOTHING;
INSERT INTO menus (id, name, description, image_url, category_id) VALUES (2993, 'BBQ Chicken Wings (6 cope)', 'krahe pule te marinuara me salce BBQ', 'https://d3u269mlo8clta.cloudfront.net/opa/856be640-5ccf-11f1-91a3-aa50e5e38a2b_ahr0chm6ly9zdg9yywdllmdvb2dszwfwaxmuy29tl2lrb25hlwj1y2tldc1wcm9kdwn0aw9ul2ltywdlcy82odgzm2e2mzaznmu4ztc3ntg4njbimzgvv29sdf9daglja2vujtiwv2luz3mlmja2lty4zgq3mmy3zthjmwe4yjjhmmnjodnios5wbmc_.jpeg.png', 208) ON CONFLICT DO NOTHING;
INSERT INTO menu_option_groups (menu_id, group_id) VALUES (2993, 1672) ON CONFLICT DO NOTHING;
INSERT INTO menu_option_groups (menu_id, group_id) VALUES (2993, 1668) ON CONFLICT DO NOTHING;
INSERT INTO menu_option_groups (menu_id, group_id) VALUES (2993, 1673) ON CONFLICT DO NOTHING;
INSERT INTO menus (id, name, description, image_url, category_id) VALUES (2994, 'OPA Smash Burger ', 'Bukë burgeri, qofte viçi, djathë cheddar, kastravec turshi i bërë në shtëpi, majonezë burger, sallatë romane', 'https://d3u269mlo8clta.cloudfront.net/opa/ce8a2028-52b9-11f1-a0a8-02fc71c6f102_ahr0chm6ly9zdg9yywdllmdvb2dszwfwaxmuy29tl2lrb25hlwj1y2tldc1wcm9kdwn0aw9ul2ltywdlcy82odgzm2e2mzaznmu4ztc3ntg4njbimzgvt3bhjtiwyxbwx09qqsuymfnpbmdszsuymfntyxnolty4ota3ztm2ndm2ody3mjfhztewymvhzs5wbmc_.jpeg.png', 211) ON CONFLICT DO NOTHING;
INSERT INTO menu_option_groups (menu_id, group_id) VALUES (2994, 1734) ON CONFLICT DO NOTHING;
INSERT INTO menu_option_groups (menu_id, group_id) VALUES (2994, 1682) ON CONFLICT DO NOTHING;
INSERT INTO menu_option_groups (menu_id, group_id) VALUES (2994, 1760) ON CONFLICT DO NOTHING;
INSERT INTO menu_option_groups (menu_id, group_id) VALUES (2994, 1672) ON CONFLICT DO NOTHING;
INSERT INTO menu_option_groups (menu_id, group_id) VALUES (2994, 1668) ON CONFLICT DO NOTHING;
INSERT INTO menus (id, name, description, image_url, category_id) VALUES (2995, 'Schnitzel Pita 🌶️', 'Pite, schnitzel pule krokante, majonezë me hudhër djegës, sallatë romane, domate, patate', 'https://d3u269mlo8clta.cloudfront.net/opa/67d39f1e-5127-11f1-b8e7-ae89ebd620ac_ahr0chm6ly9zdg9yywdllmdvb2dszwfwaxmuy29tl2lrb25hlwj1y2tldc1wcm9kdwn0aw9ul2ltywdlcy82odgzm2e2mzaznmu4ztc3ntg4njbimzgvu2nobml0emvsjtiwugl0ys02odkwn2q2mmq1zja0mwq4ywmwytu3yziucg5n.jpeg.png', 211) ON CONFLICT DO NOTHING;
INSERT INTO menu_option_groups (menu_id, group_id) VALUES (2995, 1766) ON CONFLICT DO NOTHING;
INSERT INTO menu_option_groups (menu_id, group_id) VALUES (2995, 1760) ON CONFLICT DO NOTHING;
INSERT INTO menu_option_groups (menu_id, group_id) VALUES (2995, 1672) ON CONFLICT DO NOTHING;
INSERT INTO menu_option_groups (menu_id, group_id) VALUES (2995, 1668) ON CONFLICT DO NOTHING;
INSERT INTO menus (id, name, description, image_url, category_id) VALUES (2996, 'OPA Family Box ', 'chicken doner, crispy chicken burger, 4 halloumi fingers, fries, sauce, drinks👨‍👩‍👧‍👦', 'https://d3u269mlo8clta.cloudfront.net/opa/a7a2788c-5810-11f1-84b4-363dd4c82eca_ahr0chm6ly9zdg9yywdllmdvb2dszwfwaxmuy29tl2lrb25hlwj1y2tldc1wcm9kdwn0aw9ul2ltywdlcy82odgzm2e2mzaznmu4ztc3ntg4njbimzgvv29sdf9gyw1pbhklmjbcb3gtnjlizda4m2qwzddlmtewogyyodcwnjc0lnbuzw__.jpeg.png', 205) ON CONFLICT DO NOTHING;
INSERT INTO menu_option_groups (menu_id, group_id) VALUES (2996, 1676) ON CONFLICT DO NOTHING;
INSERT INTO menu_option_groups (menu_id, group_id) VALUES (2996, 1678) ON CONFLICT DO NOTHING;
INSERT INTO menu_option_groups (menu_id, group_id) VALUES (2996, 1682) ON CONFLICT DO NOTHING;
INSERT INTO menu_option_groups (menu_id, group_id) VALUES (2996, 1666) ON CONFLICT DO NOTHING;
INSERT INTO menu_option_groups (menu_id, group_id) VALUES (2996, 1680) ON CONFLICT DO NOTHING;
INSERT INTO menu_option_groups (menu_id, group_id) VALUES (2996, 1677) ON CONFLICT DO NOTHING;
INSERT INTO menu_option_groups (menu_id, group_id) VALUES (2996, 1759) ON CONFLICT DO NOTHING;
INSERT INTO menu_option_groups (menu_id, group_id) VALUES (2996, 1760) ON CONFLICT DO NOTHING;
INSERT INTO menu_option_groups (menu_id, group_id) VALUES (2996, 1668) ON CONFLICT DO NOTHING;
INSERT INTO menu_option_groups (menu_id, group_id) VALUES (2996, 1672) ON CONFLICT DO NOTHING;
INSERT INTO menus (id, name, description, image_url, category_id) VALUES (2997, 'Chicken Breast Pita Big Combo', 'Chicken breast pita big, patate, pije, ketchup, mustard

', 'https://d3u269mlo8clta.cloudfront.net/opa/271f7dba-5b3d-11f1-a0ec-ce60ff2c0b4d_ahr0chm6ly9zdg9yywdllmdvb2dszwfwaxmuy29tl2lrb25hlwj1y2tldc1wcm9kdwn0aw9ul2ltywdlcy82odgzm2e2mzaznmu4ztc3ntg4njbimzgvv29sdf9pueelmjbdaglja2vujtiwqnjlyxn0jtiwugl0ysuymenvbwjvlty4ota3otnhmgeyztm5njuwywflytcwmi5wbmc_.jpeg.png', 207) ON CONFLICT DO NOTHING;
INSERT INTO menu_option_groups (menu_id, group_id) VALUES (2997, 1688) ON CONFLICT DO NOTHING;
INSERT INTO menu_option_groups (menu_id, group_id) VALUES (2997, 1690) ON CONFLICT DO NOTHING;
INSERT INTO menu_option_groups (menu_id, group_id) VALUES (2997, 1756) ON CONFLICT DO NOTHING;
INSERT INTO menu_option_groups (menu_id, group_id) VALUES (2997, 1679) ON CONFLICT DO NOTHING;
INSERT INTO menu_option_groups (menu_id, group_id) VALUES (2997, 1760) ON CONFLICT DO NOTHING;
INSERT INTO menu_option_groups (menu_id, group_id) VALUES (2997, 1672) ON CONFLICT DO NOTHING;
INSERT INTO menu_option_groups (menu_id, group_id) VALUES (2997, 1668) ON CONFLICT DO NOTHING;
INSERT INTO menus (id, name, description, image_url, category_id) VALUES (2998, 'Pork Gyros Big Combo ', 'Pork gyros big, patate të skuqura, ketchup, mustardë, pije', 'https://d3u269mlo8clta.cloudfront.net/opa/ca3197f2-59aa-11f1-adea-f2cb67d275e0_ahr0chm6ly9zdg9yywdllmdvb2dszwfwaxmuy29tl2lrb25hlwj1y2tldc1wcm9kdwn0aw9ul2ltywdlcy82odgzm2e2mzaznmu4ztc3ntg4njbimzgvug9yayuymed5cm9zjtiwq09nqk8lmjbub3jtywxljtiwzwrozsuymgjpzy02odkwnzgwzwq1zja0mwq4ywmwytu3njeucg5n.jpeg.png', 207) ON CONFLICT DO NOTHING;
INSERT INTO menu_option_groups (menu_id, group_id) VALUES (2998, 1686) ON CONFLICT DO NOTHING;
INSERT INTO menu_option_groups (menu_id, group_id) VALUES (2998, 1705) ON CONFLICT DO NOTHING;
INSERT INTO menu_option_groups (menu_id, group_id) VALUES (2998, 1758) ON CONFLICT DO NOTHING;
INSERT INTO menu_option_groups (menu_id, group_id) VALUES (2998, 1679) ON CONFLICT DO NOTHING;
INSERT INTO menu_option_groups (menu_id, group_id) VALUES (2998, 1757) ON CONFLICT DO NOTHING;
INSERT INTO menu_option_groups (menu_id, group_id) VALUES (2998, 1674) ON CONFLICT DO NOTHING;
INSERT INTO menu_option_groups (menu_id, group_id) VALUES (2998, 1667) ON CONFLICT DO NOTHING;
INSERT INTO menus (id, name, description, image_url, category_id) VALUES (2999, 'Mean Green ', 'Mollë, kastravec, selino, spinaq, xhinxher', 'https://d3u269mlo8clta.cloudfront.net/opa/a9f3bcb8-5810-11f1-8975-e2ee85ef9b09_ahr0chm6ly9zdg9yywdllmdvb2dszwfwaxmuy29tl2lrb25hlwj1y2tldc1wcm9kdwn0aw9ul2ltywdlcy82odgzm2e2mzaznmu4ztc3ntg4njbimzgvv29sdf9pueelmjbnzwfujtiwr3jlzw4tnjhhntg3mwrkmgzlnwu2mzkwnzizmdkylnbuzw__.jpeg.png', 222) ON CONFLICT DO NOTHING;
INSERT INTO menus (id, name, description, image_url, category_id) VALUES (3000, 'Eros Big Combo', 'Eros wrap big, patate të skuqura, pije, ketchup, mustardë
', 'https://d3u269mlo8clta.cloudfront.net/opa/830f2ede-5ccf-11f1-83e6-4e238d7eb25d_ahr0chm6ly9zdg9yywdllmdvb2dszwfwaxmuy29tl2lrb25hlwj1y2tldc1wcm9kdwn0aw9ul2ltywdlcy82odgzm2e2mzaznmu4ztc3ntg4njbimzgvrxjvcyuymenvbwjvlty4ota3odc5ytvjzwy0nmvjztg2m2vmoc5wbmc_.jpeg.png', 207) ON CONFLICT DO NOTHING;
INSERT INTO menu_option_groups (menu_id, group_id) VALUES (3000, 1658) ON CONFLICT DO NOTHING;
INSERT INTO menu_option_groups (menu_id, group_id) VALUES (3000, 1690) ON CONFLICT DO NOTHING;
INSERT INTO menu_option_groups (menu_id, group_id) VALUES (3000, 1756) ON CONFLICT DO NOTHING;
INSERT INTO menu_option_groups (menu_id, group_id) VALUES (3000, 1679) ON CONFLICT DO NOTHING;
INSERT INTO menu_option_groups (menu_id, group_id) VALUES (3000, 1760) ON CONFLICT DO NOTHING;
INSERT INTO menu_option_groups (menu_id, group_id) VALUES (3000, 1672) ON CONFLICT DO NOTHING;
INSERT INTO menu_option_groups (menu_id, group_id) VALUES (3000, 1668) ON CONFLICT DO NOTHING;
INSERT INTO menus (id, name, description, image_url, category_id) VALUES (3001, 'Kebab Pita 🌯', 'Pita, tzatziki, qofte viçi, qepë të kuqe, domate, salcë BBQ, paprika', 'https://d3u269mlo8clta.cloudfront.net/opa/8632d2f0-5ccf-11f1-91a3-aa50e5e38a2b_ahr0chm6ly9zdg9yywdllmdvb2dszwfwaxmuy29tl2lrb25hlwj1y2tldc1wcm9kdwn0aw9ul2ltywdlcy82odgzm2e2mzaznmu4ztc3ntg4njbimzgvv29sdf9pueelmjblzwjhyiuymfbpdgetnjg5mddin2yxyjg1ztjlngm4yjjmodi4lnbuzw__.jpeg.png', 213) ON CONFLICT DO NOTHING;
INSERT INTO menu_option_groups (menu_id, group_id) VALUES (3001, 1746) ON CONFLICT DO NOTHING;
INSERT INTO menu_option_groups (menu_id, group_id) VALUES (3001, 1760) ON CONFLICT DO NOTHING;
INSERT INTO menu_option_groups (menu_id, group_id) VALUES (3001, 1668) ON CONFLICT DO NOTHING;
INSERT INTO menu_option_groups (menu_id, group_id) VALUES (3001, 1672) ON CONFLICT DO NOTHING;
INSERT INTO menus (id, name, description, image_url, category_id) VALUES (3002, 'Apollo Pita Combo ', 'Apollo pita, patate të skuqura, pije, ketchup, mustardë', 'https://d3u269mlo8clta.cloudfront.net/opa/25d9f84a-5b3d-11f1-b7a5-5a781360214a_ahr0chm6ly9zdg9yywdllmdvb2dszwfwaxmuy29tl2lrb25hlwj1y2tldc1wcm9kdwn0aw9ul2ltywdlcy82odgzm2e2mzaznmu4ztc3ntg4njbimzgvyxbvbgxvlxbpdgety29tym8tnjg4yzg0zdk3m2rjmwu0zge2otvhztuxlmpwzw__.jpeg.png', 207) ON CONFLICT DO NOTHING;
INSERT INTO menu_option_groups (menu_id, group_id) VALUES (3002, 1661) ON CONFLICT DO NOTHING;
INSERT INTO menu_option_groups (menu_id, group_id) VALUES (3002, 1758) ON CONFLICT DO NOTHING;
INSERT INTO menu_option_groups (menu_id, group_id) VALUES (3002, 1679) ON CONFLICT DO NOTHING;
INSERT INTO menu_option_groups (menu_id, group_id) VALUES (3002, 1760) ON CONFLICT DO NOTHING;
INSERT INTO menu_option_groups (menu_id, group_id) VALUES (3002, 1672) ON CONFLICT DO NOTHING;
INSERT INTO menu_option_groups (menu_id, group_id) VALUES (3002, 1668) ON CONFLICT DO NOTHING;
INSERT INTO menus (id, name, description, image_url, category_id) VALUES (3003, 'BBQ Chicken Wings (8 cope) Combo ', 'BBQ Chicken Wings (8 cope), fries, drink', 'https://d3u269mlo8clta.cloudfront.net/opa/831fa2be-5ccf-11f1-83e6-4e238d7eb25d_ahr0chm6ly9zdg9yywdllmdvb2dszwfwaxmuy29tl2lrb25hlwj1y2tldc1wcm9kdwn0aw9ul2ltywdlcy82odgzm2e2mzaznmu4ztc3ntg4njbimzgvv29sdf9daglja2vujtiwv2luz3mlmja2jtiwy29wzsuymgnvbwjvjtiwlty4zgq3mmy3zthjmwe4yjjhmmnjodnioc5wbmc_.jpeg.png', 208) ON CONFLICT DO NOTHING;
INSERT INTO menu_option_groups (menu_id, group_id) VALUES (3003, 1659) ON CONFLICT DO NOTHING;
INSERT INTO menu_option_groups (menu_id, group_id) VALUES (3003, 1672) ON CONFLICT DO NOTHING;
INSERT INTO menu_option_groups (menu_id, group_id) VALUES (3003, 1668) ON CONFLICT DO NOTHING;
INSERT INTO menu_option_groups (menu_id, group_id) VALUES (3003, 1671) ON CONFLICT DO NOTHING;
INSERT INTO menu_option_groups (menu_id, group_id) VALUES (3003, 1724) ON CONFLICT DO NOTHING;
INSERT INTO menu_option_groups (menu_id, group_id) VALUES (3003, 1758) ON CONFLICT DO NOTHING;
INSERT INTO menu_option_groups (menu_id, group_id) VALUES (3003, 1760) ON CONFLICT DO NOTHING;
INSERT INTO menu_option_groups (menu_id, group_id) VALUES (3003, 1672) ON CONFLICT DO NOTHING;
INSERT INTO menu_option_groups (menu_id, group_id) VALUES (3003, 1668) ON CONFLICT DO NOTHING;
INSERT INTO menus (id, name, description, image_url, category_id) VALUES (3004, 'Chicken Doner ', 'buke doneri, gjiro pule, OPA Mayo, patate, domate, sallate, paprika', 'https://d3u269mlo8clta.cloudfront.net/opa/8328ba3e-5ccf-11f1-83e6-4e238d7eb25d_ahr0chm6ly9zdg9yywdllmdvb2dszwfwaxmuy29tl2lrb25hlwj1y2tldc1wcm9kdwn0aw9ul2ltywdlcy82odgzm2e2mzaznmu4ztc3ntg4njbimzgvv29sdf9fq2hpy2tlbiuymervbmvylty4zgq3mmy3zthjmwe4yjjhmmnjodnhzi5wbmc_.jpeg.png', 208) ON CONFLICT DO NOTHING;
INSERT INTO menu_option_groups (menu_id, group_id) VALUES (3004, 1760) ON CONFLICT DO NOTHING;
INSERT INTO menu_option_groups (menu_id, group_id) VALUES (3004, 1672) ON CONFLICT DO NOTHING;
INSERT INTO menu_option_groups (menu_id, group_id) VALUES (3004, 1668) ON CONFLICT DO NOTHING;
INSERT INTO menus (id, name, description, image_url, category_id) VALUES (3005, 'Avocado Salad ', 'Sallatë baby romane, koper, salcë me mustard & mjaltë, bukë krokante, avokado', 'https://d3u269mlo8clta.cloudfront.net/opa/86429a5a-5ccf-11f1-91a3-aa50e5e38a2b_ahr0chm6ly9zdg9yywdllmdvb2dszwfwaxmuy29tl2lrb25hlwj1y2tldc1wcm9kdwn0aw9ul2ltywdlcy82odgzm2e2mzaznmu4ztc3ntg4njbimzgvv29sdf9pueelmjbbdm9jywrvjtiwu2fsywqtnjlknzyymgizzdbkztk4yjhkyjg4nmixlnbuzw__.jpeg.png', 215) ON CONFLICT DO NOTHING;
INSERT INTO menu_option_groups (menu_id, group_id) VALUES (3005, 1716) ON CONFLICT DO NOTHING;
INSERT INTO menu_option_groups (menu_id, group_id) VALUES (3005, 1760) ON CONFLICT DO NOTHING;
INSERT INTO menus (id, name, description, image_url, category_id) VALUES (3006, 'Kashkaval Chips', 'Djathë saganaq i skuqur, shoqëruar me salcë kosi', 'https://d3u269mlo8clta.cloudfront.net/opa/e57014c6-4c4e-11f1-ac1d-3222dff8c841_ahr0chm6ly9zdg9yywdllmdvb2dszwfwaxmuy29tl2lrb25hlwj1y2tldc1wcm9kdwn0aw9ul2ltywdlcy82odgzm2e2mzaznmu4ztc3ntg4njbimzgvs2fjjundjue3a2f2ywxsjtiwq2hpchmtnjg5zdg3ytk4zda4yjnjnzi3zjmxmmy2lmpwzw__.jpeg.png', 212) ON CONFLICT DO NOTHING;
INSERT INTO menu_option_groups (menu_id, group_id) VALUES (3006, 1672) ON CONFLICT DO NOTHING;
INSERT INTO menu_option_groups (menu_id, group_id) VALUES (3006, 1668) ON CONFLICT DO NOTHING;
INSERT INTO menu_option_groups (menu_id, group_id) VALUES (3006, 1716) ON CONFLICT DO NOTHING;
INSERT INTO menus (id, name, description, image_url, category_id) VALUES (3007, 'Eat Big with OPA', 'chicken gyros big, BBQ chicken wings (4cope), french fries, sauce, drink💥💥', 'https://d3u269mlo8clta.cloudfront.net/opa/82da2f40-5ccf-11f1-83e6-4e238d7eb25d_ahr0chm6ly9zdg9yywdllmdvb2dszwfwaxmuy29tl2lrb25hlwj1y2tldc1wcm9kdwn0aw9ul2ltywdlcy82odgzm2e2mzaznmu4ztc3ntg4njbimzgvv29sdf9fyxqlmjbcawctnjlizda4mzfmzwi0mjuwymm1zgq5yjaylnbuzw__.jpeg.png', 205) ON CONFLICT DO NOTHING;
INSERT INTO menu_option_groups (menu_id, group_id) VALUES (3007, 1692) ON CONFLICT DO NOTHING;
INSERT INTO menu_option_groups (menu_id, group_id) VALUES (3007, 1687) ON CONFLICT DO NOTHING;
INSERT INTO menu_option_groups (menu_id, group_id) VALUES (3007, 1691) ON CONFLICT DO NOTHING;
INSERT INTO menu_option_groups (menu_id, group_id) VALUES (3007, 1758) ON CONFLICT DO NOTHING;
INSERT INTO menu_option_groups (menu_id, group_id) VALUES (3007, 1675) ON CONFLICT DO NOTHING;
INSERT INTO menu_option_groups (menu_id, group_id) VALUES (3007, 1760) ON CONFLICT DO NOTHING;
INSERT INTO menu_option_groups (menu_id, group_id) VALUES (3007, 1668) ON CONFLICT DO NOTHING;
INSERT INTO menu_option_groups (menu_id, group_id) VALUES (3007, 1672) ON CONFLICT DO NOTHING;
INSERT INTO menus (id, name, description, image_url, category_id) VALUES (3008, 'Chicken Gyros Big DEL', 'Chicken Gyros Big ', 'https://d3u269mlo8clta.cloudfront.net/opa/ca73639e-59aa-11f1-92b4-1ad39886056e_ahr0chm6ly9zdg9yywdllmdvb2dszwfwaxmuy29tl2lrb25hlwj1y2tldc1wcm9kdwn0aw9ul2ltywdlcy82odgzm2e2mzaznmu4ztc3ntg4njbimzgvy2hpy2tlbi1nexjvcy1waxrhlty4ogm4mmywm2zmy2i2nwy4n2nmmthios5qcgc_.jpeg.png', 213) ON CONFLICT DO NOTHING;
INSERT INTO menus (id, name, description, image_url, category_id) VALUES (3009, 'Apollo Pita', 'Pite, shishqebap gici i marinuar, domate, qepë të kuqe, tirokafteri, paprika', 'https://d3u269mlo8clta.cloudfront.net/opa/3c035082-544c-11f1-ad33-2e1ca93508c8_ahr0chm6ly9zdg9yywdllmdvb2dszwfwaxmuy29tl2lrb25hlwj1y2tldc1wcm9kdwn0aw9ul2ltywdlcy82odgzm2e2mzaznmu4ztc3ntg4njbimzgvqxbvbgxvjtiwugl0ys02odkwn2m0nznmzmninjvmoddjzjixzgiucg5n.jpeg.png', 211) ON CONFLICT DO NOTHING;
INSERT INTO menu_option_groups (menu_id, group_id) VALUES (3009, 1742) ON CONFLICT DO NOTHING;
INSERT INTO menu_option_groups (menu_id, group_id) VALUES (3009, 1760) ON CONFLICT DO NOTHING;
INSERT INTO menu_option_groups (menu_id, group_id) VALUES (3009, 1672) ON CONFLICT DO NOTHING;
INSERT INTO menu_option_groups (menu_id, group_id) VALUES (3009, 1668) ON CONFLICT DO NOTHING;
INSERT INTO menus (id, name, description, image_url, category_id) VALUES (3010, 'Zeus Combo', 'Zeus wrap, patate të skuqura, pije, ketchup, mustardë', 'https://d3u269mlo8clta.cloudfront.net/opa/8313370e-5ccf-11f1-83e6-4e238d7eb25d_ahr0chm6ly9zdg9yywdllmdvb2dszwfwaxmuy29tl2lrb25hlwj1y2tldc1wcm9kdwn0aw9ul2ltywdlcy82odgzm2e2mzaznmu4ztc3ntg4njbimzgvwmv1cyuymenvbwjvlty4ota3yjiyzdvmmdqxzdhhyzbhntdhoc5wbmc_.jpeg.png', 207) ON CONFLICT DO NOTHING;
INSERT INTO menu_option_groups (menu_id, group_id) VALUES (3010, 1698) ON CONFLICT DO NOTHING;
INSERT INTO menu_option_groups (menu_id, group_id) VALUES (3010, 1661) ON CONFLICT DO NOTHING;
INSERT INTO menu_option_groups (menu_id, group_id) VALUES (3010, 1758) ON CONFLICT DO NOTHING;
INSERT INTO menu_option_groups (menu_id, group_id) VALUES (3010, 1679) ON CONFLICT DO NOTHING;
INSERT INTO menu_option_groups (menu_id, group_id) VALUES (3010, 1760) ON CONFLICT DO NOTHING;
INSERT INTO menu_option_groups (menu_id, group_id) VALUES (3010, 1672) ON CONFLICT DO NOTHING;
INSERT INTO menu_option_groups (menu_id, group_id) VALUES (3010, 1668) ON CONFLICT DO NOTHING;
INSERT INTO menus (id, name, description, image_url, category_id) VALUES (3011, 'Hermes Big Combo', 'Hermes wrap big, patate të skuqura, pije, ketchup, mustardë', 'https://d3u269mlo8clta.cloudfront.net/opa/3bb7b898-544c-11f1-ad33-2e1ca93508c8_ahr0chm6ly9zdg9yywdllmdvb2dszwfwaxmuy29tl2lrb25hlwj1y2tldc1wcm9kdwn0aw9ul2ltywdlcy82odgzm2e2mzaznmu4ztc3ntg4njbimzgvsgvybwvzjtiwq29tym8tnjg5mdc5nmmxyjg1ztjlngm4yjjmodbklnbuzw__.jpeg.png', 207) ON CONFLICT DO NOTHING;
INSERT INTO menu_option_groups (menu_id, group_id) VALUES (3011, 1704) ON CONFLICT DO NOTHING;
INSERT INTO menu_option_groups (menu_id, group_id) VALUES (3011, 1690) ON CONFLICT DO NOTHING;
INSERT INTO menu_option_groups (menu_id, group_id) VALUES (3011, 1756) ON CONFLICT DO NOTHING;
INSERT INTO menu_option_groups (menu_id, group_id) VALUES (3011, 1679) ON CONFLICT DO NOTHING;
INSERT INTO menu_option_groups (menu_id, group_id) VALUES (3011, 1760) ON CONFLICT DO NOTHING;
INSERT INTO menu_option_groups (menu_id, group_id) VALUES (3011, 1672) ON CONFLICT DO NOTHING;
INSERT INTO menu_option_groups (menu_id, group_id) VALUES (3011, 1668) ON CONFLICT DO NOTHING;
INSERT INTO menus (id, name, description, image_url, category_id) VALUES (3012, 'Hummus Small', 'Hummus', 'https://d3u269mlo8clta.cloudfront.net/opa/4deb71d4-55ec-11f1-96d9-324858f7876b_ahr0chm6ly9zdg9yywdllmdvb2dszwfwaxmuy29tl2lrb25hlwj1y2tldc1wcm9kdwn0aw9ul2ltywdlcy82odgzm2e2mzaznmu4ztc3ntg4njbimzgvshvtbxvzjtiwcgx1jtiwmtawmdcwmjutnjhjotqxngrlotdmogm4yzgwntm1owvllnbuzw__.jpeg.png', 220) ON CONFLICT DO NOTHING;
INSERT INTO menus (id, name, description, image_url, category_id) VALUES (3013, 'Schnitzel Wrap ', 'tortilla, pule e skuqur krokante, domate, sallate, salce djegese me majoneze dhe hudher, djathe cedar', 'https://d3u269mlo8clta.cloudfront.net/opa/855df288-5ccf-11f1-91a3-aa50e5e38a2b_ahr0chm6ly9zdg9yywdllmdvb2dszwfwaxmuy29tl2lrb25hlwj1y2tldc1wcm9kdwn0aw9ul2ltywdlcy82odgzm2e2mzaznmu4ztc3ntg4njbimzgvv29sdf9fu2nobml0emvsjtiwv3jhcc02ogrknzjmn2u4yzfhogiyytjjyzgzyjuucg5n.jpeg.png', 208) ON CONFLICT DO NOTHING;
INSERT INTO menu_option_groups (menu_id, group_id) VALUES (3013, 1760) ON CONFLICT DO NOTHING;
INSERT INTO menu_option_groups (menu_id, group_id) VALUES (3013, 1672) ON CONFLICT DO NOTHING;
INSERT INTO menu_option_groups (menu_id, group_id) VALUES (3013, 1668) ON CONFLICT DO NOTHING;
INSERT INTO menus (id, name, description, image_url, category_id) VALUES (3014, 'Ullinj Kallamata ', 'Ullinj Kallamata ', 'https://d3u269mlo8clta.cloudfront.net/opa/2973114e-5b3d-11f1-ba7d-6621ae8bd004_ahr0chm6ly9zdg9yywdllmdvb2dszwfwaxmuy29tl2lrb25hlwj1y2tldc1wcm9kdwn0aw9ul2ltywdlcy82odgzm2e2mzaznmu4ztc3ntg4njbimzgvv29sdf9pueffvwxsaw5qjtiwa2fsbgftyxrhlty4yzkzndu0m2vknta0odqxmju0ndq5yy5wbmc_.jpeg.png', 212) ON CONFLICT DO NOTHING;
INSERT INTO menu_option_groups (menu_id, group_id) VALUES (3014, 1716) ON CONFLICT DO NOTHING;
INSERT INTO menus (id, name, description, image_url, category_id) VALUES (3015, 'Schnitzel Wrap Big ', 'tortilla, pule e skuqur krokante, domate, sallate, salce djegese me majoneze dhe hudher, djathe cedar', 'https://d3u269mlo8clta.cloudfront.net/opa/855df288-5ccf-11f1-91a3-aa50e5e38a2b_ahr0chm6ly9zdg9yywdllmdvb2dszwfwaxmuy29tl2lrb25hlwj1y2tldc1wcm9kdwn0aw9ul2ltywdlcy82odgzm2e2mzaznmu4ztc3ntg4njbimzgvv29sdf9fu2nobml0emvsjtiwv3jhcc02ogrknzjmn2u4yzfhogiyytjjyzgzyjuucg5n.jpeg.png', 208) ON CONFLICT DO NOTHING;
INSERT INTO menu_option_groups (menu_id, group_id) VALUES (3015, 1760) ON CONFLICT DO NOTHING;
INSERT INTO menu_option_groups (menu_id, group_id) VALUES (3015, 1672) ON CONFLICT DO NOTHING;
INSERT INTO menu_option_groups (menu_id, group_id) VALUES (3015, 1668) ON CONFLICT DO NOTHING;
INSERT INTO menus (id, name, description, image_url, category_id) VALUES (3016, 'Dias Bowl', 'Oriz me perime greke ose patate të skuqura, 2 shishqebapë gici të pjekur në skarë, tzatziki, sallatë greke, qepë të kuqe, bukë pite', 'https://d3u269mlo8clta.cloudfront.net/opa/274481b4-5b3d-11f1-a0ec-ce60ff2c0b4d_ahr0chm6ly9zdg9yywdllmdvb2dszwfwaxmuy29tl2lrb25hlwj1y2tldc1wcm9kdwn0aw9ul2ltywdlcy82odgzm2e2mzaznmu4ztc3ntg4njbimzgvnjg2ngzmnwvimdfmowe3odm1mtu2ngvhlty4zdnky2u3ymyzn2vlmtljmgixndu4mi5wbmc_.jpeg.png', 209) ON CONFLICT DO NOTHING;
INSERT INTO menu_option_groups (menu_id, group_id) VALUES (3016, 1740) ON CONFLICT DO NOTHING;
INSERT INTO menu_option_groups (menu_id, group_id) VALUES (3016, 1732) ON CONFLICT DO NOTHING;
INSERT INTO menu_option_groups (menu_id, group_id) VALUES (3016, 1760) ON CONFLICT DO NOTHING;
INSERT INTO menu_option_groups (menu_id, group_id) VALUES (3016, 1668) ON CONFLICT DO NOTHING;
INSERT INTO menu_option_groups (menu_id, group_id) VALUES (3016, 1716) ON CONFLICT DO NOTHING;
INSERT INTO menu_option_groups (menu_id, group_id) VALUES (3016, 1672) ON CONFLICT DO NOTHING;
INSERT INTO menus (id, name, description, image_url, category_id) VALUES (3017, 'Fanta Ekzotik 0.33', 'Fanta Ekzotik 0.33 ', 'https://d3u269mlo8clta.cloudfront.net/opa/87e9c9aa-5ccf-11f1-9dc1-aa50e5e38a2b_ahr0chm6ly9zdg9yywdllmdvb2dszwfwaxmuy29tl2lrb25hlwj1y2tldc1wcm9kdwn0aw9ul2ltywdlcy82odgzm2e2mzaznmu4ztc3ntg4njbimzgvnjcxzjy1mde5ngjmoti2nguxzdliztvjlty4zdnky2u3ymyzn2vlmtljmgixndu3mi5wbmc_.jpeg.png', 219) ON CONFLICT DO NOTHING;
INSERT INTO menus (id, name, description, image_url, category_id) VALUES (3018, 'BBQ Chicken Wings (8 cope)', 'krahe pule te marinuara me salce BBQ', 'https://d3u269mlo8clta.cloudfront.net/opa/4bbeef3a-55ec-11f1-ae13-66eb004a3be4_ahr0chm6ly9zdg9yywdllmdvb2dszwfwaxmuy29tl2lrb25hlwj1y2tldc1wcm9kdwn0aw9ul2ltywdlcy82odgzm2e2mzaznmu4ztc3ntg4njbimzgvv29sdf9daglja2vujtiwv2luz3mlmja4lty4zgq3mmy3zthjmwe4yjjhmmnjodniyi5wbmc_.jpeg.png', 208) ON CONFLICT DO NOTHING;
INSERT INTO menu_option_groups (menu_id, group_id) VALUES (3018, 1672) ON CONFLICT DO NOTHING;
INSERT INTO menu_option_groups (menu_id, group_id) VALUES (3018, 1668) ON CONFLICT DO NOTHING;
INSERT INTO menu_option_groups (menu_id, group_id) VALUES (3018, 1671) ON CONFLICT DO NOTHING;
INSERT INTO menus (id, name, description, image_url, category_id) VALUES (3019, 'Eros Combo', 'Eros wrap, patate të skuqura, pije, ketchup, mustardë', 'https://d3u269mlo8clta.cloudfront.net/opa/830f2ede-5ccf-11f1-83e6-4e238d7eb25d_ahr0chm6ly9zdg9yywdllmdvb2dszwfwaxmuy29tl2lrb25hlwj1y2tldc1wcm9kdwn0aw9ul2ltywdlcy82odgzm2e2mzaznmu4ztc3ntg4njbimzgvrxjvcyuymenvbwjvlty4ota3odc5ytvjzwy0nmvjztg2m2vmoc5wbmc_.jpeg.png', 207) ON CONFLICT DO NOTHING;
INSERT INTO menu_option_groups (menu_id, group_id) VALUES (3019, 1721) ON CONFLICT DO NOTHING;
INSERT INTO menu_option_groups (menu_id, group_id) VALUES (3019, 1661) ON CONFLICT DO NOTHING;
INSERT INTO menu_option_groups (menu_id, group_id) VALUES (3019, 1758) ON CONFLICT DO NOTHING;
INSERT INTO menu_option_groups (menu_id, group_id) VALUES (3019, 1679) ON CONFLICT DO NOTHING;
INSERT INTO menu_option_groups (menu_id, group_id) VALUES (3019, 1760) ON CONFLICT DO NOTHING;
INSERT INTO menu_option_groups (menu_id, group_id) VALUES (3019, 1672) ON CONFLICT DO NOTHING;
INSERT INTO menu_option_groups (menu_id, group_id) VALUES (3019, 1668) ON CONFLICT DO NOTHING;
INSERT INTO menus (id, name, description, image_url, category_id) VALUES (3020, 'Tzatziki Sauce', 'Tzatziki Sauce', 'https://d3u269mlo8clta.cloudfront.net/opa/8819bfca-5ccf-11f1-9dc1-aa50e5e38a2b_ahr0chm6ly9zdg9yywdllmdvb2dszwfwaxmuy29tl2lrb25hlwj1y2tldc1wcm9kdwn0aw9ul2ltywdlcy82odgzm2e2mzaznmu4ztc3ntg4njbimzgvvhphdhppa2klmjbtyxvjzsuymfbmvsuymdewmda3mda1lty4yzk0mdc2ztmwmwy5yzawmwe4mjzhzc5wbmc_.jpeg.png', 220) ON CONFLICT DO NOTHING;
INSERT INTO menus (id, name, description, image_url, category_id) VALUES (3021, 'Pork Gyros Combo ', 'pork gyros, patate të skuqura, pije, ketchup, mustardë', 'https://d3u269mlo8clta.cloudfront.net/opa/ca3197f2-59aa-11f1-adea-f2cb67d275e0_ahr0chm6ly9zdg9yywdllmdvb2dszwfwaxmuy29tl2lrb25hlwj1y2tldc1wcm9kdwn0aw9ul2ltywdlcy82odgzm2e2mzaznmu4ztc3ntg4njbimzgvug9yayuymed5cm9zjtiwq09nqk8lmjbub3jtywxljtiwzwrozsuymgjpzy02odkwnzgwzwq1zja0mwq4ywmwytu3njeucg5n.jpeg.png', 207) ON CONFLICT DO NOTHING;
INSERT INTO menu_option_groups (menu_id, group_id) VALUES (3021, 1694) ON CONFLICT DO NOTHING;
INSERT INTO menu_option_groups (menu_id, group_id) VALUES (3021, 1661) ON CONFLICT DO NOTHING;
INSERT INTO menu_option_groups (menu_id, group_id) VALUES (3021, 1758) ON CONFLICT DO NOTHING;
INSERT INTO menu_option_groups (menu_id, group_id) VALUES (3021, 1679) ON CONFLICT DO NOTHING;
INSERT INTO menu_option_groups (menu_id, group_id) VALUES (3021, 1760) ON CONFLICT DO NOTHING;
INSERT INTO menu_option_groups (menu_id, group_id) VALUES (3021, 1672) ON CONFLICT DO NOTHING;
INSERT INTO menu_option_groups (menu_id, group_id) VALUES (3021, 1668) ON CONFLICT DO NOTHING;
INSERT INTO menus (id, name, description, image_url, category_id) VALUES (3022, 'Chicken Skepasti Bacon Sauce', 'Pite, gjoks pule i marinuar, sallatë romane, lakër e bardhë, domate, salcë mustard me mjaltë, salcë bacon, majonezë burgeri, patate të skuqura, paprika', 'https://d3u269mlo8clta.cloudfront.net/opa/a82d78ba-5810-11f1-84b4-363dd4c82eca_ahr0chm6ly9zdg9yywdllmdvb2dszwfwaxmuy29tl2lrb25hlwj1y2tldc1wcm9kdwn0aw9ul2ltywdlcy82odgzm2e2mzaznmu4ztc3ntg4njbimzgvq2hpy2tlbiuymfnrzxbhc3rplty4ota3zgm3mgeyztm5njuwywflytcyyi5wbmc_.jpeg.png', 211) ON CONFLICT DO NOTHING;
INSERT INTO menu_option_groups (menu_id, group_id) VALUES (3022, 1726) ON CONFLICT DO NOTHING;
INSERT INTO menu_option_groups (menu_id, group_id) VALUES (3022, 1693) ON CONFLICT DO NOTHING;
INSERT INTO menu_option_groups (menu_id, group_id) VALUES (3022, 1760) ON CONFLICT DO NOTHING;
INSERT INTO menu_option_groups (menu_id, group_id) VALUES (3022, 1672) ON CONFLICT DO NOTHING;
INSERT INTO menu_option_groups (menu_id, group_id) VALUES (3022, 1668) ON CONFLICT DO NOTHING;
INSERT INTO menus (id, name, description, image_url, category_id) VALUES (3023, 'Greek Fries', 'Patate të skuqura, thërrime djathi feta, rigon', 'https://d3u269mlo8clta.cloudfront.net/opa/10c1c2a2-4f95-11f1-b3a5-cacb78ccc8c2_ahr0chm6ly9zdg9yywdllmdvb2dszwfwaxmuy29tl2lrb25hlwj1y2tldc1wcm9kdwn0aw9ul2ltywdlcy82odgzm2e2mzaznmu4ztc3ntg4njbimzgvvghlludyzwvrluzyawvzlty4ownjzdg2mgeyztm5njuwywfly2y0mi5qcgc_.jpeg.png', 212) ON CONFLICT DO NOTHING;
INSERT INTO menu_option_groups (menu_id, group_id) VALUES (3023, 1672) ON CONFLICT DO NOTHING;
INSERT INTO menu_option_groups (menu_id, group_id) VALUES (3023, 1668) ON CONFLICT DO NOTHING;
INSERT INTO menu_option_groups (menu_id, group_id) VALUES (3023, 1716) ON CONFLICT DO NOTHING;
INSERT INTO menus (id, name, description, image_url, category_id) VALUES (3024, 'Eros', 'Tortilla, shishqebap gici, tzatziki, sallatë romane, qepë të kuqe & domate', 'https://d3u269mlo8clta.cloudfront.net/opa/2ab29638-5b3d-11f1-9efb-5a781360214a_ahr0chm6ly9zdg9yywdllmdvb2dszwfwaxmuy29tl2lrb25hlwj1y2tldc1wcm9kdwn0aw9ul2ltywdlcy82odgzm2e2mzaznmu4ztc3ntg4njbimzgvrxjvcy02odljyzk2ywe1y2vmndzly2u4njy2odmuanbn.jpeg.png', 218) ON CONFLICT DO NOTHING;
INSERT INTO menu_option_groups (menu_id, group_id) VALUES (3024, 1761) ON CONFLICT DO NOTHING;
INSERT INTO menu_option_groups (menu_id, group_id) VALUES (3024, 1760) ON CONFLICT DO NOTHING;
INSERT INTO menu_option_groups (menu_id, group_id) VALUES (3024, 1672) ON CONFLICT DO NOTHING;
INSERT INTO menu_option_groups (menu_id, group_id) VALUES (3024, 1668) ON CONFLICT DO NOTHING;
INSERT INTO menus (id, name, description, image_url, category_id) VALUES (3025, 'Selita 0.5l Gaz ', 'Selita 0.5l Gaz', 'https://d3u269mlo8clta.cloudfront.net/opa/2ac5a750-5b3d-11f1-8363-76680f96d918_ahr0chm6ly9zdg9yywdllmdvb2dszwfwaxmuy29tl2lrb25hlwj1y2tldc1wcm9kdwn0aw9ul2ltywdlcy82odgzm2e2mzaznmu4ztc3ntg4njbimzgvnjzlmdflnzkwzta1mjq1zmriotawymuwjtiwkdeplty4zdnlztuznwqymzkxy2m5zta3nwnjmy5qcgvn.jpeg.png', 219) ON CONFLICT DO NOTHING;
INSERT INTO menus (id, name, description, image_url, category_id) VALUES (3026, 'Schnitzel Pita Combo ', 'Schnitzel pite, patate të skuqura, pije ketchup, mustardë', 'https://d3u269mlo8clta.cloudfront.net/opa/830227e8-5ccf-11f1-83e6-4e238d7eb25d_ahr0chm6ly9zdg9yywdllmdvb2dszwfwaxmuy29tl2lrb25hlwj1y2tldc1wcm9kdwn0aw9ul2ltywdlcy82odgzm2e2mzaznmu4ztc3ntg4njbimzgvu2nobml0emvsjtiwq29tym8tnjg5mddhzwy3m2rjmwu0zge2otvinzcylnbuzw__.jpeg.png', 207) ON CONFLICT DO NOTHING;
INSERT INTO menu_option_groups (menu_id, group_id) VALUES (3026, 1764) ON CONFLICT DO NOTHING;
INSERT INTO menu_option_groups (menu_id, group_id) VALUES (3026, 1661) ON CONFLICT DO NOTHING;
INSERT INTO menu_option_groups (menu_id, group_id) VALUES (3026, 1758) ON CONFLICT DO NOTHING;
INSERT INTO menu_option_groups (menu_id, group_id) VALUES (3026, 1679) ON CONFLICT DO NOTHING;
INSERT INTO menu_option_groups (menu_id, group_id) VALUES (3026, 1760) ON CONFLICT DO NOTHING;
INSERT INTO menu_option_groups (menu_id, group_id) VALUES (3026, 1672) ON CONFLICT DO NOTHING;
INSERT INTO menu_option_groups (menu_id, group_id) VALUES (3026, 1668) ON CONFLICT DO NOTHING;
INSERT INTO menus (id, name, description, image_url, category_id) VALUES (3027, 'Barbeque Pork Sandwich Meal ', 'barbeque pork sandwich, fries, drink, sauces', 'https://d3u269mlo8clta.cloudfront.net/opa/25c0c578-5b3d-11f1-b7a5-5a781360214a_ahr0chm6ly9zdg9yywdllmdvb2dszwfwaxmuy29tl2lrb25hlwj1y2tldc1wcm9kdwn0aw9ul2ltywdlcy82odgzm2e2mzaznmu4ztc3ntg4njbimzgvv29sdf9cyxjizxf1zsuymfbvcmslmjbdb21iby02yta0nznlztg1zja0nty4ndkxzmm1y2yucg5n.jpeg.png', 204) ON CONFLICT DO NOTHING;
INSERT INTO menu_option_groups (menu_id, group_id) VALUES (3027, 1660) ON CONFLICT DO NOTHING;
INSERT INTO menu_option_groups (menu_id, group_id) VALUES (3027, 1661) ON CONFLICT DO NOTHING;
INSERT INTO menu_option_groups (menu_id, group_id) VALUES (3027, 1758) ON CONFLICT DO NOTHING;
INSERT INTO menu_option_groups (menu_id, group_id) VALUES (3027, 1679) ON CONFLICT DO NOTHING;
INSERT INTO menu_option_groups (menu_id, group_id) VALUES (3027, 1760) ON CONFLICT DO NOTHING;
INSERT INTO menu_option_groups (menu_id, group_id) VALUES (3027, 1668) ON CONFLICT DO NOTHING;
INSERT INTO menu_option_groups (menu_id, group_id) VALUES (3027, 1672) ON CONFLICT DO NOTHING;
INSERT INTO menus (id, name, description, image_url, category_id) VALUES (3028, 'Pork Gyros', 'Pite, gjiro gici, tzatziki, domate, qepë e kuqe, patate të skuqura, paprika', 'https://d3u269mlo8clta.cloudfront.net/opa/86383d44-5ccf-11f1-91a3-aa50e5e38a2b_ahr0chm6ly9zdg9yywdllmdvb2dszwfwaxmuy29tl2lrb25hlwj1y2tldc1wcm9kdwn0aw9ul2ltywdlcy82odgzm2e2mzaznmu4ztc3ntg4njbimzgvcg9yay1nexjvcy1waxrhlty4ogm4mmywm2zmy2i2nwy4n2nmmthiyy5qcgc_.jpeg.png', 213) ON CONFLICT DO NOTHING;
INSERT INTO menu_option_groups (menu_id, group_id) VALUES (3028, 1748) ON CONFLICT DO NOTHING;
INSERT INTO menu_option_groups (menu_id, group_id) VALUES (3028, 1760) ON CONFLICT DO NOTHING;
INSERT INTO menu_option_groups (menu_id, group_id) VALUES (3028, 1672) ON CONFLICT DO NOTHING;
INSERT INTO menu_option_groups (menu_id, group_id) VALUES (3028, 1668) ON CONFLICT DO NOTHING;
INSERT INTO menus (id, name, description, image_url, category_id) VALUES (3029, 'Truffle Chicken Gyros Big Combo', 'Truffle chicken gyros big, patate të skuqura, pije, ketchup, mustardë', 'https://d3u269mlo8clta.cloudfront.net/opa/ca3c08cc-59aa-11f1-adea-f2cb67d275e0_ahr0chm6ly9zdg9yywdllmdvb2dszwfwaxmuy29tl2lrb25hlwj1y2tldc1wcm9kdwn0aw9ul2ltywdlcy82odgzm2e2mzaznmu4ztc3ntg4njbimzgvvhj1zmzszsuymgnvbwjvlty4ota3yjbhytvjzwy0nmvjztg2m2yxmy5wbmc_.jpeg.png', 207) ON CONFLICT DO NOTHING;
INSERT INTO menu_option_groups (menu_id, group_id) VALUES (3029, 1707) ON CONFLICT DO NOTHING;
INSERT INTO menu_option_groups (menu_id, group_id) VALUES (3029, 1690) ON CONFLICT DO NOTHING;
INSERT INTO menu_option_groups (menu_id, group_id) VALUES (3029, 1756) ON CONFLICT DO NOTHING;
INSERT INTO menu_option_groups (menu_id, group_id) VALUES (3029, 1679) ON CONFLICT DO NOTHING;
INSERT INTO menu_option_groups (menu_id, group_id) VALUES (3029, 1760) ON CONFLICT DO NOTHING;
INSERT INTO menu_option_groups (menu_id, group_id) VALUES (3029, 1672) ON CONFLICT DO NOTHING;
INSERT INTO menu_option_groups (menu_id, group_id) VALUES (3029, 1668) ON CONFLICT DO NOTHING;
INSERT INTO menus (id, name, description, image_url, category_id) VALUES (3030, 'Lemon Soda 0.33', 'Lemon Soda 0.33', 'https://d3u269mlo8clta.cloudfront.net/opa/87f6c1dc-5ccf-11f1-9dc1-aa50e5e38a2b_ahr0chm6ly9zdg9yywdllmdvb2dszwfwaxmuy29tl2lrb25hlwj1y2tldc1wcm9kdwn0aw9ul2ltywdlcy82odgzm2e2mzaznmu4ztc3ntg4njbimzgvnjzlmde5yjk1mgzjnwu2nzg5zwe4mtnjlty4zdnky2u3ymyzn2vlmtljmgixndu3ni5qcgvn.jpeg.png', 219) ON CONFLICT DO NOTHING;
INSERT INTO menus (id, name, description, image_url, category_id) VALUES (3031, 'Power Combo', 'chicken gyros, crispy chicken burger, fries, sauce, drinks 🔥🚀', 'https://d3u269mlo8clta.cloudfront.net/opa/939608ca-542a-11f1-b96e-929cbda32991_ahr0chm6ly9zdg9yywdllmdvb2dszwfwaxmuy29tl2lrb25hlwj1y2tldc1wcm9kdwn0aw9ul2ltywdlcy82odgzm2e2mzaznmu4ztc3ntg4njbimzgvv29sdf9qb3dlciuymenvbwjvlty5zjq2zme0ntk1yjnmytc1ywu0n2u3zc5wbmc_.jpeg.png', 205) ON CONFLICT DO NOTHING;
INSERT INTO menu_option_groups (menu_id, group_id) VALUES (3031, 1765) ON CONFLICT DO NOTHING;
INSERT INTO menu_option_groups (menu_id, group_id) VALUES (3031, 1695) ON CONFLICT DO NOTHING;
INSERT INTO menu_option_groups (menu_id, group_id) VALUES (3031, 1670) ON CONFLICT DO NOTHING;
INSERT INTO menu_option_groups (menu_id, group_id) VALUES (3031, 1677) ON CONFLICT DO NOTHING;
INSERT INTO menu_option_groups (menu_id, group_id) VALUES (3031, 1759) ON CONFLICT DO NOTHING;
INSERT INTO menus (id, name, description, image_url, category_id) VALUES (3032, 'Pork Skewers 1 cope ', 'Pork Skewers 1 cope ', 'https://d3u269mlo8clta.cloudfront.net/opa/de9a2194-5105-11f1-ae25-d25ea4edeca5_ahr0chm6ly9zdg9yywdllmdvb2dszwfwaxmuy29tl2lrb25hlwj1y2tldc1wcm9kdwn0aw9ul2ltywdlcy82odgzm2e2mzaznmu4ztc3ntg4njbimzgvug9yayuymfnrzxdlcnmtnjg5y2mxnzqzm2jhy2ezy2jhnzyyzdzmlmpwzw__.jpeg.png', 216) ON CONFLICT DO NOTHING;
INSERT INTO menu_option_groups (menu_id, group_id) VALUES (3032, 1760) ON CONFLICT DO NOTHING;
INSERT INTO menu_option_groups (menu_id, group_id) VALUES (3032, 1672) ON CONFLICT DO NOTHING;
INSERT INTO menu_option_groups (menu_id, group_id) VALUES (3032, 1668) ON CONFLICT DO NOTHING;
INSERT INTO menu_option_groups (menu_id, group_id) VALUES (3032, 1716) ON CONFLICT DO NOTHING;
INSERT INTO menus (id, name, description, image_url, category_id) VALUES (3033, 'Mustarde - bustine', 'Mustarde', 'https://d3u269mlo8clta.cloudfront.net/opa/cebb2b26-59aa-11f1-93ad-96266858967f_ahr0chm6ly9zdg9yywdllmdvb2dszwfwaxmuy29tl2lrb25hlwj1y2tldc1wcm9kdwn0aw9ul2ltywdlcy82odgzm2e2mzaznmu4ztc3ntg4njbimzgvtxvzdgfyzcuymej1c3rpbmulmjaxmdawnzaxmy02ogm5nde0zgu5n2y4yzhjoda1mzu5zjiucg5n.jpeg.png', 220) ON CONFLICT DO NOTHING;
INSERT INTO menus (id, name, description, image_url, category_id) VALUES (3034, 'Pork Gyros Bowl', 'Oriz me perime ose patate, gjiro  gici, salcë tzatziki, sallatë greke, pita, paprika', 'https://d3u269mlo8clta.cloudfront.net/opa/ca3322b6-59aa-11f1-92b4-1ad39886056e_ahr0chm6ly9zdg9yywdllmdvb2dszwfwaxmuy29tl2lrb25hlwj1y2tldc1wcm9kdwn0aw9ul2ltywdlcy82odgzm2e2mzaznmu4ztc3ntg4njbimzgvv29sdf9pueelmjbqb3jrjtiwr3lyb3mlmjalmjbcb3dslty4ota3zju5zjizm2uzndm2ngzhmwqymy5wbmc_.jpeg.png', 209) ON CONFLICT DO NOTHING;
INSERT INTO menu_option_groups (menu_id, group_id) VALUES (3034, 1738) ON CONFLICT DO NOTHING;
INSERT INTO menu_option_groups (menu_id, group_id) VALUES (3034, 1760) ON CONFLICT DO NOTHING;
INSERT INTO menu_option_groups (menu_id, group_id) VALUES (3034, 1668) ON CONFLICT DO NOTHING;
INSERT INTO menu_option_groups (menu_id, group_id) VALUES (3034, 1716) ON CONFLICT DO NOTHING;
INSERT INTO menu_option_groups (menu_id, group_id) VALUES (3034, 1672) ON CONFLICT DO NOTHING;
INSERT INTO menus (id, name, description, image_url, category_id) VALUES (3035, 'Chicken Skewers 1 cope DEL', 'Chicken Skewers 1 cope', 'https://d3u269mlo8clta.cloudfront.net/opa/a88b36bc-5810-11f1-84b4-363dd4c82eca_ahr0chm6ly9zdg9yywdllmdvb2dszwfwaxmuy29tl2lrb25hlwj1y2tldc1wcm9kdwn0aw9ul2ltywdlcy82odgzm2e2mzaznmu4ztc3ntg4njbimzgvq2hpy2tlbiuymfnrzxdlcnmtnjg5y2mxnzqzm2jhy2ezy2jhnzyyzdzllmpwzw__.jpeg.png', 216) ON CONFLICT DO NOTHING;
INSERT INTO menu_option_groups (menu_id, group_id) VALUES (3035, 1760) ON CONFLICT DO NOTHING;
INSERT INTO menu_option_groups (menu_id, group_id) VALUES (3035, 1716) ON CONFLICT DO NOTHING;
INSERT INTO menu_option_groups (menu_id, group_id) VALUES (3035, 1672) ON CONFLICT DO NOTHING;
INSERT INTO menu_option_groups (menu_id, group_id) VALUES (3035, 1668) ON CONFLICT DO NOTHING;
INSERT INTO menus (id, name, description, image_url, category_id) VALUES (3036, 'Homemade Pickled Cucumber', 'Homemade Pickled Cucumber', 'https://d3u269mlo8clta.cloudfront.net/opa/ceb46048-59aa-11f1-93ad-96266858967f_ahr0chm6ly9zdg9yywdllmdvb2dszwfwaxmuy29tl2lrb25hlwj1y2tldc1wcm9kdwn0aw9ul2ltywdlcy82odgzm2e2mzaznmu4ztc3ntg4njbimzgvsg9tzw1hzgulmjbqawnrbgulmjbddwn1bwjlciuymfbmvsuymdewmda3mdi0lty4y2e2yjm4njk4nznhowfkmta2zty4zi5wbmc_.jpeg.png', 220) ON CONFLICT DO NOTHING;
INSERT INTO menus (id, name, description, image_url, category_id) VALUES (3037, 'Leonidas Bowl', 'Oriz me perime greke ose patate të skuqura, 2 shishqebap pule të marinuar me salcë djegës të ëmbël dhe tarragon, sallatë greke, salcë tzatziki, bukë pite', 'https://d3u269mlo8clta.cloudfront.net/opa/85f098a4-5ccf-11f1-91a3-aa50e5e38a2b_ahr0chm6ly9zdg9yywdllmdvb2dszwfwaxmuy29tl2lrb25hlwj1y2tldc1wcm9kdwn0aw9ul2ltywdlcy82odgzm2e2mzaznmu4ztc3ntg4njbimzgvnjg2ntawowjimdfmowe3odm1mtu2ntvmlty4zdnkztq1yziyngq5mmfin2zlndyxys5wbmc_.jpeg.png', 209) ON CONFLICT DO NOTHING;
INSERT INTO menu_option_groups (menu_id, group_id) VALUES (3037, 1713) ON CONFLICT DO NOTHING;
INSERT INTO menu_option_groups (menu_id, group_id) VALUES (3037, 1722) ON CONFLICT DO NOTHING;
INSERT INTO menu_option_groups (menu_id, group_id) VALUES (3037, 1760) ON CONFLICT DO NOTHING;
INSERT INTO menu_option_groups (menu_id, group_id) VALUES (3037, 1668) ON CONFLICT DO NOTHING;
INSERT INTO menu_option_groups (menu_id, group_id) VALUES (3037, 1716) ON CONFLICT DO NOTHING;
INSERT INTO menu_option_groups (menu_id, group_id) VALUES (3037, 1672) ON CONFLICT DO NOTHING;
INSERT INTO menus (id, name, description, image_url, category_id) VALUES (3038, 'Tirokafteri - small', 'Tirokafteri', 'https://d3u269mlo8clta.cloudfront.net/opa/88172396-5ccf-11f1-9dc1-aa50e5e38a2b_ahr0chm6ly9zdg9yywdllmdvb2dszwfwaxmuy29tl2lrb25hlwj1y2tldc1wcm9kdwn0aw9ul2ltywdlcy82odgzm2e2mzaznmu4ztc3ntg4njbimzgvvglyb2thznrlcmktms02ogm5ndfmmtnhmjg5ndnlmwflmja5mjeucg5n.jpeg.png', 220) ON CONFLICT DO NOTHING;
INSERT INTO menus (id, name, description, image_url, category_id) VALUES (3039, 'Crinkle Truffle Fries ', 'Crinkle fries, truffle mayo, parmigiano', 'https://d3u269mlo8clta.cloudfront.net/opa/f6f863c0-55bc-11f1-9f6c-6e54898b6448_ahr0chm6ly9zdg9yywdllmdvb2dszwfwaxmuy29tl2lrb25hlwj1y2tldc1wcm9kdwn0aw9ul2ltywdlcy82odgzm2e2mzaznmu4ztc3ntg4njbimzgvq3jpbmtszsuymfrydwzmbgulmjbgcmllcy02odljy2q4nzbhmmuzoty1mgfhzwnmndkuanbn.jpeg.png', 212) ON CONFLICT DO NOTHING;
INSERT INTO menu_option_groups (menu_id, group_id) VALUES (3039, 1672) ON CONFLICT DO NOTHING;
INSERT INTO menu_option_groups (menu_id, group_id) VALUES (3039, 1668) ON CONFLICT DO NOTHING;
INSERT INTO menu_option_groups (menu_id, group_id) VALUES (3039, 1716) ON CONFLICT DO NOTHING;
INSERT INTO menus (id, name, description, image_url, category_id) VALUES (3040, 'Pork Skepasti Big Combo', 'Skepasti gici big, patate të skuqura, pije, ketchup, mustardë', 'https://d3u269mlo8clta.cloudfront.net/opa/830960f8-5ccf-11f1-83e6-4e238d7eb25d_ahr0chm6ly9zdg9yywdllmdvb2dszwfwaxmuy29tl2lrb25hlwj1y2tldc1wcm9kdwn0aw9ul2ltywdlcy82odgzm2e2mzaznmu4ztc3ntg4njbimzgvug9yayuymfnrzxbhc3rpjtiwq29tym8tnjg5mddhywnknwywndfkogfjmge1n2exlnbuzw__.jpeg.png', 207) ON CONFLICT DO NOTHING;
INSERT INTO menu_option_groups (menu_id, group_id) VALUES (3040, 1710) ON CONFLICT DO NOTHING;
INSERT INTO menu_option_groups (menu_id, group_id) VALUES (3040, 1693) ON CONFLICT DO NOTHING;
INSERT INTO menu_option_groups (menu_id, group_id) VALUES (3040, 1756) ON CONFLICT DO NOTHING;
INSERT INTO menu_option_groups (menu_id, group_id) VALUES (3040, 1679) ON CONFLICT DO NOTHING;
INSERT INTO menu_option_groups (menu_id, group_id) VALUES (3040, 1697) ON CONFLICT DO NOTHING;
INSERT INTO menu_option_groups (menu_id, group_id) VALUES (3040, 1760) ON CONFLICT DO NOTHING;
INSERT INTO menu_option_groups (menu_id, group_id) VALUES (3040, 1672) ON CONFLICT DO NOTHING;
INSERT INTO menu_option_groups (menu_id, group_id) VALUES (3040, 1668) ON CONFLICT DO NOTHING;
INSERT INTO menus (id, name, description, image_url, category_id) VALUES (3041, 'Zeus', 'Tortilla, gjiro gici, tzatziki, sallatë romane, qepë të kuqe & domate', 'https://d3u269mlo8clta.cloudfront.net/opa/865094f2-5ccf-11f1-91a3-aa50e5e38a2b_ahr0chm6ly9zdg9yywdllmdvb2dszwfwaxmuy29tl2lrb25hlwj1y2tldc1wcm9kdwn0aw9ul2ltywdlcy82odgzm2e2mzaznmu4ztc3ntg4njbimzgvwmv1cy02odljyzk2ywe1y2vmndzly2u4njy2oduuanbn.jpeg.png', 218) ON CONFLICT DO NOTHING;
INSERT INTO menu_option_groups (menu_id, group_id) VALUES (3041, 1736) ON CONFLICT DO NOTHING;
INSERT INTO menu_option_groups (menu_id, group_id) VALUES (3041, 1760) ON CONFLICT DO NOTHING;
INSERT INTO menu_option_groups (menu_id, group_id) VALUES (3041, 1672) ON CONFLICT DO NOTHING;
INSERT INTO menu_option_groups (menu_id, group_id) VALUES (3041, 1668) ON CONFLICT DO NOTHING;
INSERT INTO menus (id, name, description, image_url, category_id) VALUES (3042, 'Yougurt Sauce ', 'Yougurt Sauce ', 'https://d3u269mlo8clta.cloudfront.net/opa/881afe26-5ccf-11f1-9dc1-aa50e5e38a2b_ahr0chm6ly9zdg9yywdllmdvb2dszwfwaxmuy29tl2lrb25hlwj1y2tldc1wcm9kdwn0aw9ul2ltywdlcy82odgzm2e2mzaznmu4ztc3ntg4njbimzgvww91z3vydcuymfnhdwnljtiwuexvjtiwmtawmdcwmditnjhjotqwnzzlmzaxzjljmdaxytgynmfllnbuzw__.jpeg.png', 220) ON CONFLICT DO NOTHING;
INSERT INTO menus (id, name, description, image_url, category_id) VALUES (3043, 'OPA Mayo', 'OPA Mayo', 'https://d3u269mlo8clta.cloudfront.net/opa/2af548fc-5b3d-11f1-b255-66762f591619_ahr0chm6ly9zdg9yywdllmdvb2dszwfwaxmuy29tl2lrb25hlwj1y2tldc1wcm9kdwn0aw9ul2ltywdlcy82odgzm2e2mzaznmu4ztc3ntg4njbimzgvt1bbjtiwtwf5byuymfbmvsuymdewmda3mda5lty4yzk0mwjhm2vknta0odqxmju0ndrlzs5wbmc_.jpeg.png', 220) ON CONFLICT DO NOTHING;
INSERT INTO menus (id, name, description, image_url, category_id) VALUES (3044, 'Halloumi chips', 'Djathi halloumi i servirur me salcë jogurti', 'https://d3u269mlo8clta.cloudfront.net/opa/861a4b72-5ccf-11f1-91a3-aa50e5e38a2b_ahr0chm6ly9zdg9yywdllmdvb2dszwfwaxmuy29tl2lrb25hlwj1y2tldc1wcm9kdwn0aw9ul2ltywdlcy82odgzm2e2mzaznmu4ztc3ntg4njbimzgvsgfsbg91bwklmjbdaglwcy02odljy2q4nzbhmmuzoty1mgfhzwnmndcuanbn.jpeg.png', 212) ON CONFLICT DO NOTHING;
INSERT INTO menu_option_groups (menu_id, group_id) VALUES (3044, 1672) ON CONFLICT DO NOTHING;
INSERT INTO menu_option_groups (menu_id, group_id) VALUES (3044, 1668) ON CONFLICT DO NOTHING;
INSERT INTO menu_option_groups (menu_id, group_id) VALUES (3044, 1716) ON CONFLICT DO NOTHING;
INSERT INTO menus (id, name, description, image_url, category_id) VALUES (3045, '4 Chicken Skewers ', 'pita, 4 marinated chicken skewers, tomatoes, lettuce, OPA Mayo, fries, paprika, lemon', 'https://d3u269mlo8clta.cloudfront.net/opa/292c19f6-5b3d-11f1-ba7d-6621ae8bd004_ahr0chm6ly9zdg9yywdllmdvb2dszwfwaxmuy29tl2lrb25hlwj1y2tldc1wcm9kdwn0aw9ul2ltywdlcy82odgzm2e2mzaznmu4ztc3ntg4njbimzgvnhglmjbdaglja2vujtiwu2tld2vycy02odlkodk0nwnhzgywowzmzjcxndhjztauanbn.jpeg.png', 210) ON CONFLICT DO NOTHING;
INSERT INTO menu_option_groups (menu_id, group_id) VALUES (3045, 1722) ON CONFLICT DO NOTHING;
INSERT INTO menu_option_groups (menu_id, group_id) VALUES (3045, 1760) ON CONFLICT DO NOTHING;
INSERT INTO menu_option_groups (menu_id, group_id) VALUES (3045, 1672) ON CONFLICT DO NOTHING;
INSERT INTO menu_option_groups (menu_id, group_id) VALUES (3045, 1668) ON CONFLICT DO NOTHING;
INSERT INTO menus (id, name, description, image_url, category_id) VALUES (3046, 'Pork Skepasti Combo ', 'Skepasti gici, patate të skuqura, pije, ketchup, mustardë', 'https://d3u269mlo8clta.cloudfront.net/opa/830960f8-5ccf-11f1-83e6-4e238d7eb25d_ahr0chm6ly9zdg9yywdllmdvb2dszwfwaxmuy29tl2lrb25hlwj1y2tldc1wcm9kdwn0aw9ul2ltywdlcy82odgzm2e2mzaznmu4ztc3ntg4njbimzgvug9yayuymfnrzxbhc3rpjtiwq29tym8tnjg5mddhywnknwywndfkogfjmge1n2exlnbuzw__.jpeg.png', 207) ON CONFLICT DO NOTHING;
INSERT INTO menu_option_groups (menu_id, group_id) VALUES (3046, 1701) ON CONFLICT DO NOTHING;
INSERT INTO menu_option_groups (menu_id, group_id) VALUES (3046, 1693) ON CONFLICT DO NOTHING;
INSERT INTO menu_option_groups (menu_id, group_id) VALUES (3046, 1758) ON CONFLICT DO NOTHING;
INSERT INTO menu_option_groups (menu_id, group_id) VALUES (3046, 1679) ON CONFLICT DO NOTHING;
INSERT INTO menu_option_groups (menu_id, group_id) VALUES (3046, 1760) ON CONFLICT DO NOTHING;
INSERT INTO menu_option_groups (menu_id, group_id) VALUES (3046, 1672) ON CONFLICT DO NOTHING;
INSERT INTO menu_option_groups (menu_id, group_id) VALUES (3046, 1668) ON CONFLICT DO NOTHING;
INSERT INTO menus (id, name, description, image_url, category_id) VALUES (3047, 'OPA Smash Burger Combo', 'Opa smash burger, patate të skuqura, pije, ketchup, mustardë', 'https://d3u269mlo8clta.cloudfront.net/opa/830c4eda-5ccf-11f1-83e6-4e238d7eb25d_ahr0chm6ly9zdg9yywdllmdvb2dszwfwaxmuy29tl2lrb25hlwj1y2tldc1wcm9kdwn0aw9ul2ltywdlcy82odgzm2e2mzaznmu4ztc3ntg4njbimzgvv29sdf9pueelmjbtaw5nbgulmjbtbwfzacuymej1cmdlciuymenvbwjvlty4ota3yti5zjizm2uzndm2ngzhmwnlzi5wbmc_.jpeg.png', 207) ON CONFLICT DO NOTHING;
INSERT INTO menu_option_groups (menu_id, group_id) VALUES (3047, 1696) ON CONFLICT DO NOTHING;
INSERT INTO menu_option_groups (menu_id, group_id) VALUES (3047, 1661) ON CONFLICT DO NOTHING;
INSERT INTO menu_option_groups (menu_id, group_id) VALUES (3047, 1758) ON CONFLICT DO NOTHING;
INSERT INTO menu_option_groups (menu_id, group_id) VALUES (3047, 1679) ON CONFLICT DO NOTHING;
INSERT INTO menu_option_groups (menu_id, group_id) VALUES (3047, 1760) ON CONFLICT DO NOTHING;
INSERT INTO menu_option_groups (menu_id, group_id) VALUES (3047, 1672) ON CONFLICT DO NOTHING;
INSERT INTO menu_option_groups (menu_id, group_id) VALUES (3047, 1668) ON CONFLICT DO NOTHING;
INSERT INTO menus (id, name, description, image_url, category_id) VALUES (3048, 'Minced Beef Skepasti', 'Pite, qofte viçi, domate, qepë të kuqe, majonezë burgeri, salcë BBQ, paprika, patate të skuqura, kastravec turshi të bërë në shtëpi', 'https://d3u269mlo8clta.cloudfront.net/opa/860a4d80-5ccf-11f1-91a3-aa50e5e38a2b_ahr0chm6ly9zdg9yywdllmdvb2dszwfwaxmuy29tl2lrb25hlwj1y2tldc1wcm9kdwn0aw9ul2ltywdlcy82odgzm2e2mzaznmu4ztc3ntg4njbimzgvtwluy2vkjtiwqmvlziuymfnrzxbhc3rplty4ota3zta0zwniyjk5nwrhyzrjzmy4oc5wbmc_.jpeg.png', 211) ON CONFLICT DO NOTHING;
INSERT INTO menu_option_groups (menu_id, group_id) VALUES (3048, 1663) ON CONFLICT DO NOTHING;
INSERT INTO menu_option_groups (menu_id, group_id) VALUES (3048, 1693) ON CONFLICT DO NOTHING;
INSERT INTO menu_option_groups (menu_id, group_id) VALUES (3048, 1760) ON CONFLICT DO NOTHING;
INSERT INTO menu_option_groups (menu_id, group_id) VALUES (3048, 1672) ON CONFLICT DO NOTHING;
INSERT INTO menu_option_groups (menu_id, group_id) VALUES (3048, 1668) ON CONFLICT DO NOTHING;
INSERT INTO menus (id, name, description, image_url, category_id) VALUES (3049, 'Junior Tortilla Combo', 'Tortilla, gjiro, djathë çedar, patate të skuqura, pije', 'https://d3u269mlo8clta.cloudfront.net/opa/8647c2b4-5ccf-11f1-91a3-aa50e5e38a2b_ahr0chm6ly9zdg9yywdllmdvb2dszwfwaxmuy29tl2lrb25hlwj1y2tldc1wcm9kdwn0aw9ul2ltywdlcy82odgzm2e2mzaznmu4ztc3ntg4njbimzgvsnvuaw9yjtiwvg9ydglsbgelmjbdb21iby02odljy2i1mdmzymfjytnjyme3njjkzjyuanbn.jpeg.png', 217) ON CONFLICT DO NOTHING;
INSERT INTO menu_option_groups (menu_id, group_id) VALUES (3049, 1754) ON CONFLICT DO NOTHING;
INSERT INTO menu_option_groups (menu_id, group_id) VALUES (3049, 1661) ON CONFLICT DO NOTHING;
INSERT INTO menu_option_groups (menu_id, group_id) VALUES (3049, 1753) ON CONFLICT DO NOTHING;
INSERT INTO menu_option_groups (menu_id, group_id) VALUES (3049, 1716) ON CONFLICT DO NOTHING;
INSERT INTO menu_option_groups (menu_id, group_id) VALUES (3049, 1668) ON CONFLICT DO NOTHING;
INSERT INTO menus (id, name, description, image_url, category_id) VALUES (3050, 'Gjiro e Hapur', 'Gjiro e hapur pule ose gici(zgjidh preferencen e mishit)', 'https://d3u269mlo8clta.cloudfront.net/opa/8639abde-5ccf-11f1-91a3-aa50e5e38a2b_ahr0chm6ly9zdg9yywdllmdvb2dszwfwaxmuy29tl2lrb25hlwj1y2tldc1wcm9kdwn0aw9ul2ltywdlcy82odgzm2e2mzaznmu4ztc3ntg4njbimzgvq0hjq0tftiuyme9qru4lmjbhwvjplty4ota3ymmxywm4mzi4mgmwyti3zjfhys5qcgc_.jpeg.png', 213) ON CONFLICT DO NOTHING;
INSERT INTO menu_option_groups (menu_id, group_id) VALUES (3050, 1662) ON CONFLICT DO NOTHING;
INSERT INTO menu_option_groups (menu_id, group_id) VALUES (3050, 1760) ON CONFLICT DO NOTHING;
INSERT INTO menu_option_groups (menu_id, group_id) VALUES (3050, 1672) ON CONFLICT DO NOTHING;
INSERT INTO menu_option_groups (menu_id, group_id) VALUES (3050, 1716) ON CONFLICT DO NOTHING;
INSERT INTO menu_option_groups (menu_id, group_id) VALUES (3050, 1668) ON CONFLICT DO NOTHING;
INSERT INTO menus (id, name, description, image_url, category_id) VALUES (3051, 'Schnitzel Wrap Big Combo ', 'schnitzel wrap big, fries, drink, ketchup, mustard', 'https://d3u269mlo8clta.cloudfront.net/opa/831d654e-5ccf-11f1-83e6-4e238d7eb25d_ahr0chm6ly9zdg9yywdllmdvb2dszwfwaxmuy29tl2lrb25hlwj1y2tldc1wcm9kdwn0aw9ul2ltywdlcy82odgzm2e2mzaznmu4ztc3ntg4njbimzgvv29sdf9fu2nobml0emvsjtiwv3jhccuymgjpzyuymgnvbwjvjtiwlty4zgq3mmy3zthjmwe4yjjhmmnjodnimy5wbmc_.jpeg.png', 207) ON CONFLICT DO NOTHING;
INSERT INTO menu_option_groups (menu_id, group_id) VALUES (3051, 1719) ON CONFLICT DO NOTHING;
INSERT INTO menu_option_groups (menu_id, group_id) VALUES (3051, 1724) ON CONFLICT DO NOTHING;
INSERT INTO menu_option_groups (menu_id, group_id) VALUES (3051, 1762) ON CONFLICT DO NOTHING;
INSERT INTO menu_option_groups (menu_id, group_id) VALUES (3051, 1679) ON CONFLICT DO NOTHING;
INSERT INTO menu_option_groups (menu_id, group_id) VALUES (3051, 1760) ON CONFLICT DO NOTHING;
INSERT INTO menu_option_groups (menu_id, group_id) VALUES (3051, 1672) ON CONFLICT DO NOTHING;
INSERT INTO menu_option_groups (menu_id, group_id) VALUES (3051, 1668) ON CONFLICT DO NOTHING;
INSERT INTO menus (id, name, description, image_url, category_id) VALUES (3052, 'Pork Doner Combo ', 'pork doner, fries, ketchup, mustard, drink', 'https://d3u269mlo8clta.cloudfront.net/opa/4a34775e-5383-11f1-b246-76de16ae3890_ahr0chm6ly9zdg9yywdllmdvb2dszwfwaxmuy29tl2lrb25hlwj1y2tldc1wcm9kdwn0aw9ul2ltywdlcy82odgzm2e2mzaznmu4ztc3ntg4njbimzgvv29sdf9fug9yayuymervbmvyjtiwy29tym8tnjhkzdcyzjdlogmxythimmeyy2m4m2iwlnbuzw__.jpeg.png', 208) ON CONFLICT DO NOTHING;
INSERT INTO menu_option_groups (menu_id, group_id) VALUES (3052, 1714) ON CONFLICT DO NOTHING;
INSERT INTO menu_option_groups (menu_id, group_id) VALUES (3052, 1661) ON CONFLICT DO NOTHING;
INSERT INTO menu_option_groups (menu_id, group_id) VALUES (3052, 1758) ON CONFLICT DO NOTHING;
INSERT INTO menu_option_groups (menu_id, group_id) VALUES (3052, 1679) ON CONFLICT DO NOTHING;
INSERT INTO menu_option_groups (menu_id, group_id) VALUES (3052, 1760) ON CONFLICT DO NOTHING;
INSERT INTO menu_option_groups (menu_id, group_id) VALUES (3052, 1672) ON CONFLICT DO NOTHING;
INSERT INTO menu_option_groups (menu_id, group_id) VALUES (3052, 1668) ON CONFLICT DO NOTHING;
INSERT INTO menus (id, name, description, image_url, category_id) VALUES (3053, 'Chicken Breast Pita Combo ', 'Chicken breast pita, patate, pije, ketchup, mustard', 'https://d3u269mlo8clta.cloudfront.net/opa/271f7dba-5b3d-11f1-a0ec-ce60ff2c0b4d_ahr0chm6ly9zdg9yywdllmdvb2dszwfwaxmuy29tl2lrb25hlwj1y2tldc1wcm9kdwn0aw9ul2ltywdlcy82odgzm2e2mzaznmu4ztc3ntg4njbimzgvv29sdf9pueelmjbdaglja2vujtiwqnjlyxn0jtiwugl0ysuymenvbwjvlty4ota3otnhmgeyztm5njuwywflytcwmi5wbmc_.jpeg.png', 207) ON CONFLICT DO NOTHING;
INSERT INTO menu_option_groups (menu_id, group_id) VALUES (3053, 1758) ON CONFLICT DO NOTHING;
INSERT INTO menu_option_groups (menu_id, group_id) VALUES (3053, 1661) ON CONFLICT DO NOTHING;
INSERT INTO menu_option_groups (menu_id, group_id) VALUES (3053, 1679) ON CONFLICT DO NOTHING;
INSERT INTO menu_option_groups (menu_id, group_id) VALUES (3053, 1760) ON CONFLICT DO NOTHING;
INSERT INTO menu_option_groups (menu_id, group_id) VALUES (3053, 1672) ON CONFLICT DO NOTHING;
INSERT INTO menu_option_groups (menu_id, group_id) VALUES (3053, 1668) ON CONFLICT DO NOTHING;
INSERT INTO menus (id, name, description, image_url, category_id) VALUES (3054, 'Halloumi Pita Combo', 'Pita halloumi, patate të skuqura, pije, ketchup, mustardë', 'https://d3u269mlo8clta.cloudfront.net/opa/83007b46-5ccf-11f1-83e6-4e238d7eb25d_ahr0chm6ly9zdg9yywdllmdvb2dszwfwaxmuy29tl2lrb25hlwj1y2tldc1wcm9kdwn0aw9ul2ltywdlcy82odgzm2e2mzaznmu4ztc3ntg4njbimzgvv29sdf9pueelmjbiywxsb3vtasuymfbpdgetnjg5mdc4zjdhnwnlzjq2zwnlodyzzwzilnbuzw__.jpeg.png', 207) ON CONFLICT DO NOTHING;
INSERT INTO menu_option_groups (menu_id, group_id) VALUES (3054, 1685) ON CONFLICT DO NOTHING;
INSERT INTO menu_option_groups (menu_id, group_id) VALUES (3054, 1661) ON CONFLICT DO NOTHING;
INSERT INTO menu_option_groups (menu_id, group_id) VALUES (3054, 1758) ON CONFLICT DO NOTHING;
INSERT INTO menu_option_groups (menu_id, group_id) VALUES (3054, 1679) ON CONFLICT DO NOTHING;
INSERT INTO menu_option_groups (menu_id, group_id) VALUES (3054, 1760) ON CONFLICT DO NOTHING;
INSERT INTO menu_option_groups (menu_id, group_id) VALUES (3054, 1672) ON CONFLICT DO NOTHING;
INSERT INTO menu_option_groups (menu_id, group_id) VALUES (3054, 1668) ON CONFLICT DO NOTHING;

-- ASSIGN BRANCH MENU ITEMS --
INSERT INTO branch_menu_items (id, branch_id, menu_id, price, is_highlighted, is_available) VALUES (3318, 41, 2377, 350, false, true) ON CONFLICT DO NOTHING;
INSERT INTO branch_menu_items (id, branch_id, menu_id, price, is_highlighted, is_available) VALUES (3319, 41, 2378, 730, false, true) ON CONFLICT DO NOTHING;
INSERT INTO branch_menu_items (id, branch_id, menu_id, price, is_highlighted, is_available) VALUES (3320, 41, 2379, 50, false, true) ON CONFLICT DO NOTHING;
INSERT INTO branch_menu_items (id, branch_id, menu_id, price, is_highlighted, is_available) VALUES (3321, 41, 2380, 590, false, true) ON CONFLICT DO NOTHING;
INSERT INTO branch_menu_items (id, branch_id, menu_id, price, is_highlighted, is_available) VALUES (3322, 41, 2381, 560, false, true) ON CONFLICT DO NOTHING;
INSERT INTO branch_menu_items (id, branch_id, menu_id, price, is_highlighted, is_available) VALUES (3323, 41, 2382, 1290, false, true) ON CONFLICT DO NOTHING;
INSERT INTO branch_menu_items (id, branch_id, menu_id, price, is_highlighted, is_available) VALUES (3324, 41, 2383, 50, false, true) ON CONFLICT DO NOTHING;
INSERT INTO branch_menu_items (id, branch_id, menu_id, price, is_highlighted, is_available) VALUES (3325, 41, 2384, 390, false, true) ON CONFLICT DO NOTHING;
INSERT INTO branch_menu_items (id, branch_id, menu_id, price, is_highlighted, is_available) VALUES (3326, 41, 2385, 350, false, true) ON CONFLICT DO NOTHING;
INSERT INTO branch_menu_items (id, branch_id, menu_id, price, is_highlighted, is_available) VALUES (3327, 41, 2386, 550, false, true) ON CONFLICT DO NOTHING;
INSERT INTO branch_menu_items (id, branch_id, menu_id, price, is_highlighted, is_available) VALUES (3328, 41, 2387, 750, false, true) ON CONFLICT DO NOTHING;
INSERT INTO branch_menu_items (id, branch_id, menu_id, price, is_highlighted, is_available) VALUES (3329, 41, 2388, 120, false, true) ON CONFLICT DO NOTHING;
INSERT INTO branch_menu_items (id, branch_id, menu_id, price, is_highlighted, is_available) VALUES (3330, 41, 2389, 180, false, true) ON CONFLICT DO NOTHING;
INSERT INTO branch_menu_items (id, branch_id, menu_id, price, is_highlighted, is_available) VALUES (3331, 41, 2390, 980, false, true) ON CONFLICT DO NOTHING;
INSERT INTO branch_menu_items (id, branch_id, menu_id, price, is_highlighted, is_available) VALUES (3332, 41, 2391, 180, false, true) ON CONFLICT DO NOTHING;
INSERT INTO branch_menu_items (id, branch_id, menu_id, price, is_highlighted, is_available) VALUES (3333, 41, 2392, 790, false, true) ON CONFLICT DO NOTHING;
INSERT INTO branch_menu_items (id, branch_id, menu_id, price, is_highlighted, is_available) VALUES (3334, 41, 2393, 300, false, true) ON CONFLICT DO NOTHING;
INSERT INTO branch_menu_items (id, branch_id, menu_id, price, is_highlighted, is_available) VALUES (3335, 41, 2394, 650, false, true) ON CONFLICT DO NOTHING;
INSERT INTO branch_menu_items (id, branch_id, menu_id, price, is_highlighted, is_available) VALUES (3336, 41, 2395, 590, false, true) ON CONFLICT DO NOTHING;
INSERT INTO branch_menu_items (id, branch_id, menu_id, price, is_highlighted, is_available) VALUES (3337, 41, 2396, 570, false, true) ON CONFLICT DO NOTHING;
INSERT INTO branch_menu_items (id, branch_id, menu_id, price, is_highlighted, is_available) VALUES (3338, 41, 2397, 600, false, true) ON CONFLICT DO NOTHING;
INSERT INTO branch_menu_items (id, branch_id, menu_id, price, is_highlighted, is_available) VALUES (3339, 41, 2398, 50, false, true) ON CONFLICT DO NOTHING;
INSERT INTO branch_menu_items (id, branch_id, menu_id, price, is_highlighted, is_available) VALUES (3340, 41, 2399, 750, false, true) ON CONFLICT DO NOTHING;
INSERT INTO branch_menu_items (id, branch_id, menu_id, price, is_highlighted, is_available) VALUES (3341, 41, 2400, 180, false, true) ON CONFLICT DO NOTHING;
INSERT INTO branch_menu_items (id, branch_id, menu_id, price, is_highlighted, is_available) VALUES (3342, 41, 2401, 420, false, true) ON CONFLICT DO NOTHING;
INSERT INTO branch_menu_items (id, branch_id, menu_id, price, is_highlighted, is_available) VALUES (3343, 41, 2402, 350, false, true) ON CONFLICT DO NOTHING;
INSERT INTO branch_menu_items (id, branch_id, menu_id, price, is_highlighted, is_available) VALUES (3344, 41, 2403, 180, false, true) ON CONFLICT DO NOTHING;
INSERT INTO branch_menu_items (id, branch_id, menu_id, price, is_highlighted, is_available) VALUES (3345, 41, 2404, 330, false, true) ON CONFLICT DO NOTHING;
INSERT INTO branch_menu_items (id, branch_id, menu_id, price, is_highlighted, is_available) VALUES (3346, 41, 2405, 790, false, true) ON CONFLICT DO NOTHING;
INSERT INTO branch_menu_items (id, branch_id, menu_id, price, is_highlighted, is_available) VALUES (3347, 41, 2406, 320, false, true) ON CONFLICT DO NOTHING;
INSERT INTO branch_menu_items (id, branch_id, menu_id, price, is_highlighted, is_available) VALUES (3348, 41, 2407, 1550, false, true) ON CONFLICT DO NOTHING;
INSERT INTO branch_menu_items (id, branch_id, menu_id, price, is_highlighted, is_available) VALUES (3349, 41, 2408, 600, false, true) ON CONFLICT DO NOTHING;
INSERT INTO branch_menu_items (id, branch_id, menu_id, price, is_highlighted, is_available) VALUES (3350, 41, 2409, 730, false, true) ON CONFLICT DO NOTHING;
INSERT INTO branch_menu_items (id, branch_id, menu_id, price, is_highlighted, is_available) VALUES (3351, 41, 2410, 420, false, true) ON CONFLICT DO NOTHING;
INSERT INTO branch_menu_items (id, branch_id, menu_id, price, is_highlighted, is_available) VALUES (3352, 41, 2411, 790, false, true) ON CONFLICT DO NOTHING;
INSERT INTO branch_menu_items (id, branch_id, menu_id, price, is_highlighted, is_available) VALUES (3353, 41, 2412, 790, false, true) ON CONFLICT DO NOTHING;
INSERT INTO branch_menu_items (id, branch_id, menu_id, price, is_highlighted, is_available) VALUES (3354, 41, 2413, 300, false, true) ON CONFLICT DO NOTHING;
INSERT INTO branch_menu_items (id, branch_id, menu_id, price, is_highlighted, is_available) VALUES (3355, 41, 2414, 550, false, true) ON CONFLICT DO NOTHING;
INSERT INTO branch_menu_items (id, branch_id, menu_id, price, is_highlighted, is_available) VALUES (3356, 41, 2415, 50, false, true) ON CONFLICT DO NOTHING;
INSERT INTO branch_menu_items (id, branch_id, menu_id, price, is_highlighted, is_available) VALUES (3357, 41, 2416, 250, false, true) ON CONFLICT DO NOTHING;
INSERT INTO branch_menu_items (id, branch_id, menu_id, price, is_highlighted, is_available) VALUES (3358, 41, 2417, 490, false, true) ON CONFLICT DO NOTHING;
INSERT INTO branch_menu_items (id, branch_id, menu_id, price, is_highlighted, is_available) VALUES (3359, 41, 2418, 750, false, true) ON CONFLICT DO NOTHING;
INSERT INTO branch_menu_items (id, branch_id, menu_id, price, is_highlighted, is_available) VALUES (3360, 41, 2419, 300, false, true) ON CONFLICT DO NOTHING;
INSERT INTO branch_menu_items (id, branch_id, menu_id, price, is_highlighted, is_available) VALUES (3361, 41, 2420, 400, false, true) ON CONFLICT DO NOTHING;
INSERT INTO branch_menu_items (id, branch_id, menu_id, price, is_highlighted, is_available) VALUES (3362, 41, 2421, 420, false, true) ON CONFLICT DO NOTHING;
INSERT INTO branch_menu_items (id, branch_id, menu_id, price, is_highlighted, is_available) VALUES (3363, 41, 2422, 600, false, true) ON CONFLICT DO NOTHING;
INSERT INTO branch_menu_items (id, branch_id, menu_id, price, is_highlighted, is_available) VALUES (3364, 41, 2423, 50, false, true) ON CONFLICT DO NOTHING;
INSERT INTO branch_menu_items (id, branch_id, menu_id, price, is_highlighted, is_available) VALUES (3365, 41, 2424, 650, false, true) ON CONFLICT DO NOTHING;
INSERT INTO branch_menu_items (id, branch_id, menu_id, price, is_highlighted, is_available) VALUES (3366, 41, 2425, 450, false, true) ON CONFLICT DO NOTHING;
INSERT INTO branch_menu_items (id, branch_id, menu_id, price, is_highlighted, is_available) VALUES (3367, 41, 2426, 120, false, true) ON CONFLICT DO NOTHING;
INSERT INTO branch_menu_items (id, branch_id, menu_id, price, is_highlighted, is_available) VALUES (3368, 41, 2427, 630, false, true) ON CONFLICT DO NOTHING;
INSERT INTO branch_menu_items (id, branch_id, menu_id, price, is_highlighted, is_available) VALUES (3369, 41, 2428, 0, false, true) ON CONFLICT DO NOTHING;
INSERT INTO branch_menu_items (id, branch_id, menu_id, price, is_highlighted, is_available) VALUES (3370, 41, 2429, 590, false, true) ON CONFLICT DO NOTHING;
INSERT INTO branch_menu_items (id, branch_id, menu_id, price, is_highlighted, is_available) VALUES (3371, 41, 2430, 500, false, true) ON CONFLICT DO NOTHING;
INSERT INTO branch_menu_items (id, branch_id, menu_id, price, is_highlighted, is_available) VALUES (3372, 41, 2431, 50, false, true) ON CONFLICT DO NOTHING;
INSERT INTO branch_menu_items (id, branch_id, menu_id, price, is_highlighted, is_available) VALUES (3373, 41, 2432, 610, false, true) ON CONFLICT DO NOTHING;
INSERT INTO branch_menu_items (id, branch_id, menu_id, price, is_highlighted, is_available) VALUES (3374, 41, 2433, 850, false, true) ON CONFLICT DO NOTHING;
INSERT INTO branch_menu_items (id, branch_id, menu_id, price, is_highlighted, is_available) VALUES (3375, 41, 2434, 600, false, true) ON CONFLICT DO NOTHING;
INSERT INTO branch_menu_items (id, branch_id, menu_id, price, is_highlighted, is_available) VALUES (3376, 41, 2435, 450, false, true) ON CONFLICT DO NOTHING;
INSERT INTO branch_menu_items (id, branch_id, menu_id, price, is_highlighted, is_available) VALUES (3377, 41, 2436, 690, false, true) ON CONFLICT DO NOTHING;
INSERT INTO branch_menu_items (id, branch_id, menu_id, price, is_highlighted, is_available) VALUES (3378, 41, 2437, 610, false, true) ON CONFLICT DO NOTHING;
INSERT INTO branch_menu_items (id, branch_id, menu_id, price, is_highlighted, is_available) VALUES (3379, 41, 2438, 350, false, true) ON CONFLICT DO NOTHING;
INSERT INTO branch_menu_items (id, branch_id, menu_id, price, is_highlighted, is_available) VALUES (3380, 41, 2439, 850, false, true) ON CONFLICT DO NOTHING;
INSERT INTO branch_menu_items (id, branch_id, menu_id, price, is_highlighted, is_available) VALUES (3381, 41, 2440, 440, false, true) ON CONFLICT DO NOTHING;
INSERT INTO branch_menu_items (id, branch_id, menu_id, price, is_highlighted, is_available) VALUES (3382, 41, 2441, 60, false, true) ON CONFLICT DO NOTHING;
INSERT INTO branch_menu_items (id, branch_id, menu_id, price, is_highlighted, is_available) VALUES (3383, 41, 2442, 300, false, true) ON CONFLICT DO NOTHING;
INSERT INTO branch_menu_items (id, branch_id, menu_id, price, is_highlighted, is_available) VALUES (3384, 41, 2443, 180, false, true) ON CONFLICT DO NOTHING;
INSERT INTO branch_menu_items (id, branch_id, menu_id, price, is_highlighted, is_available) VALUES (3385, 41, 2444, 620, false, true) ON CONFLICT DO NOTHING;
INSERT INTO branch_menu_items (id, branch_id, menu_id, price, is_highlighted, is_available) VALUES (3386, 41, 2445, 250, false, true) ON CONFLICT DO NOTHING;
INSERT INTO branch_menu_items (id, branch_id, menu_id, price, is_highlighted, is_available) VALUES (3387, 41, 2446, 710, false, true) ON CONFLICT DO NOTHING;
INSERT INTO branch_menu_items (id, branch_id, menu_id, price, is_highlighted, is_available) VALUES (3388, 41, 2447, 730, false, true) ON CONFLICT DO NOTHING;
INSERT INTO branch_menu_items (id, branch_id, menu_id, price, is_highlighted, is_available) VALUES (3389, 41, 2448, 620, false, true) ON CONFLICT DO NOTHING;
INSERT INTO branch_menu_items (id, branch_id, menu_id, price, is_highlighted, is_available) VALUES (3390, 41, 2449, 890, false, true) ON CONFLICT DO NOTHING;
INSERT INTO branch_menu_items (id, branch_id, menu_id, price, is_highlighted, is_available) VALUES (3391, 41, 2450, 50, false, true) ON CONFLICT DO NOTHING;
INSERT INTO branch_menu_items (id, branch_id, menu_id, price, is_highlighted, is_available) VALUES (3392, 41, 2451, 20, false, true) ON CONFLICT DO NOTHING;
INSERT INTO branch_menu_items (id, branch_id, menu_id, price, is_highlighted, is_available) VALUES (3393, 41, 2452, 700, false, true) ON CONFLICT DO NOTHING;
INSERT INTO branch_menu_items (id, branch_id, menu_id, price, is_highlighted, is_available) VALUES (3394, 41, 2453, 350, false, true) ON CONFLICT DO NOTHING;
INSERT INTO branch_menu_items (id, branch_id, menu_id, price, is_highlighted, is_available) VALUES (3395, 41, 2454, 590, false, true) ON CONFLICT DO NOTHING;
INSERT INTO branch_menu_items (id, branch_id, menu_id, price, is_highlighted, is_available) VALUES (3396, 41, 2455, 50, false, true) ON CONFLICT DO NOTHING;
INSERT INTO branch_menu_items (id, branch_id, menu_id, price, is_highlighted, is_available) VALUES (3397, 41, 2456, 690, false, true) ON CONFLICT DO NOTHING;
INSERT INTO branch_menu_items (id, branch_id, menu_id, price, is_highlighted, is_available) VALUES (3398, 41, 2457, 180, false, true) ON CONFLICT DO NOTHING;
INSERT INTO branch_menu_items (id, branch_id, menu_id, price, is_highlighted, is_available) VALUES (3399, 41, 2458, 620, false, true) ON CONFLICT DO NOTHING;
INSERT INTO branch_menu_items (id, branch_id, menu_id, price, is_highlighted, is_available) VALUES (3400, 41, 2459, 40, false, true) ON CONFLICT DO NOTHING;
INSERT INTO branch_menu_items (id, branch_id, menu_id, price, is_highlighted, is_available) VALUES (3401, 41, 2460, 50, false, true) ON CONFLICT DO NOTHING;
INSERT INTO branch_menu_items (id, branch_id, menu_id, price, is_highlighted, is_available) VALUES (3402, 41, 2461, 1140, false, true) ON CONFLICT DO NOTHING;
INSERT INTO branch_menu_items (id, branch_id, menu_id, price, is_highlighted, is_available) VALUES (3403, 41, 2462, 710, false, true) ON CONFLICT DO NOTHING;
INSERT INTO branch_menu_items (id, branch_id, menu_id, price, is_highlighted, is_available) VALUES (3404, 41, 2463, 60, false, true) ON CONFLICT DO NOTHING;
INSERT INTO branch_menu_items (id, branch_id, menu_id, price, is_highlighted, is_available) VALUES (3405, 41, 2464, 500, false, true) ON CONFLICT DO NOTHING;
INSERT INTO branch_menu_items (id, branch_id, menu_id, price, is_highlighted, is_available) VALUES (3406, 41, 2465, 180, false, true) ON CONFLICT DO NOTHING;
INSERT INTO branch_menu_items (id, branch_id, menu_id, price, is_highlighted, is_available) VALUES (3407, 41, 2466, 920, false, true) ON CONFLICT DO NOTHING;
INSERT INTO branch_menu_items (id, branch_id, menu_id, price, is_highlighted, is_available) VALUES (3408, 41, 2467, 770, false, true) ON CONFLICT DO NOTHING;
INSERT INTO branch_menu_items (id, branch_id, menu_id, price, is_highlighted, is_available) VALUES (3409, 41, 2468, 610, false, true) ON CONFLICT DO NOTHING;
INSERT INTO branch_menu_items (id, branch_id, menu_id, price, is_highlighted, is_available) VALUES (3410, 41, 2469, 950, false, true) ON CONFLICT DO NOTHING;
INSERT INTO branch_menu_items (id, branch_id, menu_id, price, is_highlighted, is_available) VALUES (3411, 41, 2470, 440, false, true) ON CONFLICT DO NOTHING;
INSERT INTO branch_menu_items (id, branch_id, menu_id, price, is_highlighted, is_available) VALUES (3412, 41, 2471, 590, false, true) ON CONFLICT DO NOTHING;
INSERT INTO branch_menu_items (id, branch_id, menu_id, price, is_highlighted, is_available) VALUES (3413, 41, 2472, 920, false, true) ON CONFLICT DO NOTHING;
INSERT INTO branch_menu_items (id, branch_id, menu_id, price, is_highlighted, is_available) VALUES (3414, 41, 2473, 350, false, true) ON CONFLICT DO NOTHING;
INSERT INTO branch_menu_items (id, branch_id, menu_id, price, is_highlighted, is_available) VALUES (3415, 41, 2474, 610, false, true) ON CONFLICT DO NOTHING;
INSERT INTO branch_menu_items (id, branch_id, menu_id, price, is_highlighted, is_available) VALUES (3416, 41, 2475, 490, false, true) ON CONFLICT DO NOTHING;
INSERT INTO branch_menu_items (id, branch_id, menu_id, price, is_highlighted, is_available) VALUES (3417, 41, 2476, 290, false, true) ON CONFLICT DO NOTHING;
INSERT INTO branch_menu_items (id, branch_id, menu_id, price, is_highlighted, is_available) VALUES (3418, 41, 2477, 350, false, true) ON CONFLICT DO NOTHING;
INSERT INTO branch_menu_items (id, branch_id, menu_id, price, is_highlighted, is_available) VALUES (3419, 41, 2478, 490, false, true) ON CONFLICT DO NOTHING;
INSERT INTO branch_menu_items (id, branch_id, menu_id, price, is_highlighted, is_available) VALUES (3420, 41, 2479, 300, false, true) ON CONFLICT DO NOTHING;
INSERT INTO branch_menu_items (id, branch_id, menu_id, price, is_highlighted, is_available) VALUES (3421, 41, 2480, 640, false, true) ON CONFLICT DO NOTHING;
INSERT INTO branch_menu_items (id, branch_id, menu_id, price, is_highlighted, is_available) VALUES (3422, 41, 2481, 50, false, true) ON CONFLICT DO NOTHING;
INSERT INTO branch_menu_items (id, branch_id, menu_id, price, is_highlighted, is_available) VALUES (3423, 41, 2482, 250, false, true) ON CONFLICT DO NOTHING;
INSERT INTO branch_menu_items (id, branch_id, menu_id, price, is_highlighted, is_available) VALUES (3424, 41, 2483, 390, false, true) ON CONFLICT DO NOTHING;
INSERT INTO branch_menu_items (id, branch_id, menu_id, price, is_highlighted, is_available) VALUES (3425, 41, 2484, 950, false, true) ON CONFLICT DO NOTHING;
INSERT INTO branch_menu_items (id, branch_id, menu_id, price, is_highlighted, is_available) VALUES (3426, 41, 2485, 690, false, true) ON CONFLICT DO NOTHING;
INSERT INTO branch_menu_items (id, branch_id, menu_id, price, is_highlighted, is_available) VALUES (3427, 41, 2486, 1100, false, true) ON CONFLICT DO NOTHING;
INSERT INTO branch_menu_items (id, branch_id, menu_id, price, is_highlighted, is_available) VALUES (3428, 41, 2487, 270, false, true) ON CONFLICT DO NOTHING;
INSERT INTO branch_menu_items (id, branch_id, menu_id, price, is_highlighted, is_available) VALUES (3429, 41, 2488, 270, false, true) ON CONFLICT DO NOTHING;
INSERT INTO branch_menu_items (id, branch_id, menu_id, price, is_highlighted, is_available) VALUES (3430, 41, 2489, 350, false, true) ON CONFLICT DO NOTHING;
INSERT INTO branch_menu_items (id, branch_id, menu_id, price, is_highlighted, is_available) VALUES (3431, 41, 2490, 500, false, true) ON CONFLICT DO NOTHING;
INSERT INTO branch_menu_items (id, branch_id, menu_id, price, is_highlighted, is_available) VALUES (3432, 41, 2491, 350, false, true) ON CONFLICT DO NOTHING;
INSERT INTO branch_menu_items (id, branch_id, menu_id, price, is_highlighted, is_available) VALUES (3433, 41, 2492, 420, false, true) ON CONFLICT DO NOTHING;
INSERT INTO branch_menu_items (id, branch_id, menu_id, price, is_highlighted, is_available) VALUES (3434, 41, 2493, 340, false, true) ON CONFLICT DO NOTHING;
INSERT INTO branch_menu_items (id, branch_id, menu_id, price, is_highlighted, is_available) VALUES (3435, 41, 2494, 180, false, true) ON CONFLICT DO NOTHING;
INSERT INTO branch_menu_items (id, branch_id, menu_id, price, is_highlighted, is_available) VALUES (3436, 41, 2495, 320, false, true) ON CONFLICT DO NOTHING;
INSERT INTO branch_menu_items (id, branch_id, menu_id, price, is_highlighted, is_available) VALUES (3437, 41, 2496, 200, false, true) ON CONFLICT DO NOTHING;
INSERT INTO branch_menu_items (id, branch_id, menu_id, price, is_highlighted, is_available) VALUES (3438, 41, 2497, 720, false, true) ON CONFLICT DO NOTHING;
INSERT INTO branch_menu_items (id, branch_id, menu_id, price, is_highlighted, is_available) VALUES (3439, 41, 2498, 990, false, true) ON CONFLICT DO NOTHING;
INSERT INTO branch_menu_items (id, branch_id, menu_id, price, is_highlighted, is_available) VALUES (3440, 41, 2499, 300, false, true) ON CONFLICT DO NOTHING;
INSERT INTO branch_menu_items (id, branch_id, menu_id, price, is_highlighted, is_available) VALUES (3441, 41, 2500, 350, false, true) ON CONFLICT DO NOTHING;
INSERT INTO branch_menu_items (id, branch_id, menu_id, price, is_highlighted, is_available) VALUES (3442, 41, 2501, 150, false, true) ON CONFLICT DO NOTHING;
INSERT INTO branch_menu_items (id, branch_id, menu_id, price, is_highlighted, is_available) VALUES (3443, 41, 2502, 350, false, true) ON CONFLICT DO NOTHING;
INSERT INTO branch_menu_items (id, branch_id, menu_id, price, is_highlighted, is_available) VALUES (3444, 41, 2503, 710, false, true) ON CONFLICT DO NOTHING;
INSERT INTO branch_menu_items (id, branch_id, menu_id, price, is_highlighted, is_available) VALUES (3445, 41, 2504, 300, false, true) ON CONFLICT DO NOTHING;
INSERT INTO branch_menu_items (id, branch_id, menu_id, price, is_highlighted, is_available) VALUES (3446, 41, 2505, 1090, false, true) ON CONFLICT DO NOTHING;
INSERT INTO branch_menu_items (id, branch_id, menu_id, price, is_highlighted, is_available) VALUES (3447, 41, 2506, 170, false, true) ON CONFLICT DO NOTHING;
INSERT INTO branch_menu_items (id, branch_id, menu_id, price, is_highlighted, is_available) VALUES (3448, 41, 2507, 690, false, true) ON CONFLICT DO NOTHING;
INSERT INTO branch_menu_items (id, branch_id, menu_id, price, is_highlighted, is_available) VALUES (3449, 41, 2508, 990, false, true) ON CONFLICT DO NOTHING;
INSERT INTO branch_menu_items (id, branch_id, menu_id, price, is_highlighted, is_available) VALUES (3450, 41, 2509, 420, false, true) ON CONFLICT DO NOTHING;
INSERT INTO branch_menu_items (id, branch_id, menu_id, price, is_highlighted, is_available) VALUES (3451, 41, 2510, 450, false, true) ON CONFLICT DO NOTHING;
INSERT INTO branch_menu_items (id, branch_id, menu_id, price, is_highlighted, is_available) VALUES (3452, 41, 2511, 720, false, true) ON CONFLICT DO NOTHING;
INSERT INTO branch_menu_items (id, branch_id, menu_id, price, is_highlighted, is_available) VALUES (3453, 41, 2512, 390, false, true) ON CONFLICT DO NOTHING;
INSERT INTO branch_menu_items (id, branch_id, menu_id, price, is_highlighted, is_available) VALUES (3454, 41, 2513, 400, false, true) ON CONFLICT DO NOTHING;
INSERT INTO branch_menu_items (id, branch_id, menu_id, price, is_highlighted, is_available) VALUES (3455, 41, 2514, 120, false, true) ON CONFLICT DO NOTHING;
INSERT INTO branch_menu_items (id, branch_id, menu_id, price, is_highlighted, is_available) VALUES (3456, 41, 2515, 350, false, true) ON CONFLICT DO NOTHING;
INSERT INTO branch_menu_items (id, branch_id, menu_id, price, is_highlighted, is_available) VALUES (3457, 41, 2516, 690, false, true) ON CONFLICT DO NOTHING;
INSERT INTO branch_menu_items (id, branch_id, menu_id, price, is_highlighted, is_available) VALUES (3458, 41, 2517, 680, false, true) ON CONFLICT DO NOTHING;
INSERT INTO branch_menu_items (id, branch_id, menu_id, price, is_highlighted, is_available) VALUES (3459, 41, 2518, 510, false, true) ON CONFLICT DO NOTHING;
INSERT INTO branch_menu_items (id, branch_id, menu_id, price, is_highlighted, is_available) VALUES (3460, 41, 2519, 180, false, true) ON CONFLICT DO NOTHING;
INSERT INTO branch_menu_items (id, branch_id, menu_id, price, is_highlighted, is_available) VALUES (3461, 41, 2520, 720, false, true) ON CONFLICT DO NOTHING;
INSERT INTO branch_menu_items (id, branch_id, menu_id, price, is_highlighted, is_available) VALUES (3462, 41, 2521, 2080, false, true) ON CONFLICT DO NOTHING;
INSERT INTO branch_menu_items (id, branch_id, menu_id, price, is_highlighted, is_available) VALUES (3463, 41, 2522, 640, false, true) ON CONFLICT DO NOTHING;
INSERT INTO branch_menu_items (id, branch_id, menu_id, price, is_highlighted, is_available) VALUES (3464, 41, 2523, 320, false, true) ON CONFLICT DO NOTHING;
INSERT INTO branch_menu_items (id, branch_id, menu_id, price, is_highlighted, is_available) VALUES (3465, 41, 2524, 610, false, true) ON CONFLICT DO NOTHING;
INSERT INTO branch_menu_items (id, branch_id, menu_id, price, is_highlighted, is_available) VALUES (3466, 41, 2525, 20, false, true) ON CONFLICT DO NOTHING;
INSERT INTO branch_menu_items (id, branch_id, menu_id, price, is_highlighted, is_available) VALUES (3467, 41, 2526, 710, false, true) ON CONFLICT DO NOTHING;
INSERT INTO branch_menu_items (id, branch_id, menu_id, price, is_highlighted, is_available) VALUES (3468, 41, 2527, 670, false, true) ON CONFLICT DO NOTHING;
INSERT INTO branch_menu_items (id, branch_id, menu_id, price, is_highlighted, is_available) VALUES (3469, 41, 2528, 380, false, true) ON CONFLICT DO NOTHING;
INSERT INTO branch_menu_items (id, branch_id, menu_id, price, is_highlighted, is_available) VALUES (3470, 41, 2529, 180, false, true) ON CONFLICT DO NOTHING;
INSERT INTO branch_menu_items (id, branch_id, menu_id, price, is_highlighted, is_available) VALUES (3471, 41, 2530, 20, false, true) ON CONFLICT DO NOTHING;
INSERT INTO branch_menu_items (id, branch_id, menu_id, price, is_highlighted, is_available) VALUES (3472, 41, 2531, 70, false, true) ON CONFLICT DO NOTHING;
INSERT INTO branch_menu_items (id, branch_id, menu_id, price, is_highlighted, is_available) VALUES (3473, 41, 2532, 600, false, true) ON CONFLICT DO NOTHING;
INSERT INTO branch_menu_items (id, branch_id, menu_id, price, is_highlighted, is_available) VALUES (3474, 41, 2533, 200, false, true) ON CONFLICT DO NOTHING;
INSERT INTO branch_menu_items (id, branch_id, menu_id, price, is_highlighted, is_available) VALUES (3475, 41, 2534, 570, false, true) ON CONFLICT DO NOTHING;
INSERT INTO branch_menu_items (id, branch_id, menu_id, price, is_highlighted, is_available) VALUES (3476, 41, 2535, 390, false, true) ON CONFLICT DO NOTHING;
INSERT INTO branch_menu_items (id, branch_id, menu_id, price, is_highlighted, is_available) VALUES (3477, 41, 2536, 250, false, true) ON CONFLICT DO NOTHING;
INSERT INTO branch_menu_items (id, branch_id, menu_id, price, is_highlighted, is_available) VALUES (3478, 41, 2537, 250, false, true) ON CONFLICT DO NOTHING;
INSERT INTO branch_menu_items (id, branch_id, menu_id, price, is_highlighted, is_available) VALUES (3479, 41, 2538, 350, false, true) ON CONFLICT DO NOTHING;
INSERT INTO branch_menu_items (id, branch_id, menu_id, price, is_highlighted, is_available) VALUES (3480, 41, 2539, 350, false, true) ON CONFLICT DO NOTHING;
INSERT INTO branch_menu_items (id, branch_id, menu_id, price, is_highlighted, is_available) VALUES (3481, 41, 2540, 750, false, true) ON CONFLICT DO NOTHING;
INSERT INTO branch_menu_items (id, branch_id, menu_id, price, is_highlighted, is_available) VALUES (3482, 41, 2541, 630, false, true) ON CONFLICT DO NOTHING;
INSERT INTO branch_menu_items (id, branch_id, menu_id, price, is_highlighted, is_available) VALUES (3483, 41, 2542, 400, false, true) ON CONFLICT DO NOTHING;
INSERT INTO branch_menu_items (id, branch_id, menu_id, price, is_highlighted, is_available) VALUES (3484, 41, 2543, 350, false, true) ON CONFLICT DO NOTHING;
INSERT INTO branch_menu_items (id, branch_id, menu_id, price, is_highlighted, is_available) VALUES (3485, 41, 2544, 350, false, true) ON CONFLICT DO NOTHING;
INSERT INTO branch_menu_items (id, branch_id, menu_id, price, is_highlighted, is_available) VALUES (3486, 41, 2545, 750, false, true) ON CONFLICT DO NOTHING;
INSERT INTO branch_menu_items (id, branch_id, menu_id, price, is_highlighted, is_available) VALUES (3487, 41, 2546, 280, false, true) ON CONFLICT DO NOTHING;
INSERT INTO branch_menu_items (id, branch_id, menu_id, price, is_highlighted, is_available) VALUES (3488, 41, 2547, 350, false, true) ON CONFLICT DO NOTHING;
INSERT INTO branch_menu_items (id, branch_id, menu_id, price, is_highlighted, is_available) VALUES (3489, 41, 2548, 730, false, true) ON CONFLICT DO NOTHING;
INSERT INTO branch_menu_items (id, branch_id, menu_id, price, is_highlighted, is_available) VALUES (3490, 41, 2549, 390, false, true) ON CONFLICT DO NOTHING;
INSERT INTO branch_menu_items (id, branch_id, menu_id, price, is_highlighted, is_available) VALUES (3491, 41, 2550, 50, false, true) ON CONFLICT DO NOTHING;
INSERT INTO branch_menu_items (id, branch_id, menu_id, price, is_highlighted, is_available) VALUES (3492, 41, 2551, 200, false, true) ON CONFLICT DO NOTHING;
INSERT INTO branch_menu_items (id, branch_id, menu_id, price, is_highlighted, is_available) VALUES (3493, 41, 2552, 590, false, true) ON CONFLICT DO NOTHING;
INSERT INTO branch_menu_items (id, branch_id, menu_id, price, is_highlighted, is_available) VALUES (3494, 41, 2553, 1130, false, true) ON CONFLICT DO NOTHING;
INSERT INTO branch_menu_items (id, branch_id, menu_id, price, is_highlighted, is_available) VALUES (3495, 41, 2554, 50, false, true) ON CONFLICT DO NOTHING;
INSERT INTO branch_menu_items (id, branch_id, menu_id, price, is_highlighted, is_available) VALUES (3496, 41, 2555, 620, false, true) ON CONFLICT DO NOTHING;
INSERT INTO branch_menu_items (id, branch_id, menu_id, price, is_highlighted, is_available) VALUES (3497, 41, 2556, 350, false, true) ON CONFLICT DO NOTHING;
INSERT INTO branch_menu_items (id, branch_id, menu_id, price, is_highlighted, is_available) VALUES (3498, 42, 2557, 720, false, true) ON CONFLICT DO NOTHING;
INSERT INTO branch_menu_items (id, branch_id, menu_id, price, is_highlighted, is_available) VALUES (3499, 42, 2558, 980, false, true) ON CONFLICT DO NOTHING;
INSERT INTO branch_menu_items (id, branch_id, menu_id, price, is_highlighted, is_available) VALUES (3500, 42, 2559, 600, false, true) ON CONFLICT DO NOTHING;
INSERT INTO branch_menu_items (id, branch_id, menu_id, price, is_highlighted, is_available) VALUES (3501, 42, 2560, 690, false, true) ON CONFLICT DO NOTHING;
INSERT INTO branch_menu_items (id, branch_id, menu_id, price, is_highlighted, is_available) VALUES (3502, 42, 2561, 590, false, true) ON CONFLICT DO NOTHING;
INSERT INTO branch_menu_items (id, branch_id, menu_id, price, is_highlighted, is_available) VALUES (3503, 42, 2562, 680, false, true) ON CONFLICT DO NOTHING;
INSERT INTO branch_menu_items (id, branch_id, menu_id, price, is_highlighted, is_available) VALUES (3504, 42, 2563, 630, false, true) ON CONFLICT DO NOTHING;
INSERT INTO branch_menu_items (id, branch_id, menu_id, price, is_highlighted, is_available) VALUES (3505, 42, 2564, 790, false, true) ON CONFLICT DO NOTHING;
INSERT INTO branch_menu_items (id, branch_id, menu_id, price, is_highlighted, is_available) VALUES (3506, 42, 2565, 510, false, true) ON CONFLICT DO NOTHING;
INSERT INTO branch_menu_items (id, branch_id, menu_id, price, is_highlighted, is_available) VALUES (3507, 42, 2566, 600, false, true) ON CONFLICT DO NOTHING;
INSERT INTO branch_menu_items (id, branch_id, menu_id, price, is_highlighted, is_available) VALUES (3508, 42, 2567, 590, false, true) ON CONFLICT DO NOTHING;
INSERT INTO branch_menu_items (id, branch_id, menu_id, price, is_highlighted, is_available) VALUES (3509, 42, 2568, 710, false, true) ON CONFLICT DO NOTHING;
INSERT INTO branch_menu_items (id, branch_id, menu_id, price, is_highlighted, is_available) VALUES (3510, 42, 2569, 610, false, true) ON CONFLICT DO NOTHING;
INSERT INTO branch_menu_items (id, branch_id, menu_id, price, is_highlighted, is_available) VALUES (3511, 42, 2570, 700, false, true) ON CONFLICT DO NOTHING;
INSERT INTO branch_menu_items (id, branch_id, menu_id, price, is_highlighted, is_available) VALUES (3512, 42, 2571, 630, false, true) ON CONFLICT DO NOTHING;
INSERT INTO branch_menu_items (id, branch_id, menu_id, price, is_highlighted, is_available) VALUES (3513, 42, 2572, 790, false, true) ON CONFLICT DO NOTHING;
INSERT INTO branch_menu_items (id, branch_id, menu_id, price, is_highlighted, is_available) VALUES (3514, 42, 2573, 550, false, true) ON CONFLICT DO NOTHING;
INSERT INTO branch_menu_items (id, branch_id, menu_id, price, is_highlighted, is_available) VALUES (3515, 42, 2574, 730, false, true) ON CONFLICT DO NOTHING;
INSERT INTO branch_menu_items (id, branch_id, menu_id, price, is_highlighted, is_available) VALUES (3516, 42, 2575, 610, false, true) ON CONFLICT DO NOTHING;
INSERT INTO branch_menu_items (id, branch_id, menu_id, price, is_highlighted, is_available) VALUES (3517, 42, 2576, 730, false, true) ON CONFLICT DO NOTHING;
INSERT INTO branch_menu_items (id, branch_id, menu_id, price, is_highlighted, is_available) VALUES (3518, 42, 2577, 710, false, true) ON CONFLICT DO NOTHING;
INSERT INTO branch_menu_items (id, branch_id, menu_id, price, is_highlighted, is_available) VALUES (3519, 42, 2578, 920, false, true) ON CONFLICT DO NOTHING;
INSERT INTO branch_menu_items (id, branch_id, menu_id, price, is_highlighted, is_available) VALUES (3520, 42, 2579, 710, false, true) ON CONFLICT DO NOTHING;
INSERT INTO branch_menu_items (id, branch_id, menu_id, price, is_highlighted, is_available) VALUES (3521, 42, 2580, 920, false, true) ON CONFLICT DO NOTHING;
INSERT INTO branch_menu_items (id, branch_id, menu_id, price, is_highlighted, is_available) VALUES (3522, 42, 2581, 890, false, true) ON CONFLICT DO NOTHING;
INSERT INTO branch_menu_items (id, branch_id, menu_id, price, is_highlighted, is_available) VALUES (3523, 42, 2582, 1130, false, true) ON CONFLICT DO NOTHING;
INSERT INTO branch_menu_items (id, branch_id, menu_id, price, is_highlighted, is_available) VALUES (3524, 42, 2583, 850, false, true) ON CONFLICT DO NOTHING;
INSERT INTO branch_menu_items (id, branch_id, menu_id, price, is_highlighted, is_available) VALUES (3525, 42, 2584, 990, false, true) ON CONFLICT DO NOTHING;
INSERT INTO branch_menu_items (id, branch_id, menu_id, price, is_highlighted, is_available) VALUES (3526, 42, 2585, 770, false, true) ON CONFLICT DO NOTHING;
INSERT INTO branch_menu_items (id, branch_id, menu_id, price, is_highlighted, is_available) VALUES (3527, 42, 2586, 590, false, true) ON CONFLICT DO NOTHING;
INSERT INTO branch_menu_items (id, branch_id, menu_id, price, is_highlighted, is_available) VALUES (3528, 42, 2587, 750, false, true) ON CONFLICT DO NOTHING;
INSERT INTO branch_menu_items (id, branch_id, menu_id, price, is_highlighted, is_available) VALUES (3529, 42, 2588, 610, false, true) ON CONFLICT DO NOTHING;
INSERT INTO branch_menu_items (id, branch_id, menu_id, price, is_highlighted, is_available) VALUES (3530, 42, 2589, 730, false, true) ON CONFLICT DO NOTHING;
INSERT INTO branch_menu_items (id, branch_id, menu_id, price, is_highlighted, is_available) VALUES (3531, 42, 2590, 600, false, true) ON CONFLICT DO NOTHING;
INSERT INTO branch_menu_items (id, branch_id, menu_id, price, is_highlighted, is_available) VALUES (3532, 42, 2591, 730, false, true) ON CONFLICT DO NOTHING;
INSERT INTO branch_menu_items (id, branch_id, menu_id, price, is_highlighted, is_available) VALUES (3533, 42, 2592, 590, false, true) ON CONFLICT DO NOTHING;
INSERT INTO branch_menu_items (id, branch_id, menu_id, price, is_highlighted, is_available) VALUES (3534, 42, 2593, 750, false, true) ON CONFLICT DO NOTHING;
INSERT INTO branch_menu_items (id, branch_id, menu_id, price, is_highlighted, is_available) VALUES (3535, 42, 2594, 640, false, true) ON CONFLICT DO NOTHING;
INSERT INTO branch_menu_items (id, branch_id, menu_id, price, is_highlighted, is_available) VALUES (3536, 42, 2595, 610, false, true) ON CONFLICT DO NOTHING;
INSERT INTO branch_menu_items (id, branch_id, menu_id, price, is_highlighted, is_available) VALUES (3537, 42, 2596, 710, false, true) ON CONFLICT DO NOTHING;
INSERT INTO branch_menu_items (id, branch_id, menu_id, price, is_highlighted, is_available) VALUES (3538, 42, 2597, 790, false, true) ON CONFLICT DO NOTHING;
INSERT INTO branch_menu_items (id, branch_id, menu_id, price, is_highlighted, is_available) VALUES (3539, 42, 2598, 750, false, true) ON CONFLICT DO NOTHING;
INSERT INTO branch_menu_items (id, branch_id, menu_id, price, is_highlighted, is_available) VALUES (3540, 42, 2599, 590, false, true) ON CONFLICT DO NOTHING;
INSERT INTO branch_menu_items (id, branch_id, menu_id, price, is_highlighted, is_available) VALUES (3541, 42, 2600, 950, false, true) ON CONFLICT DO NOTHING;
INSERT INTO branch_menu_items (id, branch_id, menu_id, price, is_highlighted, is_available) VALUES (3542, 42, 2601, 400, false, true) ON CONFLICT DO NOTHING;
INSERT INTO branch_menu_items (id, branch_id, menu_id, price, is_highlighted, is_available) VALUES (3543, 42, 2602, 420, false, true) ON CONFLICT DO NOTHING;
INSERT INTO branch_menu_items (id, branch_id, menu_id, price, is_highlighted, is_available) VALUES (3544, 42, 2603, 570, false, true) ON CONFLICT DO NOTHING;
INSERT INTO branch_menu_items (id, branch_id, menu_id, price, is_highlighted, is_available) VALUES (3545, 42, 2604, 440, false, true) ON CONFLICT DO NOTHING;
INSERT INTO branch_menu_items (id, branch_id, menu_id, price, is_highlighted, is_available) VALUES (3546, 42, 2605, 0, false, true) ON CONFLICT DO NOTHING;
INSERT INTO branch_menu_items (id, branch_id, menu_id, price, is_highlighted, is_available) VALUES (3547, 42, 2606, 400, false, true) ON CONFLICT DO NOTHING;
INSERT INTO branch_menu_items (id, branch_id, menu_id, price, is_highlighted, is_available) VALUES (3548, 42, 2607, 570, false, true) ON CONFLICT DO NOTHING;
INSERT INTO branch_menu_items (id, branch_id, menu_id, price, is_highlighted, is_available) VALUES (3549, 42, 2608, 720, false, true) ON CONFLICT DO NOTHING;
INSERT INTO branch_menu_items (id, branch_id, menu_id, price, is_highlighted, is_available) VALUES (3550, 42, 2609, 610, false, true) ON CONFLICT DO NOTHING;
INSERT INTO branch_menu_items (id, branch_id, menu_id, price, is_highlighted, is_available) VALUES (3551, 42, 2610, 640, false, true) ON CONFLICT DO NOTHING;
INSERT INTO branch_menu_items (id, branch_id, menu_id, price, is_highlighted, is_available) VALUES (3552, 42, 2611, 950, false, true) ON CONFLICT DO NOTHING;
INSERT INTO branch_menu_items (id, branch_id, menu_id, price, is_highlighted, is_available) VALUES (3553, 42, 2612, 750, false, true) ON CONFLICT DO NOTHING;
INSERT INTO branch_menu_items (id, branch_id, menu_id, price, is_highlighted, is_available) VALUES (3554, 42, 2613, 590, false, true) ON CONFLICT DO NOTHING;
INSERT INTO branch_menu_items (id, branch_id, menu_id, price, is_highlighted, is_available) VALUES (3555, 42, 2614, 690, false, true) ON CONFLICT DO NOTHING;
INSERT INTO branch_menu_items (id, branch_id, menu_id, price, is_highlighted, is_available) VALUES (3556, 42, 2615, 600, false, true) ON CONFLICT DO NOTHING;
INSERT INTO branch_menu_items (id, branch_id, menu_id, price, is_highlighted, is_available) VALUES (3557, 42, 2616, 690, false, true) ON CONFLICT DO NOTHING;
INSERT INTO branch_menu_items (id, branch_id, menu_id, price, is_highlighted, is_available) VALUES (3558, 42, 2617, 690, false, true) ON CONFLICT DO NOTHING;
INSERT INTO branch_menu_items (id, branch_id, menu_id, price, is_highlighted, is_available) VALUES (3559, 42, 2618, 650, false, true) ON CONFLICT DO NOTHING;
INSERT INTO branch_menu_items (id, branch_id, menu_id, price, is_highlighted, is_available) VALUES (3560, 42, 2619, 690, false, true) ON CONFLICT DO NOTHING;
INSERT INTO branch_menu_items (id, branch_id, menu_id, price, is_highlighted, is_available) VALUES (3561, 42, 2620, 650, false, true) ON CONFLICT DO NOTHING;
INSERT INTO branch_menu_items (id, branch_id, menu_id, price, is_highlighted, is_available) VALUES (3562, 42, 2621, 990, false, true) ON CONFLICT DO NOTHING;
INSERT INTO branch_menu_items (id, branch_id, menu_id, price, is_highlighted, is_available) VALUES (3563, 42, 2622, 1090, false, true) ON CONFLICT DO NOTHING;
INSERT INTO branch_menu_items (id, branch_id, menu_id, price, is_highlighted, is_available) VALUES (3564, 42, 2623, 1290, false, true) ON CONFLICT DO NOTHING;
INSERT INTO branch_menu_items (id, branch_id, menu_id, price, is_highlighted, is_available) VALUES (3565, 42, 2624, 620, false, true) ON CONFLICT DO NOTHING;
INSERT INTO branch_menu_items (id, branch_id, menu_id, price, is_highlighted, is_available) VALUES (3566, 42, 2625, 620, false, true) ON CONFLICT DO NOTHING;
INSERT INTO branch_menu_items (id, branch_id, menu_id, price, is_highlighted, is_available) VALUES (3567, 42, 2626, 620, false, true) ON CONFLICT DO NOTHING;
INSERT INTO branch_menu_items (id, branch_id, menu_id, price, is_highlighted, is_available) VALUES (3568, 42, 2627, 620, false, true) ON CONFLICT DO NOTHING;
INSERT INTO branch_menu_items (id, branch_id, menu_id, price, is_highlighted, is_available) VALUES (3569, 42, 2628, 790, false, true) ON CONFLICT DO NOTHING;
INSERT INTO branch_menu_items (id, branch_id, menu_id, price, is_highlighted, is_available) VALUES (3570, 42, 2629, 350, false, true) ON CONFLICT DO NOTHING;
INSERT INTO branch_menu_items (id, branch_id, menu_id, price, is_highlighted, is_available) VALUES (3571, 42, 2630, 560, false, true) ON CONFLICT DO NOTHING;
INSERT INTO branch_menu_items (id, branch_id, menu_id, price, is_highlighted, is_available) VALUES (3572, 42, 2631, 350, false, true) ON CONFLICT DO NOTHING;
INSERT INTO branch_menu_items (id, branch_id, menu_id, price, is_highlighted, is_available) VALUES (3573, 42, 2632, 390, false, true) ON CONFLICT DO NOTHING;
INSERT INTO branch_menu_items (id, branch_id, menu_id, price, is_highlighted, is_available) VALUES (3574, 42, 2633, 340, false, true) ON CONFLICT DO NOTHING;
INSERT INTO branch_menu_items (id, branch_id, menu_id, price, is_highlighted, is_available) VALUES (3575, 42, 2634, 350, false, true) ON CONFLICT DO NOTHING;
INSERT INTO branch_menu_items (id, branch_id, menu_id, price, is_highlighted, is_available) VALUES (3576, 42, 2635, 320, false, true) ON CONFLICT DO NOTHING;
INSERT INTO branch_menu_items (id, branch_id, menu_id, price, is_highlighted, is_available) VALUES (3577, 42, 2636, 490, false, true) ON CONFLICT DO NOTHING;
INSERT INTO branch_menu_items (id, branch_id, menu_id, price, is_highlighted, is_available) VALUES (3578, 42, 2637, 490, false, true) ON CONFLICT DO NOTHING;
INSERT INTO branch_menu_items (id, branch_id, menu_id, price, is_highlighted, is_available) VALUES (3579, 42, 2638, 500, false, true) ON CONFLICT DO NOTHING;
INSERT INTO branch_menu_items (id, branch_id, menu_id, price, is_highlighted, is_available) VALUES (3580, 42, 2639, 250, false, true) ON CONFLICT DO NOTHING;
INSERT INTO branch_menu_items (id, branch_id, menu_id, price, is_highlighted, is_available) VALUES (3581, 42, 2640, 300, false, true) ON CONFLICT DO NOTHING;
INSERT INTO branch_menu_items (id, branch_id, menu_id, price, is_highlighted, is_available) VALUES (3582, 42, 2641, 300, false, true) ON CONFLICT DO NOTHING;
INSERT INTO branch_menu_items (id, branch_id, menu_id, price, is_highlighted, is_available) VALUES (3583, 42, 2642, 300, false, true) ON CONFLICT DO NOTHING;
INSERT INTO branch_menu_items (id, branch_id, menu_id, price, is_highlighted, is_available) VALUES (3584, 42, 2643, 290, false, true) ON CONFLICT DO NOTHING;
INSERT INTO branch_menu_items (id, branch_id, menu_id, price, is_highlighted, is_available) VALUES (3585, 42, 2644, 300, false, true) ON CONFLICT DO NOTHING;
INSERT INTO branch_menu_items (id, branch_id, menu_id, price, is_highlighted, is_available) VALUES (3586, 42, 2645, 150, false, true) ON CONFLICT DO NOTHING;
INSERT INTO branch_menu_items (id, branch_id, menu_id, price, is_highlighted, is_available) VALUES (3587, 42, 2646, 350, false, true) ON CONFLICT DO NOTHING;
INSERT INTO branch_menu_items (id, branch_id, menu_id, price, is_highlighted, is_available) VALUES (3588, 42, 2647, 350, false, true) ON CONFLICT DO NOTHING;
INSERT INTO branch_menu_items (id, branch_id, menu_id, price, is_highlighted, is_available) VALUES (3589, 42, 2648, 350, false, true) ON CONFLICT DO NOTHING;
INSERT INTO branch_menu_items (id, branch_id, menu_id, price, is_highlighted, is_available) VALUES (3590, 42, 2649, 280, false, true) ON CONFLICT DO NOTHING;
INSERT INTO branch_menu_items (id, branch_id, menu_id, price, is_highlighted, is_available) VALUES (3591, 42, 2650, 40, false, true) ON CONFLICT DO NOTHING;
INSERT INTO branch_menu_items (id, branch_id, menu_id, price, is_highlighted, is_available) VALUES (3592, 42, 2651, 60, false, true) ON CONFLICT DO NOTHING;
INSERT INTO branch_menu_items (id, branch_id, menu_id, price, is_highlighted, is_available) VALUES (3593, 42, 2652, 330, false, true) ON CONFLICT DO NOTHING;
INSERT INTO branch_menu_items (id, branch_id, menu_id, price, is_highlighted, is_available) VALUES (3594, 42, 2653, 350, false, true) ON CONFLICT DO NOTHING;
INSERT INTO branch_menu_items (id, branch_id, menu_id, price, is_highlighted, is_available) VALUES (3595, 42, 2654, 670, false, true) ON CONFLICT DO NOTHING;
INSERT INTO branch_menu_items (id, branch_id, menu_id, price, is_highlighted, is_available) VALUES (3596, 42, 2655, 390, false, true) ON CONFLICT DO NOTHING;
INSERT INTO branch_menu_items (id, branch_id, menu_id, price, is_highlighted, is_available) VALUES (3597, 42, 2656, 270, false, true) ON CONFLICT DO NOTHING;
INSERT INTO branch_menu_items (id, branch_id, menu_id, price, is_highlighted, is_available) VALUES (3598, 42, 2657, 270, false, true) ON CONFLICT DO NOTHING;
INSERT INTO branch_menu_items (id, branch_id, menu_id, price, is_highlighted, is_available) VALUES (3599, 42, 2658, 350, false, true) ON CONFLICT DO NOTHING;
INSERT INTO branch_menu_items (id, branch_id, menu_id, price, is_highlighted, is_available) VALUES (3600, 42, 2659, 200, false, true) ON CONFLICT DO NOTHING;
INSERT INTO branch_menu_items (id, branch_id, menu_id, price, is_highlighted, is_available) VALUES (3601, 42, 2660, 200, false, true) ON CONFLICT DO NOTHING;
INSERT INTO branch_menu_items (id, branch_id, menu_id, price, is_highlighted, is_available) VALUES (3602, 42, 2661, 350, false, true) ON CONFLICT DO NOTHING;
INSERT INTO branch_menu_items (id, branch_id, menu_id, price, is_highlighted, is_available) VALUES (3603, 42, 2662, 120, false, true) ON CONFLICT DO NOTHING;
INSERT INTO branch_menu_items (id, branch_id, menu_id, price, is_highlighted, is_available) VALUES (3604, 42, 2663, 490, false, true) ON CONFLICT DO NOTHING;
INSERT INTO branch_menu_items (id, branch_id, menu_id, price, is_highlighted, is_available) VALUES (3605, 42, 2664, 390, false, true) ON CONFLICT DO NOTHING;
INSERT INTO branch_menu_items (id, branch_id, menu_id, price, is_highlighted, is_available) VALUES (3606, 42, 2665, 450, false, true) ON CONFLICT DO NOTHING;
INSERT INTO branch_menu_items (id, branch_id, menu_id, price, is_highlighted, is_available) VALUES (3607, 42, 2666, 500, false, true) ON CONFLICT DO NOTHING;
INSERT INTO branch_menu_items (id, branch_id, menu_id, price, is_highlighted, is_available) VALUES (3608, 42, 2667, 250, false, true) ON CONFLICT DO NOTHING;
INSERT INTO branch_menu_items (id, branch_id, menu_id, price, is_highlighted, is_available) VALUES (3609, 42, 2668, 250, false, true) ON CONFLICT DO NOTHING;
INSERT INTO branch_menu_items (id, branch_id, menu_id, price, is_highlighted, is_available) VALUES (3610, 42, 2669, 250, false, true) ON CONFLICT DO NOTHING;
INSERT INTO branch_menu_items (id, branch_id, menu_id, price, is_highlighted, is_available) VALUES (3611, 42, 2670, 450, false, true) ON CONFLICT DO NOTHING;
INSERT INTO branch_menu_items (id, branch_id, menu_id, price, is_highlighted, is_available) VALUES (3612, 42, 2671, 390, false, true) ON CONFLICT DO NOTHING;
INSERT INTO branch_menu_items (id, branch_id, menu_id, price, is_highlighted, is_available) VALUES (3613, 42, 2672, 550, false, true) ON CONFLICT DO NOTHING;
INSERT INTO branch_menu_items (id, branch_id, menu_id, price, is_highlighted, is_available) VALUES (3614, 42, 2673, 350, false, true) ON CONFLICT DO NOTHING;
INSERT INTO branch_menu_items (id, branch_id, menu_id, price, is_highlighted, is_available) VALUES (3615, 42, 2674, 420, false, true) ON CONFLICT DO NOTHING;
INSERT INTO branch_menu_items (id, branch_id, menu_id, price, is_highlighted, is_available) VALUES (3616, 42, 2675, 420, false, true) ON CONFLICT DO NOTHING;
INSERT INTO branch_menu_items (id, branch_id, menu_id, price, is_highlighted, is_available) VALUES (3617, 42, 2676, 390, false, true) ON CONFLICT DO NOTHING;
INSERT INTO branch_menu_items (id, branch_id, menu_id, price, is_highlighted, is_available) VALUES (3618, 42, 2677, 120, false, true) ON CONFLICT DO NOTHING;
INSERT INTO branch_menu_items (id, branch_id, menu_id, price, is_highlighted, is_available) VALUES (3619, 42, 2678, 120, false, true) ON CONFLICT DO NOTHING;
INSERT INTO branch_menu_items (id, branch_id, menu_id, price, is_highlighted, is_available) VALUES (3620, 42, 2679, 180, false, true) ON CONFLICT DO NOTHING;
INSERT INTO branch_menu_items (id, branch_id, menu_id, price, is_highlighted, is_available) VALUES (3621, 42, 2680, 180, false, true) ON CONFLICT DO NOTHING;
INSERT INTO branch_menu_items (id, branch_id, menu_id, price, is_highlighted, is_available) VALUES (3622, 42, 2681, 180, false, true) ON CONFLICT DO NOTHING;
INSERT INTO branch_menu_items (id, branch_id, menu_id, price, is_highlighted, is_available) VALUES (3623, 42, 2682, 180, false, true) ON CONFLICT DO NOTHING;
INSERT INTO branch_menu_items (id, branch_id, menu_id, price, is_highlighted, is_available) VALUES (3624, 42, 2683, 180, false, true) ON CONFLICT DO NOTHING;
INSERT INTO branch_menu_items (id, branch_id, menu_id, price, is_highlighted, is_available) VALUES (3625, 42, 2684, 180, false, true) ON CONFLICT DO NOTHING;
INSERT INTO branch_menu_items (id, branch_id, menu_id, price, is_highlighted, is_available) VALUES (3626, 42, 2685, 170, false, true) ON CONFLICT DO NOTHING;
INSERT INTO branch_menu_items (id, branch_id, menu_id, price, is_highlighted, is_available) VALUES (3627, 42, 2686, 180, false, true) ON CONFLICT DO NOTHING;
INSERT INTO branch_menu_items (id, branch_id, menu_id, price, is_highlighted, is_available) VALUES (3628, 42, 2687, 180, false, true) ON CONFLICT DO NOTHING;
INSERT INTO branch_menu_items (id, branch_id, menu_id, price, is_highlighted, is_available) VALUES (3629, 42, 2688, 420, false, true) ON CONFLICT DO NOTHING;
INSERT INTO branch_menu_items (id, branch_id, menu_id, price, is_highlighted, is_available) VALUES (3630, 42, 2689, 180, false, true) ON CONFLICT DO NOTHING;
INSERT INTO branch_menu_items (id, branch_id, menu_id, price, is_highlighted, is_available) VALUES (3631, 42, 2690, 50, false, true) ON CONFLICT DO NOTHING;
INSERT INTO branch_menu_items (id, branch_id, menu_id, price, is_highlighted, is_available) VALUES (3632, 42, 2691, 50, false, true) ON CONFLICT DO NOTHING;
INSERT INTO branch_menu_items (id, branch_id, menu_id, price, is_highlighted, is_available) VALUES (3633, 42, 2692, 50, false, true) ON CONFLICT DO NOTHING;
INSERT INTO branch_menu_items (id, branch_id, menu_id, price, is_highlighted, is_available) VALUES (3634, 42, 2693, 50, false, true) ON CONFLICT DO NOTHING;
INSERT INTO branch_menu_items (id, branch_id, menu_id, price, is_highlighted, is_available) VALUES (3635, 42, 2694, 50, false, true) ON CONFLICT DO NOTHING;
INSERT INTO branch_menu_items (id, branch_id, menu_id, price, is_highlighted, is_available) VALUES (3636, 42, 2695, 50, false, true) ON CONFLICT DO NOTHING;
INSERT INTO branch_menu_items (id, branch_id, menu_id, price, is_highlighted, is_available) VALUES (3637, 42, 2696, 50, false, true) ON CONFLICT DO NOTHING;
INSERT INTO branch_menu_items (id, branch_id, menu_id, price, is_highlighted, is_available) VALUES (3638, 42, 2697, 20, false, true) ON CONFLICT DO NOTHING;
INSERT INTO branch_menu_items (id, branch_id, menu_id, price, is_highlighted, is_available) VALUES (3639, 42, 2698, 20, false, true) ON CONFLICT DO NOTHING;
INSERT INTO branch_menu_items (id, branch_id, menu_id, price, is_highlighted, is_available) VALUES (3640, 42, 2699, 20, false, true) ON CONFLICT DO NOTHING;
INSERT INTO branch_menu_items (id, branch_id, menu_id, price, is_highlighted, is_available) VALUES (3641, 42, 2700, 50, false, true) ON CONFLICT DO NOTHING;
INSERT INTO branch_menu_items (id, branch_id, menu_id, price, is_highlighted, is_available) VALUES (3642, 42, 2701, 60, false, true) ON CONFLICT DO NOTHING;
INSERT INTO branch_menu_items (id, branch_id, menu_id, price, is_highlighted, is_available) VALUES (3643, 42, 2702, 50, false, true) ON CONFLICT DO NOTHING;
INSERT INTO branch_menu_items (id, branch_id, menu_id, price, is_highlighted, is_available) VALUES (3644, 42, 2703, 70, false, true) ON CONFLICT DO NOTHING;
INSERT INTO branch_menu_items (id, branch_id, menu_id, price, is_highlighted, is_available) VALUES (3645, 42, 2704, 50, false, true) ON CONFLICT DO NOTHING;
INSERT INTO branch_menu_items (id, branch_id, menu_id, price, is_highlighted, is_available) VALUES (3646, 42, 2705, 50, false, true) ON CONFLICT DO NOTHING;
INSERT INTO branch_menu_items (id, branch_id, menu_id, price, is_highlighted, is_available) VALUES (3647, 42, 2706, 50, false, true) ON CONFLICT DO NOTHING;
INSERT INTO branch_menu_items (id, branch_id, menu_id, price, is_highlighted, is_available) VALUES (3648, 42, 2707, 300, false, true) ON CONFLICT DO NOTHING;
INSERT INTO branch_menu_items (id, branch_id, menu_id, price, is_highlighted, is_available) VALUES (3649, 42, 2708, 750, false, true) ON CONFLICT DO NOTHING;
INSERT INTO branch_menu_items (id, branch_id, menu_id, price, is_highlighted, is_available) VALUES (3650, 42, 2709, 350, false, true) ON CONFLICT DO NOTHING;
INSERT INTO branch_menu_items (id, branch_id, menu_id, price, is_highlighted, is_available) VALUES (3651, 42, 2710, 600, false, true) ON CONFLICT DO NOTHING;
INSERT INTO branch_menu_items (id, branch_id, menu_id, price, is_highlighted, is_available) VALUES (3652, 42, 2711, 300, false, true) ON CONFLICT DO NOTHING;
INSERT INTO branch_menu_items (id, branch_id, menu_id, price, is_highlighted, is_available) VALUES (3653, 42, 2712, 350, false, true) ON CONFLICT DO NOTHING;
INSERT INTO branch_menu_items (id, branch_id, menu_id, price, is_highlighted, is_available) VALUES (3654, 42, 2713, 350, false, true) ON CONFLICT DO NOTHING;
INSERT INTO branch_menu_items (id, branch_id, menu_id, price, is_highlighted, is_available) VALUES (3655, 42, 2714, 350, false, true) ON CONFLICT DO NOTHING;
INSERT INTO branch_menu_items (id, branch_id, menu_id, price, is_highlighted, is_available) VALUES (3656, 42, 2715, 1140, false, true) ON CONFLICT DO NOTHING;
INSERT INTO branch_menu_items (id, branch_id, menu_id, price, is_highlighted, is_available) VALUES (3657, 42, 2716, 2080, false, true) ON CONFLICT DO NOTHING;
INSERT INTO branch_menu_items (id, branch_id, menu_id, price, is_highlighted, is_available) VALUES (3658, 42, 2717, 450, false, true) ON CONFLICT DO NOTHING;
INSERT INTO branch_menu_items (id, branch_id, menu_id, price, is_highlighted, is_available) VALUES (3659, 42, 2718, 440, false, true) ON CONFLICT DO NOTHING;
INSERT INTO branch_menu_items (id, branch_id, menu_id, price, is_highlighted, is_available) VALUES (3660, 42, 2719, 1550, false, true) ON CONFLICT DO NOTHING;
INSERT INTO branch_menu_items (id, branch_id, menu_id, price, is_highlighted, is_available) VALUES (3661, 42, 2720, 720, false, true) ON CONFLICT DO NOTHING;
INSERT INTO branch_menu_items (id, branch_id, menu_id, price, is_highlighted, is_available) VALUES (3662, 42, 2721, 380, false, true) ON CONFLICT DO NOTHING;
INSERT INTO branch_menu_items (id, branch_id, menu_id, price, is_highlighted, is_available) VALUES (3663, 42, 2722, 500, false, true) ON CONFLICT DO NOTHING;
INSERT INTO branch_menu_items (id, branch_id, menu_id, price, is_highlighted, is_available) VALUES (3664, 43, 2723, 1100, false, true) ON CONFLICT DO NOTHING;
INSERT INTO branch_menu_items (id, branch_id, menu_id, price, is_highlighted, is_available) VALUES (3665, 43, 2724, 1550, false, true) ON CONFLICT DO NOTHING;
INSERT INTO branch_menu_items (id, branch_id, menu_id, price, is_highlighted, is_available) VALUES (3666, 43, 2725, 720, false, true) ON CONFLICT DO NOTHING;
INSERT INTO branch_menu_items (id, branch_id, menu_id, price, is_highlighted, is_available) VALUES (3667, 43, 2726, 600, false, true) ON CONFLICT DO NOTHING;
INSERT INTO branch_menu_items (id, branch_id, menu_id, price, is_highlighted, is_available) VALUES (3668, 43, 2727, 690, false, true) ON CONFLICT DO NOTHING;
INSERT INTO branch_menu_items (id, branch_id, menu_id, price, is_highlighted, is_available) VALUES (3669, 43, 2728, 590, false, true) ON CONFLICT DO NOTHING;
INSERT INTO branch_menu_items (id, branch_id, menu_id, price, is_highlighted, is_available) VALUES (3670, 43, 2729, 680, false, true) ON CONFLICT DO NOTHING;
INSERT INTO branch_menu_items (id, branch_id, menu_id, price, is_highlighted, is_available) VALUES (3671, 43, 2730, 630, false, true) ON CONFLICT DO NOTHING;
INSERT INTO branch_menu_items (id, branch_id, menu_id, price, is_highlighted, is_available) VALUES (3672, 43, 2731, 790, false, true) ON CONFLICT DO NOTHING;
INSERT INTO branch_menu_items (id, branch_id, menu_id, price, is_highlighted, is_available) VALUES (3673, 43, 2732, 510, false, true) ON CONFLICT DO NOTHING;
INSERT INTO branch_menu_items (id, branch_id, menu_id, price, is_highlighted, is_available) VALUES (3674, 43, 2733, 600, false, true) ON CONFLICT DO NOTHING;
INSERT INTO branch_menu_items (id, branch_id, menu_id, price, is_highlighted, is_available) VALUES (3675, 43, 2734, 590, false, true) ON CONFLICT DO NOTHING;
INSERT INTO branch_menu_items (id, branch_id, menu_id, price, is_highlighted, is_available) VALUES (3676, 43, 2735, 710, false, true) ON CONFLICT DO NOTHING;
INSERT INTO branch_menu_items (id, branch_id, menu_id, price, is_highlighted, is_available) VALUES (3677, 43, 2736, 610, false, true) ON CONFLICT DO NOTHING;
INSERT INTO branch_menu_items (id, branch_id, menu_id, price, is_highlighted, is_available) VALUES (3678, 43, 2737, 700, false, true) ON CONFLICT DO NOTHING;
INSERT INTO branch_menu_items (id, branch_id, menu_id, price, is_highlighted, is_available) VALUES (3679, 43, 2738, 630, false, true) ON CONFLICT DO NOTHING;
INSERT INTO branch_menu_items (id, branch_id, menu_id, price, is_highlighted, is_available) VALUES (3680, 43, 2739, 790, false, true) ON CONFLICT DO NOTHING;
INSERT INTO branch_menu_items (id, branch_id, menu_id, price, is_highlighted, is_available) VALUES (3681, 43, 2740, 550, false, true) ON CONFLICT DO NOTHING;
INSERT INTO branch_menu_items (id, branch_id, menu_id, price, is_highlighted, is_available) VALUES (3682, 43, 2741, 730, false, true) ON CONFLICT DO NOTHING;
INSERT INTO branch_menu_items (id, branch_id, menu_id, price, is_highlighted, is_available) VALUES (3683, 43, 2742, 610, false, true) ON CONFLICT DO NOTHING;
INSERT INTO branch_menu_items (id, branch_id, menu_id, price, is_highlighted, is_available) VALUES (3684, 43, 2743, 730, false, true) ON CONFLICT DO NOTHING;
INSERT INTO branch_menu_items (id, branch_id, menu_id, price, is_highlighted, is_available) VALUES (3685, 43, 2744, 710, false, true) ON CONFLICT DO NOTHING;
INSERT INTO branch_menu_items (id, branch_id, menu_id, price, is_highlighted, is_available) VALUES (3686, 43, 2745, 920, false, true) ON CONFLICT DO NOTHING;
INSERT INTO branch_menu_items (id, branch_id, menu_id, price, is_highlighted, is_available) VALUES (3687, 43, 2746, 710, false, true) ON CONFLICT DO NOTHING;
INSERT INTO branch_menu_items (id, branch_id, menu_id, price, is_highlighted, is_available) VALUES (3688, 43, 2747, 920, false, true) ON CONFLICT DO NOTHING;
INSERT INTO branch_menu_items (id, branch_id, menu_id, price, is_highlighted, is_available) VALUES (3689, 43, 2748, 890, false, true) ON CONFLICT DO NOTHING;
INSERT INTO branch_menu_items (id, branch_id, menu_id, price, is_highlighted, is_available) VALUES (3690, 43, 2749, 1130, false, true) ON CONFLICT DO NOTHING;
INSERT INTO branch_menu_items (id, branch_id, menu_id, price, is_highlighted, is_available) VALUES (3691, 43, 2750, 850, false, true) ON CONFLICT DO NOTHING;
INSERT INTO branch_menu_items (id, branch_id, menu_id, price, is_highlighted, is_available) VALUES (3692, 43, 2751, 990, false, true) ON CONFLICT DO NOTHING;
INSERT INTO branch_menu_items (id, branch_id, menu_id, price, is_highlighted, is_available) VALUES (3693, 43, 2752, 770, false, true) ON CONFLICT DO NOTHING;
INSERT INTO branch_menu_items (id, branch_id, menu_id, price, is_highlighted, is_available) VALUES (3694, 43, 2753, 590, false, true) ON CONFLICT DO NOTHING;
INSERT INTO branch_menu_items (id, branch_id, menu_id, price, is_highlighted, is_available) VALUES (3695, 43, 2754, 750, false, true) ON CONFLICT DO NOTHING;
INSERT INTO branch_menu_items (id, branch_id, menu_id, price, is_highlighted, is_available) VALUES (3696, 43, 2755, 610, false, true) ON CONFLICT DO NOTHING;
INSERT INTO branch_menu_items (id, branch_id, menu_id, price, is_highlighted, is_available) VALUES (3697, 43, 2756, 730, false, true) ON CONFLICT DO NOTHING;
INSERT INTO branch_menu_items (id, branch_id, menu_id, price, is_highlighted, is_available) VALUES (3698, 43, 2757, 600, false, true) ON CONFLICT DO NOTHING;
INSERT INTO branch_menu_items (id, branch_id, menu_id, price, is_highlighted, is_available) VALUES (3699, 43, 2758, 730, false, true) ON CONFLICT DO NOTHING;
INSERT INTO branch_menu_items (id, branch_id, menu_id, price, is_highlighted, is_available) VALUES (3700, 43, 2759, 590, false, true) ON CONFLICT DO NOTHING;
INSERT INTO branch_menu_items (id, branch_id, menu_id, price, is_highlighted, is_available) VALUES (3701, 43, 2760, 750, false, true) ON CONFLICT DO NOTHING;
INSERT INTO branch_menu_items (id, branch_id, menu_id, price, is_highlighted, is_available) VALUES (3702, 43, 2761, 640, false, true) ON CONFLICT DO NOTHING;
INSERT INTO branch_menu_items (id, branch_id, menu_id, price, is_highlighted, is_available) VALUES (3703, 43, 2762, 610, false, true) ON CONFLICT DO NOTHING;
INSERT INTO branch_menu_items (id, branch_id, menu_id, price, is_highlighted, is_available) VALUES (3704, 43, 2763, 710, false, true) ON CONFLICT DO NOTHING;
INSERT INTO branch_menu_items (id, branch_id, menu_id, price, is_highlighted, is_available) VALUES (3705, 43, 2764, 790, false, true) ON CONFLICT DO NOTHING;
INSERT INTO branch_menu_items (id, branch_id, menu_id, price, is_highlighted, is_available) VALUES (3706, 43, 2765, 750, false, true) ON CONFLICT DO NOTHING;
INSERT INTO branch_menu_items (id, branch_id, menu_id, price, is_highlighted, is_available) VALUES (3707, 43, 2766, 590, false, true) ON CONFLICT DO NOTHING;
INSERT INTO branch_menu_items (id, branch_id, menu_id, price, is_highlighted, is_available) VALUES (3708, 43, 2767, 950, false, true) ON CONFLICT DO NOTHING;
INSERT INTO branch_menu_items (id, branch_id, menu_id, price, is_highlighted, is_available) VALUES (3709, 43, 2768, 400, false, true) ON CONFLICT DO NOTHING;
INSERT INTO branch_menu_items (id, branch_id, menu_id, price, is_highlighted, is_available) VALUES (3710, 43, 2769, 420, false, true) ON CONFLICT DO NOTHING;
INSERT INTO branch_menu_items (id, branch_id, menu_id, price, is_highlighted, is_available) VALUES (3711, 43, 2770, 570, false, true) ON CONFLICT DO NOTHING;
INSERT INTO branch_menu_items (id, branch_id, menu_id, price, is_highlighted, is_available) VALUES (3712, 43, 2771, 440, false, true) ON CONFLICT DO NOTHING;
INSERT INTO branch_menu_items (id, branch_id, menu_id, price, is_highlighted, is_available) VALUES (3713, 43, 2772, 0, false, true) ON CONFLICT DO NOTHING;
INSERT INTO branch_menu_items (id, branch_id, menu_id, price, is_highlighted, is_available) VALUES (3714, 43, 2773, 400, false, true) ON CONFLICT DO NOTHING;
INSERT INTO branch_menu_items (id, branch_id, menu_id, price, is_highlighted, is_available) VALUES (3715, 43, 2774, 570, false, true) ON CONFLICT DO NOTHING;
INSERT INTO branch_menu_items (id, branch_id, menu_id, price, is_highlighted, is_available) VALUES (3716, 43, 2775, 720, false, true) ON CONFLICT DO NOTHING;
INSERT INTO branch_menu_items (id, branch_id, menu_id, price, is_highlighted, is_available) VALUES (3717, 43, 2776, 610, false, true) ON CONFLICT DO NOTHING;
INSERT INTO branch_menu_items (id, branch_id, menu_id, price, is_highlighted, is_available) VALUES (3718, 43, 2777, 640, false, true) ON CONFLICT DO NOTHING;
INSERT INTO branch_menu_items (id, branch_id, menu_id, price, is_highlighted, is_available) VALUES (3719, 43, 2778, 950, false, true) ON CONFLICT DO NOTHING;
INSERT INTO branch_menu_items (id, branch_id, menu_id, price, is_highlighted, is_available) VALUES (3720, 43, 2779, 750, false, true) ON CONFLICT DO NOTHING;
INSERT INTO branch_menu_items (id, branch_id, menu_id, price, is_highlighted, is_available) VALUES (3721, 43, 2780, 590, false, true) ON CONFLICT DO NOTHING;
INSERT INTO branch_menu_items (id, branch_id, menu_id, price, is_highlighted, is_available) VALUES (3722, 43, 2781, 690, false, true) ON CONFLICT DO NOTHING;
INSERT INTO branch_menu_items (id, branch_id, menu_id, price, is_highlighted, is_available) VALUES (3723, 43, 2782, 600, false, true) ON CONFLICT DO NOTHING;
INSERT INTO branch_menu_items (id, branch_id, menu_id, price, is_highlighted, is_available) VALUES (3724, 43, 2783, 690, false, true) ON CONFLICT DO NOTHING;
INSERT INTO branch_menu_items (id, branch_id, menu_id, price, is_highlighted, is_available) VALUES (3725, 43, 2784, 690, false, true) ON CONFLICT DO NOTHING;
INSERT INTO branch_menu_items (id, branch_id, menu_id, price, is_highlighted, is_available) VALUES (3726, 43, 2785, 650, false, true) ON CONFLICT DO NOTHING;
INSERT INTO branch_menu_items (id, branch_id, menu_id, price, is_highlighted, is_available) VALUES (3727, 43, 2786, 690, false, true) ON CONFLICT DO NOTHING;
INSERT INTO branch_menu_items (id, branch_id, menu_id, price, is_highlighted, is_available) VALUES (3728, 43, 2787, 650, false, true) ON CONFLICT DO NOTHING;
INSERT INTO branch_menu_items (id, branch_id, menu_id, price, is_highlighted, is_available) VALUES (3729, 43, 2788, 990, false, true) ON CONFLICT DO NOTHING;
INSERT INTO branch_menu_items (id, branch_id, menu_id, price, is_highlighted, is_available) VALUES (3730, 43, 2789, 1090, false, true) ON CONFLICT DO NOTHING;
INSERT INTO branch_menu_items (id, branch_id, menu_id, price, is_highlighted, is_available) VALUES (3731, 43, 2790, 1290, false, true) ON CONFLICT DO NOTHING;
INSERT INTO branch_menu_items (id, branch_id, menu_id, price, is_highlighted, is_available) VALUES (3732, 43, 2791, 620, false, true) ON CONFLICT DO NOTHING;
INSERT INTO branch_menu_items (id, branch_id, menu_id, price, is_highlighted, is_available) VALUES (3733, 43, 2792, 620, false, true) ON CONFLICT DO NOTHING;
INSERT INTO branch_menu_items (id, branch_id, menu_id, price, is_highlighted, is_available) VALUES (3734, 43, 2793, 620, false, true) ON CONFLICT DO NOTHING;
INSERT INTO branch_menu_items (id, branch_id, menu_id, price, is_highlighted, is_available) VALUES (3735, 43, 2794, 620, false, true) ON CONFLICT DO NOTHING;
INSERT INTO branch_menu_items (id, branch_id, menu_id, price, is_highlighted, is_available) VALUES (3736, 43, 2795, 790, false, true) ON CONFLICT DO NOTHING;
INSERT INTO branch_menu_items (id, branch_id, menu_id, price, is_highlighted, is_available) VALUES (3737, 43, 2796, 350, false, true) ON CONFLICT DO NOTHING;
INSERT INTO branch_menu_items (id, branch_id, menu_id, price, is_highlighted, is_available) VALUES (3738, 43, 2797, 560, false, true) ON CONFLICT DO NOTHING;
INSERT INTO branch_menu_items (id, branch_id, menu_id, price, is_highlighted, is_available) VALUES (3739, 43, 2798, 350, false, true) ON CONFLICT DO NOTHING;
INSERT INTO branch_menu_items (id, branch_id, menu_id, price, is_highlighted, is_available) VALUES (3740, 43, 2799, 390, false, true) ON CONFLICT DO NOTHING;
INSERT INTO branch_menu_items (id, branch_id, menu_id, price, is_highlighted, is_available) VALUES (3741, 43, 2800, 340, false, true) ON CONFLICT DO NOTHING;
INSERT INTO branch_menu_items (id, branch_id, menu_id, price, is_highlighted, is_available) VALUES (3742, 43, 2801, 350, false, true) ON CONFLICT DO NOTHING;
INSERT INTO branch_menu_items (id, branch_id, menu_id, price, is_highlighted, is_available) VALUES (3743, 43, 2802, 320, false, true) ON CONFLICT DO NOTHING;
INSERT INTO branch_menu_items (id, branch_id, menu_id, price, is_highlighted, is_available) VALUES (3744, 43, 2803, 490, false, true) ON CONFLICT DO NOTHING;
INSERT INTO branch_menu_items (id, branch_id, menu_id, price, is_highlighted, is_available) VALUES (3745, 43, 2804, 490, false, true) ON CONFLICT DO NOTHING;
INSERT INTO branch_menu_items (id, branch_id, menu_id, price, is_highlighted, is_available) VALUES (3746, 43, 2805, 500, false, true) ON CONFLICT DO NOTHING;
INSERT INTO branch_menu_items (id, branch_id, menu_id, price, is_highlighted, is_available) VALUES (3747, 43, 2806, 250, false, true) ON CONFLICT DO NOTHING;
INSERT INTO branch_menu_items (id, branch_id, menu_id, price, is_highlighted, is_available) VALUES (3748, 43, 2807, 300, false, true) ON CONFLICT DO NOTHING;
INSERT INTO branch_menu_items (id, branch_id, menu_id, price, is_highlighted, is_available) VALUES (3749, 43, 2808, 300, false, true) ON CONFLICT DO NOTHING;
INSERT INTO branch_menu_items (id, branch_id, menu_id, price, is_highlighted, is_available) VALUES (3750, 43, 2809, 300, false, true) ON CONFLICT DO NOTHING;
INSERT INTO branch_menu_items (id, branch_id, menu_id, price, is_highlighted, is_available) VALUES (3751, 43, 2810, 290, false, true) ON CONFLICT DO NOTHING;
INSERT INTO branch_menu_items (id, branch_id, menu_id, price, is_highlighted, is_available) VALUES (3752, 43, 2811, 300, false, true) ON CONFLICT DO NOTHING;
INSERT INTO branch_menu_items (id, branch_id, menu_id, price, is_highlighted, is_available) VALUES (3753, 43, 2812, 150, false, true) ON CONFLICT DO NOTHING;
INSERT INTO branch_menu_items (id, branch_id, menu_id, price, is_highlighted, is_available) VALUES (3754, 43, 2813, 350, false, true) ON CONFLICT DO NOTHING;
INSERT INTO branch_menu_items (id, branch_id, menu_id, price, is_highlighted, is_available) VALUES (3755, 43, 2814, 350, false, true) ON CONFLICT DO NOTHING;
INSERT INTO branch_menu_items (id, branch_id, menu_id, price, is_highlighted, is_available) VALUES (3756, 43, 2815, 350, false, true) ON CONFLICT DO NOTHING;
INSERT INTO branch_menu_items (id, branch_id, menu_id, price, is_highlighted, is_available) VALUES (3757, 43, 2816, 280, false, true) ON CONFLICT DO NOTHING;
INSERT INTO branch_menu_items (id, branch_id, menu_id, price, is_highlighted, is_available) VALUES (3758, 43, 2817, 40, false, true) ON CONFLICT DO NOTHING;
INSERT INTO branch_menu_items (id, branch_id, menu_id, price, is_highlighted, is_available) VALUES (3759, 43, 2818, 60, false, true) ON CONFLICT DO NOTHING;
INSERT INTO branch_menu_items (id, branch_id, menu_id, price, is_highlighted, is_available) VALUES (3760, 43, 2819, 330, false, true) ON CONFLICT DO NOTHING;
INSERT INTO branch_menu_items (id, branch_id, menu_id, price, is_highlighted, is_available) VALUES (3761, 43, 2820, 350, false, true) ON CONFLICT DO NOTHING;
INSERT INTO branch_menu_items (id, branch_id, menu_id, price, is_highlighted, is_available) VALUES (3762, 43, 2821, 670, false, true) ON CONFLICT DO NOTHING;
INSERT INTO branch_menu_items (id, branch_id, menu_id, price, is_highlighted, is_available) VALUES (3763, 43, 2822, 390, false, true) ON CONFLICT DO NOTHING;
INSERT INTO branch_menu_items (id, branch_id, menu_id, price, is_highlighted, is_available) VALUES (3764, 43, 2823, 270, false, true) ON CONFLICT DO NOTHING;
INSERT INTO branch_menu_items (id, branch_id, menu_id, price, is_highlighted, is_available) VALUES (3765, 43, 2824, 270, false, true) ON CONFLICT DO NOTHING;
INSERT INTO branch_menu_items (id, branch_id, menu_id, price, is_highlighted, is_available) VALUES (3766, 43, 2825, 350, false, true) ON CONFLICT DO NOTHING;
INSERT INTO branch_menu_items (id, branch_id, menu_id, price, is_highlighted, is_available) VALUES (3767, 43, 2826, 200, false, true) ON CONFLICT DO NOTHING;
INSERT INTO branch_menu_items (id, branch_id, menu_id, price, is_highlighted, is_available) VALUES (3768, 43, 2827, 200, false, true) ON CONFLICT DO NOTHING;
INSERT INTO branch_menu_items (id, branch_id, menu_id, price, is_highlighted, is_available) VALUES (3769, 43, 2828, 200, false, true) ON CONFLICT DO NOTHING;
INSERT INTO branch_menu_items (id, branch_id, menu_id, price, is_highlighted, is_available) VALUES (3770, 43, 2829, 350, false, true) ON CONFLICT DO NOTHING;
INSERT INTO branch_menu_items (id, branch_id, menu_id, price, is_highlighted, is_available) VALUES (3771, 43, 2830, 120, false, true) ON CONFLICT DO NOTHING;
INSERT INTO branch_menu_items (id, branch_id, menu_id, price, is_highlighted, is_available) VALUES (3772, 43, 2831, 490, false, true) ON CONFLICT DO NOTHING;
INSERT INTO branch_menu_items (id, branch_id, menu_id, price, is_highlighted, is_available) VALUES (3773, 43, 2832, 390, false, true) ON CONFLICT DO NOTHING;
INSERT INTO branch_menu_items (id, branch_id, menu_id, price, is_highlighted, is_available) VALUES (3774, 43, 2833, 450, false, true) ON CONFLICT DO NOTHING;
INSERT INTO branch_menu_items (id, branch_id, menu_id, price, is_highlighted, is_available) VALUES (3775, 43, 2834, 500, false, true) ON CONFLICT DO NOTHING;
INSERT INTO branch_menu_items (id, branch_id, menu_id, price, is_highlighted, is_available) VALUES (3776, 43, 2835, 250, false, true) ON CONFLICT DO NOTHING;
INSERT INTO branch_menu_items (id, branch_id, menu_id, price, is_highlighted, is_available) VALUES (3777, 43, 2836, 250, false, true) ON CONFLICT DO NOTHING;
INSERT INTO branch_menu_items (id, branch_id, menu_id, price, is_highlighted, is_available) VALUES (3778, 43, 2837, 250, false, true) ON CONFLICT DO NOTHING;
INSERT INTO branch_menu_items (id, branch_id, menu_id, price, is_highlighted, is_available) VALUES (3779, 43, 2838, 450, false, true) ON CONFLICT DO NOTHING;
INSERT INTO branch_menu_items (id, branch_id, menu_id, price, is_highlighted, is_available) VALUES (3780, 43, 2839, 390, false, true) ON CONFLICT DO NOTHING;
INSERT INTO branch_menu_items (id, branch_id, menu_id, price, is_highlighted, is_available) VALUES (3781, 43, 2840, 550, false, true) ON CONFLICT DO NOTHING;
INSERT INTO branch_menu_items (id, branch_id, menu_id, price, is_highlighted, is_available) VALUES (3782, 43, 2841, 350, false, true) ON CONFLICT DO NOTHING;
INSERT INTO branch_menu_items (id, branch_id, menu_id, price, is_highlighted, is_available) VALUES (3783, 43, 2842, 420, false, true) ON CONFLICT DO NOTHING;
INSERT INTO branch_menu_items (id, branch_id, menu_id, price, is_highlighted, is_available) VALUES (3784, 43, 2843, 420, false, true) ON CONFLICT DO NOTHING;
INSERT INTO branch_menu_items (id, branch_id, menu_id, price, is_highlighted, is_available) VALUES (3785, 43, 2844, 390, false, true) ON CONFLICT DO NOTHING;
INSERT INTO branch_menu_items (id, branch_id, menu_id, price, is_highlighted, is_available) VALUES (3786, 43, 2845, 120, false, true) ON CONFLICT DO NOTHING;
INSERT INTO branch_menu_items (id, branch_id, menu_id, price, is_highlighted, is_available) VALUES (3787, 43, 2846, 120, false, true) ON CONFLICT DO NOTHING;
INSERT INTO branch_menu_items (id, branch_id, menu_id, price, is_highlighted, is_available) VALUES (3788, 43, 2847, 180, false, true) ON CONFLICT DO NOTHING;
INSERT INTO branch_menu_items (id, branch_id, menu_id, price, is_highlighted, is_available) VALUES (3789, 43, 2848, 180, false, true) ON CONFLICT DO NOTHING;
INSERT INTO branch_menu_items (id, branch_id, menu_id, price, is_highlighted, is_available) VALUES (3790, 43, 2849, 180, false, true) ON CONFLICT DO NOTHING;
INSERT INTO branch_menu_items (id, branch_id, menu_id, price, is_highlighted, is_available) VALUES (3791, 43, 2850, 180, false, true) ON CONFLICT DO NOTHING;
INSERT INTO branch_menu_items (id, branch_id, menu_id, price, is_highlighted, is_available) VALUES (3792, 43, 2851, 180, false, true) ON CONFLICT DO NOTHING;
INSERT INTO branch_menu_items (id, branch_id, menu_id, price, is_highlighted, is_available) VALUES (3793, 43, 2852, 180, false, true) ON CONFLICT DO NOTHING;
INSERT INTO branch_menu_items (id, branch_id, menu_id, price, is_highlighted, is_available) VALUES (3794, 43, 2853, 170, false, true) ON CONFLICT DO NOTHING;
INSERT INTO branch_menu_items (id, branch_id, menu_id, price, is_highlighted, is_available) VALUES (3795, 43, 2854, 180, false, true) ON CONFLICT DO NOTHING;
INSERT INTO branch_menu_items (id, branch_id, menu_id, price, is_highlighted, is_available) VALUES (3796, 43, 2855, 180, false, true) ON CONFLICT DO NOTHING;
INSERT INTO branch_menu_items (id, branch_id, menu_id, price, is_highlighted, is_available) VALUES (3797, 43, 2856, 420, false, true) ON CONFLICT DO NOTHING;
INSERT INTO branch_menu_items (id, branch_id, menu_id, price, is_highlighted, is_available) VALUES (3798, 43, 2857, 180, false, true) ON CONFLICT DO NOTHING;
INSERT INTO branch_menu_items (id, branch_id, menu_id, price, is_highlighted, is_available) VALUES (3799, 43, 2858, 50, false, true) ON CONFLICT DO NOTHING;
INSERT INTO branch_menu_items (id, branch_id, menu_id, price, is_highlighted, is_available) VALUES (3800, 43, 2859, 50, false, true) ON CONFLICT DO NOTHING;
INSERT INTO branch_menu_items (id, branch_id, menu_id, price, is_highlighted, is_available) VALUES (3801, 43, 2860, 50, false, true) ON CONFLICT DO NOTHING;
INSERT INTO branch_menu_items (id, branch_id, menu_id, price, is_highlighted, is_available) VALUES (3802, 43, 2861, 50, false, true) ON CONFLICT DO NOTHING;
INSERT INTO branch_menu_items (id, branch_id, menu_id, price, is_highlighted, is_available) VALUES (3803, 43, 2862, 50, false, true) ON CONFLICT DO NOTHING;
INSERT INTO branch_menu_items (id, branch_id, menu_id, price, is_highlighted, is_available) VALUES (3804, 43, 2863, 50, false, true) ON CONFLICT DO NOTHING;
INSERT INTO branch_menu_items (id, branch_id, menu_id, price, is_highlighted, is_available) VALUES (3805, 43, 2864, 50, false, true) ON CONFLICT DO NOTHING;
INSERT INTO branch_menu_items (id, branch_id, menu_id, price, is_highlighted, is_available) VALUES (3806, 43, 2865, 20, false, true) ON CONFLICT DO NOTHING;
INSERT INTO branch_menu_items (id, branch_id, menu_id, price, is_highlighted, is_available) VALUES (3807, 43, 2866, 20, false, true) ON CONFLICT DO NOTHING;
INSERT INTO branch_menu_items (id, branch_id, menu_id, price, is_highlighted, is_available) VALUES (3808, 43, 2867, 20, false, true) ON CONFLICT DO NOTHING;
INSERT INTO branch_menu_items (id, branch_id, menu_id, price, is_highlighted, is_available) VALUES (3809, 43, 2868, 50, false, true) ON CONFLICT DO NOTHING;
INSERT INTO branch_menu_items (id, branch_id, menu_id, price, is_highlighted, is_available) VALUES (3810, 43, 2869, 60, false, true) ON CONFLICT DO NOTHING;
INSERT INTO branch_menu_items (id, branch_id, menu_id, price, is_highlighted, is_available) VALUES (3811, 43, 2870, 50, false, true) ON CONFLICT DO NOTHING;
INSERT INTO branch_menu_items (id, branch_id, menu_id, price, is_highlighted, is_available) VALUES (3812, 43, 2871, 70, false, true) ON CONFLICT DO NOTHING;
INSERT INTO branch_menu_items (id, branch_id, menu_id, price, is_highlighted, is_available) VALUES (3813, 43, 2872, 50, false, true) ON CONFLICT DO NOTHING;
INSERT INTO branch_menu_items (id, branch_id, menu_id, price, is_highlighted, is_available) VALUES (3814, 43, 2873, 50, false, true) ON CONFLICT DO NOTHING;
INSERT INTO branch_menu_items (id, branch_id, menu_id, price, is_highlighted, is_available) VALUES (3815, 43, 2874, 50, false, true) ON CONFLICT DO NOTHING;
INSERT INTO branch_menu_items (id, branch_id, menu_id, price, is_highlighted, is_available) VALUES (3816, 43, 2875, 300, false, true) ON CONFLICT DO NOTHING;
INSERT INTO branch_menu_items (id, branch_id, menu_id, price, is_highlighted, is_available) VALUES (3817, 43, 2876, 750, false, true) ON CONFLICT DO NOTHING;
INSERT INTO branch_menu_items (id, branch_id, menu_id, price, is_highlighted, is_available) VALUES (3818, 43, 2877, 350, false, true) ON CONFLICT DO NOTHING;
INSERT INTO branch_menu_items (id, branch_id, menu_id, price, is_highlighted, is_available) VALUES (3819, 43, 2878, 600, false, true) ON CONFLICT DO NOTHING;
INSERT INTO branch_menu_items (id, branch_id, menu_id, price, is_highlighted, is_available) VALUES (3820, 43, 2879, 300, false, true) ON CONFLICT DO NOTHING;
INSERT INTO branch_menu_items (id, branch_id, menu_id, price, is_highlighted, is_available) VALUES (3821, 43, 2880, 350, false, true) ON CONFLICT DO NOTHING;
INSERT INTO branch_menu_items (id, branch_id, menu_id, price, is_highlighted, is_available) VALUES (3822, 43, 2881, 350, false, true) ON CONFLICT DO NOTHING;
INSERT INTO branch_menu_items (id, branch_id, menu_id, price, is_highlighted, is_available) VALUES (3823, 43, 2882, 350, false, true) ON CONFLICT DO NOTHING;
INSERT INTO branch_menu_items (id, branch_id, menu_id, price, is_highlighted, is_available) VALUES (3824, 43, 2883, 420, false, true) ON CONFLICT DO NOTHING;
INSERT INTO branch_menu_items (id, branch_id, menu_id, price, is_highlighted, is_available) VALUES (3825, 43, 2884, 320, false, true) ON CONFLICT DO NOTHING;
INSERT INTO branch_menu_items (id, branch_id, menu_id, price, is_highlighted, is_available) VALUES (3826, 43, 2885, 350, false, true) ON CONFLICT DO NOTHING;
INSERT INTO branch_menu_items (id, branch_id, menu_id, price, is_highlighted, is_available) VALUES (3827, 43, 2886, 350, false, true) ON CONFLICT DO NOTHING;
INSERT INTO branch_menu_items (id, branch_id, menu_id, price, is_highlighted, is_available) VALUES (3828, 43, 2887, 350, false, true) ON CONFLICT DO NOTHING;
INSERT INTO branch_menu_items (id, branch_id, menu_id, price, is_highlighted, is_available) VALUES (3829, 43, 2888, 350, false, true) ON CONFLICT DO NOTHING;
INSERT INTO branch_menu_items (id, branch_id, menu_id, price, is_highlighted, is_available) VALUES (3830, 43, 2889, 400, false, true) ON CONFLICT DO NOTHING;
INSERT INTO branch_menu_items (id, branch_id, menu_id, price, is_highlighted, is_available) VALUES (3831, 43, 2890, 300, false, true) ON CONFLICT DO NOTHING;
INSERT INTO branch_menu_items (id, branch_id, menu_id, price, is_highlighted, is_available) VALUES (3832, 43, 2891, 320, false, true) ON CONFLICT DO NOTHING;
INSERT INTO branch_menu_items (id, branch_id, menu_id, price, is_highlighted, is_available) VALUES (3833, 43, 2892, 250, false, true) ON CONFLICT DO NOTHING;
INSERT INTO branch_menu_items (id, branch_id, menu_id, price, is_highlighted, is_available) VALUES (3834, 43, 2893, 980, false, true) ON CONFLICT DO NOTHING;
INSERT INTO branch_menu_items (id, branch_id, menu_id, price, is_highlighted, is_available) VALUES (3835, 43, 2894, 1140, false, true) ON CONFLICT DO NOTHING;
INSERT INTO branch_menu_items (id, branch_id, menu_id, price, is_highlighted, is_available) VALUES (3836, 43, 2895, 2080, false, true) ON CONFLICT DO NOTHING;
INSERT INTO branch_menu_items (id, branch_id, menu_id, price, is_highlighted, is_available) VALUES (3837, 43, 2896, 440, false, true) ON CONFLICT DO NOTHING;
INSERT INTO branch_menu_items (id, branch_id, menu_id, price, is_highlighted, is_available) VALUES (3838, 43, 2897, 380, false, true) ON CONFLICT DO NOTHING;
INSERT INTO branch_menu_items (id, branch_id, menu_id, price, is_highlighted, is_available) VALUES (3839, 43, 2898, 850, false, true) ON CONFLICT DO NOTHING;
INSERT INTO branch_menu_items (id, branch_id, menu_id, price, is_highlighted, is_available) VALUES (3840, 43, 2899, 720, false, true) ON CONFLICT DO NOTHING;
INSERT INTO branch_menu_items (id, branch_id, menu_id, price, is_highlighted, is_available) VALUES (3841, 43, 2900, 500, false, true) ON CONFLICT DO NOTHING;
INSERT INTO branch_menu_items (id, branch_id, menu_id, price, is_highlighted, is_available) VALUES (3842, 44, 2901, 650, false, true) ON CONFLICT DO NOTHING;
INSERT INTO branch_menu_items (id, branch_id, menu_id, price, is_highlighted, is_available) VALUES (3843, 44, 2902, 50, false, true) ON CONFLICT DO NOTHING;
INSERT INTO branch_menu_items (id, branch_id, menu_id, price, is_highlighted, is_available) VALUES (3844, 44, 2903, 180, false, true) ON CONFLICT DO NOTHING;
INSERT INTO branch_menu_items (id, branch_id, menu_id, price, is_highlighted, is_available) VALUES (3845, 44, 2904, 180, false, true) ON CONFLICT DO NOTHING;
INSERT INTO branch_menu_items (id, branch_id, menu_id, price, is_highlighted, is_available) VALUES (3846, 44, 2905, 170, false, true) ON CONFLICT DO NOTHING;
INSERT INTO branch_menu_items (id, branch_id, menu_id, price, is_highlighted, is_available) VALUES (3847, 44, 2906, 270, false, true) ON CONFLICT DO NOTHING;
INSERT INTO branch_menu_items (id, branch_id, menu_id, price, is_highlighted, is_available) VALUES (3848, 44, 2907, 980, false, true) ON CONFLICT DO NOTHING;
INSERT INTO branch_menu_items (id, branch_id, menu_id, price, is_highlighted, is_available) VALUES (3849, 44, 2908, 350, false, true) ON CONFLICT DO NOTHING;
INSERT INTO branch_menu_items (id, branch_id, menu_id, price, is_highlighted, is_available) VALUES (3850, 44, 2909, 180, false, true) ON CONFLICT DO NOTHING;
INSERT INTO branch_menu_items (id, branch_id, menu_id, price, is_highlighted, is_available) VALUES (3851, 44, 2910, 320, false, true) ON CONFLICT DO NOTHING;
INSERT INTO branch_menu_items (id, branch_id, menu_id, price, is_highlighted, is_available) VALUES (3852, 44, 2911, 950, false, true) ON CONFLICT DO NOTHING;
INSERT INTO branch_menu_items (id, branch_id, menu_id, price, is_highlighted, is_available) VALUES (3853, 44, 2912, 920, false, true) ON CONFLICT DO NOTHING;
INSERT INTO branch_menu_items (id, branch_id, menu_id, price, is_highlighted, is_available) VALUES (3854, 44, 2913, 610, false, true) ON CONFLICT DO NOTHING;
INSERT INTO branch_menu_items (id, branch_id, menu_id, price, is_highlighted, is_available) VALUES (3855, 44, 2914, 640, false, true) ON CONFLICT DO NOTHING;
INSERT INTO branch_menu_items (id, branch_id, menu_id, price, is_highlighted, is_available) VALUES (3856, 44, 2915, 350, false, true) ON CONFLICT DO NOTHING;
INSERT INTO branch_menu_items (id, branch_id, menu_id, price, is_highlighted, is_available) VALUES (3857, 44, 2916, 390, false, true) ON CONFLICT DO NOTHING;
INSERT INTO branch_menu_items (id, branch_id, menu_id, price, is_highlighted, is_available) VALUES (3858, 44, 2917, 630, false, true) ON CONFLICT DO NOTHING;
INSERT INTO branch_menu_items (id, branch_id, menu_id, price, is_highlighted, is_available) VALUES (3859, 44, 2918, 50, false, true) ON CONFLICT DO NOTHING;
INSERT INTO branch_menu_items (id, branch_id, menu_id, price, is_highlighted, is_available) VALUES (3860, 44, 2919, 550, false, true) ON CONFLICT DO NOTHING;
INSERT INTO branch_menu_items (id, branch_id, menu_id, price, is_highlighted, is_available) VALUES (3861, 44, 2920, 290, false, true) ON CONFLICT DO NOTHING;
INSERT INTO branch_menu_items (id, branch_id, menu_id, price, is_highlighted, is_available) VALUES (3862, 44, 2921, 690, false, true) ON CONFLICT DO NOTHING;
INSERT INTO branch_menu_items (id, branch_id, menu_id, price, is_highlighted, is_available) VALUES (3863, 44, 2922, 750, false, true) ON CONFLICT DO NOTHING;
INSERT INTO branch_menu_items (id, branch_id, menu_id, price, is_highlighted, is_available) VALUES (3864, 44, 2923, 770, false, true) ON CONFLICT DO NOTHING;
INSERT INTO branch_menu_items (id, branch_id, menu_id, price, is_highlighted, is_available) VALUES (3865, 44, 2924, 490, false, true) ON CONFLICT DO NOTHING;
INSERT INTO branch_menu_items (id, branch_id, menu_id, price, is_highlighted, is_available) VALUES (3866, 44, 2925, 200, false, true) ON CONFLICT DO NOTHING;
INSERT INTO branch_menu_items (id, branch_id, menu_id, price, is_highlighted, is_available) VALUES (3867, 44, 2926, 180, false, true) ON CONFLICT DO NOTHING;
INSERT INTO branch_menu_items (id, branch_id, menu_id, price, is_highlighted, is_available) VALUES (3868, 44, 2927, 1290, false, true) ON CONFLICT DO NOTHING;
INSERT INTO branch_menu_items (id, branch_id, menu_id, price, is_highlighted, is_available) VALUES (3869, 44, 2928, 250, false, true) ON CONFLICT DO NOTHING;
INSERT INTO branch_menu_items (id, branch_id, menu_id, price, is_highlighted, is_available) VALUES (3870, 44, 2929, 610, false, true) ON CONFLICT DO NOTHING;
INSERT INTO branch_menu_items (id, branch_id, menu_id, price, is_highlighted, is_available) VALUES (3871, 44, 2930, 270, false, true) ON CONFLICT DO NOTHING;
INSERT INTO branch_menu_items (id, branch_id, menu_id, price, is_highlighted, is_available) VALUES (3872, 44, 2931, 710, false, true) ON CONFLICT DO NOTHING;
INSERT INTO branch_menu_items (id, branch_id, menu_id, price, is_highlighted, is_available) VALUES (3873, 44, 2932, 950, false, true) ON CONFLICT DO NOTHING;
INSERT INTO branch_menu_items (id, branch_id, menu_id, price, is_highlighted, is_available) VALUES (3874, 44, 2933, 790, false, true) ON CONFLICT DO NOTHING;
INSERT INTO branch_menu_items (id, branch_id, menu_id, price, is_highlighted, is_available) VALUES (3875, 44, 2934, 620, false, true) ON CONFLICT DO NOTHING;
INSERT INTO branch_menu_items (id, branch_id, menu_id, price, is_highlighted, is_available) VALUES (3876, 44, 2935, 250, false, true) ON CONFLICT DO NOTHING;
INSERT INTO branch_menu_items (id, branch_id, menu_id, price, is_highlighted, is_available) VALUES (3877, 44, 2936, 380, false, true) ON CONFLICT DO NOTHING;
INSERT INTO branch_menu_items (id, branch_id, menu_id, price, is_highlighted, is_available) VALUES (3878, 44, 2937, 690, false, true) ON CONFLICT DO NOTHING;
INSERT INTO branch_menu_items (id, branch_id, menu_id, price, is_highlighted, is_available) VALUES (3879, 44, 2938, 680, false, true) ON CONFLICT DO NOTHING;
INSERT INTO branch_menu_items (id, branch_id, menu_id, price, is_highlighted, is_available) VALUES (3880, 44, 2939, 420, false, true) ON CONFLICT DO NOTHING;
INSERT INTO branch_menu_items (id, branch_id, menu_id, price, is_highlighted, is_available) VALUES (3881, 44, 2940, 300, false, true) ON CONFLICT DO NOTHING;
INSERT INTO branch_menu_items (id, branch_id, menu_id, price, is_highlighted, is_available) VALUES (3882, 44, 2941, 180, false, true) ON CONFLICT DO NOTHING;
INSERT INTO branch_menu_items (id, branch_id, menu_id, price, is_highlighted, is_available) VALUES (3883, 44, 2942, 120, false, true) ON CONFLICT DO NOTHING;
INSERT INTO branch_menu_items (id, branch_id, menu_id, price, is_highlighted, is_available) VALUES (3884, 44, 2943, 300, false, true) ON CONFLICT DO NOTHING;
INSERT INTO branch_menu_items (id, branch_id, menu_id, price, is_highlighted, is_available) VALUES (3885, 44, 2944, 590, false, true) ON CONFLICT DO NOTHING;
INSERT INTO branch_menu_items (id, branch_id, menu_id, price, is_highlighted, is_available) VALUES (3886, 44, 2945, 750, false, true) ON CONFLICT DO NOTHING;
INSERT INTO branch_menu_items (id, branch_id, menu_id, price, is_highlighted, is_available) VALUES (3887, 44, 2946, 50, false, true) ON CONFLICT DO NOTHING;
INSERT INTO branch_menu_items (id, branch_id, menu_id, price, is_highlighted, is_available) VALUES (3888, 44, 2947, 50, false, true) ON CONFLICT DO NOTHING;
INSERT INTO branch_menu_items (id, branch_id, menu_id, price, is_highlighted, is_available) VALUES (3889, 44, 2948, 720, false, true) ON CONFLICT DO NOTHING;
INSERT INTO branch_menu_items (id, branch_id, menu_id, price, is_highlighted, is_available) VALUES (3890, 44, 2949, 500, false, true) ON CONFLICT DO NOTHING;
INSERT INTO branch_menu_items (id, branch_id, menu_id, price, is_highlighted, is_available) VALUES (3891, 44, 2950, 700, false, true) ON CONFLICT DO NOTHING;
INSERT INTO branch_menu_items (id, branch_id, menu_id, price, is_highlighted, is_available) VALUES (3892, 44, 2951, 790, false, true) ON CONFLICT DO NOTHING;
INSERT INTO branch_menu_items (id, branch_id, menu_id, price, is_highlighted, is_available) VALUES (3893, 44, 2952, 600, false, true) ON CONFLICT DO NOTHING;
INSERT INTO branch_menu_items (id, branch_id, menu_id, price, is_highlighted, is_available) VALUES (3894, 44, 2953, 590, false, true) ON CONFLICT DO NOTHING;
INSERT INTO branch_menu_items (id, branch_id, menu_id, price, is_highlighted, is_available) VALUES (3895, 44, 2954, 330, false, true) ON CONFLICT DO NOTHING;
INSERT INTO branch_menu_items (id, branch_id, menu_id, price, is_highlighted, is_available) VALUES (3896, 44, 2955, 350, false, true) ON CONFLICT DO NOTHING;
INSERT INTO branch_menu_items (id, branch_id, menu_id, price, is_highlighted, is_available) VALUES (3897, 44, 2956, 300, false, true) ON CONFLICT DO NOTHING;
INSERT INTO branch_menu_items (id, branch_id, menu_id, price, is_highlighted, is_available) VALUES (3898, 44, 2957, 200, false, true) ON CONFLICT DO NOTHING;
INSERT INTO branch_menu_items (id, branch_id, menu_id, price, is_highlighted, is_available) VALUES (3899, 44, 2958, 420, false, true) ON CONFLICT DO NOTHING;
INSERT INTO branch_menu_items (id, branch_id, menu_id, price, is_highlighted, is_available) VALUES (3900, 44, 2959, 60, false, true) ON CONFLICT DO NOTHING;
INSERT INTO branch_menu_items (id, branch_id, menu_id, price, is_highlighted, is_available) VALUES (3901, 44, 2960, 720, false, true) ON CONFLICT DO NOTHING;
INSERT INTO branch_menu_items (id, branch_id, menu_id, price, is_highlighted, is_available) VALUES (3902, 44, 2961, 730, false, true) ON CONFLICT DO NOTHING;
INSERT INTO branch_menu_items (id, branch_id, menu_id, price, is_highlighted, is_available) VALUES (3903, 44, 2962, 40, false, true) ON CONFLICT DO NOTHING;
INSERT INTO branch_menu_items (id, branch_id, menu_id, price, is_highlighted, is_available) VALUES (3904, 44, 2963, 600, false, true) ON CONFLICT DO NOTHING;
INSERT INTO branch_menu_items (id, branch_id, menu_id, price, is_highlighted, is_available) VALUES (3905, 44, 2964, 390, false, true) ON CONFLICT DO NOTHING;
INSERT INTO branch_menu_items (id, branch_id, menu_id, price, is_highlighted, is_available) VALUES (3906, 44, 2965, 890, false, true) ON CONFLICT DO NOTHING;
INSERT INTO branch_menu_items (id, branch_id, menu_id, price, is_highlighted, is_available) VALUES (3907, 44, 2966, 500, false, true) ON CONFLICT DO NOTHING;
INSERT INTO branch_menu_items (id, branch_id, menu_id, price, is_highlighted, is_available) VALUES (3908, 44, 2967, 420, false, true) ON CONFLICT DO NOTHING;
INSERT INTO branch_menu_items (id, branch_id, menu_id, price, is_highlighted, is_available) VALUES (3909, 44, 2968, 400, false, true) ON CONFLICT DO NOTHING;
INSERT INTO branch_menu_items (id, branch_id, menu_id, price, is_highlighted, is_available) VALUES (3910, 44, 2969, 730, false, true) ON CONFLICT DO NOTHING;
INSERT INTO branch_menu_items (id, branch_id, menu_id, price, is_highlighted, is_available) VALUES (3911, 44, 2970, 590, false, true) ON CONFLICT DO NOTHING;
INSERT INTO branch_menu_items (id, branch_id, menu_id, price, is_highlighted, is_available) VALUES (3912, 44, 2971, 450, false, true) ON CONFLICT DO NOTHING;
INSERT INTO branch_menu_items (id, branch_id, menu_id, price, is_highlighted, is_available) VALUES (3913, 44, 2972, 60, false, true) ON CONFLICT DO NOTHING;
INSERT INTO branch_menu_items (id, branch_id, menu_id, price, is_highlighted, is_available) VALUES (3914, 44, 2973, 620, false, true) ON CONFLICT DO NOTHING;
INSERT INTO branch_menu_items (id, branch_id, menu_id, price, is_highlighted, is_available) VALUES (3915, 44, 2974, 1130, false, true) ON CONFLICT DO NOTHING;
INSERT INTO branch_menu_items (id, branch_id, menu_id, price, is_highlighted, is_available) VALUES (3916, 44, 2975, 590, false, true) ON CONFLICT DO NOTHING;
INSERT INTO branch_menu_items (id, branch_id, menu_id, price, is_highlighted, is_available) VALUES (3917, 44, 2976, 0, false, true) ON CONFLICT DO NOTHING;
INSERT INTO branch_menu_items (id, branch_id, menu_id, price, is_highlighted, is_available) VALUES (3918, 44, 2977, 390, false, true) ON CONFLICT DO NOTHING;
INSERT INTO branch_menu_items (id, branch_id, menu_id, price, is_highlighted, is_available) VALUES (3919, 44, 2978, 560, false, true) ON CONFLICT DO NOTHING;
INSERT INTO branch_menu_items (id, branch_id, menu_id, price, is_highlighted, is_available) VALUES (3920, 44, 2979, 300, false, true) ON CONFLICT DO NOTHING;
INSERT INTO branch_menu_items (id, branch_id, menu_id, price, is_highlighted, is_available) VALUES (3921, 44, 2980, 710, false, true) ON CONFLICT DO NOTHING;
INSERT INTO branch_menu_items (id, branch_id, menu_id, price, is_highlighted, is_available) VALUES (3922, 44, 2981, 50, false, true) ON CONFLICT DO NOTHING;
INSERT INTO branch_menu_items (id, branch_id, menu_id, price, is_highlighted, is_available) VALUES (3923, 44, 2982, 280, false, true) ON CONFLICT DO NOTHING;
INSERT INTO branch_menu_items (id, branch_id, menu_id, price, is_highlighted, is_available) VALUES (3924, 44, 2983, 1090, false, true) ON CONFLICT DO NOTHING;
INSERT INTO branch_menu_items (id, branch_id, menu_id, price, is_highlighted, is_available) VALUES (3925, 44, 2984, 990, false, true) ON CONFLICT DO NOTHING;
INSERT INTO branch_menu_items (id, branch_id, menu_id, price, is_highlighted, is_available) VALUES (3926, 44, 2985, 180, false, true) ON CONFLICT DO NOTHING;
INSERT INTO branch_menu_items (id, branch_id, menu_id, price, is_highlighted, is_available) VALUES (3927, 44, 2986, 390, false, true) ON CONFLICT DO NOTHING;
INSERT INTO branch_menu_items (id, branch_id, menu_id, price, is_highlighted, is_available) VALUES (3928, 44, 2987, 50, false, true) ON CONFLICT DO NOTHING;
INSERT INTO branch_menu_items (id, branch_id, menu_id, price, is_highlighted, is_available) VALUES (3929, 44, 2988, 600, false, true) ON CONFLICT DO NOTHING;
INSERT INTO branch_menu_items (id, branch_id, menu_id, price, is_highlighted, is_available) VALUES (3930, 44, 2989, 20, false, true) ON CONFLICT DO NOTHING;
INSERT INTO branch_menu_items (id, branch_id, menu_id, price, is_highlighted, is_available) VALUES (3931, 44, 2990, 610, false, true) ON CONFLICT DO NOTHING;
INSERT INTO branch_menu_items (id, branch_id, menu_id, price, is_highlighted, is_available) VALUES (3932, 44, 2991, 20, false, true) ON CONFLICT DO NOTHING;
INSERT INTO branch_menu_items (id, branch_id, menu_id, price, is_highlighted, is_available) VALUES (3933, 44, 2992, 510, false, true) ON CONFLICT DO NOTHING;
INSERT INTO branch_menu_items (id, branch_id, menu_id, price, is_highlighted, is_available) VALUES (3934, 44, 2993, 400, false, true) ON CONFLICT DO NOTHING;
INSERT INTO branch_menu_items (id, branch_id, menu_id, price, is_highlighted, is_available) VALUES (3935, 44, 2994, 620, false, true) ON CONFLICT DO NOTHING;
INSERT INTO branch_menu_items (id, branch_id, menu_id, price, is_highlighted, is_available) VALUES (3936, 44, 2995, 340, false, true) ON CONFLICT DO NOTHING;
INSERT INTO branch_menu_items (id, branch_id, menu_id, price, is_highlighted, is_available) VALUES (3937, 44, 2996, 2080, false, true) ON CONFLICT DO NOTHING;
INSERT INTO branch_menu_items (id, branch_id, menu_id, price, is_highlighted, is_available) VALUES (3938, 44, 2997, 730, false, true) ON CONFLICT DO NOTHING;
INSERT INTO branch_menu_items (id, branch_id, menu_id, price, is_highlighted, is_available) VALUES (3939, 44, 2998, 690, false, true) ON CONFLICT DO NOTHING;
INSERT INTO branch_menu_items (id, branch_id, menu_id, price, is_highlighted, is_available) VALUES (3940, 44, 2999, 350, false, true) ON CONFLICT DO NOTHING;
INSERT INTO branch_menu_items (id, branch_id, menu_id, price, is_highlighted, is_available) VALUES (3941, 44, 3000, 750, false, true) ON CONFLICT DO NOTHING;
INSERT INTO branch_menu_items (id, branch_id, menu_id, price, is_highlighted, is_available) VALUES (3942, 44, 3001, 390, false, true) ON CONFLICT DO NOTHING;
INSERT INTO branch_menu_items (id, branch_id, menu_id, price, is_highlighted, is_available) VALUES (3943, 44, 3002, 610, false, true) ON CONFLICT DO NOTHING;
INSERT INTO branch_menu_items (id, branch_id, menu_id, price, is_highlighted, is_available) VALUES (3944, 44, 3003, 750, false, true) ON CONFLICT DO NOTHING;
INSERT INTO branch_menu_items (id, branch_id, menu_id, price, is_highlighted, is_available) VALUES (3945, 44, 3004, 400, false, true) ON CONFLICT DO NOTHING;
INSERT INTO branch_menu_items (id, branch_id, menu_id, price, is_highlighted, is_available) VALUES (3946, 44, 3005, 500, false, true) ON CONFLICT DO NOTHING;
INSERT INTO branch_menu_items (id, branch_id, menu_id, price, is_highlighted, is_available) VALUES (3947, 44, 3006, 490, false, true) ON CONFLICT DO NOTHING;
INSERT INTO branch_menu_items (id, branch_id, menu_id, price, is_highlighted, is_available) VALUES (3948, 44, 3007, 1140, false, true) ON CONFLICT DO NOTHING;
INSERT INTO branch_menu_items (id, branch_id, menu_id, price, is_highlighted, is_available) VALUES (3949, 44, 3008, 440, false, true) ON CONFLICT DO NOTHING;
INSERT INTO branch_menu_items (id, branch_id, menu_id, price, is_highlighted, is_available) VALUES (3950, 44, 3009, 350, false, true) ON CONFLICT DO NOTHING;
INSERT INTO branch_menu_items (id, branch_id, menu_id, price, is_highlighted, is_available) VALUES (3951, 44, 3010, 590, false, true) ON CONFLICT DO NOTHING;
INSERT INTO branch_menu_items (id, branch_id, menu_id, price, is_highlighted, is_available) VALUES (3952, 44, 3011, 730, false, true) ON CONFLICT DO NOTHING;
INSERT INTO branch_menu_items (id, branch_id, menu_id, price, is_highlighted, is_available) VALUES (3953, 44, 3012, 50, false, true) ON CONFLICT DO NOTHING;
INSERT INTO branch_menu_items (id, branch_id, menu_id, price, is_highlighted, is_available) VALUES (3954, 44, 3013, 440, false, true) ON CONFLICT DO NOTHING;
INSERT INTO branch_menu_items (id, branch_id, menu_id, price, is_highlighted, is_available) VALUES (3955, 44, 3014, 150, false, true) ON CONFLICT DO NOTHING;
INSERT INTO branch_menu_items (id, branch_id, menu_id, price, is_highlighted, is_available) VALUES (3956, 44, 3015, 570, false, true) ON CONFLICT DO NOTHING;
INSERT INTO branch_menu_items (id, branch_id, menu_id, price, is_highlighted, is_available) VALUES (3957, 44, 3016, 690, false, true) ON CONFLICT DO NOTHING;
INSERT INTO branch_menu_items (id, branch_id, menu_id, price, is_highlighted, is_available) VALUES (3958, 44, 3017, 180, false, true) ON CONFLICT DO NOTHING;
INSERT INTO branch_menu_items (id, branch_id, menu_id, price, is_highlighted, is_available) VALUES (3959, 44, 3018, 570, false, true) ON CONFLICT DO NOTHING;
INSERT INTO branch_menu_items (id, branch_id, menu_id, price, is_highlighted, is_available) VALUES (3960, 44, 3019, 590, false, true) ON CONFLICT DO NOTHING;
INSERT INTO branch_menu_items (id, branch_id, menu_id, price, is_highlighted, is_available) VALUES (3961, 44, 3020, 50, false, true) ON CONFLICT DO NOTHING;
INSERT INTO branch_menu_items (id, branch_id, menu_id, price, is_highlighted, is_available) VALUES (3962, 44, 3021, 600, false, true) ON CONFLICT DO NOTHING;
INSERT INTO branch_menu_items (id, branch_id, menu_id, price, is_highlighted, is_available) VALUES (3963, 44, 3022, 620, false, true) ON CONFLICT DO NOTHING;
INSERT INTO branch_menu_items (id, branch_id, menu_id, price, is_highlighted, is_available) VALUES (3964, 44, 3023, 350, false, true) ON CONFLICT DO NOTHING;
INSERT INTO branch_menu_items (id, branch_id, menu_id, price, is_highlighted, is_available) VALUES (3965, 44, 3024, 350, false, true) ON CONFLICT DO NOTHING;
INSERT INTO branch_menu_items (id, branch_id, menu_id, price, is_highlighted, is_available) VALUES (3966, 44, 3025, 120, false, true) ON CONFLICT DO NOTHING;
INSERT INTO branch_menu_items (id, branch_id, menu_id, price, is_highlighted, is_available) VALUES (3967, 44, 3026, 550, false, true) ON CONFLICT DO NOTHING;
INSERT INTO branch_menu_items (id, branch_id, menu_id, price, is_highlighted, is_available) VALUES (3968, 44, 3027, 720, false, true) ON CONFLICT DO NOTHING;
INSERT INTO branch_menu_items (id, branch_id, menu_id, price, is_highlighted, is_available) VALUES (3969, 44, 3028, 350, false, true) ON CONFLICT DO NOTHING;
INSERT INTO branch_menu_items (id, branch_id, menu_id, price, is_highlighted, is_available) VALUES (3970, 44, 3029, 710, false, true) ON CONFLICT DO NOTHING;
INSERT INTO branch_menu_items (id, branch_id, menu_id, price, is_highlighted, is_available) VALUES (3971, 44, 3030, 180, false, true) ON CONFLICT DO NOTHING;
INSERT INTO branch_menu_items (id, branch_id, menu_id, price, is_highlighted, is_available) VALUES (3972, 44, 3031, 1550, false, true) ON CONFLICT DO NOTHING;
INSERT INTO branch_menu_items (id, branch_id, menu_id, price, is_highlighted, is_available) VALUES (3973, 44, 3032, 250, false, true) ON CONFLICT DO NOTHING;
INSERT INTO branch_menu_items (id, branch_id, menu_id, price, is_highlighted, is_available) VALUES (3974, 44, 3033, 20, false, true) ON CONFLICT DO NOTHING;
INSERT INTO branch_menu_items (id, branch_id, menu_id, price, is_highlighted, is_available) VALUES (3975, 44, 3034, 650, false, true) ON CONFLICT DO NOTHING;
INSERT INTO branch_menu_items (id, branch_id, menu_id, price, is_highlighted, is_available) VALUES (3976, 44, 3035, 250, false, true) ON CONFLICT DO NOTHING;
INSERT INTO branch_menu_items (id, branch_id, menu_id, price, is_highlighted, is_available) VALUES (3977, 44, 3036, 50, false, true) ON CONFLICT DO NOTHING;
INSERT INTO branch_menu_items (id, branch_id, menu_id, price, is_highlighted, is_available) VALUES (3978, 44, 3037, 690, false, true) ON CONFLICT DO NOTHING;
INSERT INTO branch_menu_items (id, branch_id, menu_id, price, is_highlighted, is_available) VALUES (3979, 44, 3038, 70, false, true) ON CONFLICT DO NOTHING;
INSERT INTO branch_menu_items (id, branch_id, menu_id, price, is_highlighted, is_available) VALUES (3980, 44, 3039, 350, false, true) ON CONFLICT DO NOTHING;
INSERT INTO branch_menu_items (id, branch_id, menu_id, price, is_highlighted, is_available) VALUES (3981, 44, 3040, 920, false, true) ON CONFLICT DO NOTHING;
INSERT INTO branch_menu_items (id, branch_id, menu_id, price, is_highlighted, is_available) VALUES (3982, 44, 3041, 420, false, true) ON CONFLICT DO NOTHING;
INSERT INTO branch_menu_items (id, branch_id, menu_id, price, is_highlighted, is_available) VALUES (3983, 44, 3042, 50, false, true) ON CONFLICT DO NOTHING;
INSERT INTO branch_menu_items (id, branch_id, menu_id, price, is_highlighted, is_available) VALUES (3984, 44, 3043, 50, false, true) ON CONFLICT DO NOTHING;
INSERT INTO branch_menu_items (id, branch_id, menu_id, price, is_highlighted, is_available) VALUES (3985, 44, 3044, 490, false, true) ON CONFLICT DO NOTHING;
INSERT INTO branch_menu_items (id, branch_id, menu_id, price, is_highlighted, is_available) VALUES (3986, 44, 3045, 990, false, true) ON CONFLICT DO NOTHING;
INSERT INTO branch_menu_items (id, branch_id, menu_id, price, is_highlighted, is_available) VALUES (3987, 44, 3046, 710, false, true) ON CONFLICT DO NOTHING;
INSERT INTO branch_menu_items (id, branch_id, menu_id, price, is_highlighted, is_available) VALUES (3988, 44, 3047, 850, false, true) ON CONFLICT DO NOTHING;
INSERT INTO branch_menu_items (id, branch_id, menu_id, price, is_highlighted, is_available) VALUES (3989, 44, 3048, 790, false, true) ON CONFLICT DO NOTHING;
INSERT INTO branch_menu_items (id, branch_id, menu_id, price, is_highlighted, is_available) VALUES (3990, 44, 3049, 450, false, true) ON CONFLICT DO NOTHING;
INSERT INTO branch_menu_items (id, branch_id, menu_id, price, is_highlighted, is_available) VALUES (3991, 44, 3050, 670, false, true) ON CONFLICT DO NOTHING;
INSERT INTO branch_menu_items (id, branch_id, menu_id, price, is_highlighted, is_available) VALUES (3992, 44, 3051, 790, false, true) ON CONFLICT DO NOTHING;
INSERT INTO branch_menu_items (id, branch_id, menu_id, price, is_highlighted, is_available) VALUES (3993, 44, 3052, 640, false, true) ON CONFLICT DO NOTHING;
INSERT INTO branch_menu_items (id, branch_id, menu_id, price, is_highlighted, is_available) VALUES (3994, 44, 3053, 610, false, true) ON CONFLICT DO NOTHING;
INSERT INTO branch_menu_items (id, branch_id, menu_id, price, is_highlighted, is_available) VALUES (3995, 44, 3054, 630, false, true) ON CONFLICT DO NOTHING;

-- HIGHLIGHTS --
UPDATE branch_menu_items SET is_highlighted = true WHERE id = 3433;
UPDATE branch_menu_items SET is_highlighted = true WHERE id = 3494;
UPDATE branch_menu_items SET is_highlighted = true WHERE id = 3390;
UPDATE branch_menu_items SET is_highlighted = true WHERE id = 3418;
UPDATE branch_menu_items SET is_highlighted = true WHERE id = 3592;
UPDATE branch_menu_items SET is_highlighted = true WHERE id = 3580;
UPDATE branch_menu_items SET is_highlighted = true WHERE id = 3498;
UPDATE branch_menu_items SET is_highlighted = true WHERE id = 3586;
UPDATE branch_menu_items SET is_highlighted = true WHERE id = 3762;
UPDATE branch_menu_items SET is_highlighted = true WHERE id = 3787;
UPDATE branch_menu_items SET is_highlighted = true WHERE id = 3714;
UPDATE branch_menu_items SET is_highlighted = true WHERE id = 3670;
UPDATE branch_menu_items SET is_highlighted = true WHERE id = 3874;
UPDATE branch_menu_items SET is_highlighted = true WHERE id = 3920;
UPDATE branch_menu_items SET is_highlighted = true WHERE id = 3987;
UPDATE branch_menu_items SET is_highlighted = true WHERE id = 3916;

-- UPDATE SEQUENCES --
SELECT setval('users_id_seq', 568);
SELECT setval('restaurant_id_seq', 18);
SELECT setval('restaurant_locations_id_seq', 44);
SELECT setval('categories_id_seq', 223);
SELECT setval('option_group_id_seq', 1855);
SELECT setval('option_variant_id_seq', 9312);
SELECT setval('menus_id_seq', 3054);
SELECT setval('branch_menu_items_id_seq', 3995);
